user_id,listing_id,rating,event_weight,timestamp,interaction_type,split
U0073,42,3,2.0,2026-02-01 17:52:00,save,train
U0073,43,3,2.0,2026-02-01 17:54:14,save,train
U0073,58,5,5.0,2026-02-01 18:14:34,order_or_booking,train
U0073,68,5,5.0,2026-02-01 18:26:14,order_or_booking,train
U0260,65,1,1.0,2026-02-03 09:58:21,click,train
U0260,60,1,1.0,2026-02-03 10:00:12,click,train
U0224,33,3,2.0,2026-02-04 08:47:00,save,train
U0224,107,1,1.0,2026-02-04 08:47:12,click,train
U0224,56,1,1.0,2026-02-04 08:49:04,click,train
U0224,54,1,1.0,2026-02-04 08:53:01,click,train
U0206,84,3,2.0,2026-02-06 22:38:42,save,train
U0206,50,3,2.0,2026-02-06 22:40:41,save,train
U0206,30,3,2.0,2026-02-06 22:46:59,save,train
U0206,44,1,1.0,2026-02-06 22:50:10,click,train
U0206,69,5,5.0,2026-02-06 23:06:38,order_or_booking,train
U0206,64,5,5.0,2026-02-06 23:17:21,order_or_booking,train
U0023,70,1,1.0,2026-02-07 12:13:16,click,train
U0023,46,4,3.0,2026-02-07 12:13:20,cart_add,train
U0023,39,5,5.0,2026-02-07 12:40:27,order_or_booking,train
U0261,72,1,1.0,2026-02-08 12:22:48,click,train
U0261,35,1,1.0,2026-02-08 12:25:13,click,train
U0261,101,5,5.0,2026-02-08 12:46:58,order_or_booking,train
U0260,86,1,1.0,2026-02-08 18:31:57,click,train
U0213,56,1,1.0,2026-02-09 10:21:27,click,train
U0213,70,1,1.0,2026-02-09 10:22:15,click,train
U0213,71,3,2.0,2026-02-09 10:22:49,save,train
U0146,92,1,1.0,2026-02-09 22:28:11,click,train
U0146,48,1,1.0,2026-02-09 22:28:38,click,train
U0146,89,5,5.0,2026-02-09 23:09:58,order_or_booking,train
U0146,67,5,5.0,2026-02-09 23:10:52,order_or_booking,train
U0023,71,1,1.0,2026-02-10 08:49:44,click,train
U0023,36,1,1.0,2026-02-10 08:51:36,click,train
U0023,107,1,1.0,2026-02-10 08:51:48,click,train
U0023,45,1,1.0,2026-02-10 08:52:36,click,train
U0023,103,1,1.0,2026-02-10 08:53:24,click,train
U0319,48,1,1.0,2026-02-10 15:28:06,click,train
U0319,83,5,5.0,2026-02-10 15:56:17,order_or_booking,train
U0319,78,5,5.0,2026-02-10 16:11:25,order_or_booking,train
U0291,82,4,3.0,2026-02-10 22:25:17,cart_add,train
U0291,42,4,3.0,2026-02-10 22:25:45,cart_add,train
U0291,53,3,2.0,2026-02-10 22:28:15,save,train
U0291,45,3,2.0,2026-02-10 22:30:08,save,train
U0291,65,3,2.0,2026-02-10 22:31:31,save,train
U0291,63,1,1.0,2026-02-10 22:34:06,click,train
U0015,51,3,2.0,2026-02-11 17:01:47,save,train
U0015,35,1,1.0,2026-02-11 17:05:54,click,train
U0015,87,3,2.0,2026-02-11 17:07:38,save,train
U0015,59,5,5.0,2026-02-11 17:30:52,order_or_booking,train
U0015,79,5,5.0,2026-02-11 17:35:59,order_or_booking,train
U0266,107,3,2.0,2026-02-11 21:48:40,save,train
U0266,66,3,2.0,2026-02-11 21:50:35,save,train
U0095,53,1,1.0,2026-02-12 09:13:42,click,train
U0095,34,4,3.0,2026-02-12 09:14:21,cart_add,train
U0095,91,4,3.0,2026-02-12 09:17:08,cart_add,train
U0095,50,5,5.0,2026-02-12 09:44:21,order_or_booking,train
U0334,37,3,2.0,2026-02-12 18:57:07,save,train
U0334,74,3,2.0,2026-02-12 18:58:04,save,train
U0334,56,1,1.0,2026-02-12 19:01:44,click,train
U0334,41,3,2.0,2026-02-12 19:03:08,save,train
U0334,86,3,2.0,2026-02-12 19:04:44,save,train
U0334,101,3,2.0,2026-02-12 19:05:03,save,train
U0334,31,3,2.0,2026-02-12 19:05:10,save,train
U0334,42,3,2.0,2026-02-12 19:07:40,save,train
U0334,104,5,5.0,2026-02-12 19:09:23,order_or_booking,train
U0036,81,1,1.0,2026-02-13 11:54:07,click,train
U0036,100,3,2.0,2026-02-13 11:54:25,save,train
U0036,73,1,1.0,2026-02-13 12:04:40,click,train
U0036,42,1,1.0,2026-02-13 12:09:40,click,train
U0036,96,1,1.0,2026-02-13 12:13:46,click,train
U0339,97,4,3.0,2026-02-13 19:03:27,cart_add,train
U0105,63,1,1.0,2026-02-14 09:00:30,click,train
U0319,32,3,2.0,2026-02-14 13:15:46,save,train
U0319,39,3,2.0,2026-02-14 13:20:03,save,train
U0319,108,5,5.0,2026-02-14 13:38:04,order_or_booking,train
U0319,33,5,5.0,2026-02-14 13:42:18,order_or_booking,train
U0173,75,3,2.0,2026-02-14 16:39:28,save,train
U0173,35,1,1.0,2026-02-14 16:39:45,click,train
U0173,108,1,1.0,2026-02-14 16:41:03,click,train
U0173,56,1,1.0,2026-02-14 16:42:45,click,train
U0173,33,1,1.0,2026-02-14 16:44:15,click,train
U0173,68,5,5.0,2026-02-14 16:56:12,order_or_booking,train
U0062,35,1,1.0,2026-02-14 18:37:04,click,train
U0062,32,3,2.0,2026-02-14 18:39:23,save,train
U0062,39,1,1.0,2026-02-14 18:40:10,click,train
U0175,95,4,3.0,2026-02-14 19:11:14,cart_add,train
U0172,43,4,3.0,2026-02-14 22:06:08,cart_add,train
U0172,91,1,1.0,2026-02-14 22:09:21,click,train
U0172,54,3,2.0,2026-02-14 22:09:47,save,train
U0172,59,3,2.0,2026-02-14 22:11:10,save,train
U0172,63,3,2.0,2026-02-14 22:11:13,save,train
U0172,87,1,1.0,2026-02-14 22:11:22,click,train
U0172,102,3,2.0,2026-02-14 22:13:09,save,train
U0172,84,1,1.0,2026-02-14 22:16:17,click,train
U0261,37,1,1.0,2026-02-15 14:12:19,click,train
U0261,71,5,5.0,2026-02-15 14:28:12,order_or_booking,train
U0079,59,1,1.0,2026-02-15 20:32:44,click,train
U0079,106,1,1.0,2026-02-15 20:35:08,click,train
U0079,51,1,1.0,2026-02-15 20:35:32,click,train
U0079,65,5,5.0,2026-02-15 20:46:28,order_or_booking,train
U0079,67,5,5.0,2026-02-15 21:09:26,order_or_booking,train
U0227,49,3,2.0,2026-02-16 11:50:19,save,train
U0227,86,4,3.0,2026-02-16 11:50:38,cart_add,train
U0227,97,1,1.0,2026-02-16 11:51:21,click,train
U0227,47,3,2.0,2026-02-16 11:51:26,save,train
U0227,44,1,1.0,2026-02-16 11:57:12,click,train
U0227,43,5,5.0,2026-02-16 12:09:11,order_or_booking,train
U0137,45,1,1.0,2026-02-17 10:49:22,click,train
U0137,51,3,2.0,2026-02-17 10:49:32,save,train
U0137,99,1,1.0,2026-02-17 10:50:00,click,train
U0137,72,1,1.0,2026-02-17 10:50:09,click,train
U0137,44,3,2.0,2026-02-17 10:52:10,save,train
U0137,91,1,1.0,2026-02-17 11:01:23,click,train
U0137,60,5,5.0,2026-02-17 11:36:14,order_or_booking,train
U0196,54,5,5.0,2026-02-17 12:17:47,order_or_booking,train
U0196,74,5,5.0,2026-02-17 12:37:51,order_or_booking,train
U0019,77,3,2.0,2026-02-17 19:00:21,save,train
U0019,31,3,2.0,2026-02-17 19:04:24,save,train
U0019,105,1,1.0,2026-02-17 19:05:13,click,train
U0019,60,1,1.0,2026-02-17 19:05:45,click,train
U0019,43,4,3.0,2026-02-17 19:12:11,cart_add,train
U0019,39,4,3.0,2026-02-17 19:21:06,cart_add,train
U0180,42,1,1.0,2026-02-19 17:25:18,click,train
U0180,104,4,3.0,2026-02-19 17:29:56,cart_add,train
U0180,86,4,3.0,2026-02-19 17:30:14,cart_add,train
U0079,84,1,1.0,2026-02-20 10:29:26,click,train
U0079,98,1,1.0,2026-02-20 10:31:09,click,train
U0079,79,1,1.0,2026-02-20 10:44:10,click,train
U0079,57,5,5.0,2026-02-20 10:55:52,order_or_booking,train
U0079,103,5,5.0,2026-02-20 11:13:38,order_or_booking,train
U0261,52,1,1.0,2026-02-20 13:42:49,click,train
U0261,98,3,2.0,2026-02-20 13:44:02,save,train
U0261,73,1,1.0,2026-02-20 13:44:49,click,train
U0331,90,4,3.0,2026-02-21 12:53:15,cart_add,train
U0331,43,5,5.0,2026-02-21 13:25:27,order_or_booking,train
U0079,107,1,1.0,2026-02-21 13:33:03,click,train
U0079,36,3,2.0,2026-02-21 13:34:40,save,train
U0079,50,1,1.0,2026-02-21 13:35:09,click,train
U0079,108,5,5.0,2026-02-21 13:42:10,order_or_booking,train
U0079,54,1,1.0,2026-02-21 13:46:05,click,train
U0079,64,1,1.0,2026-02-21 13:53:32,click,train
U0079,99,5,5.0,2026-02-21 14:14:51,order_or_booking,train
U0017,90,1,1.0,2026-02-21 14:49:22,click,train
U0017,54,3,2.0,2026-02-21 14:49:48,save,train
U0017,109,1,1.0,2026-02-21 14:52:53,click,train
U0224,74,1,1.0,2026-02-21 16:24:26,click,train
U0224,57,3,2.0,2026-02-21 16:30:10,save,train
U0224,35,5,5.0,2026-02-21 16:44:35,order_or_booking,train
U0001,106,1,1.0,2026-02-21 17:06:17,click,train
U0001,102,3,2.0,2026-02-21 17:08:00,save,train
U0001,47,1,1.0,2026-02-21 17:10:39,click,train
U0001,88,5,5.0,2026-02-21 17:45:52,order_or_booking,train
U0157,77,4,3.0,2026-02-21 18:18:34,cart_add,train
U0157,81,1,1.0,2026-02-21 18:19:40,click,train
U0257,46,1,1.0,2026-02-22 17:28:06,click,train
U0257,48,1,1.0,2026-02-22 17:35:10,click,train
U0257,62,1,1.0,2026-02-22 17:42:35,click,train
U0257,54,4,3.0,2026-02-22 17:43:37,cart_add,train
U0257,30,1,1.0,2026-02-22 17:44:46,click,train
U0257,72,3,2.0,2026-02-22 17:51:13,save,train
U0257,78,5,5.0,2026-02-22 17:56:46,order_or_booking,train
U0017,108,1,1.0,2026-02-23 08:17:37,click,train
U0017,75,1,1.0,2026-02-23 08:18:02,click,train
U0017,51,4,3.0,2026-02-23 08:21:49,cart_add,train
U0017,45,1,1.0,2026-02-23 08:23:59,click,train
U0017,71,4,3.0,2026-02-23 08:25:51,cart_add,train
U0341,57,3,2.0,2026-02-23 09:56:24,save,train
U0341,87,4,3.0,2026-02-23 10:01:06,cart_add,train
U0236,90,1,1.0,2026-02-23 16:44:17,click,train
U0236,100,3,2.0,2026-02-23 16:45:38,save,train
U0224,47,1,1.0,2026-02-23 19:04:45,click,train
U0224,104,3,2.0,2026-02-23 19:06:41,save,train
U0224,87,3,2.0,2026-02-23 19:08:34,save,train
U0210,78,3,2.0,2026-02-23 20:24:02,save,train
U0210,65,5,5.0,2026-02-23 20:50:20,order_or_booking,train
U0210,99,5,5.0,2026-02-23 20:59:44,order_or_booking,train
U0338,106,4,3.0,2026-02-24 18:48:35,cart_add,train
U0338,103,1,1.0,2026-02-24 18:50:21,click,train
U0338,80,3,2.0,2026-02-24 18:52:30,save,train
U0338,77,3,2.0,2026-02-24 18:54:19,save,train
U0338,56,1,1.0,2026-02-24 19:01:32,click,train
U0236,66,5,5.0,2026-02-24 19:10:32,order_or_booking,train
U0126,79,3,2.0,2026-02-24 19:40:13,save,train
U0126,53,3,2.0,2026-02-24 19:42:43,save,train
U0145,44,1,1.0,2026-02-24 21:18:32,click,train
U0145,59,1,1.0,2026-02-24 21:26:04,click,train
U0145,86,3,2.0,2026-02-24 21:27:12,save,train
U0145,79,5,5.0,2026-02-24 21:30:00,order_or_booking,train
U0036,30,1,1.0,2026-02-25 11:39:34,click,train
U0036,109,1,1.0,2026-02-25 11:40:13,click,train
U0036,49,1,1.0,2026-02-25 11:44:25,click,train
U0036,103,1,1.0,2026-02-25 11:45:03,click,train
U0238,51,1,1.0,2026-02-25 13:44:42,click,train
U0238,87,3,2.0,2026-02-25 13:44:56,save,train
U0238,99,1,1.0,2026-02-25 13:45:20,click,train
U0238,109,1,1.0,2026-02-25 13:50:17,click,train
U0238,77,4,3.0,2026-02-25 13:52:28,cart_add,train
U0269,31,1,1.0,2026-02-25 15:08:15,click,train
U0269,89,1,1.0,2026-02-25 15:09:31,click,train
U0269,64,5,5.0,2026-02-25 15:38:29,order_or_booking,train
U0038,78,3,2.0,2026-02-25 16:12:32,save,train
U0038,84,1,1.0,2026-02-25 16:15:36,click,train
U0206,48,1,1.0,2026-02-25 18:01:50,click,train
U0206,35,1,1.0,2026-02-25 18:03:35,click,train
U0206,93,5,5.0,2026-02-25 18:30:12,order_or_booking,train
U0331,45,3,2.0,2026-02-25 18:54:39,save,train
U0331,73,3,2.0,2026-02-25 18:56:45,save,train
U0331,56,1,1.0,2026-02-25 18:58:53,click,train
U0331,71,1,1.0,2026-02-25 19:09:45,click,train
U0108,89,3,2.0,2026-02-25 20:38:12,save,train
U0108,60,3,2.0,2026-02-25 20:38:46,save,train
U0108,31,1,1.0,2026-02-25 20:38:56,click,train
U0108,86,4,3.0,2026-02-25 20:40:00,cart_add,train
U0108,87,1,1.0,2026-02-25 20:40:24,click,train
U0108,67,1,1.0,2026-02-25 20:42:19,click,train
U0108,109,3,2.0,2026-02-25 20:43:41,save,train
U0257,52,1,1.0,2026-02-25 22:38:06,click,train
U0257,98,1,1.0,2026-02-25 22:44:34,click,train
U0257,101,1,1.0,2026-02-25 22:45:31,click,train
U0257,77,1,1.0,2026-02-25 22:49:13,click,train
U0257,58,5,5.0,2026-02-25 22:50:21,order_or_booking,train
U0257,103,5,5.0,2026-02-25 23:03:47,order_or_booking,train
U0257,57,5,5.0,2026-02-25 23:07:42,order_or_booking,train
U0266,98,1,1.0,2026-02-26 13:04:09,click,train
U0266,33,1,1.0,2026-02-26 13:07:40,click,train
U0110,42,1,1.0,2026-02-27 09:34:58,click,train
U0110,104,1,1.0,2026-02-27 09:38:24,click,train
U0110,41,3,2.0,2026-02-27 09:39:34,save,train
U0201,58,1,1.0,2026-02-27 10:25:56,click,train
U0201,98,3,2.0,2026-02-27 10:26:13,save,train
U0201,69,3,2.0,2026-02-27 10:26:43,save,train
U0201,48,4,3.0,2026-02-27 10:27:07,cart_add,train
U0201,99,3,2.0,2026-02-27 10:27:45,save,train
U0201,41,3,2.0,2026-02-27 10:32:34,save,train
U0201,43,1,1.0,2026-02-27 10:32:50,click,train
U0201,71,1,1.0,2026-02-27 10:34:56,click,train
U0201,32,3,2.0,2026-02-27 10:41:15,save,train
U0054,68,1,1.0,2026-02-27 10:49:56,click,train
U0290,84,3,2.0,2026-02-27 11:32:05,save,train
U0290,59,1,1.0,2026-02-27 11:41:56,click,train
U0290,102,1,1.0,2026-02-27 11:43:10,click,train
U0136,67,1,1.0,2026-02-27 12:08:28,click,train
U0136,71,3,2.0,2026-02-27 12:16:45,save,train
U0026,101,3,2.0,2026-02-27 18:14:14,save,train
U0192,104,3,2.0,2026-02-27 20:44:10,save,train
U0192,51,1,1.0,2026-02-27 20:48:20,click,train
U0143,39,4,3.0,2026-02-27 20:56:51,cart_add,train
U0143,46,3,2.0,2026-02-27 20:57:29,save,train
U0143,93,1,1.0,2026-02-27 21:00:21,click,train
U0192,99,5,5.0,2026-02-27 21:12:08,order_or_booking,train
U0143,77,3,2.0,2026-02-27 21:14:16,save,train
U0143,86,5,5.0,2026-02-27 21:20:44,order_or_booking,train
U0192,85,5,5.0,2026-02-27 21:23:12,order_or_booking,train
U0143,88,5,5.0,2026-02-27 21:23:33,order_or_booking,train
U0143,100,5,5.0,2026-02-27 21:27:24,order_or_booking,train
U0143,54,5,5.0,2026-02-27 21:32:36,order_or_booking,train
U0034,44,1,1.0,2026-02-28 08:49:51,click,train
U0034,75,1,1.0,2026-02-28 08:56:47,click,train
U0034,73,3,2.0,2026-02-28 09:00:40,save,train
U0034,79,5,5.0,2026-02-28 09:03:50,order_or_booking,train
U0034,61,5,5.0,2026-02-28 09:05:38,order_or_booking,train
U0034,109,5,5.0,2026-02-28 09:08:24,order_or_booking,train
U0034,97,5,5.0,2026-02-28 09:14:16,order_or_booking,train
U0197,46,4,3.0,2026-02-28 11:20:44,cart_add,train
U0206,52,1,1.0,2026-02-28 11:20:48,click,train
U0206,102,3,2.0,2026-02-28 11:21:50,save,train
U0206,75,1,1.0,2026-02-28 11:23:05,click,train
U0206,65,5,5.0,2026-02-28 11:51:45,order_or_booking,train
U0036,94,1,1.0,2026-02-28 12:19:31,click,train
U0036,75,1,1.0,2026-02-28 12:24:48,click,train
U0036,60,1,1.0,2026-02-28 12:37:23,click,train
U0036,31,5,5.0,2026-02-28 12:44:10,order_or_booking,train
U0036,44,5,5.0,2026-02-28 12:46:58,order_or_booking,train
U0091,33,4,3.0,2026-02-28 13:07:44,cart_add,train
U0330,71,1,1.0,2026-02-28 14:56:54,click,train
U0330,70,1,1.0,2026-02-28 14:57:08,click,train
U0330,38,3,2.0,2026-02-28 14:58:03,save,train
U0231,38,1,1.0,2026-02-28 16:46:51,click,train
U0231,78,3,2.0,2026-02-28 16:49:01,save,train
U0231,50,1,1.0,2026-02-28 16:49:35,click,train
U0231,71,1,1.0,2026-02-28 16:50:42,click,train
U0348,94,3,2.0,2026-02-28 18:05:18,save,train
U0348,49,3,2.0,2026-02-28 18:08:34,save,train
U0348,84,1,1.0,2026-02-28 18:14:38,click,train
U0196,34,3,2.0,2026-02-28 19:32:13,save,train
U0196,37,5,5.0,2026-02-28 19:40:30,order_or_booking,train
U0342,67,1,1.0,2026-03-01 10:02:14,click,train
U0342,94,1,1.0,2026-03-01 10:03:05,click,train
U0342,81,3,2.0,2026-03-01 10:06:59,save,train
U0026,65,1,1.0,2026-03-01 10:56:51,click,train
U0026,102,1,1.0,2026-03-01 10:57:03,click,train
U0026,80,3,2.0,2026-03-01 10:59:31,save,train
U0026,107,1,1.0,2026-03-01 11:05:39,click,train
U0026,40,1,1.0,2026-03-01 11:06:20,click,train
U0026,84,4,3.0,2026-03-01 11:11:13,cart_add,train
U0026,85,5,5.0,2026-03-01 11:27:49,order_or_booking,train
U0026,59,5,5.0,2026-03-01 11:28:42,order_or_booking,train
U0026,63,5,5.0,2026-03-01 11:30:52,order_or_booking,train
U0026,61,5,5.0,2026-03-01 11:46:08,order_or_booking,train
U0173,36,1,1.0,2026-03-01 14:15:59,click,train
U0173,49,1,1.0,2026-03-01 14:16:11,click,train
U0173,42,1,1.0,2026-03-01 14:18:17,click,train
U0173,85,1,1.0,2026-03-01 14:18:33,click,train
U0173,40,3,2.0,2026-03-01 14:21:28,save,train
U0173,80,1,1.0,2026-03-01 14:23:03,click,train
U0173,89,5,5.0,2026-03-01 14:33:10,order_or_booking,train
U0046,106,1,1.0,2026-03-01 14:36:58,click,train
U0046,75,1,1.0,2026-03-01 14:37:37,click,train
U0173,69,5,5.0,2026-03-01 14:39:03,order_or_booking,train
U0046,54,4,3.0,2026-03-01 14:39:43,cart_add,train
U0046,91,1,1.0,2026-03-01 14:40:20,click,train
U0173,57,5,5.0,2026-03-01 14:51:29,order_or_booking,train
U0173,62,5,5.0,2026-03-01 15:04:58,order_or_booking,train
U0266,34,1,1.0,2026-03-01 16:42:35,click,train
U0015,69,1,1.0,2026-03-02 11:15:06,click,train
U0015,36,3,2.0,2026-03-02 11:17:48,save,train
U0015,96,3,2.0,2026-03-02 11:19:14,save,train
U0015,55,1,1.0,2026-03-02 11:19:15,click,train
U0015,68,3,2.0,2026-03-02 11:22:13,save,train
U0015,54,3,2.0,2026-03-02 11:27:17,save,train
U0015,72,3,2.0,2026-03-02 11:29:22,save,train
U0015,62,1,1.0,2026-03-02 11:30:32,click,train
U0015,63,5,5.0,2026-03-02 11:45:32,order_or_booking,train
U0061,59,1,1.0,2026-03-02 15:43:02,click,train
U0061,37,1,1.0,2026-03-02 15:43:10,click,train
U0061,58,1,1.0,2026-03-02 15:45:19,click,train
U0061,103,1,1.0,2026-03-02 15:50:32,click,train
U0061,50,5,5.0,2026-03-02 15:55:07,order_or_booking,train
U0135,94,3,2.0,2026-03-03 08:41:27,save,train
U0135,49,3,2.0,2026-03-03 08:43:59,save,train
U0135,70,4,3.0,2026-03-03 08:48:18,cart_add,train
U0135,72,4,3.0,2026-03-03 08:54:11,cart_add,train
U0135,52,5,5.0,2026-03-03 08:59:39,order_or_booking,train
U0294,76,1,1.0,2026-03-03 09:47:17,click,train
U0294,103,3,2.0,2026-03-03 09:47:35,save,train
U0294,58,3,2.0,2026-03-03 09:51:08,save,train
U0294,86,1,1.0,2026-03-03 09:52:35,click,train
U0294,106,1,1.0,2026-03-03 09:55:51,click,train
U0294,35,3,2.0,2026-03-03 09:57:04,save,train
U0034,106,1,1.0,2026-03-03 15:08:25,click,train
U0034,33,3,2.0,2026-03-03 15:12:30,save,train
U0034,58,3,2.0,2026-03-03 15:26:19,save,train
U0034,38,5,5.0,2026-03-03 15:34:32,order_or_booking,train
U0034,77,5,5.0,2026-03-03 15:38:38,order_or_booking,train
U0034,80,5,5.0,2026-03-03 15:49:23,order_or_booking,train
U0341,104,1,1.0,2026-03-03 16:22:12,click,train
U0341,58,1,1.0,2026-03-03 16:26:24,click,train
U0341,97,1,1.0,2026-03-03 16:30:59,click,train
U0095,97,1,1.0,2026-03-04 09:41:08,click,train
U0095,54,3,2.0,2026-03-04 09:42:52,save,train
U0095,103,3,2.0,2026-03-04 09:45:46,save,train
U0095,56,5,5.0,2026-03-04 09:55:23,order_or_booking,train
U0108,83,3,2.0,2026-03-04 12:47:19,save,train
U0108,51,1,1.0,2026-03-04 12:59:09,click,train
U0073,84,1,1.0,2026-03-04 21:26:47,click,train
U0073,62,3,2.0,2026-03-04 21:28:10,save,train
U0073,78,3,2.0,2026-03-04 21:29:21,save,train
U0073,92,3,2.0,2026-03-04 21:29:40,save,train
U0073,65,3,2.0,2026-03-04 21:33:13,save,train
U0073,31,5,5.0,2026-03-04 21:43:56,order_or_booking,train
U0073,83,5,5.0,2026-03-04 21:44:07,order_or_booking,train
U0073,71,5,5.0,2026-03-04 21:44:58,order_or_booking,train
U0297,87,1,1.0,2026-03-05 09:37:41,click,train
U0297,72,1,1.0,2026-03-05 09:38:58,click,train
U0297,31,3,2.0,2026-03-05 09:40:07,save,train
U0297,91,1,1.0,2026-03-05 09:52:00,click,train
U0297,89,5,5.0,2026-03-05 10:14:14,order_or_booking,train
U0323,101,1,1.0,2026-03-05 13:40:53,click,train
U0199,55,1,1.0,2026-03-05 14:18:11,click,train
U0199,63,3,2.0,2026-03-05 14:24:28,save,train
U0199,41,4,3.0,2026-03-05 14:27:30,cart_add,train
U0143,59,1,1.0,2026-03-05 14:33:05,click,train
U0143,92,1,1.0,2026-03-05 14:33:21,click,train
U0143,48,3,2.0,2026-03-05 14:35:26,save,train
U0199,65,5,5.0,2026-03-05 14:36:01,order_or_booking,train
U0143,64,1,1.0,2026-03-05 14:38:11,click,train
U0143,30,1,1.0,2026-03-05 14:42:19,click,train
U0143,42,1,1.0,2026-03-05 14:47:37,click,train
U0199,50,5,5.0,2026-03-05 14:52:06,order_or_booking,train
U0143,31,1,1.0,2026-03-05 14:53:48,click,train
U0143,43,3,2.0,2026-03-05 14:53:54,save,train
U0143,61,5,5.0,2026-03-05 14:56:15,order_or_booking,train
U0294,81,1,1.0,2026-03-05 15:04:51,click,train
U0143,75,5,5.0,2026-03-05 15:05:53,order_or_booking,train
U0294,105,1,1.0,2026-03-05 15:09:24,click,train
U0091,91,1,1.0,2026-03-05 15:28:21,click,train
U0201,95,3,2.0,2026-03-05 16:26:08,save,train
U0201,45,4,3.0,2026-03-05 16:28:26,cart_add,train
U0201,88,3,2.0,2026-03-05 16:30:34,save,train
U0251,38,1,1.0,2026-03-05 16:35:45,click,train
U0201,104,3,2.0,2026-03-05 16:37:39,save,train
U0251,101,1,1.0,2026-03-05 16:38:19,click,train
U0201,31,3,2.0,2026-03-05 16:38:55,save,train
U0201,92,3,2.0,2026-03-05 16:43:04,save,train
U0251,36,5,5.0,2026-03-05 16:47:00,order_or_booking,train
U0251,78,5,5.0,2026-03-05 17:00:05,order_or_booking,train
U0251,67,5,5.0,2026-03-05 17:17:24,order_or_booking,train
U0062,103,5,5.0,2026-03-05 17:23:36,order_or_booking,train
U0061,75,1,1.0,2026-03-05 19:24:10,click,train
U0061,87,1,1.0,2026-03-05 19:30:16,click,train
U0128,50,1,1.0,2026-03-05 20:58:07,click,train
U0120,77,1,1.0,2026-03-05 22:25:09,click,train
U0120,102,1,1.0,2026-03-05 22:26:54,click,train
U0120,67,1,1.0,2026-03-05 22:27:37,click,train
U0120,83,1,1.0,2026-03-05 22:28:56,click,train
U0143,41,3,2.0,2026-03-06 09:08:17,save,train
U0143,98,1,1.0,2026-03-06 09:08:45,click,train
U0143,85,3,2.0,2026-03-06 09:09:44,save,train
U0143,79,3,2.0,2026-03-06 09:11:54,save,train
U0143,36,1,1.0,2026-03-06 09:14:14,click,train
U0143,103,5,5.0,2026-03-06 09:15:59,order_or_booking,train
U0143,65,1,1.0,2026-03-06 09:20:26,click,train
U0143,78,5,5.0,2026-03-06 09:30:16,order_or_booking,train
U0143,60,5,5.0,2026-03-06 09:57:19,order_or_booking,train
U0155,68,1,1.0,2026-03-06 18:36:10,click,train
U0155,87,5,5.0,2026-03-06 19:01:04,order_or_booking,train
U0155,52,5,5.0,2026-03-06 19:02:45,order_or_booking,train
U0305,86,1,1.0,2026-03-06 19:51:09,click,train
U0079,75,1,1.0,2026-03-06 20:03:00,click,train
U0079,101,1,1.0,2026-03-06 20:03:56,click,train
U0305,104,5,5.0,2026-03-06 20:03:58,order_or_booking,train
U0079,71,1,1.0,2026-03-06 20:04:17,click,train
U0079,73,3,2.0,2026-03-06 20:14:54,save,train
U0243,95,1,1.0,2026-03-06 22:46:26,click,train
U0243,36,4,3.0,2026-03-06 22:46:56,cart_add,train
U0243,108,1,1.0,2026-03-06 22:50:29,click,train
U0243,38,1,1.0,2026-03-06 22:50:53,click,train
U0243,73,4,3.0,2026-03-06 22:50:54,cart_add,train
U0235,69,1,1.0,2026-03-07 08:28:05,click,train
U0235,72,1,1.0,2026-03-07 08:29:26,click,train
U0235,100,4,3.0,2026-03-07 08:30:59,cart_add,train
U0235,36,1,1.0,2026-03-07 08:35:57,click,train
U0235,74,3,2.0,2026-03-07 08:43:26,save,train
U0235,32,5,5.0,2026-03-07 08:56:41,order_or_booking,train
U0235,56,1,1.0,2026-03-07 08:59:15,click,train
U0266,88,3,2.0,2026-03-07 11:42:39,save,train
U0266,32,1,1.0,2026-03-07 11:44:02,click,train
U0266,108,1,1.0,2026-03-07 11:44:16,click,train
U0266,41,1,1.0,2026-03-07 11:44:48,click,train
U0266,91,3,2.0,2026-03-07 11:45:28,save,train
U0172,48,3,2.0,2026-03-07 12:23:27,save,train
U0172,31,3,2.0,2026-03-07 12:24:12,save,train
U0172,41,3,2.0,2026-03-07 12:25:09,save,train
U0172,49,4,3.0,2026-03-07 12:26:49,cart_add,train
U0172,51,3,2.0,2026-03-07 12:27:38,save,train
U0172,40,1,1.0,2026-03-07 12:28:12,click,train
U0172,57,1,1.0,2026-03-07 12:31:17,click,train
U0172,30,3,2.0,2026-03-07 12:33:06,save,train
U0172,36,1,1.0,2026-03-07 12:33:40,click,train
U0172,93,3,2.0,2026-03-07 12:34:20,save,train
U0172,97,5,5.0,2026-03-07 12:40:09,order_or_booking,train
U0172,44,5,5.0,2026-03-07 12:42:23,order_or_booking,train
U0172,86,5,5.0,2026-03-07 12:59:10,order_or_booking,train
U0253,87,1,1.0,2026-03-07 16:35:40,click,train
U0253,101,1,1.0,2026-03-07 16:39:56,click,train
U0253,41,1,1.0,2026-03-07 16:41:06,click,train
U0253,86,4,3.0,2026-03-07 16:50:01,cart_add,train
U0253,97,5,5.0,2026-03-07 17:02:47,order_or_booking,train
U0269,42,1,1.0,2026-03-07 17:10:52,click,train
U0269,86,5,5.0,2026-03-07 17:27:18,order_or_booking,train
U0269,58,5,5.0,2026-03-07 17:40:29,order_or_booking,train
U0297,44,3,2.0,2026-03-07 19:35:54,save,train
U0297,97,3,2.0,2026-03-07 19:37:47,save,train
U0297,70,5,5.0,2026-03-07 19:38:54,order_or_booking,train
U0297,53,5,5.0,2026-03-07 19:49:16,order_or_booking,train
U0297,58,5,5.0,2026-03-07 19:55:16,order_or_booking,train
U0088,48,3,2.0,2026-03-07 20:21:17,save,train
U0088,86,1,1.0,2026-03-07 20:30:56,click,train
U0088,33,5,5.0,2026-03-07 20:31:58,order_or_booking,train
U0088,75,3,2.0,2026-03-07 20:36:08,save,train
U0088,90,5,5.0,2026-03-07 20:46:11,order_or_booking,train
U0249,79,1,1.0,2026-03-07 21:19:09,click,train
U0249,50,1,1.0,2026-03-07 21:19:58,click,train
U0249,40,1,1.0,2026-03-07 21:20:50,click,train
U0249,99,3,2.0,2026-03-07 21:22:05,save,train
U0249,80,1,1.0,2026-03-07 21:23:23,click,train
U0249,33,1,1.0,2026-03-07 21:23:36,click,train
U0110,59,1,1.0,2026-03-08 08:57:53,click,train
U0110,83,1,1.0,2026-03-08 08:58:49,click,train
U0110,49,1,1.0,2026-03-08 09:04:20,click,train
U0185,97,3,2.0,2026-03-08 09:42:01,save,train
U0098,44,1,1.0,2026-03-08 09:43:35,click,train
U0098,82,3,2.0,2026-03-08 09:44:51,save,train
U0185,81,1,1.0,2026-03-08 09:44:55,click,train
U0098,81,1,1.0,2026-03-08 09:45:46,click,train
U0098,48,5,5.0,2026-03-08 09:54:05,order_or_booking,train
U0098,79,5,5.0,2026-03-08 09:54:49,order_or_booking,train
U0185,85,5,5.0,2026-03-08 10:00:25,order_or_booking,train
U0098,84,1,1.0,2026-03-08 10:00:34,click,train
U0185,107,3,2.0,2026-03-08 10:01:14,save,train
U0098,57,5,5.0,2026-03-08 10:04:21,order_or_booking,train
U0098,62,5,5.0,2026-03-08 10:12:22,order_or_booking,train
U0185,92,5,5.0,2026-03-08 10:25:51,order_or_booking,train
U0341,71,3,2.0,2026-03-08 10:54:35,save,train
U0341,53,1,1.0,2026-03-08 10:54:59,click,train
U0341,46,1,1.0,2026-03-08 10:55:41,click,train
U0341,108,1,1.0,2026-03-08 10:59:19,click,train
U0212,53,3,2.0,2026-03-08 13:18:02,save,train
U0212,71,3,2.0,2026-03-08 13:21:20,save,train
U0212,60,5,5.0,2026-03-08 13:43:18,order_or_booking,train
U0185,76,1,1.0,2026-03-09 09:23:47,click,train
U0185,47,4,3.0,2026-03-09 09:27:36,cart_add,train
U0185,108,1,1.0,2026-03-09 09:30:39,click,train
U0185,75,1,1.0,2026-03-09 09:37:04,click,train
U0185,35,3,2.0,2026-03-09 09:46:51,save,train
U0185,45,5,5.0,2026-03-09 09:47:23,order_or_booking,train
U0185,37,5,5.0,2026-03-09 09:48:45,order_or_booking,train
U0185,109,5,5.0,2026-03-09 10:10:32,order_or_booking,train
U0131,95,3,2.0,2026-03-09 10:20:58,save,train
U0017,35,1,1.0,2026-03-09 11:24:43,click,train
U0017,91,1,1.0,2026-03-09 11:28:19,click,train
U0153,49,4,3.0,2026-03-09 12:05:23,cart_add,train
U0153,52,5,5.0,2026-03-09 12:19:50,order_or_booking,train
U0153,62,5,5.0,2026-03-09 12:28:25,order_or_booking,train
U0235,31,3,2.0,2026-03-09 15:07:10,save,train
U0235,37,5,5.0,2026-03-09 15:10:33,order_or_booking,train
U0235,91,3,2.0,2026-03-09 15:10:47,save,train
U0235,52,3,2.0,2026-03-09 15:12:38,save,train
U0235,51,1,1.0,2026-03-09 15:13:53,click,train
U0235,82,4,3.0,2026-03-09 15:19:11,cart_add,train
U0218,103,1,1.0,2026-03-09 17:56:12,click,train
U0218,48,3,2.0,2026-03-09 17:57:17,save,train
U0218,68,3,2.0,2026-03-09 18:00:10,save,train
U0206,71,3,2.0,2026-03-09 20:06:04,save,train
U0206,63,1,1.0,2026-03-09 20:09:04,click,train
U0206,70,1,1.0,2026-03-09 20:12:31,click,train
U0206,55,3,2.0,2026-03-09 20:18:37,save,train
U0206,59,5,5.0,2026-03-09 20:30:57,order_or_booking,train
U0206,58,5,5.0,2026-03-09 20:33:23,order_or_booking,train
U0206,85,5,5.0,2026-03-09 20:39:53,order_or_booking,train
U0206,66,5,5.0,2026-03-09 20:53:46,order_or_booking,train
U0196,97,1,1.0,2026-03-09 21:02:18,click,train
U0196,109,1,1.0,2026-03-09 21:04:18,click,train
U0337,107,1,1.0,2026-03-09 21:12:23,click,train
U0337,35,1,1.0,2026-03-09 21:14:01,click,train
U0337,91,3,2.0,2026-03-09 21:14:20,save,train
U0337,72,1,1.0,2026-03-09 21:15:30,click,train
U0037,36,1,1.0,2026-03-09 21:40:34,click,train
U0037,82,1,1.0,2026-03-09 21:44:45,click,train
U0037,77,1,1.0,2026-03-09 21:44:56,click,train
U0037,32,1,1.0,2026-03-09 21:45:00,click,train
U0037,79,3,2.0,2026-03-09 21:45:23,save,train
U0037,62,1,1.0,2026-03-09 21:50:26,click,train
U0228,32,3,2.0,2026-03-09 23:02:52,save,train
U0228,87,5,5.0,2026-03-09 23:13:13,order_or_booking,train
U0100,105,1,1.0,2026-03-10 10:01:24,click,train
U0100,69,5,5.0,2026-03-10 10:26:51,order_or_booking,train
U0343,69,5,5.0,2026-03-10 11:56:03,order_or_booking,train
U0333,70,1,1.0,2026-03-10 12:40:30,click,train
U0333,99,5,5.0,2026-03-10 12:42:24,order_or_booking,train
U0333,39,3,2.0,2026-03-10 12:46:09,save,train
U0333,54,1,1.0,2026-03-10 12:47:55,click,train
U0333,69,5,5.0,2026-03-10 12:55:20,order_or_booking,train
U0333,64,5,5.0,2026-03-10 12:58:15,order_or_booking,train
U0333,85,5,5.0,2026-03-10 13:17:20,order_or_booking,train
U0153,77,3,2.0,2026-03-10 13:27:05,save,train
U0153,104,4,3.0,2026-03-10 13:29:38,cart_add,train
U0333,60,5,5.0,2026-03-10 13:31:16,order_or_booking,train
U0153,76,1,1.0,2026-03-10 13:31:41,click,train
U0153,64,1,1.0,2026-03-10 13:34:03,click,train
U0137,34,1,1.0,2026-03-10 13:39:30,click,train
U0137,53,1,1.0,2026-03-10 13:46:25,click,train
U0137,49,1,1.0,2026-03-10 13:51:06,click,train
U0137,40,1,1.0,2026-03-10 13:54:55,click,train
U0137,84,5,5.0,2026-03-10 14:02:32,order_or_booking,train
U0137,90,5,5.0,2026-03-10 14:03:11,order_or_booking,train
U0137,77,5,5.0,2026-03-10 14:14:27,order_or_booking,train
U0137,64,5,5.0,2026-03-10 14:16:37,order_or_booking,train
U0137,70,5,5.0,2026-03-10 14:20:33,order_or_booking,train
U0137,58,5,5.0,2026-03-10 14:28:48,order_or_booking,train
U0319,44,1,1.0,2026-03-11 09:28:55,click,train
U0319,56,1,1.0,2026-03-11 09:28:58,click,train
U0319,65,5,5.0,2026-03-11 09:39:15,order_or_booking,train
U0319,97,1,1.0,2026-03-11 12:15:46,click,train
U0319,87,3,2.0,2026-03-11 12:19:15,save,train
U0086,66,1,1.0,2026-03-11 13:31:06,click,train
U0086,74,3,2.0,2026-03-11 13:38:12,save,train
U0196,103,1,1.0,2026-03-11 14:03:26,click,train
U0196,62,3,2.0,2026-03-11 14:08:39,save,train
U0245,74,4,3.0,2026-03-11 15:17:04,cart_add,train
U0245,98,4,3.0,2026-03-11 15:17:57,cart_add,train
U0348,87,5,5.0,2026-03-11 17:53:42,order_or_booking,train
U0348,43,5,5.0,2026-03-11 17:58:03,order_or_booking,train
U0348,73,5,5.0,2026-03-11 18:10:24,order_or_booking,train
U0149,96,3,2.0,2026-03-11 19:38:09,save,train
U0149,73,3,2.0,2026-03-11 19:38:42,save,train
U0110,102,1,1.0,2026-03-11 21:52:55,click,train
U0167,36,1,1.0,2026-03-12 08:29:46,click,train
U0167,106,3,2.0,2026-03-12 08:44:10,save,train
U0167,37,5,5.0,2026-03-12 08:57:00,order_or_booking,train
U0113,46,1,1.0,2026-03-12 09:47:19,click,train
U0257,51,1,1.0,2026-03-12 11:09:21,click,train
U0257,49,1,1.0,2026-03-12 11:11:00,click,train
U0257,86,1,1.0,2026-03-12 11:13:18,click,train
U0257,85,3,2.0,2026-03-12 11:15:19,save,train
U0257,93,5,5.0,2026-03-12 11:36:14,order_or_booking,train
U0257,89,5,5.0,2026-03-12 11:48:47,order_or_booking,train
U0257,108,5,5.0,2026-03-12 11:50:05,order_or_booking,train
U0271,87,1,1.0,2026-03-12 18:53:30,click,train
U0108,33,1,1.0,2026-03-12 21:38:20,click,train
U0108,106,3,2.0,2026-03-12 21:39:54,save,train
U0146,72,1,1.0,2026-03-12 21:44:40,click,train
U0146,103,3,2.0,2026-03-12 21:45:51,save,train
U0108,71,1,1.0,2026-03-12 21:47:22,click,train
U0108,34,3,2.0,2026-03-12 21:47:45,save,train
U0174,77,3,2.0,2026-03-12 22:36:11,save,train
U0174,40,1,1.0,2026-03-12 22:38:57,click,train
U0174,45,1,1.0,2026-03-12 22:43:44,click,train
U0174,34,1,1.0,2026-03-12 22:50:42,click,train
U0047,100,1,1.0,2026-03-13 09:31:23,click,train
U0082,42,1,1.0,2026-03-13 10:37:50,click,train
U0082,81,3,2.0,2026-03-13 10:38:44,save,train
U0082,77,1,1.0,2026-03-13 10:38:45,click,train
U0082,41,1,1.0,2026-03-13 10:39:17,click,train
U0082,35,1,1.0,2026-03-13 10:44:00,click,train
U0082,43,5,5.0,2026-03-13 10:49:00,order_or_booking,train
U0015,74,1,1.0,2026-03-13 11:03:44,click,train
U0015,37,1,1.0,2026-03-13 11:03:46,click,train
U0015,84,1,1.0,2026-03-13 11:05:05,click,train
U0015,42,3,2.0,2026-03-13 11:06:04,save,train
U0015,98,1,1.0,2026-03-13 11:10:03,click,train
U0015,66,3,2.0,2026-03-13 11:11:39,save,train
U0015,80,3,2.0,2026-03-13 11:13:51,save,train
U0015,60,5,5.0,2026-03-13 11:34:37,order_or_booking,train
U0015,89,5,5.0,2026-03-13 11:46:03,order_or_booking,train
U0015,93,5,5.0,2026-03-13 11:53:52,order_or_booking,train
U0291,74,4,3.0,2026-03-13 12:30:12,cart_add,train
U0291,56,4,3.0,2026-03-13 12:31:59,cart_add,train
U0291,94,1,1.0,2026-03-13 12:32:11,click,train
U0291,41,5,5.0,2026-03-13 12:36:22,order_or_booking,train
U0291,81,1,1.0,2026-03-13 12:44:10,click,train
U0291,66,3,2.0,2026-03-13 12:49:55,save,train
U0291,59,3,2.0,2026-03-13 12:54:09,save,train
U0291,97,5,5.0,2026-03-13 12:54:48,order_or_booking,train
U0039,101,1,1.0,2026-03-13 12:56:21,click,train
U0039,33,3,2.0,2026-03-13 12:57:22,save,train
U0224,59,1,1.0,2026-03-13 13:47:20,click,train
U0224,75,1,1.0,2026-03-13 13:48:17,click,train
U0224,84,3,2.0,2026-03-13 13:52:21,save,train
U0283,79,1,1.0,2026-03-13 13:55:57,click,train
U0283,33,1,1.0,2026-03-13 13:59:24,click,train
U0048,86,4,3.0,2026-03-13 17:03:56,cart_add,train
U0048,62,1,1.0,2026-03-13 17:07:03,click,train
U0048,73,4,3.0,2026-03-13 17:07:58,cart_add,train
U0048,97,3,2.0,2026-03-13 17:09:53,save,train
U0048,75,1,1.0,2026-03-13 17:13:31,click,train
U0048,39,1,1.0,2026-03-13 17:18:32,click,train
U0048,53,1,1.0,2026-03-13 17:22:00,click,train
U0039,34,1,1.0,2026-03-13 20:47:52,click,train
U0039,49,5,5.0,2026-03-13 21:04:45,order_or_booking,train
U0247,57,1,1.0,2026-03-14 08:19:47,click,train
U0247,81,3,2.0,2026-03-14 08:21:11,save,train
U0247,97,1,1.0,2026-03-14 08:21:50,click,train
U0247,31,1,1.0,2026-03-14 08:23:25,click,train
U0247,73,1,1.0,2026-03-14 08:24:03,click,train
U0247,34,4,3.0,2026-03-14 08:26:53,cart_add,train
U0247,103,5,5.0,2026-03-14 08:51:43,order_or_booking,train
U0247,88,5,5.0,2026-03-14 08:57:30,order_or_booking,train
U0175,38,1,1.0,2026-03-14 10:50:46,click,train
U0175,40,1,1.0,2026-03-14 10:50:58,click,train
U0175,32,1,1.0,2026-03-14 10:53:29,click,train
U0044,80,3,2.0,2026-03-14 14:55:45,save,train
U0044,72,1,1.0,2026-03-14 14:57:16,click,train
U0044,89,5,5.0,2026-03-14 15:05:54,order_or_booking,train
U0044,88,5,5.0,2026-03-14 15:31:30,order_or_booking,train
U0332,96,1,1.0,2026-03-14 16:46:44,click,train
U0332,83,5,5.0,2026-03-14 17:18:51,order_or_booking,train
U0290,86,1,1.0,2026-03-14 18:01:18,click,train
U0290,87,4,3.0,2026-03-14 18:02:30,cart_add,train
U0290,73,1,1.0,2026-03-14 18:05:31,click,train
U0297,42,1,1.0,2026-03-14 19:28:15,click,train
U0297,59,3,2.0,2026-03-14 19:28:17,save,train
U0297,32,3,2.0,2026-03-14 19:28:38,save,train
U0297,73,3,2.0,2026-03-14 19:32:57,save,train
U0297,48,1,1.0,2026-03-14 19:33:12,click,train
U0297,41,1,1.0,2026-03-14 19:35:43,click,train
U0301,105,4,3.0,2026-03-14 19:51:19,cart_add,train
U0301,40,1,1.0,2026-03-14 19:51:59,click,train
U0301,83,1,1.0,2026-03-14 19:52:14,click,train
U0301,30,3,2.0,2026-03-14 19:56:04,save,train
U0301,78,5,5.0,2026-03-14 20:06:19,order_or_booking,train
U0301,90,5,5.0,2026-03-14 20:13:23,order_or_booking,train
U0073,80,3,2.0,2026-03-14 21:43:26,save,train
U0073,55,1,1.0,2026-03-14 21:50:00,click,train
U0073,108,3,2.0,2026-03-14 21:50:58,save,train
U0073,45,1,1.0,2026-03-14 21:51:06,click,train
U0073,57,1,1.0,2026-03-14 22:01:44,click,train
U0338,102,3,2.0,2026-03-14 22:07:23,save,train
U0338,42,4,3.0,2026-03-14 22:09:15,cart_add,train
U0338,73,3,2.0,2026-03-14 22:10:17,save,train
U0338,109,1,1.0,2026-03-14 22:13:35,click,train
U0338,59,5,5.0,2026-03-14 22:14:25,order_or_booking,train
U0341,49,1,1.0,2026-03-15 10:42:46,click,train
U0053,49,1,1.0,2026-03-15 12:59:45,click,train
U0280,34,1,1.0,2026-03-15 13:14:20,click,train
U0280,91,5,5.0,2026-03-15 13:40:24,order_or_booking,train
U0338,107,3,2.0,2026-03-15 14:53:19,save,train
U0338,100,1,1.0,2026-03-15 14:54:58,click,train
U0338,96,1,1.0,2026-03-15 14:57:58,click,train
U0338,51,5,5.0,2026-03-15 15:16:56,order_or_booking,train
U0338,86,5,5.0,2026-03-15 15:18:28,order_or_booking,train
U0300,102,1,1.0,2026-03-15 15:20:41,click,train
U0300,96,1,1.0,2026-03-15 15:29:17,click,train
U0052,37,1,1.0,2026-03-15 15:42:21,click,train
U0052,76,1,1.0,2026-03-15 15:43:41,click,train
U0052,90,4,3.0,2026-03-15 15:44:19,cart_add,train
U0052,81,3,2.0,2026-03-15 15:45:12,save,train
U0052,101,4,3.0,2026-03-15 15:46:50,cart_add,train
U0052,75,3,2.0,2026-03-15 15:48:27,save,train
U0052,73,4,3.0,2026-03-15 15:51:54,cart_add,train
U0052,89,1,1.0,2026-03-15 15:52:38,click,train
U0052,70,1,1.0,2026-03-15 16:01:55,click,train
U0052,72,3,2.0,2026-03-15 16:03:37,save,train
U0052,82,4,3.0,2026-03-15 16:03:55,cart_add,train
U0300,64,5,5.0,2026-03-15 16:04:11,order_or_booking,train
U0052,88,3,2.0,2026-03-15 16:12:45,save,train
U0108,81,1,1.0,2026-03-15 16:54:07,click,train
U0108,95,3,2.0,2026-03-15 16:55:25,save,train
U0108,74,3,2.0,2026-03-15 16:56:22,save,train
U0108,45,3,2.0,2026-03-15 16:57:09,save,train
U0108,78,5,5.0,2026-03-15 17:02:42,order_or_booking,train
U0108,82,1,1.0,2026-03-15 17:06:42,click,train
U0108,79,5,5.0,2026-03-15 17:07:21,order_or_booking,train
U0205,57,1,1.0,2026-03-15 17:41:16,click,train
U0205,75,1,1.0,2026-03-15 17:41:46,click,train
U0205,96,1,1.0,2026-03-15 17:42:38,click,train
U0205,92,1,1.0,2026-03-15 17:48:01,click,train
U0205,31,3,2.0,2026-03-15 17:54:21,save,train
U0205,79,5,5.0,2026-03-15 18:31:58,order_or_booking,train
U0205,88,5,5.0,2026-03-15 18:43:39,order_or_booking,train
U0253,51,1,1.0,2026-03-15 19:20:33,click,train
U0305,72,1,1.0,2026-03-15 19:29:10,click,train
U0253,47,1,1.0,2026-03-15 19:30:38,click,train
U0289,51,4,3.0,2026-03-15 21:46:29,cart_add,train
U0289,69,1,1.0,2026-03-15 21:53:06,click,train
U0289,57,3,2.0,2026-03-15 21:57:35,save,train
U0210,84,1,1.0,2026-03-16 08:16:12,click,train
U0210,83,1,1.0,2026-03-16 08:20:22,click,train
U0210,93,3,2.0,2026-03-16 08:21:40,save,train
U0210,46,1,1.0,2026-03-16 08:28:10,click,train
U0210,40,3,2.0,2026-03-16 08:31:08,save,train
U0210,88,5,5.0,2026-03-16 09:04:55,order_or_booking,train
U0001,77,1,1.0,2026-03-16 10:24:35,click,train
U0001,74,3,2.0,2026-03-16 10:28:33,save,train
U0049,44,3,2.0,2026-03-16 10:47:08,save,train
U0049,34,1,1.0,2026-03-16 10:55:49,click,train
U0001,85,5,5.0,2026-03-16 11:05:06,order_or_booking,train
U0274,34,1,1.0,2026-03-16 13:13:36,click,train
U0274,101,3,2.0,2026-03-16 13:18:06,save,train
U0274,107,3,2.0,2026-03-16 13:20:03,save,train
U0274,109,1,1.0,2026-03-16 13:23:18,click,train
U0274,42,5,5.0,2026-03-16 13:33:14,order_or_booking,train
U0006,67,1,1.0,2026-03-16 13:52:54,click,train
U0006,82,1,1.0,2026-03-16 13:56:11,click,train
U0266,45,1,1.0,2026-03-16 17:18:23,click,train
U0266,102,1,1.0,2026-03-16 17:19:31,click,train
U0266,30,1,1.0,2026-03-16 17:19:48,click,train
U0266,38,1,1.0,2026-03-16 17:21:24,click,train
U0248,75,1,1.0,2026-03-16 17:30:42,click,train
U0195,57,5,5.0,2026-03-16 18:27:50,order_or_booking,train
U0086,79,3,2.0,2026-03-16 20:57:06,save,train
U0086,90,3,2.0,2026-03-16 20:58:09,save,train
U0086,86,1,1.0,2026-03-16 20:59:10,click,train
U0086,101,1,1.0,2026-03-16 21:04:21,click,train
U0086,75,1,1.0,2026-03-16 21:06:20,click,train
U0290,53,1,1.0,2026-03-17 08:55:03,click,train
U0180,54,4,3.0,2026-03-17 09:52:00,cart_add,train
U0180,52,3,2.0,2026-03-17 09:55:26,save,train
U0180,70,4,3.0,2026-03-17 09:56:39,cart_add,train
U0180,85,1,1.0,2026-03-17 10:06:42,click,train
U0217,60,1,1.0,2026-03-17 10:11:34,click,train
U0217,69,3,2.0,2026-03-17 10:15:30,save,train
U0217,108,5,5.0,2026-03-17 10:17:33,order_or_booking,train
U0217,41,3,2.0,2026-03-17 10:17:45,save,train
U0217,34,3,2.0,2026-03-17 10:18:20,save,train
U0217,88,5,5.0,2026-03-17 10:19:27,order_or_booking,train
U0217,48,1,1.0,2026-03-17 10:22:44,click,train
U0217,31,1,1.0,2026-03-17 10:25:52,click,train
U0226,85,5,5.0,2026-03-17 12:41:34,order_or_booking,train
U0226,107,1,1.0,2026-03-17 12:41:59,click,train
U0226,66,1,1.0,2026-03-17 12:44:37,click,train
U0182,99,1,1.0,2026-03-17 12:52:21,click,train
U0182,30,3,2.0,2026-03-17 12:56:00,save,train
U0182,84,1,1.0,2026-03-17 12:56:04,click,train
U0182,33,3,2.0,2026-03-17 12:58:01,save,train
U0182,69,1,1.0,2026-03-17 13:03:11,click,train
U0182,54,1,1.0,2026-03-17 13:15:43,click,train
U0182,102,5,5.0,2026-03-17 13:22:32,order_or_booking,train
U0182,58,5,5.0,2026-03-17 13:33:40,order_or_booking,train
U0182,65,5,5.0,2026-03-17 13:35:08,order_or_booking,train
U0211,91,1,1.0,2026-03-17 13:40:59,click,train
U0211,38,3,2.0,2026-03-17 13:43:30,save,train
U0211,70,1,1.0,2026-03-17 13:46:02,click,train
U0311,33,1,1.0,2026-03-17 16:24:23,click,train
U0311,93,1,1.0,2026-03-17 16:28:38,click,train
U0311,80,1,1.0,2026-03-17 16:28:57,click,train
U0311,54,1,1.0,2026-03-17 16:33:31,click,train
U0311,108,1,1.0,2026-03-17 16:35:44,click,train
U0311,61,3,2.0,2026-03-17 16:36:29,save,train
U0262,70,1,1.0,2026-03-17 17:18:16,click,train
U0167,30,3,2.0,2026-03-17 18:39:38,save,train
U0167,97,4,3.0,2026-03-17 18:40:12,cart_add,train
U0167,33,3,2.0,2026-03-17 18:40:18,save,train
U0167,94,3,2.0,2026-03-17 18:40:59,save,train
U0167,49,3,2.0,2026-03-17 18:41:35,save,train
U0167,71,1,1.0,2026-03-17 18:45:53,click,train
U0127,40,1,1.0,2026-03-17 18:46:18,click,train
U0167,47,1,1.0,2026-03-17 18:47:09,click,train
U0127,46,1,1.0,2026-03-17 18:47:40,click,train
U0127,70,3,2.0,2026-03-17 18:49:16,save,train
U0167,101,1,1.0,2026-03-17 18:58:46,click,train
U0297,68,1,1.0,2026-03-17 20:55:31,click,train
U0297,107,4,3.0,2026-03-17 20:59:56,cart_add,train
U0297,51,4,3.0,2026-03-17 21:02:38,cart_add,train
U0297,75,1,1.0,2026-03-17 21:03:31,click,train
U0297,38,5,5.0,2026-03-17 21:03:56,order_or_booking,train
U0297,60,5,5.0,2026-03-17 21:14:56,order_or_booking,train
U0297,83,1,1.0,2026-03-17 21:16:57,click,train
U0297,45,5,5.0,2026-03-17 21:18:28,order_or_booking,train
U0297,69,5,5.0,2026-03-17 21:28:29,order_or_booking,train
U0065,75,1,1.0,2026-03-17 21:34:01,click,train
U0065,82,1,1.0,2026-03-17 21:35:29,click,train
U0118,43,1,1.0,2026-03-18 08:13:31,click,train
U0118,53,3,2.0,2026-03-18 08:18:42,save,train
U0059,95,3,2.0,2026-03-18 08:48:23,save,train
U0059,74,1,1.0,2026-03-18 08:49:28,click,train
U0059,86,1,1.0,2026-03-18 08:51:24,click,train
U0118,68,5,5.0,2026-03-18 08:56:46,order_or_booking,train
U0059,39,1,1.0,2026-03-18 08:57:45,click,train
U0059,101,3,2.0,2026-03-18 08:59:13,save,train
U0338,101,1,1.0,2026-03-18 10:16:04,click,train
U0338,72,1,1.0,2026-03-18 10:16:40,click,train
U0338,50,3,2.0,2026-03-18 10:22:16,save,train
U0338,54,1,1.0,2026-03-18 10:23:18,click,train
U0338,97,3,2.0,2026-03-18 10:26:18,save,train
U0205,86,1,1.0,2026-03-18 12:39:48,click,train
U0205,49,5,5.0,2026-03-18 12:40:11,order_or_booking,train
U0205,102,3,2.0,2026-03-18 12:43:52,save,train
U0205,59,5,5.0,2026-03-18 13:03:37,order_or_booking,train
U0205,68,5,5.0,2026-03-18 13:22:01,order_or_booking,train
U0238,53,1,1.0,2026-03-18 14:23:21,click,train
U0271,41,1,1.0,2026-03-18 14:41:22,click,train
U0271,70,5,5.0,2026-03-18 14:46:24,order_or_booking,train
U0238,68,5,5.0,2026-03-18 15:11:52,order_or_booking,train
U0035,69,3,2.0,2026-03-18 15:12:43,save,train
U0035,103,5,5.0,2026-03-18 15:39:29,order_or_booking,train
U0149,50,1,1.0,2026-03-18 18:04:11,click,train
U0149,40,3,2.0,2026-03-18 18:05:39,save,train
U0117,67,1,1.0,2026-03-19 09:51:08,click,train
U0117,84,1,1.0,2026-03-19 09:52:58,click,train
U0117,90,3,2.0,2026-03-19 09:53:38,save,train
U0117,39,1,1.0,2026-03-19 09:56:38,click,train
U0094,92,1,1.0,2026-03-19 10:23:39,click,train
U0094,74,1,1.0,2026-03-19 10:27:29,click,train
U0271,37,3,2.0,2026-03-19 12:29:33,save,train
U0271,48,5,5.0,2026-03-19 12:31:46,order_or_booking,train
U0271,49,1,1.0,2026-03-19 12:32:00,click,train
U0128,72,1,1.0,2026-03-19 13:02:14,click,train
U0188,88,1,1.0,2026-03-19 15:55:44,click,train
U0188,108,3,2.0,2026-03-19 15:56:52,save,train
U0188,95,3,2.0,2026-03-19 16:00:01,save,train
U0188,37,3,2.0,2026-03-19 16:00:50,save,train
U0188,77,1,1.0,2026-03-19 16:05:33,click,train
U0288,57,3,2.0,2026-03-19 17:26:28,save,train
U0288,103,5,5.0,2026-03-19 17:32:23,order_or_booking,train
U0288,35,1,1.0,2026-03-19 17:33:25,click,train
U0288,51,1,1.0,2026-03-19 17:38:26,click,train
U0212,34,1,1.0,2026-03-19 18:39:24,click,train
U0212,74,3,2.0,2026-03-19 18:39:52,save,train
U0212,31,1,1.0,2026-03-19 18:46:14,click,train
U0212,63,5,5.0,2026-03-19 18:51:37,order_or_booking,train
U0212,37,5,5.0,2026-03-19 19:05:04,order_or_booking,train
U0212,108,5,5.0,2026-03-19 19:12:59,order_or_booking,train
U0347,89,3,2.0,2026-03-19 19:54:14,save,train
U0347,87,4,3.0,2026-03-19 19:59:50,cart_add,train
U0083,37,1,1.0,2026-03-19 20:16:40,click,train
U0083,75,1,1.0,2026-03-19 20:18:26,click,train
U0083,74,1,1.0,2026-03-19 20:21:22,click,train
U0083,36,1,1.0,2026-03-19 20:24:31,click,train
U0083,99,1,1.0,2026-03-19 20:34:52,click,train
U0083,68,5,5.0,2026-03-19 20:41:14,order_or_booking,train
U0083,65,5,5.0,2026-03-19 21:07:57,order_or_booking,train
U0088,34,5,5.0,2026-03-20 09:07:28,order_or_booking,train
U0205,83,1,1.0,2026-03-20 09:34:18,click,train
U0205,32,1,1.0,2026-03-20 09:37:38,click,train
U0205,58,1,1.0,2026-03-20 09:38:02,click,train
U0205,73,3,2.0,2026-03-20 09:38:33,save,train
U0205,39,1,1.0,2026-03-20 09:41:26,click,train
U0205,89,3,2.0,2026-03-20 09:47:56,save,train
U0205,97,5,5.0,2026-03-20 09:51:25,order_or_booking,train
U0205,72,1,1.0,2026-03-20 09:53:32,click,train
U0205,61,5,5.0,2026-03-20 10:05:22,order_or_booking,train
U0205,53,5,5.0,2026-03-20 10:09:34,order_or_booking,train
U0243,102,1,1.0,2026-03-20 11:21:33,click,train
U0243,99,3,2.0,2026-03-20 11:21:48,save,train
U0243,42,4,3.0,2026-03-20 11:22:05,cart_add,train
U0243,43,3,2.0,2026-03-20 11:26:26,save,train
U0243,37,1,1.0,2026-03-20 11:33:24,click,train
U0243,44,5,5.0,2026-03-20 12:01:15,order_or_booking,train
U0087,105,1,1.0,2026-03-20 13:42:24,click,train
U0087,98,1,1.0,2026-03-20 13:42:58,click,train
U0087,72,1,1.0,2026-03-20 13:43:31,click,train
U0087,103,1,1.0,2026-03-20 13:44:23,click,train
U0087,100,3,2.0,2026-03-20 13:44:43,save,train
U0087,89,3,2.0,2026-03-20 13:45:48,save,train
U0096,64,1,1.0,2026-03-20 14:46:40,click,train
U0010,65,1,1.0,2026-03-20 16:37:21,click,train
U0010,72,3,2.0,2026-03-20 16:37:57,save,train
U0010,40,3,2.0,2026-03-20 16:42:40,save,train
U0010,64,3,2.0,2026-03-20 16:49:37,save,train
U0010,96,3,2.0,2026-03-20 16:50:45,save,train
U0334,39,3,2.0,2026-03-20 17:06:32,save,train
U0334,81,1,1.0,2026-03-20 17:08:59,click,train
U0334,50,4,3.0,2026-03-20 17:12:03,cart_add,train
U0334,55,3,2.0,2026-03-20 17:13:15,save,train
U0334,30,4,3.0,2026-03-20 17:16:26,cart_add,train
U0087,95,1,1.0,2026-03-20 17:57:14,click,train
U0087,88,5,5.0,2026-03-20 17:59:38,order_or_booking,train
U0087,60,3,2.0,2026-03-20 17:59:40,save,train
U0124,100,1,1.0,2026-03-20 18:33:41,click,train
U0124,46,1,1.0,2026-03-20 18:34:08,click,train
U0087,67,5,5.0,2026-03-20 18:35:14,order_or_booking,train
U0124,40,1,1.0,2026-03-20 18:41:38,click,train
U0124,84,1,1.0,2026-03-20 18:42:19,click,train
U0043,38,3,2.0,2026-03-20 18:46:15,save,train
U0043,55,4,3.0,2026-03-20 18:47:30,cart_add,train
U0124,83,5,5.0,2026-03-20 18:47:45,order_or_booking,train
U0043,81,3,2.0,2026-03-20 18:50:25,save,train
U0124,55,5,5.0,2026-03-20 18:54:33,order_or_booking,train
U0043,71,3,2.0,2026-03-20 18:56:14,save,train
U0124,41,5,5.0,2026-03-20 18:57:18,order_or_booking,train
U0126,58,1,1.0,2026-03-20 20:07:07,click,train
U0032,65,3,2.0,2026-03-20 21:30:22,save,train
U0032,81,1,1.0,2026-03-20 21:32:10,click,train
U0032,73,3,2.0,2026-03-20 21:32:56,save,train
U0032,103,3,2.0,2026-03-20 21:36:18,save,train
U0032,37,3,2.0,2026-03-20 21:37:08,save,train
U0032,85,1,1.0,2026-03-20 21:42:06,click,train
U0032,51,3,2.0,2026-03-20 21:44:16,save,train
U0259,30,4,3.0,2026-03-20 21:57:18,cart_add,train
U0168,89,1,1.0,2026-03-20 22:22:05,click,train
U0168,87,1,1.0,2026-03-20 22:22:45,click,train
U0168,54,1,1.0,2026-03-20 22:25:08,click,train
U0168,33,3,2.0,2026-03-20 22:26:44,save,train
U0168,38,5,5.0,2026-03-20 22:31:07,order_or_booking,train
U0100,58,1,1.0,2026-03-20 22:40:39,click,train
U0168,109,5,5.0,2026-03-20 22:46:25,order_or_booking,train
U0211,30,1,1.0,2026-03-21 09:53:27,click,train
U0211,81,3,2.0,2026-03-21 09:55:11,save,train
U0248,97,1,1.0,2026-03-21 14:59:08,click,train
U0193,51,3,2.0,2026-03-21 15:07:27,save,train
U0193,87,1,1.0,2026-03-21 15:10:17,click,train
U0193,80,1,1.0,2026-03-21 15:16:14,click,train
U0337,76,1,1.0,2026-03-21 15:36:12,click,train
U0337,86,3,2.0,2026-03-21 15:41:25,save,train
U0097,72,3,2.0,2026-03-21 16:13:33,save,train
U0097,89,1,1.0,2026-03-21 16:15:22,click,train
U0097,82,1,1.0,2026-03-21 16:17:49,click,train
U0097,38,1,1.0,2026-03-21 16:19:36,click,train
U0097,69,1,1.0,2026-03-21 16:28:16,click,train
U0097,56,5,5.0,2026-03-21 16:42:00,order_or_booking,train
U0129,51,1,1.0,2026-03-21 17:12:38,click,train
U0129,97,1,1.0,2026-03-21 17:13:02,click,train
U0129,70,3,2.0,2026-03-21 17:14:43,save,train
U0213,109,3,2.0,2026-03-21 21:40:23,save,train
U0213,54,3,2.0,2026-03-21 21:44:19,save,train
U0213,100,1,1.0,2026-03-21 21:45:05,click,train
U0019,30,1,1.0,2026-03-21 21:47:12,click,train
U0019,87,5,5.0,2026-03-21 21:48:23,order_or_booking,train
U0019,91,1,1.0,2026-03-21 21:54:03,click,train
U0019,92,3,2.0,2026-03-21 21:54:53,save,train
U0019,58,1,1.0,2026-03-21 21:56:06,click,train
U0019,74,5,5.0,2026-03-21 22:08:50,order_or_booking,train
U0041,94,1,1.0,2026-03-21 22:14:17,click,train
U0041,43,1,1.0,2026-03-21 22:15:29,click,train
U0041,64,5,5.0,2026-03-21 22:36:07,order_or_booking,train
U0235,66,1,1.0,2026-03-22 08:57:00,click,train
U0235,71,3,2.0,2026-03-22 08:57:51,save,train
U0235,83,1,1.0,2026-03-22 08:58:33,click,train
U0235,58,1,1.0,2026-03-22 08:58:36,click,train
U0235,75,3,2.0,2026-03-22 09:05:02,save,train
U0235,81,4,3.0,2026-03-22 09:05:18,cart_add,train
U0235,84,5,5.0,2026-03-22 09:17:54,order_or_booking,train
U0306,61,3,2.0,2026-03-22 09:20:50,save,train
U0306,41,5,5.0,2026-03-22 09:25:55,order_or_booking,train
U0306,81,1,1.0,2026-03-22 09:26:49,click,train
U0306,102,4,3.0,2026-03-22 09:29:26,cart_add,train
U0306,60,1,1.0,2026-03-22 09:35:49,click,train
U0191,44,1,1.0,2026-03-22 14:05:42,click,train
U0191,63,1,1.0,2026-03-22 14:07:23,click,train
U0191,54,3,2.0,2026-03-22 14:08:54,save,train
U0191,82,1,1.0,2026-03-22 14:09:06,click,train
U0191,81,1,1.0,2026-03-22 14:09:11,click,train
U0191,33,4,3.0,2026-03-22 14:12:55,cart_add,train
U0191,52,3,2.0,2026-03-22 14:13:55,save,train
U0191,72,3,2.0,2026-03-22 14:14:13,save,train
U0191,55,1,1.0,2026-03-22 14:15:34,click,train
U0191,70,3,2.0,2026-03-22 14:19:39,save,train
U0191,66,3,2.0,2026-03-22 14:28:52,save,train
U0111,51,1,1.0,2026-03-22 16:19:19,click,train
U0001,39,1,1.0,2026-03-22 22:20:09,click,train
U0001,103,1,1.0,2026-03-22 22:21:43,click,train
U0001,30,1,1.0,2026-03-22 22:24:09,click,train
U0001,41,3,2.0,2026-03-22 22:28:00,save,train
U0001,68,5,5.0,2026-03-22 22:38:14,order_or_booking,train
U0058,40,3,2.0,2026-03-23 08:24:16,save,train
U0191,69,1,1.0,2026-03-23 08:24:36,click,train
U0191,76,1,1.0,2026-03-23 08:24:57,click,train
U0058,109,3,2.0,2026-03-23 08:30:53,save,train
U0191,39,1,1.0,2026-03-23 08:35:21,click,train
U0191,102,1,1.0,2026-03-23 08:35:44,click,train
U0058,97,3,2.0,2026-03-23 08:36:58,save,train
U0058,94,1,1.0,2026-03-23 08:41:55,click,train
U0191,101,3,2.0,2026-03-23 08:45:34,save,train
U0045,71,5,5.0,2026-03-23 08:51:03,order_or_booking,train
U0045,42,5,5.0,2026-03-23 08:55:51,order_or_booking,train
U0058,61,5,5.0,2026-03-23 08:56:07,order_or_booking,train
U0147,109,1,1.0,2026-03-23 09:03:28,click,train
U0058,63,5,5.0,2026-03-23 09:04:22,order_or_booking,train
U0147,104,1,1.0,2026-03-23 09:05:28,click,train
U0147,98,1,1.0,2026-03-23 09:09:15,click,train
U0034,90,3,2.0,2026-03-23 09:23:48,save,train
U0034,40,3,2.0,2026-03-23 09:25:50,save,train
U0034,87,1,1.0,2026-03-23 09:26:29,click,train
U0034,81,1,1.0,2026-03-23 09:26:58,click,train
U0034,67,1,1.0,2026-03-23 09:33:48,click,train
U0104,34,4,3.0,2026-03-23 09:49:53,cart_add,train
U0293,94,1,1.0,2026-03-23 10:12:19,click,train
U0293,100,3,2.0,2026-03-23 10:12:52,save,train
U0293,68,1,1.0,2026-03-23 10:15:02,click,train
U0293,95,1,1.0,2026-03-23 10:17:04,click,train
U0293,92,5,5.0,2026-03-23 11:00:06,order_or_booking,train
U0065,71,1,1.0,2026-03-23 12:04:04,click,train
U0254,91,1,1.0,2026-03-23 14:44:25,click,train
U0254,89,5,5.0,2026-03-23 15:03:06,order_or_booking,train
U0254,67,5,5.0,2026-03-23 15:19:12,order_or_booking,train
U0156,74,1,1.0,2026-03-23 16:55:26,click,train
U0156,52,5,5.0,2026-03-23 17:10:48,order_or_booking,train
U0156,82,5,5.0,2026-03-23 17:15:14,order_or_booking,train
U0054,47,1,1.0,2026-03-23 17:57:40,click,train
U0038,83,1,1.0,2026-03-23 19:35:56,click,train
U0038,75,3,2.0,2026-03-23 19:36:15,save,train
U0038,45,3,2.0,2026-03-23 19:37:47,save,train
U0195,108,5,5.0,2026-03-23 19:46:18,order_or_booking,train
U0038,103,5,5.0,2026-03-23 20:03:59,order_or_booking,train
U0193,107,3,2.0,2026-03-23 21:46:06,save,train
U0193,71,3,2.0,2026-03-23 21:46:10,save,train
U0193,68,1,1.0,2026-03-23 21:46:51,click,train
U0193,95,4,3.0,2026-03-23 21:48:30,cart_add,train
U0193,70,4,3.0,2026-03-23 21:51:27,cart_add,train
U0193,49,3,2.0,2026-03-23 21:52:40,save,train
U0193,85,1,1.0,2026-03-23 21:53:55,click,train
U0168,104,1,1.0,2026-03-23 22:22:23,click,train
U0168,91,1,1.0,2026-03-23 22:23:11,click,train
U0168,45,1,1.0,2026-03-23 22:24:25,click,train
U0058,84,1,1.0,2026-03-23 22:41:22,click,train
U0058,50,1,1.0,2026-03-23 22:42:20,click,train
U0058,52,1,1.0,2026-03-23 22:46:45,click,train
U0058,108,5,5.0,2026-03-23 23:29:39,order_or_booking,train
U0058,78,5,5.0,2026-03-23 23:35:10,order_or_booking,train
U0227,63,3,2.0,2026-03-24 08:40:16,save,train
U0227,73,3,2.0,2026-03-24 08:42:17,save,train
U0227,108,1,1.0,2026-03-24 08:49:26,click,train
U0265,38,1,1.0,2026-03-24 10:12:24,click,train
U0265,101,1,1.0,2026-03-24 10:14:04,click,train
U0265,102,1,1.0,2026-03-24 10:14:07,click,train
U0265,75,1,1.0,2026-03-24 10:15:05,click,train
U0265,69,3,2.0,2026-03-24 10:19:02,save,train
U0265,42,1,1.0,2026-03-24 10:21:04,click,train
U0265,64,5,5.0,2026-03-24 10:23:45,order_or_booking,train
U0313,31,1,1.0,2026-03-24 15:04:37,click,train
U0313,104,3,2.0,2026-03-24 15:05:42,save,train
U0313,67,3,2.0,2026-03-24 15:06:07,save,train
U0251,83,5,5.0,2026-03-24 17:00:29,order_or_booking,train
U0238,56,3,2.0,2026-03-24 17:36:30,save,train
U0238,48,1,1.0,2026-03-24 17:36:39,click,train
U0238,101,1,1.0,2026-03-24 17:40:55,click,train
U0238,78,5,5.0,2026-03-24 17:42:18,order_or_booking,train
U0290,103,1,1.0,2026-03-24 18:30:39,click,train
U0290,71,1,1.0,2026-03-24 18:35:29,click,train
U0287,71,4,3.0,2026-03-24 18:50:08,cart_add,train
U0090,40,1,1.0,2026-03-24 22:04:19,click,train
U0059,97,3,2.0,2026-03-24 22:49:47,save,train
U0059,70,4,3.0,2026-03-24 22:49:50,cart_add,train
U0059,72,1,1.0,2026-03-24 22:54:42,click,train
U0059,75,1,1.0,2026-03-24 22:55:59,click,train
U0059,106,1,1.0,2026-03-24 23:03:45,click,train
U0059,56,5,5.0,2026-03-24 23:16:20,order_or_booking,train
U0021,52,1,1.0,2026-03-25 08:21:23,click,train
U0021,36,1,1.0,2026-03-25 08:23:22,click,train
U0021,42,1,1.0,2026-03-25 08:25:12,click,train
U0021,71,5,5.0,2026-03-25 08:43:29,order_or_booking,train
U0067,62,3,2.0,2026-03-25 13:24:52,save,train
U0067,95,1,1.0,2026-03-25 13:25:09,click,train
U0067,81,1,1.0,2026-03-25 13:26:04,click,train
U0067,105,5,5.0,2026-03-25 13:32:05,order_or_booking,train
U0067,42,3,2.0,2026-03-25 13:32:53,save,train
U0065,30,1,1.0,2026-03-25 14:17:49,click,train
U0312,75,1,1.0,2026-03-25 17:03:27,click,train
U0312,72,1,1.0,2026-03-25 17:04:17,click,train
U0312,89,3,2.0,2026-03-25 17:05:20,save,train
U0312,62,1,1.0,2026-03-25 17:07:25,click,train
U0312,105,3,2.0,2026-03-25 17:09:13,save,train
U0312,73,1,1.0,2026-03-25 17:09:52,click,train
U0312,45,3,2.0,2026-03-25 17:11:55,save,train
U0290,50,1,1.0,2026-03-25 17:13:04,click,train
U0312,58,1,1.0,2026-03-25 17:16:11,click,train
U0312,100,3,2.0,2026-03-25 17:17:53,save,train
U0290,35,1,1.0,2026-03-25 17:21:43,click,train
U0312,31,3,2.0,2026-03-25 17:23:28,save,train
U0319,77,1,1.0,2026-03-25 18:35:38,click,train
U0319,100,5,5.0,2026-03-25 18:49:58,order_or_booking,train
U0148,97,1,1.0,2026-03-25 19:33:47,click,train
U0148,91,1,1.0,2026-03-25 19:35:37,click,train
U0185,73,3,2.0,2026-03-25 19:54:21,save,train
U0185,72,3,2.0,2026-03-25 19:55:46,save,train
U0185,44,3,2.0,2026-03-25 19:57:43,save,train
U0148,95,5,5.0,2026-03-25 20:00:41,order_or_booking,train
U0185,70,4,3.0,2026-03-25 20:13:50,cart_add,train
U0185,83,3,2.0,2026-03-25 20:13:52,save,train
U0212,49,3,2.0,2026-03-25 20:35:15,save,train
U0212,50,1,1.0,2026-03-25 20:36:17,click,train
U0212,83,3,2.0,2026-03-25 20:37:36,save,train
U0212,57,1,1.0,2026-03-25 20:42:26,click,train
U0212,90,1,1.0,2026-03-25 20:44:44,click,train
U0113,32,1,1.0,2026-03-25 21:46:26,click,train
U0113,43,1,1.0,2026-03-25 21:46:26,click,train
U0069,94,3,2.0,2026-03-25 22:28:29,save,train
U0289,77,1,1.0,2026-03-26 09:40:23,click,train
U0289,90,1,1.0,2026-03-26 09:40:53,click,train
U0289,98,4,3.0,2026-03-26 09:46:50,cart_add,train
U0028,85,1,1.0,2026-03-26 09:51:41,click,train
U0028,102,4,3.0,2026-03-26 09:54:27,cart_add,train
U0286,43,1,1.0,2026-03-26 10:27:48,click,train
U0286,47,1,1.0,2026-03-26 10:30:34,click,train
U0286,87,3,2.0,2026-03-26 10:34:26,save,train
U0016,54,4,3.0,2026-03-26 10:37:56,cart_add,train
U0016,42,3,2.0,2026-03-26 10:38:42,save,train
U0286,101,1,1.0,2026-03-26 10:41:44,click,train
U0193,77,1,1.0,2026-03-26 10:42:39,click,train
U0193,72,1,1.0,2026-03-26 10:43:01,click,train
U0193,84,1,1.0,2026-03-26 10:43:30,click,train
U0298,52,1,1.0,2026-03-26 10:49:42,click,train
U0298,54,3,2.0,2026-03-26 11:02:46,save,train
U0130,58,3,2.0,2026-03-26 11:18:21,save,train
U0130,49,4,3.0,2026-03-26 11:21:17,cart_add,train
U0130,104,5,5.0,2026-03-26 11:31:35,order_or_booking,train
U0130,77,5,5.0,2026-03-26 11:43:13,order_or_booking,train
U0145,101,1,1.0,2026-03-26 12:21:24,click,train
U0145,60,3,2.0,2026-03-26 12:22:29,save,train
U0145,90,3,2.0,2026-03-26 12:30:32,save,train
U0041,75,3,2.0,2026-03-26 14:14:18,save,train
U0123,72,3,2.0,2026-03-26 14:26:20,save,train
U0123,67,1,1.0,2026-03-26 14:37:09,click,train
U0293,43,1,1.0,2026-03-26 16:22:29,click,train
U0293,103,3,2.0,2026-03-26 16:23:50,save,train
U0293,90,1,1.0,2026-03-26 16:23:51,click,train
U0293,81,3,2.0,2026-03-26 16:24:53,save,train
U0293,56,3,2.0,2026-03-26 16:26:18,save,train
U0293,60,5,5.0,2026-03-26 16:34:47,order_or_booking,train
U0155,71,1,1.0,2026-03-26 16:47:15,click,train
U0155,106,1,1.0,2026-03-26 16:48:08,click,train
U0086,84,1,1.0,2026-03-26 17:28:15,click,train
U0086,82,1,1.0,2026-03-26 17:28:39,click,train
U0233,101,3,2.0,2026-03-26 18:35:15,save,train
U0233,79,3,2.0,2026-03-26 18:38:37,save,train
U0233,75,3,2.0,2026-03-26 18:41:39,save,train
U0233,86,1,1.0,2026-03-26 18:46:26,click,train
U0233,66,1,1.0,2026-03-26 19:00:06,click,train
U0233,108,5,5.0,2026-03-26 19:12:44,order_or_booking,train
U0233,89,5,5.0,2026-03-26 19:12:49,order_or_booking,train
U0233,103,5,5.0,2026-03-26 19:14:08,order_or_booking,train
U0233,61,5,5.0,2026-03-26 19:19:42,order_or_booking,train
U0326,102,1,1.0,2026-03-26 20:03:20,click,train
U0326,77,1,1.0,2026-03-26 20:04:41,click,train
U0326,34,1,1.0,2026-03-26 20:04:47,click,train
U0326,105,3,2.0,2026-03-26 20:06:16,save,train
U0326,100,5,5.0,2026-03-26 20:20:50,order_or_booking,train
U0189,51,1,1.0,2026-03-26 20:33:47,click,train
U0137,102,1,1.0,2026-03-26 21:34:10,click,train
U0137,75,3,2.0,2026-03-26 21:34:23,save,train
U0137,101,3,2.0,2026-03-26 22:02:16,save,train
U0183,30,3,2.0,2026-03-26 22:13:05,save,train
U0183,57,5,5.0,2026-03-26 22:16:29,order_or_booking,train
U0137,59,5,5.0,2026-03-26 22:24:46,order_or_booking,train
U0183,93,5,5.0,2026-03-26 22:32:17,order_or_booking,train
U0156,78,3,2.0,2026-03-26 22:46:38,save,train
U0239,71,1,1.0,2026-03-27 08:34:21,click,train
U0239,58,5,5.0,2026-03-27 08:45:29,order_or_booking,train
U0239,85,5,5.0,2026-03-27 08:46:45,order_or_booking,train
U0239,40,1,1.0,2026-03-27 08:47:33,click,train
U0239,66,5,5.0,2026-03-27 09:01:13,order_or_booking,train
U0212,91,1,1.0,2026-03-27 09:52:13,click,train
U0212,86,3,2.0,2026-03-27 09:53:57,save,train
U0212,66,5,5.0,2026-03-27 09:54:39,order_or_booking,train
U0212,82,1,1.0,2026-03-27 10:06:17,click,train
U0212,41,5,5.0,2026-03-27 10:08:11,order_or_booking,train
U0212,58,5,5.0,2026-03-27 10:19:43,order_or_booking,train
U0202,71,3,2.0,2026-03-27 10:25:57,save,train
U0328,68,3,2.0,2026-03-27 10:46:44,save,train
U0328,40,1,1.0,2026-03-27 10:50:32,click,train
U0328,36,3,2.0,2026-03-27 10:51:36,save,train
U0328,84,3,2.0,2026-03-27 10:51:57,save,train
U0328,31,1,1.0,2026-03-27 10:52:22,click,train
U0328,41,3,2.0,2026-03-27 10:52:26,save,train
U0328,49,5,5.0,2026-03-27 10:54:49,order_or_booking,train
U0328,97,3,2.0,2026-03-27 10:56:51,save,train
U0328,52,3,2.0,2026-03-27 11:00:39,save,train
U0328,85,1,1.0,2026-03-27 11:04:18,click,train
U0328,109,3,2.0,2026-03-27 11:04:21,save,train
U0328,87,5,5.0,2026-03-27 11:06:41,order_or_booking,train
U0255,58,3,2.0,2026-03-27 11:45:43,save,train
U0255,30,5,5.0,2026-03-27 11:56:53,order_or_booking,train
U0218,56,1,1.0,2026-03-27 15:09:07,click,train
U0218,79,5,5.0,2026-03-27 15:09:31,order_or_booking,train
U0024,54,1,1.0,2026-03-27 16:14:02,click,train
U0273,33,4,3.0,2026-03-27 16:47:12,cart_add,train
U0273,91,1,1.0,2026-03-27 16:47:28,click,train
U0273,76,1,1.0,2026-03-27 16:48:23,click,train
U0273,51,3,2.0,2026-03-27 16:49:53,save,train
U0273,45,4,3.0,2026-03-27 16:50:16,cart_add,train
U0273,43,1,1.0,2026-03-27 16:50:18,click,train
U0273,97,1,1.0,2026-03-27 16:50:39,click,train
U0273,44,3,2.0,2026-03-27 16:52:25,save,train
U0273,49,1,1.0,2026-03-27 16:52:43,click,train
U0273,41,1,1.0,2026-03-27 16:53:15,click,train
U0273,65,3,2.0,2026-03-27 17:09:01,save,train
U0276,53,1,1.0,2026-03-27 17:22:34,click,train
U0276,57,5,5.0,2026-03-27 17:35:54,order_or_booking,train
U0276,103,5,5.0,2026-03-27 17:42:28,order_or_booking,train
U0176,99,1,1.0,2026-03-27 18:35:25,click,train
U0176,90,1,1.0,2026-03-27 18:36:14,click,train
U0176,67,5,5.0,2026-03-27 18:57:14,order_or_booking,train
U0336,97,3,2.0,2026-03-27 21:06:56,save,train
U0336,61,1,1.0,2026-03-27 21:07:30,click,train
U0336,51,1,1.0,2026-03-27 21:09:35,click,train
U0336,73,1,1.0,2026-03-27 21:15:53,click,train
U0270,90,3,2.0,2026-03-27 21:17:42,save,train
U0270,47,4,3.0,2026-03-27 21:20:34,cart_add,train
U0270,105,4,3.0,2026-03-27 21:22:56,cart_add,train
U0336,46,1,1.0,2026-03-27 21:23:51,click,train
U0336,59,5,5.0,2026-03-27 21:34:30,order_or_booking,train
U0336,103,5,5.0,2026-03-27 21:38:44,order_or_booking,train
U0336,68,5,5.0,2026-03-27 21:50:26,order_or_booking,train
U0146,61,5,5.0,2026-03-27 22:25:40,order_or_booking,train
U0333,58,1,1.0,2026-03-28 09:54:20,click,train
U0333,37,1,1.0,2026-03-28 09:54:30,click,train
U0333,61,1,1.0,2026-03-28 09:55:21,click,train
U0333,55,1,1.0,2026-03-28 09:55:32,click,train
U0333,75,1,1.0,2026-03-28 10:01:45,click,train
U0333,77,3,2.0,2026-03-28 10:01:56,save,train
U0333,59,5,5.0,2026-03-28 10:29:47,order_or_booking,train
U0333,63,5,5.0,2026-03-28 10:38:27,order_or_booking,train
U0106,83,4,3.0,2026-03-28 10:40:03,cart_add,train
U0106,33,1,1.0,2026-03-28 10:42:20,click,train
U0106,106,1,1.0,2026-03-28 10:43:04,click,train
U0106,69,1,1.0,2026-03-28 10:43:26,click,train
U0106,104,3,2.0,2026-03-28 10:43:37,save,train
U0244,102,4,3.0,2026-03-28 12:14:57,cart_add,train
U0244,37,1,1.0,2026-03-28 12:15:17,click,train
U0244,109,5,5.0,2026-03-28 12:19:07,order_or_booking,train
U0244,106,1,1.0,2026-03-28 12:23:10,click,train
U0136,104,3,2.0,2026-03-28 15:06:29,save,train
U0136,54,1,1.0,2026-03-28 15:08:04,click,train
U0136,105,3,2.0,2026-03-28 15:09:27,save,train
U0136,81,1,1.0,2026-03-28 15:11:17,click,train
U0136,75,3,2.0,2026-03-28 15:12:36,save,train
U0314,74,5,5.0,2026-03-28 16:17:40,order_or_booking,train
U0238,83,3,2.0,2026-03-28 17:52:06,save,train
U0238,65,3,2.0,2026-03-28 17:53:56,save,train
U0238,82,1,1.0,2026-03-28 17:58:48,click,train
U0321,80,3,2.0,2026-03-28 19:45:51,save,train
U0321,72,1,1.0,2026-03-28 19:49:20,click,train
U0196,105,4,3.0,2026-03-28 20:20:39,cart_add,train
U0196,106,1,1.0,2026-03-28 20:25:58,click,train
U0179,55,4,3.0,2026-03-28 20:49:21,cart_add,train
U0179,49,3,2.0,2026-03-28 20:50:29,save,train
U0116,50,1,1.0,2026-03-28 21:08:14,click,train
U0116,89,1,1.0,2026-03-28 21:09:05,click,train
U0116,100,1,1.0,2026-03-28 21:10:47,click,train
U0116,49,3,2.0,2026-03-28 21:13:10,save,train
U0116,98,1,1.0,2026-03-28 21:14:08,click,train
U0116,33,4,3.0,2026-03-28 21:14:27,cart_add,train
U0127,107,3,2.0,2026-03-28 21:36:40,save,train
U0127,38,1,1.0,2026-03-28 21:38:17,click,train
U0127,87,1,1.0,2026-03-28 21:41:40,click,train
U0303,106,1,1.0,2026-03-28 22:18:13,click,train
U0303,41,4,3.0,2026-03-28 22:20:00,cart_add,train
U0038,66,5,5.0,2026-03-28 22:30:21,order_or_booking,train
U0108,52,3,2.0,2026-03-29 08:38:09,save,train
U0347,90,3,2.0,2026-03-29 08:40:22,save,train
U0347,73,1,1.0,2026-03-29 08:40:24,click,train
U0347,95,3,2.0,2026-03-29 08:42:23,save,train
U0347,94,1,1.0,2026-03-29 08:45:00,click,train
U0108,30,1,1.0,2026-03-29 08:47:28,click,train
U0108,68,1,1.0,2026-03-29 08:49:09,click,train
U0108,101,3,2.0,2026-03-29 08:49:10,save,train
U0108,84,5,5.0,2026-03-29 09:02:13,order_or_booking,train
U0059,90,4,3.0,2026-03-29 10:12:52,cart_add,train
U0059,77,1,1.0,2026-03-29 10:13:05,click,train
U0059,107,4,3.0,2026-03-29 10:14:09,cart_add,train
U0059,66,1,1.0,2026-03-29 10:15:50,click,train
U0344,87,1,1.0,2026-03-29 12:14:57,click,train
U0344,34,3,2.0,2026-03-29 12:20:32,save,train
U0014,83,1,1.0,2026-03-29 12:38:15,click,train
U0014,48,5,5.0,2026-03-29 12:59:03,order_or_booking,train
U0123,43,1,1.0,2026-03-29 13:04:30,click,train
U0123,83,3,2.0,2026-03-29 13:07:15,save,train
U0123,103,5,5.0,2026-03-29 13:21:35,order_or_booking,train
U0123,78,5,5.0,2026-03-29 13:31:42,order_or_booking,train
U0106,100,3,2.0,2026-03-29 13:37:01,save,train
U0123,60,5,5.0,2026-03-29 13:41:15,order_or_booking,train
U0336,42,1,1.0,2026-03-29 15:01:06,click,train
U0336,31,1,1.0,2026-03-29 15:04:26,click,train
U0336,84,3,2.0,2026-03-29 15:05:12,save,train
U0336,104,1,1.0,2026-03-29 15:05:34,click,train
U0336,33,5,5.0,2026-03-29 15:10:25,order_or_booking,train
U0336,69,5,5.0,2026-03-29 15:51:25,order_or_booking,train
U0118,50,1,1.0,2026-03-29 16:04:40,click,train
U0118,98,1,1.0,2026-03-29 16:05:16,click,train
U0118,67,1,1.0,2026-03-29 16:06:12,click,train
U0118,75,1,1.0,2026-03-29 16:07:15,click,train
U0177,71,1,1.0,2026-03-29 16:09:02,click,train
U0177,34,4,3.0,2026-03-29 16:15:25,cart_add,train
U0051,44,1,1.0,2026-03-29 17:16:05,click,train
U0051,34,1,1.0,2026-03-29 17:17:39,click,train
U0051,32,1,1.0,2026-03-29 17:19:38,click,train
U0176,87,1,1.0,2026-03-29 17:35:22,click,train
U0176,107,3,2.0,2026-03-29 17:36:39,save,train
U0176,84,3,2.0,2026-03-29 17:36:53,save,train
U0176,40,1,1.0,2026-03-29 17:37:53,click,train
U0176,71,1,1.0,2026-03-29 17:40:19,click,train
U0176,47,3,2.0,2026-03-29 17:41:08,save,train
U0176,96,5,5.0,2026-03-29 17:51:15,order_or_booking,train
U0176,98,5,5.0,2026-03-29 18:02:12,order_or_booking,train
U0054,86,1,1.0,2026-03-29 19:42:20,click,train
U0202,85,1,1.0,2026-03-29 19:42:23,click,train
U0202,50,3,2.0,2026-03-29 19:43:36,save,train
U0135,45,3,2.0,2026-03-29 19:47:24,save,train
U0135,44,1,1.0,2026-03-29 19:49:45,click,train
U0202,61,5,5.0,2026-03-29 19:51:17,order_or_booking,train
U0317,103,1,1.0,2026-03-29 20:55:06,click,train
U0317,67,1,1.0,2026-03-29 20:57:58,click,train
U0317,87,1,1.0,2026-03-29 20:59:17,click,train
U0317,102,1,1.0,2026-03-29 21:00:08,click,train
U0317,34,1,1.0,2026-03-29 21:00:20,click,train
U0261,38,3,2.0,2026-03-29 21:00:25,save,train
U0261,45,3,2.0,2026-03-29 21:01:26,save,train
U0261,76,1,1.0,2026-03-29 21:04:19,click,train
U0261,31,1,1.0,2026-03-29 21:07:35,click,train
U0261,33,4,3.0,2026-03-29 21:09:54,cart_add,train
U0317,62,5,5.0,2026-03-29 21:32:34,order_or_booking,train
U0317,88,5,5.0,2026-03-29 21:33:04,order_or_booking,train
U0317,79,5,5.0,2026-03-29 21:44:10,order_or_booking,train
U0047,42,1,1.0,2026-03-29 21:55:45,click,train
U0307,97,3,2.0,2026-03-29 21:55:47,save,train
U0307,75,1,1.0,2026-03-29 21:58:28,click,train
U0307,90,4,3.0,2026-03-29 21:59:58,cart_add,train
U0307,42,1,1.0,2026-03-29 22:00:31,click,train
U0307,76,3,2.0,2026-03-29 22:02:40,save,train
U0307,67,1,1.0,2026-03-29 22:07:52,click,train
U0181,77,3,2.0,2026-03-29 22:27:48,save,train
U0083,44,1,1.0,2026-03-30 08:24:51,click,train
U0083,59,5,5.0,2026-03-30 08:30:10,order_or_booking,train
U0083,56,1,1.0,2026-03-30 08:32:38,click,train
U0083,57,5,5.0,2026-03-30 08:56:43,order_or_booking,train
U0083,64,5,5.0,2026-03-30 08:59:52,order_or_booking,train
U0283,45,3,2.0,2026-03-30 11:29:08,save,train
U0283,107,1,1.0,2026-03-30 11:29:46,click,train
U0283,71,4,3.0,2026-03-30 11:33:06,cart_add,train
U0283,47,1,1.0,2026-03-30 11:33:35,click,train
U0066,98,1,1.0,2026-03-30 12:01:16,click,train
U0066,92,1,1.0,2026-03-30 12:02:02,click,train
U0265,94,1,1.0,2026-03-30 12:46:07,click,train
U0313,39,1,1.0,2026-03-30 13:53:56,click,train
U0313,83,1,1.0,2026-03-30 13:54:02,click,train
U0174,99,3,2.0,2026-03-30 13:57:02,save,train
U0174,102,3,2.0,2026-03-30 13:57:55,save,train
U0174,31,1,1.0,2026-03-30 13:58:21,click,train
U0174,51,1,1.0,2026-03-30 14:01:55,click,train
U0174,98,3,2.0,2026-03-30 14:02:03,save,train
U0174,67,5,5.0,2026-03-30 14:05:10,order_or_booking,train
U0174,107,3,2.0,2026-03-30 14:05:23,save,train
U0174,92,3,2.0,2026-03-30 14:07:30,save,train
U0257,36,3,2.0,2026-03-30 14:07:43,save,train
U0257,53,3,2.0,2026-03-30 14:08:38,save,train
U0257,34,3,2.0,2026-03-30 14:09:51,save,train
U0313,50,5,5.0,2026-03-30 14:10:54,order_or_booking,train
U0174,88,5,5.0,2026-03-30 14:14:24,order_or_booking,train
U0257,59,5,5.0,2026-03-30 14:15:20,order_or_booking,train
U0174,63,3,2.0,2026-03-30 14:16:04,save,train
U0174,48,1,1.0,2026-03-30 14:17:52,click,train
U0257,79,5,5.0,2026-03-30 14:21:41,order_or_booking,train
U0313,64,5,5.0,2026-03-30 14:31:44,order_or_booking,train
U0174,65,5,5.0,2026-03-30 14:33:16,order_or_booking,train
U0257,61,5,5.0,2026-03-30 14:38:17,order_or_booking,train
U0257,60,5,5.0,2026-03-30 14:56:19,order_or_booking,train
U0014,30,3,2.0,2026-03-30 15:48:10,save,train
U0229,54,4,3.0,2026-03-30 16:01:22,cart_add,train
U0229,52,3,2.0,2026-03-30 16:03:28,save,train
U0229,98,1,1.0,2026-03-30 16:03:29,click,train
U0014,49,5,5.0,2026-03-30 16:03:32,order_or_booking,train
U0229,31,1,1.0,2026-03-30 16:04:47,click,train
U0067,75,4,3.0,2026-03-30 16:13:05,cart_add,train
U0229,81,1,1.0,2026-03-30 16:15:32,click,train
U0229,72,5,5.0,2026-03-30 16:16:00,order_or_booking,train
U0229,45,1,1.0,2026-03-30 16:17:37,click,train
U0067,64,1,1.0,2026-03-30 16:17:57,click,train
U0229,56,3,2.0,2026-03-30 16:21:36,save,train
U0067,34,4,3.0,2026-03-30 16:23:24,cart_add,train
U0067,107,3,2.0,2026-03-30 16:24:49,save,train
U0067,48,5,5.0,2026-03-30 16:26:57,order_or_booking,train
U0229,57,1,1.0,2026-03-30 16:27:29,click,train
U0028,72,1,1.0,2026-03-30 17:48:01,click,train
U0028,70,4,3.0,2026-03-30 17:49:11,cart_add,train
U0130,100,3,2.0,2026-03-30 18:34:25,save,train
U0273,83,1,1.0,2026-03-30 18:34:35,click,train
U0130,53,1,1.0,2026-03-30 18:35:32,click,train
U0273,42,1,1.0,2026-03-30 18:37:22,click,train
U0130,91,1,1.0,2026-03-30 18:37:34,click,train
U0273,36,3,2.0,2026-03-30 18:39:14,save,train
U0130,90,4,3.0,2026-03-30 18:40:02,cart_add,train
U0273,98,3,2.0,2026-03-30 18:41:23,save,train
U0273,57,3,2.0,2026-03-30 18:42:07,save,train
U0273,103,1,1.0,2026-03-30 18:42:25,click,train
U0273,104,3,2.0,2026-03-30 18:42:45,save,train
U0273,72,1,1.0,2026-03-30 18:43:50,click,train
U0273,82,3,2.0,2026-03-30 18:45:02,save,train
U0130,43,5,5.0,2026-03-30 18:54:28,order_or_booking,train
U0307,86,1,1.0,2026-03-30 19:09:03,click,train
U0307,85,1,1.0,2026-03-30 19:12:27,click,train
U0307,96,1,1.0,2026-03-30 19:12:32,click,train
U0307,84,5,5.0,2026-03-30 19:28:32,order_or_booking,train
U0307,77,5,5.0,2026-03-30 19:34:39,order_or_booking,train
U0344,71,1,1.0,2026-03-30 20:22:08,click,train
U0344,95,4,3.0,2026-03-30 20:24:03,cart_add,train
U0344,84,1,1.0,2026-03-30 20:26:44,click,train
U0344,70,4,3.0,2026-03-30 20:26:46,cart_add,train
U0344,104,1,1.0,2026-03-30 20:27:21,click,train
U0231,32,4,3.0,2026-03-30 20:28:38,cart_add,train
U0344,78,5,5.0,2026-03-30 20:42:41,order_or_booking,train
U0010,49,3,2.0,2026-03-30 20:45:16,save,train
U0010,41,3,2.0,2026-03-30 20:46:41,save,train
U0010,86,3,2.0,2026-03-30 20:47:13,save,train
U0010,79,1,1.0,2026-03-30 20:48:42,click,train
U0010,33,1,1.0,2026-03-30 20:49:43,click,train
U0010,45,1,1.0,2026-03-30 20:51:05,click,train
U0010,92,3,2.0,2026-03-30 20:51:42,save,train
U0010,73,1,1.0,2026-03-30 20:55:11,click,train
U0010,104,5,5.0,2026-03-30 21:09:21,order_or_booking,train
U0048,48,3,2.0,2026-03-30 21:14:30,save,train
U0048,56,3,2.0,2026-03-30 21:14:33,save,train
U0048,35,1,1.0,2026-03-30 21:15:45,click,train
U0048,51,4,3.0,2026-03-30 21:17:30,cart_add,train
U0048,61,1,1.0,2026-03-30 21:19:44,click,train
U0048,50,1,1.0,2026-03-30 21:22:01,click,train
U0185,106,3,2.0,2026-03-30 21:22:40,save,train
U0185,36,1,1.0,2026-03-30 21:24:45,click,train
U0185,88,1,1.0,2026-03-30 21:25:44,click,train
U0048,70,1,1.0,2026-03-30 21:28:21,click,train
U0048,32,3,2.0,2026-03-30 21:31:30,save,train
U0048,79,1,1.0,2026-03-30 21:35:58,click,train
U0048,80,3,2.0,2026-03-30 21:39:02,save,train
U0048,30,3,2.0,2026-03-30 21:40:55,save,train
U0185,84,1,1.0,2026-03-30 21:42:34,click,train
U0185,55,5,5.0,2026-03-30 21:42:54,order_or_booking,train
U0188,82,1,1.0,2026-03-30 21:48:09,click,train
U0185,77,3,2.0,2026-03-30 21:48:49,save,train
U0188,35,1,1.0,2026-03-30 21:50:03,click,train
U0188,51,1,1.0,2026-03-30 21:51:03,click,train
U0048,57,5,5.0,2026-03-30 21:52:03,order_or_booking,train
U0185,42,5,5.0,2026-03-30 22:05:07,order_or_booking,train
U0200,51,1,1.0,2026-03-30 22:07:21,click,train
U0185,57,5,5.0,2026-03-30 22:10:22,order_or_booking,train
U0200,95,1,1.0,2026-03-30 22:12:56,click,train
U0203,59,1,1.0,2026-03-30 22:57:25,click,train
U0203,75,1,1.0,2026-03-30 23:00:59,click,train
U0203,73,3,2.0,2026-03-30 23:01:25,save,train
U0200,86,1,1.0,2026-03-31 09:24:54,click,train
U0200,83,1,1.0,2026-03-31 09:25:41,click,train
U0200,58,3,2.0,2026-03-31 09:29:59,save,train
U0142,101,1,1.0,2026-03-31 09:37:19,click,train
U0142,90,3,2.0,2026-03-31 09:38:29,save,train
U0142,100,3,2.0,2026-03-31 09:42:44,save,train
U0142,98,5,5.0,2026-03-31 09:55:07,order_or_booking,train
U0142,80,1,1.0,2026-03-31 09:57:40,click,train
U0142,31,5,5.0,2026-03-31 09:59:37,order_or_booking,train
U0202,47,1,1.0,2026-03-31 10:10:40,click,train
U0202,82,3,2.0,2026-03-31 10:15:37,save,train
U0109,100,5,5.0,2026-03-31 10:57:31,order_or_booking,train
U0284,42,1,1.0,2026-03-31 10:59:06,click,train
U0321,102,3,2.0,2026-03-31 11:34:28,save,train
U0321,97,1,1.0,2026-03-31 11:34:39,click,train
U0321,53,3,2.0,2026-03-31 11:36:58,save,train
U0321,50,1,1.0,2026-03-31 11:37:26,click,train
U0347,101,3,2.0,2026-03-31 12:00:09,save,train
U0347,39,1,1.0,2026-03-31 12:00:39,click,train
U0347,53,1,1.0,2026-03-31 12:04:14,click,train
U0299,95,1,1.0,2026-03-31 15:18:42,click,train
U0096,96,1,1.0,2026-03-31 16:00:25,click,train
U0096,100,1,1.0,2026-03-31 16:02:40,click,train
U0296,101,3,2.0,2026-03-31 20:10:42,save,train
U0296,102,1,1.0,2026-03-31 20:10:48,click,train
U0296,45,3,2.0,2026-03-31 20:12:07,save,train
U0109,86,3,2.0,2026-03-31 21:27:08,save,train
U0074,86,1,1.0,2026-03-31 22:09:15,click,train
U0074,72,1,1.0,2026-03-31 22:10:37,click,train
U0076,87,1,1.0,2026-04-01 08:30:11,click,test
U0069,76,1,1.0,2026-04-01 09:21:58,click,test
U0148,51,3,2.0,2026-04-01 09:31:18,save,test
U0148,48,5,5.0,2026-04-01 09:45:55,order_or_booking,test
U0069,90,3,2.0,2026-04-01 12:39:03,save,test
U0069,30,1,1.0,2026-04-01 12:39:28,click,test
U0123,47,1,1.0,2026-04-01 12:55:23,click,test
U0123,89,3,2.0,2026-04-01 12:56:48,save,test
U0123,39,1,1.0,2026-04-01 12:57:32,click,test
U0123,51,1,1.0,2026-04-01 12:58:01,click,test
U0123,87,4,3.0,2026-04-01 13:03:47,cart_add,test
U0123,59,5,5.0,2026-04-01 13:05:30,order_or_booking,test
U0123,69,5,5.0,2026-04-01 13:10:28,order_or_booking,test
U0210,80,3,2.0,2026-04-01 13:18:09,save,test
U0210,105,1,1.0,2026-04-01 13:20:43,click,test
U0123,75,5,5.0,2026-04-01 13:20:58,order_or_booking,test
U0210,106,3,2.0,2026-04-01 13:22:09,save,test
U0210,81,3,2.0,2026-04-01 13:23:17,save,test
U0123,100,5,5.0,2026-04-01 13:28:50,order_or_booking,test
U0210,69,1,1.0,2026-04-01 13:37:22,click,test
U0210,108,1,1.0,2026-04-01 13:38:51,click,test
U0210,59,5,5.0,2026-04-01 13:44:54,order_or_booking,test
U0210,58,5,5.0,2026-04-01 14:01:04,order_or_booking,test
U0083,102,4,3.0,2026-04-01 14:16:43,cart_add,test
U0083,85,1,1.0,2026-04-01 14:18:17,click,test
U0083,101,3,2.0,2026-04-01 14:31:37,save,test
U0083,69,5,5.0,2026-04-01 15:00:36,order_or_booking,test
U0244,104,1,1.0,2026-04-01 15:01:22,click,test
U0244,39,1,1.0,2026-04-01 15:06:46,click,test
U0025,43,3,2.0,2026-04-01 15:16:49,save,test
U0025,77,3,2.0,2026-04-01 15:17:34,save,test
U0025,52,4,3.0,2026-04-01 15:26:33,cart_add,test
U0025,98,4,3.0,2026-04-01 15:26:45,cart_add,test
U0269,104,3,2.0,2026-04-01 17:14:38,save,test
U0269,85,1,1.0,2026-04-01 17:16:27,click,test
U0180,103,1,1.0,2026-04-01 17:25:04,click,test
U0180,72,4,3.0,2026-04-01 17:25:43,cart_add,test
U0180,102,1,1.0,2026-04-01 17:28:40,click,test
U0180,51,1,1.0,2026-04-01 17:29:56,click,test
U0058,98,3,2.0,2026-04-01 17:57:35,save,test
U0058,101,1,1.0,2026-04-01 17:59:11,click,test
U0058,37,4,3.0,2026-04-01 18:01:17,cart_add,test
U0072,42,3,2.0,2026-04-01 18:19:20,save,test
U0072,77,1,1.0,2026-04-01 18:20:11,click,test
U0072,98,4,3.0,2026-04-01 18:22:18,cart_add,test
U0058,80,5,5.0,2026-04-01 18:22:39,order_or_booking,test
U0072,82,1,1.0,2026-04-01 18:25:15,click,test
U0072,74,1,1.0,2026-04-01 18:26:08,click,test
U0072,86,3,2.0,2026-04-01 18:27:45,save,test
U0072,85,3,2.0,2026-04-01 18:29:37,save,test
U0072,50,5,5.0,2026-04-01 18:33:13,order_or_booking,test
U0058,99,5,5.0,2026-04-01 18:33:59,order_or_booking,test
U0011,86,4,3.0,2026-04-01 18:38:04,cart_add,test
U0011,103,5,5.0,2026-04-01 18:45:26,order_or_booking,test
U0011,53,5,5.0,2026-04-01 18:55:22,order_or_booking,test
U0028,37,1,1.0,2026-04-01 19:07:11,click,test
U0028,91,3,2.0,2026-04-01 19:08:03,save,test
U0028,35,1,1.0,2026-04-01 19:08:20,click,test
U0323,71,1,1.0,2026-04-01 19:10:19,click,test
U0028,87,5,5.0,2026-04-01 19:13:04,order_or_booking,test
U0011,68,5,5.0,2026-04-01 19:13:31,order_or_booking,test
U0011,65,5,5.0,2026-04-01 19:14:53,order_or_booking,test
U0028,50,1,1.0,2026-04-01 19:15:17,click,test
U0055,30,1,1.0,2026-04-01 19:17:24,click,test
U0055,68,1,1.0,2026-04-01 19:17:33,click,test
U0039,107,1,1.0,2026-04-01 19:17:56,click,test
U0039,71,1,1.0,2026-04-01 19:19:21,click,test
U0043,48,1,1.0,2026-04-01 19:22:39,click,test
U0043,106,1,1.0,2026-04-01 19:23:10,click,test
U0028,108,3,2.0,2026-04-01 19:23:17,save,test
U0055,45,1,1.0,2026-04-01 19:25:31,click,test
U0055,41,5,5.0,2026-04-01 19:25:33,order_or_booking,test
U0055,42,1,1.0,2026-04-01 19:30:21,click,test
U0039,50,5,5.0,2026-04-01 19:31:21,order_or_booking,test
U0028,34,5,5.0,2026-04-01 19:32:40,order_or_booking,test
U0120,32,1,1.0,2026-04-01 19:33:38,click,test
U0055,84,5,5.0,2026-04-01 19:34:46,order_or_booking,test
U0120,30,4,3.0,2026-04-01 19:38:42,cart_add,test
U0120,72,3,2.0,2026-04-01 19:40:39,save,test
U0055,31,5,5.0,2026-04-01 19:43:27,order_or_booking,test
U0043,79,5,5.0,2026-04-01 19:45:11,order_or_booking,test
U0055,79,5,5.0,2026-04-01 19:48:22,order_or_booking,test
U0039,30,5,5.0,2026-04-01 19:52:53,order_or_booking,test
U0120,41,5,5.0,2026-04-01 19:53:53,order_or_booking,test
U0120,84,5,5.0,2026-04-01 19:56:55,order_or_booking,test
U0005,31,1,1.0,2026-04-01 20:07:31,click,test
U0068,51,3,2.0,2026-04-01 20:09:30,save,test
U0005,86,1,1.0,2026-04-01 20:09:50,click,test
U0005,87,1,1.0,2026-04-01 20:10:55,click,test
U0068,48,1,1.0,2026-04-01 20:14:07,click,test
U0273,37,1,1.0,2026-04-01 20:24:21,click,test
U0273,92,3,2.0,2026-04-01 20:25:42,save,test
U0273,94,1,1.0,2026-04-01 20:28:49,click,test
U0068,31,5,5.0,2026-04-01 20:29:15,order_or_booking,test
U0273,87,4,3.0,2026-04-01 20:31:35,cart_add,test
U0273,81,4,3.0,2026-04-01 20:32:08,cart_add,test
U0273,106,1,1.0,2026-04-01 20:34:08,click,test
U0273,62,1,1.0,2026-04-01 20:34:49,click,test
U0068,91,5,5.0,2026-04-01 20:35:13,order_or_booking,test
U0273,74,3,2.0,2026-04-01 20:36:52,save,test
U0313,89,1,1.0,2026-04-01 20:39:08,click,test
U0106,71,1,1.0,2026-04-01 21:24:43,click,test
U0239,57,1,1.0,2026-04-02 08:18:16,click,test
U0239,63,3,2.0,2026-04-02 08:20:02,save,test
U0239,33,1,1.0,2026-04-02 08:22:29,click,test
U0239,108,1,1.0,2026-04-02 08:22:37,click,test
U0239,70,1,1.0,2026-04-02 08:24:32,click,test
U0315,59,1,1.0,2026-04-02 08:25:34,click,test
U0315,54,1,1.0,2026-04-02 08:29:06,click,test
U0315,94,3,2.0,2026-04-02 08:29:57,save,test
U0315,69,5,5.0,2026-04-02 08:31:04,order_or_booking,test
U0315,43,1,1.0,2026-04-02 08:31:23,click,test
U0239,94,3,2.0,2026-04-02 08:34:22,save,test
U0312,32,1,1.0,2026-04-02 08:35:08,click,test
U0312,76,3,2.0,2026-04-02 08:36:03,save,test
U0312,46,1,1.0,2026-04-02 08:36:12,click,test
U0312,66,3,2.0,2026-04-02 08:36:38,save,test
U0315,98,1,1.0,2026-04-02 08:39:13,click,test
U0312,86,3,2.0,2026-04-02 08:43:13,save,test
U0312,97,3,2.0,2026-04-02 08:44:26,save,test
U0315,62,1,1.0,2026-04-02 08:45:05,click,test
U0312,64,1,1.0,2026-04-02 08:52:37,click,test
U0312,47,1,1.0,2026-04-02 08:53:13,click,test
U0315,85,5,5.0,2026-04-02 09:05:20,order_or_booking,test
U0061,38,4,3.0,2026-04-02 09:15:52,cart_add,test
U0269,32,4,3.0,2026-04-02 09:17:02,cart_add,test
U0269,30,1,1.0,2026-04-02 09:17:59,click,test
U0061,39,1,1.0,2026-04-02 09:21:35,click,test
U0179,40,1,1.0,2026-04-02 11:24:13,click,test
U0179,102,1,1.0,2026-04-02 11:31:39,click,test
U0083,62,1,1.0,2026-04-02 12:00:05,click,test
U0083,55,3,2.0,2026-04-02 12:02:50,save,test
U0083,87,1,1.0,2026-04-02 12:03:19,click,test
U0083,95,3,2.0,2026-04-02 12:03:35,save,test
U0083,51,3,2.0,2026-04-02 12:03:42,save,test
U0083,81,1,1.0,2026-04-02 12:07:43,click,test
U0083,108,3,2.0,2026-04-02 12:11:52,save,test
U0083,67,1,1.0,2026-04-02 12:12:06,click,test
U0083,83,1,1.0,2026-04-02 12:12:35,click,test
U0083,35,1,1.0,2026-04-02 12:17:26,click,test
U0083,89,5,5.0,2026-04-02 12:49:28,order_or_booking,test
U0083,61,5,5.0,2026-04-02 12:55:26,order_or_booking,test
U0009,93,1,1.0,2026-04-02 13:01:00,click,test
U0009,96,3,2.0,2026-04-02 13:02:40,save,test
U0009,105,1,1.0,2026-04-02 13:05:01,click,test
U0009,75,3,2.0,2026-04-02 13:05:29,save,test
U0083,92,5,5.0,2026-04-02 13:10:31,order_or_booking,test
U0009,69,1,1.0,2026-04-02 13:13:15,click,test
U0009,63,5,5.0,2026-04-02 13:26:09,order_or_booking,test
U0009,88,5,5.0,2026-04-02 13:35:17,order_or_booking,test
U0159,81,1,1.0,2026-04-02 13:38:41,click,test
U0159,59,3,2.0,2026-04-02 13:38:57,save,test
U0159,60,3,2.0,2026-04-02 13:40:59,save,test
U0159,40,3,2.0,2026-04-02 13:42:14,save,test
U0159,86,4,3.0,2026-04-02 13:51:22,cart_add,test
U0172,58,3,2.0,2026-04-02 13:53:26,save,test
U0111,98,1,1.0,2026-04-02 13:54:21,click,test
U0172,42,3,2.0,2026-04-02 13:55:06,save,test
U0172,45,3,2.0,2026-04-02 13:57:35,save,test
U0172,85,5,5.0,2026-04-02 14:40:12,order_or_booking,test
U0059,104,4,3.0,2026-04-02 14:55:51,cart_add,test
U0059,40,4,3.0,2026-04-02 15:02:56,cart_add,test
U0059,78,3,2.0,2026-04-02 15:03:07,save,test
U0062,43,1,1.0,2026-04-02 15:10:20,click,test
U0062,88,3,2.0,2026-04-02 15:12:40,save,test
U0062,107,3,2.0,2026-04-02 15:15:19,save,test
U0062,72,1,1.0,2026-04-02 15:23:39,click,test
U0062,63,5,5.0,2026-04-02 15:24:24,order_or_booking,test
U0014,42,3,2.0,2026-04-02 15:33:00,save,test
U0014,56,1,1.0,2026-04-02 15:34:47,click,test
U0014,74,5,5.0,2026-04-02 15:48:22,order_or_booking,test
U0070,94,3,2.0,2026-04-02 15:55:56,save,test
U0014,76,5,5.0,2026-04-02 15:57:17,order_or_booking,test
U0070,73,3,2.0,2026-04-02 15:58:44,save,test
U0070,86,4,3.0,2026-04-02 16:03:52,cart_add,test
U0280,71,1,1.0,2026-04-02 16:06:23,click,test
U0280,98,3,2.0,2026-04-02 16:07:11,save,test
U0280,73,1,1.0,2026-04-02 16:09:36,click,test
U0130,34,3,2.0,2026-04-02 16:09:55,save,test
U0130,40,1,1.0,2026-04-02 16:10:38,click,test
U0070,49,3,2.0,2026-04-02 16:12:02,save,test
U0070,30,5,5.0,2026-04-02 16:12:06,order_or_booking,test
U0280,78,1,1.0,2026-04-02 16:12:23,click,test
U0130,102,3,2.0,2026-04-02 16:13:14,save,test
U0280,83,1,1.0,2026-04-02 16:14:10,click,test
U0130,83,3,2.0,2026-04-02 16:21:18,save,test
U0280,58,5,5.0,2026-04-02 16:25:35,order_or_booking,test
U0068,74,3,2.0,2026-04-02 20:29:58,save,test
U0002,100,1,1.0,2026-04-02 20:44:38,click,test
U0002,45,4,3.0,2026-04-02 20:49:59,cart_add,test
U0030,92,1,1.0,2026-04-02 22:04:33,click,test
U0030,48,1,1.0,2026-04-02 22:05:04,click,test
U0030,58,5,5.0,2026-04-02 22:07:05,order_or_booking,test
U0301,56,4,3.0,2026-04-02 22:46:56,cart_add,test
U0301,50,3,2.0,2026-04-02 22:48:08,save,test
U0301,79,1,1.0,2026-04-02 22:48:46,click,test
U0149,66,1,1.0,2026-04-03 08:09:45,click,test
U0149,103,3,2.0,2026-04-03 08:10:11,save,test
U0292,76,1,1.0,2026-04-03 08:16:17,click,test
U0292,94,1,1.0,2026-04-03 08:28:43,click,test
U0292,71,5,5.0,2026-04-03 08:35:55,order_or_booking,test
U0292,89,5,5.0,2026-04-03 08:42:22,order_or_booking,test
U0162,46,1,1.0,2026-04-03 08:48:07,click,test
U0292,44,5,5.0,2026-04-03 08:51:05,order_or_booking,test
U0170,85,1,1.0,2026-04-03 09:04:19,click,test
U0170,77,3,2.0,2026-04-03 09:04:27,save,test
U0170,53,3,2.0,2026-04-03 09:04:53,save,test
U0170,90,4,3.0,2026-04-03 09:08:40,cart_add,test
U0170,40,4,3.0,2026-04-03 09:11:35,cart_add,test
U0170,32,3,2.0,2026-04-03 09:16:14,save,test
U0267,66,1,1.0,2026-04-03 11:15:18,click,test
U0267,107,3,2.0,2026-04-03 11:22:09,save,test
U0267,98,5,5.0,2026-04-03 11:26:13,order_or_booking,test
U0267,79,5,5.0,2026-04-03 11:34:31,order_or_booking,test
U0267,84,1,1.0,2026-04-03 11:37:50,click,test
U0267,85,5,5.0,2026-04-03 11:42:55,order_or_booking,test
U0154,45,1,1.0,2026-04-03 12:18:09,click,test
U0154,56,5,5.0,2026-04-03 12:28:15,order_or_booking,test
U0204,74,3,2.0,2026-04-03 12:29:26,save,test
U0107,73,1,1.0,2026-04-03 12:33:32,click,test
U0107,56,4,3.0,2026-04-03 12:36:11,cart_add,test
U0140,75,3,2.0,2026-04-03 12:46:06,save,test
U0140,40,4,3.0,2026-04-03 12:47:23,cart_add,test
U0140,91,4,3.0,2026-04-03 12:49:48,cart_add,test
U0140,107,3,2.0,2026-04-03 12:51:02,save,test
U0107,102,3,2.0,2026-04-03 12:51:20,save,test
U0107,43,3,2.0,2026-04-03 12:52:00,save,test
U0074,73,1,1.0,2026-04-03 12:55:17,click,test
U0074,75,3,2.0,2026-04-03 12:56:14,save,test
U0067,99,1,1.0,2026-04-03 12:56:49,click,test
U0067,96,1,1.0,2026-04-03 12:57:11,click,test
U0067,77,1,1.0,2026-04-03 12:57:32,click,test
U0074,101,1,1.0,2026-04-03 12:58:08,click,test
U0067,104,1,1.0,2026-04-03 12:58:14,click,test
U0074,74,1,1.0,2026-04-03 12:58:41,click,test
U0067,49,1,1.0,2026-04-03 13:00:16,click,test
U0074,52,1,1.0,2026-04-03 13:01:18,click,test
U0067,108,3,2.0,2026-04-03 13:04:23,save,test
U0140,31,5,5.0,2026-04-03 13:09:44,order_or_booking,test
U0067,103,1,1.0,2026-04-03 13:09:55,click,test
U0225,70,1,1.0,2026-04-03 13:10:37,click,test
U0225,104,4,3.0,2026-04-03 13:19:10,cart_add,test
U0028,51,1,1.0,2026-04-03 13:56:25,click,test
U0028,99,1,1.0,2026-04-03 13:58:02,click,test
U0028,43,1,1.0,2026-04-03 13:58:07,click,test
U0277,35,4,3.0,2026-04-03 15:26:03,cart_add,test
U0029,105,3,2.0,2026-04-03 16:17:07,save,test
U0029,102,3,2.0,2026-04-03 16:18:54,save,test
U0029,34,5,5.0,2026-04-03 16:40:50,order_or_booking,test
U0255,46,3,2.0,2026-04-03 17:20:36,save,test
U0255,40,3,2.0,2026-04-03 17:23:35,save,test
U0255,80,5,5.0,2026-04-03 17:24:39,order_or_booking,test
U0255,99,5,5.0,2026-04-03 17:29:59,order_or_booking,test
U0046,51,3,2.0,2026-04-03 18:23:18,save,test
U0046,40,1,1.0,2026-04-03 18:24:58,click,test
U0273,84,1,1.0,2026-04-03 19:00:50,click,test
U0273,88,3,2.0,2026-04-03 19:01:31,save,test
U0273,47,1,1.0,2026-04-03 19:01:36,click,test
U0273,73,5,5.0,2026-04-03 19:03:41,order_or_booking,test
U0350,50,3,2.0,2026-04-03 19:24:06,save,test
U0350,107,1,1.0,2026-04-03 19:25:01,click,test
U0350,30,4,3.0,2026-04-03 19:28:23,cart_add,test
U0350,57,1,1.0,2026-04-03 19:34:13,click,test
U0350,49,3,2.0,2026-04-03 19:36:29,save,test
U0350,105,1,1.0,2026-04-03 19:38:09,click,test
U0022,81,1,1.0,2026-04-03 20:03:49,click,test
U0022,85,1,1.0,2026-04-03 20:07:09,click,test
U0022,102,1,1.0,2026-04-03 20:13:56,click,test
U0022,101,5,5.0,2026-04-03 20:23:13,order_or_booking,test
U0225,39,1,1.0,2026-04-03 20:24:59,click,test
U0225,57,1,1.0,2026-04-03 20:26:34,click,test
U0141,102,1,1.0,2026-04-03 20:42:07,click,test
U0036,90,3,2.0,2026-04-03 22:21:16,save,test
U0036,79,1,1.0,2026-04-03 22:27:06,click,test
U0036,57,3,2.0,2026-04-03 22:29:41,save,test
U0036,68,3,2.0,2026-04-03 22:31:15,save,test
U0036,92,5,5.0,2026-04-03 22:46:44,order_or_booking,test
U0036,80,5,5.0,2026-04-03 22:58:09,order_or_booking,test
U0197,103,1,1.0,2026-04-04 08:48:42,click,test
U0197,31,1,1.0,2026-04-04 08:49:22,click,test
U0197,69,3,2.0,2026-04-04 08:51:18,save,test
U0197,87,3,2.0,2026-04-04 08:53:24,save,test
U0197,71,4,3.0,2026-04-04 08:58:57,cart_add,test
U0197,76,5,5.0,2026-04-04 09:32:03,order_or_booking,test
U0222,79,1,1.0,2026-04-04 10:03:16,click,test
U0295,58,5,5.0,2026-04-04 11:46:47,order_or_booking,test
U0275,62,1,1.0,2026-04-04 12:29:42,click,test
U0144,90,4,3.0,2026-04-04 13:10:55,cart_add,test
U0144,46,3,2.0,2026-04-04 13:10:55,save,test
U0144,66,5,5.0,2026-04-04 13:12:46,order_or_booking,test
U0144,51,3,2.0,2026-04-04 13:17:51,save,test
U0236,75,3,2.0,2026-04-04 13:45:21,save,test
U0034,41,1,1.0,2026-04-04 14:12:24,click,test
U0034,89,1,1.0,2026-04-04 14:14:13,click,test
U0034,88,1,1.0,2026-04-04 14:16:13,click,test
U0034,76,3,2.0,2026-04-04 14:18:37,save,test
U0034,31,1,1.0,2026-04-04 14:20:38,click,test
U0034,53,1,1.0,2026-04-04 14:25:34,click,test
U0034,84,1,1.0,2026-04-04 14:32:47,click,test
U0034,98,5,5.0,2026-04-04 14:47:03,order_or_booking,test
U0115,57,1,1.0,2026-04-04 15:03:58,click,test
U0115,77,3,2.0,2026-04-04 15:06:39,save,test
U0115,37,1,1.0,2026-04-04 15:07:20,click,test
U0115,46,1,1.0,2026-04-04 15:07:53,click,test
U0115,41,3,2.0,2026-04-04 15:11:39,save,test
U0115,54,3,2.0,2026-04-04 15:14:09,save,test
U0115,108,5,5.0,2026-04-04 15:24:14,order_or_booking,test
U0115,68,5,5.0,2026-04-04 15:30:11,order_or_booking,test
U0115,47,1,1.0,2026-04-04 15:32:03,click,test
U0115,93,5,5.0,2026-04-04 15:42:19,order_or_booking,test
U0026,44,1,1.0,2026-04-04 16:04:39,click,test
U0026,64,5,5.0,2026-04-04 16:10:22,order_or_booking,test
U0026,60,5,5.0,2026-04-04 16:16:44,order_or_booking,test
U0026,93,5,5.0,2026-04-04 16:25:49,order_or_booking,test
U0156,84,1,1.0,2026-04-04 19:25:28,click,test
U0036,67,1,1.0,2026-04-04 20:22:13,click,test
U0036,98,1,1.0,2026-04-04 20:23:08,click,test
U0036,46,1,1.0,2026-04-04 20:24:26,click,test
U0036,102,1,1.0,2026-04-04 20:26:56,click,test
U0036,51,3,2.0,2026-04-04 20:27:45,save,test
U0036,105,3,2.0,2026-04-04 20:40:07,save,test
U0036,88,3,2.0,2026-04-04 20:40:11,save,test
U0036,70,5,5.0,2026-04-04 20:41:01,order_or_booking,test
U0036,69,5,5.0,2026-04-04 20:51:06,order_or_booking,test
U0036,59,5,5.0,2026-04-04 20:58:38,order_or_booking,test
U0064,40,4,3.0,2026-04-04 21:13:28,cart_add,test
U0064,78,3,2.0,2026-04-04 21:13:36,save,test
U0064,47,3,2.0,2026-04-04 21:14:20,save,test
U0064,44,3,2.0,2026-04-04 21:14:42,save,test
U0064,51,3,2.0,2026-04-04 21:16:28,save,test
U0064,48,1,1.0,2026-04-04 21:17:29,click,test
U0302,44,1,1.0,2026-04-04 21:35:38,click,test
U0302,54,1,1.0,2026-04-04 21:38:12,click,test
U0302,66,5,5.0,2026-04-04 21:53:51,order_or_booking,test
U0044,98,1,1.0,2026-04-04 22:28:55,click,test
U0044,74,3,2.0,2026-04-04 22:29:12,save,test
U0242,52,3,2.0,2026-04-04 22:32:26,save,test
U0242,75,1,1.0,2026-04-04 22:34:53,click,test
U0044,92,5,5.0,2026-04-04 22:46:32,order_or_booking,test
U0102,96,4,3.0,2026-04-05 08:10:42,cart_add,test
U0019,103,1,1.0,2026-04-05 08:30:15,click,test
U0019,73,1,1.0,2026-04-05 08:32:57,click,test
U0019,78,1,1.0,2026-04-05 08:40:39,click,test
U0019,107,1,1.0,2026-04-05 08:41:07,click,test
U0019,33,3,2.0,2026-04-05 08:42:57,save,test
U0019,88,5,5.0,2026-04-05 09:00:06,order_or_booking,test
U0023,83,1,1.0,2026-04-05 09:42:05,click,test
U0023,91,1,1.0,2026-04-05 09:43:06,click,test
U0023,102,4,3.0,2026-04-05 09:46:18,cart_add,test
U0023,44,5,5.0,2026-04-05 10:08:44,order_or_booking,test
U0225,95,1,1.0,2026-04-05 10:39:20,click,test
U0225,93,5,5.0,2026-04-05 10:51:21,order_or_booking,test
U0225,62,5,5.0,2026-04-05 10:53:35,order_or_booking,test
U0214,83,4,3.0,2026-04-05 11:04:19,cart_add,test
U0214,63,3,2.0,2026-04-05 11:04:52,save,test
U0214,38,3,2.0,2026-04-05 11:06:16,save,test
U0214,84,1,1.0,2026-04-05 11:08:19,click,test
U0214,43,1,1.0,2026-04-05 11:10:28,click,test
U0214,73,4,3.0,2026-04-05 11:14:40,cart_add,test
U0214,35,1,1.0,2026-04-05 11:14:55,click,test
U0214,71,3,2.0,2026-04-05 11:15:01,save,test
U0214,36,1,1.0,2026-04-05 11:15:27,click,test
U0214,78,5,5.0,2026-04-05 11:19:00,order_or_booking,test
U0214,59,3,2.0,2026-04-05 11:26:18,save,test
U0127,49,1,1.0,2026-04-05 11:58:52,click,test
U0127,74,5,5.0,2026-04-05 12:13:48,order_or_booking,test
U0127,51,5,5.0,2026-04-05 12:19:21,order_or_booking,test
U0222,64,1,1.0,2026-04-05 12:26:07,click,test
U0219,104,1,1.0,2026-04-05 12:58:04,click,test
U0219,39,1,1.0,2026-04-05 12:58:40,click,test
U0219,76,1,1.0,2026-04-05 12:59:03,click,test
U0219,46,1,1.0,2026-04-05 13:03:17,click,test
U0219,49,5,5.0,2026-04-05 13:08:53,order_or_booking,test
U0219,50,5,5.0,2026-04-05 13:16:58,order_or_booking,test
U0068,77,1,1.0,2026-04-05 13:49:22,click,test
U0068,49,3,2.0,2026-04-05 13:51:26,save,test
U0068,55,1,1.0,2026-04-05 13:59:05,click,test
U0068,60,3,2.0,2026-04-05 14:01:49,save,test
U0092,32,4,3.0,2026-04-05 15:50:43,cart_add,test
U0092,109,3,2.0,2026-04-05 15:51:04,save,test
U0092,34,1,1.0,2026-04-05 15:54:52,click,test
U0092,51,1,1.0,2026-04-05 15:56:54,click,test
U0209,74,4,3.0,2026-04-05 16:36:52,cart_add,test
U0158,71,1,1.0,2026-04-05 17:26:05,click,test
U0158,46,1,1.0,2026-04-05 17:31:23,click,test
U0194,94,3,2.0,2026-04-05 17:44:43,save,test
U0013,78,1,1.0,2026-04-05 18:02:27,click,test
U0013,31,1,1.0,2026-04-05 18:02:44,click,test
U0013,81,3,2.0,2026-04-05 18:02:59,save,test
U0194,106,5,5.0,2026-04-05 18:05:26,order_or_booking,test
U0013,49,1,1.0,2026-04-05 18:05:33,click,test
U0167,83,3,2.0,2026-04-05 18:14:17,save,test
U0167,53,1,1.0,2026-04-05 18:15:57,click,test
U0167,98,1,1.0,2026-04-05 18:22:23,click,test
U0013,60,5,5.0,2026-04-05 18:52:38,order_or_booking,test
U0057,101,1,1.0,2026-04-05 18:56:48,click,test
U0057,109,3,2.0,2026-04-05 18:59:04,save,test
U0057,47,1,1.0,2026-04-05 19:02:20,click,test
U0057,71,5,5.0,2026-04-05 19:03:32,order_or_booking,test
U0161,43,1,1.0,2026-04-05 19:24:05,click,test
U0161,83,3,2.0,2026-04-05 19:29:45,save,test
U0161,42,3,2.0,2026-04-05 19:36:48,save,test
U0264,98,1,1.0,2026-04-05 20:09:17,click,test
U0264,97,3,2.0,2026-04-05 20:12:06,save,test
U0264,49,3,2.0,2026-04-05 20:15:16,save,test
U0280,90,4,3.0,2026-04-05 20:58:50,cart_add,test
U0280,35,3,2.0,2026-04-05 20:59:53,save,test
U0280,65,1,1.0,2026-04-05 21:00:41,click,test
U0223,100,1,1.0,2026-04-05 22:47:36,click,test
U0247,76,1,1.0,2026-04-06 08:00:21,click,test
U0247,83,1,1.0,2026-04-06 08:00:36,click,test
U0247,71,1,1.0,2026-04-06 08:00:55,click,test
U0247,79,1,1.0,2026-04-06 08:02:46,click,test
U0247,61,3,2.0,2026-04-06 08:05:44,save,test
U0247,41,1,1.0,2026-04-06 08:09:41,click,test
U0129,89,1,1.0,2026-04-06 08:15:05,click,test
U0129,73,4,3.0,2026-04-06 08:16:14,cart_add,test
U0129,102,3,2.0,2026-04-06 08:16:17,save,test
U0129,32,1,1.0,2026-04-06 08:17:49,click,test
U0025,41,1,1.0,2026-04-06 08:23:15,click,test
U0129,59,3,2.0,2026-04-06 08:23:58,save,test
U0247,67,1,1.0,2026-04-06 08:24:03,click,test
U0025,109,1,1.0,2026-04-06 08:26:50,click,test
U0129,109,5,5.0,2026-04-06 08:28:01,order_or_booking,test
U0025,47,3,2.0,2026-04-06 08:30:23,save,test
U0025,95,3,2.0,2026-04-06 08:31:33,save,test
U0129,67,5,5.0,2026-04-06 09:02:02,order_or_booking,test
U0007,87,1,1.0,2026-04-06 09:27:45,click,test
U0007,42,1,1.0,2026-04-06 09:28:45,click,test
U0007,61,1,1.0,2026-04-06 09:33:35,click,test
U0013,47,1,1.0,2026-04-06 10:07:15,click,test
U0013,84,5,5.0,2026-04-06 10:14:04,order_or_booking,test
U0013,72,1,1.0,2026-04-06 10:25:06,click,test
U0284,94,4,3.0,2026-04-06 10:45:39,cart_add,test
U0284,54,3,2.0,2026-04-06 10:46:36,save,test
U0284,59,1,1.0,2026-04-06 10:49:04,click,test
U0284,90,3,2.0,2026-04-06 10:54:14,save,test
U0284,77,5,5.0,2026-04-06 11:00:31,order_or_booking,test
U0030,43,1,1.0,2026-04-06 11:01:28,click,test
U0030,37,4,3.0,2026-04-06 11:05:45,cart_add,test
U0030,55,4,3.0,2026-04-06 11:06:14,cart_add,test
U0030,41,1,1.0,2026-04-06 11:06:42,click,test
U0030,78,5,5.0,2026-04-06 11:10:06,order_or_booking,test
U0030,72,5,5.0,2026-04-06 11:28:04,order_or_booking,test
U0166,58,3,2.0,2026-04-06 12:20:09,save,test
U0166,84,1,1.0,2026-04-06 12:23:20,click,test
U0166,45,1,1.0,2026-04-06 12:26:05,click,test
U0166,68,3,2.0,2026-04-06 12:26:17,save,test
U0166,80,1,1.0,2026-04-06 12:29:58,click,test
U0161,85,1,1.0,2026-04-06 13:15:12,click,test
U0110,44,1,1.0,2026-04-06 13:15:21,click,test
U0161,99,3,2.0,2026-04-06 13:18:06,save,test
U0110,95,4,3.0,2026-04-06 13:20:06,cart_add,test
U0110,51,5,5.0,2026-04-06 13:22:27,order_or_booking,test
U0161,48,1,1.0,2026-04-06 13:23:32,click,test
U0161,90,3,2.0,2026-04-06 13:24:56,save,test
U0344,58,5,5.0,2026-04-06 13:30:21,order_or_booking,test
U0110,35,5,5.0,2026-04-06 13:30:48,order_or_booking,test
U0344,62,5,5.0,2026-04-06 13:38:53,order_or_booking,test
U0161,39,5,5.0,2026-04-06 13:44:18,order_or_booking,test
U0344,65,5,5.0,2026-04-06 13:53:21,order_or_booking,test
U0289,85,1,1.0,2026-04-06 13:54:23,click,test
U0240,109,3,2.0,2026-04-06 13:55:55,save,test
U0240,60,1,1.0,2026-04-06 13:55:59,click,test
U0240,35,3,2.0,2026-04-06 14:01:47,save,test
U0064,79,1,1.0,2026-04-06 14:22:28,click,test
U0289,65,5,5.0,2026-04-06 14:22:47,order_or_booking,test
U0064,86,4,3.0,2026-04-06 14:23:16,cart_add,test
U0064,58,1,1.0,2026-04-06 14:27:58,click,test
U0240,58,5,5.0,2026-04-06 14:29:22,order_or_booking,test
U0064,80,1,1.0,2026-04-06 14:30:43,click,test
U0091,44,1,1.0,2026-04-06 14:31:58,click,test
U0091,102,1,1.0,2026-04-06 14:33:08,click,test
U0064,70,3,2.0,2026-04-06 14:33:27,save,test
U0292,39,1,1.0,2026-04-06 15:19:06,click,test
U0292,73,1,1.0,2026-04-06 15:19:16,click,test
U0292,74,5,5.0,2026-04-06 15:31:24,order_or_booking,test
U0323,91,1,1.0,2026-04-06 16:10:57,click,test
U0323,39,1,1.0,2026-04-06 16:13:59,click,test
U0020,49,5,5.0,2026-04-06 16:27:32,order_or_booking,test
U0340,109,3,2.0,2026-04-06 16:37:22,save,test
U0340,49,1,1.0,2026-04-06 16:37:47,click,test
U0340,107,3,2.0,2026-04-06 16:46:31,save,test
U0340,59,1,1.0,2026-04-06 16:48:51,click,test
U0340,88,3,2.0,2026-04-06 16:49:29,save,test
U0340,36,1,1.0,2026-04-06 16:53:32,click,test
U0340,103,5,5.0,2026-04-06 17:10:11,order_or_booking,test
U0271,78,1,1.0,2026-04-06 17:12:52,click,test
U0271,104,5,5.0,2026-04-06 17:33:00,order_or_booking,test
U0267,46,4,3.0,2026-04-06 18:21:58,cart_add,test
U0267,48,1,1.0,2026-04-06 18:23:13,click,test
U0267,43,1,1.0,2026-04-06 18:24:25,click,test
U0267,88,5,5.0,2026-04-06 18:29:57,order_or_booking,test
U0267,57,5,5.0,2026-04-06 18:34:58,order_or_booking,test
U0267,87,1,1.0,2026-04-06 18:37:39,click,test
U0119,44,1,1.0,2026-04-06 18:43:19,click,test
U0119,53,4,3.0,2026-04-06 18:48:54,cart_add,test
U0119,75,1,1.0,2026-04-06 18:50:40,click,test
U0267,69,5,5.0,2026-04-06 18:55:22,order_or_booking,test
U0267,108,5,5.0,2026-04-06 19:12:46,order_or_booking,test
U0119,30,5,5.0,2026-04-06 19:14:13,order_or_booking,test
U0267,44,1,1.0,2026-04-06 19:59:32,click,test
U0267,103,5,5.0,2026-04-06 20:03:47,order_or_booking,test
U0289,74,1,1.0,2026-04-06 20:08:46,click,test
U0289,106,1,1.0,2026-04-06 20:09:35,click,test
U0289,78,3,2.0,2026-04-06 20:12:26,save,test
U0289,103,1,1.0,2026-04-06 20:12:27,click,test
U0267,99,5,5.0,2026-04-06 20:40:55,order_or_booking,test
U0049,61,1,1.0,2026-04-06 20:54:49,click,test
U0049,41,1,1.0,2026-04-06 20:58:05,click,test
U0049,49,3,2.0,2026-04-06 21:00:27,save,test
U0049,51,5,5.0,2026-04-06 21:26:42,order_or_booking,test
U0025,76,3,2.0,2026-04-07 08:13:11,save,test
U0025,39,1,1.0,2026-04-07 08:13:54,click,test
U0025,104,1,1.0,2026-04-07 08:15:27,click,test
U0025,45,3,2.0,2026-04-07 08:18:05,save,test
U0025,100,3,2.0,2026-04-07 08:21:08,save,test
U0025,55,3,2.0,2026-04-07 08:22:12,save,test
U0025,31,1,1.0,2026-04-07 08:26:45,click,test
U0012,32,3,2.0,2026-04-07 08:39:02,save,test
U0012,83,1,1.0,2026-04-07 08:40:47,click,test
U0291,73,3,2.0,2026-04-07 08:59:00,save,test
U0291,50,1,1.0,2026-04-07 09:00:52,click,test
U0291,51,1,1.0,2026-04-07 09:00:59,click,test
U0291,83,5,5.0,2026-04-07 09:04:28,order_or_booking,test
U0291,31,1,1.0,2026-04-07 09:12:42,click,test
U0012,93,5,5.0,2026-04-07 09:18:19,order_or_booking,test
U0101,87,1,1.0,2026-04-07 09:21:29,click,test
U0101,65,1,1.0,2026-04-07 09:21:45,click,test
U0101,93,3,2.0,2026-04-07 09:22:16,save,test
U0101,53,1,1.0,2026-04-07 09:26:33,click,test
U0038,39,1,1.0,2026-04-07 09:33:54,click,test
U0038,47,1,1.0,2026-04-07 09:34:23,click,test
U0101,42,1,1.0,2026-04-07 09:34:55,click,test
U0101,45,5,5.0,2026-04-07 09:45:02,order_or_booking,test
U0101,67,5,5.0,2026-04-07 10:03:10,order_or_booking,test
U0012,46,1,1.0,2026-04-07 11:14:17,click,test
U0012,51,3,2.0,2026-04-07 11:15:13,save,test
U0012,69,1,1.0,2026-04-07 11:15:26,click,test
U0012,107,1,1.0,2026-04-07 11:17:31,click,test
U0012,104,1,1.0,2026-04-07 11:19:37,click,test
U0117,72,1,1.0,2026-04-07 11:53:19,click,test
U0117,109,1,1.0,2026-04-07 11:55:17,click,test
U0258,33,3,2.0,2026-04-07 12:20:27,save,test
U0258,77,3,2.0,2026-04-07 12:21:35,save,test
U0258,71,3,2.0,2026-04-07 12:22:28,save,test
U0258,94,4,3.0,2026-04-07 12:24:51,cart_add,test
U0300,34,3,2.0,2026-04-07 12:31:06,save,test
U0300,30,1,1.0,2026-04-07 12:31:19,click,test
U0300,32,5,5.0,2026-04-07 12:46:58,order_or_booking,test
U0115,36,1,1.0,2026-04-07 12:52:41,click,test
U0115,50,1,1.0,2026-04-07 12:55:17,click,test
U0115,75,3,2.0,2026-04-07 13:00:09,save,test
U0115,88,3,2.0,2026-04-07 13:01:01,save,test
U0190,94,4,3.0,2026-04-07 13:01:17,cart_add,test
U0115,40,1,1.0,2026-04-07 13:09:26,click,test
U0190,76,5,5.0,2026-04-07 13:19:27,order_or_booking,test
U0190,38,5,5.0,2026-04-07 13:26:58,order_or_booking,test
U0102,49,1,1.0,2026-04-07 14:12:01,click,test
U0102,81,1,1.0,2026-04-07 14:12:45,click,test
U0139,70,4,3.0,2026-04-07 14:21:12,cart_add,test
U0139,86,4,3.0,2026-04-07 14:21:14,cart_add,test
U0139,50,5,5.0,2026-04-07 14:23:52,order_or_booking,test
U0139,56,3,2.0,2026-04-07 14:24:22,save,test
U0322,95,3,2.0,2026-04-07 14:57:20,save,test
U0322,37,1,1.0,2026-04-07 15:01:20,click,test
U0322,97,3,2.0,2026-04-07 15:05:59,save,test
U0020,58,1,1.0,2026-04-07 15:34:08,click,test
U0020,104,1,1.0,2026-04-07 15:36:35,click,test
U0020,108,5,5.0,2026-04-07 15:46:42,order_or_booking,test
U0151,40,1,1.0,2026-04-07 16:12:08,click,test
U0151,76,1,1.0,2026-04-07 16:17:08,click,test
U0151,97,3,2.0,2026-04-07 16:17:18,save,test
U0151,100,5,5.0,2026-04-07 16:42:54,order_or_booking,test
U0104,35,5,5.0,2026-04-07 17:18:53,order_or_booking,test
U0071,36,1,1.0,2026-04-07 18:25:21,click,test
U0071,49,1,1.0,2026-04-07 18:28:57,click,test
U0071,45,4,3.0,2026-04-07 18:30:57,cart_add,test
U0071,67,1,1.0,2026-04-07 18:31:11,click,test
U0033,95,1,1.0,2026-04-07 18:31:39,click,test
U0033,91,1,1.0,2026-04-07 18:31:57,click,test
U0033,33,1,1.0,2026-04-07 18:34:15,click,test
U0071,89,1,1.0,2026-04-07 18:36:05,click,test
U0033,50,3,2.0,2026-04-07 18:36:36,save,test
U0071,43,3,2.0,2026-04-07 18:39:00,save,test
U0071,85,5,5.0,2026-04-07 18:44:17,order_or_booking,test
U0071,104,1,1.0,2026-04-07 18:44:39,click,test
U0071,75,3,2.0,2026-04-07 18:46:18,save,test
U0071,79,3,2.0,2026-04-07 18:51:35,save,test
U0020,54,3,2.0,2026-04-07 19:30:32,save,test
U0020,38,1,1.0,2026-04-07 19:32:58,click,test
U0020,45,1,1.0,2026-04-07 19:33:04,click,test
U0020,72,1,1.0,2026-04-07 19:35:09,click,test
U0020,71,5,5.0,2026-04-07 19:52:52,order_or_booking,test
U0044,79,1,1.0,2026-04-07 21:42:06,click,test
U0044,93,3,2.0,2026-04-07 21:44:01,save,test
U0044,103,1,1.0,2026-04-07 21:48:38,click,test
U0044,36,1,1.0,2026-04-07 21:55:30,click,test
U0152,106,1,1.0,2026-04-08 08:41:58,click,test
U0153,92,3,2.0,2026-04-08 09:03:20,save,test
U0307,57,3,2.0,2026-04-08 09:06:20,save,test
U0014,66,3,2.0,2026-04-08 09:13:16,save,test
U0269,68,1,1.0,2026-04-08 09:15:34,click,test
U0269,52,3,2.0,2026-04-08 09:15:47,save,test
U0014,69,1,1.0,2026-04-08 09:16:08,click,test
U0014,41,1,1.0,2026-04-08 09:16:50,click,test
U0269,94,1,1.0,2026-04-08 09:18:27,click,test
U0307,101,5,5.0,2026-04-08 09:21:41,order_or_booking,test
U0014,100,1,1.0,2026-04-08 09:22:29,click,test
U0269,34,5,5.0,2026-04-08 09:35:40,order_or_booking,test
U0203,100,1,1.0,2026-04-08 10:23:39,click,test
U0203,66,1,1.0,2026-04-08 10:25:12,click,test
U0203,42,1,1.0,2026-04-08 10:25:58,click,test
U0252,49,1,1.0,2026-04-08 10:28:55,click,test
U0252,86,1,1.0,2026-04-08 10:29:10,click,test
U0252,53,3,2.0,2026-04-08 10:29:16,save,test
U0252,97,1,1.0,2026-04-08 10:29:52,click,test
U0203,106,3,2.0,2026-04-08 10:35:06,save,test
U0203,78,5,5.0,2026-04-08 10:35:45,order_or_booking,test
U0241,86,1,1.0,2026-04-08 10:37:52,click,test
U0241,41,1,1.0,2026-04-08 10:38:35,click,test
U0252,100,4,3.0,2026-04-08 10:39:07,cart_add,test
U0241,73,3,2.0,2026-04-08 10:39:42,save,test
U0252,83,4,3.0,2026-04-08 10:39:47,cart_add,test
U0241,43,3,2.0,2026-04-08 10:40:30,save,test
U0241,97,1,1.0,2026-04-08 10:44:32,click,test
U0241,49,3,2.0,2026-04-08 10:45:27,save,test
U0241,31,4,3.0,2026-04-08 10:47:04,cart_add,test
U0241,88,3,2.0,2026-04-08 10:49:26,save,test
U0252,58,5,5.0,2026-04-08 10:50:45,order_or_booking,test
U0320,42,5,5.0,2026-04-08 12:25:08,order_or_booking,test
U0286,99,1,1.0,2026-04-08 15:12:33,click,test
U0286,74,4,3.0,2026-04-08 15:13:47,cart_add,test
U0286,78,5,5.0,2026-04-08 15:28:42,order_or_booking,test
U0286,92,5,5.0,2026-04-08 15:34:21,order_or_booking,test
U0152,102,4,3.0,2026-04-08 15:38:01,cart_add,test
U0310,95,3,2.0,2026-04-08 15:42:13,save,test
U0152,82,4,3.0,2026-04-08 18:05:19,cart_add,test
U0212,77,3,2.0,2026-04-08 18:20:15,save,test
U0212,47,3,2.0,2026-04-08 18:26:04,save,test
U0150,37,1,1.0,2026-04-08 18:33:01,click,test
U0150,58,5,5.0,2026-04-08 18:37:47,order_or_booking,test
U0150,63,5,5.0,2026-04-08 18:41:28,order_or_booking,test
U0150,62,5,5.0,2026-04-08 19:12:11,order_or_booking,test
U0222,101,4,3.0,2026-04-08 19:33:43,cart_add,test
U0222,106,1,1.0,2026-04-08 19:33:46,click,test
U0253,82,4,3.0,2026-04-08 19:42:35,cart_add,test
U0253,63,3,2.0,2026-04-08 19:43:50,save,test
U0253,37,1,1.0,2026-04-08 19:45:12,click,test
U0253,36,3,2.0,2026-04-08 19:45:29,save,test
U0253,92,1,1.0,2026-04-08 19:46:02,click,test
U0253,53,3,2.0,2026-04-08 19:48:37,save,test
U0091,94,4,3.0,2026-04-08 19:53:04,cart_add,test
U0253,32,1,1.0,2026-04-08 19:54:43,click,test
U0091,82,5,5.0,2026-04-08 20:20:28,order_or_booking,test
U0042,34,3,2.0,2026-04-08 22:42:20,save,test
U0042,35,3,2.0,2026-04-08 22:47:50,save,test
U0213,53,4,3.0,2026-04-08 23:03:03,cart_add,test
U0142,73,1,1.0,2026-04-08 23:09:41,click,test
U0142,69,5,5.0,2026-04-08 23:12:25,order_or_booking,test
U0142,63,5,5.0,2026-04-08 23:13:11,order_or_booking,test
U0142,68,5,5.0,2026-04-08 23:13:13,order_or_booking,test
U0142,42,5,5.0,2026-04-08 23:14:35,order_or_booking,test
U0020,62,1,1.0,2026-04-09 08:14:29,click,test
U0020,97,1,1.0,2026-04-09 08:21:16,click,test
U0020,82,3,2.0,2026-04-09 08:22:58,save,test
U0020,90,5,5.0,2026-04-09 08:33:35,order_or_booking,test
U0142,34,1,1.0,2026-04-09 09:13:27,click,test
U0142,70,1,1.0,2026-04-09 09:14:13,click,test
U0142,37,3,2.0,2026-04-09 09:17:35,save,test
U0142,108,1,1.0,2026-04-09 09:18:12,click,test
U0142,84,1,1.0,2026-04-09 09:18:49,click,test
U0142,87,3,2.0,2026-04-09 09:20:06,save,test
U0142,64,1,1.0,2026-04-09 09:20:25,click,test
U0142,83,1,1.0,2026-04-09 09:20:34,click,test
U0142,67,5,5.0,2026-04-09 09:31:51,order_or_booking,test
U0142,55,5,5.0,2026-04-09 09:38:37,order_or_booking,test
U0183,41,1,1.0,2026-04-09 11:16:21,click,test
U0183,103,1,1.0,2026-04-09 11:19:00,click,test
U0183,45,1,1.0,2026-04-09 11:24:25,click,test
U0070,52,3,2.0,2026-04-09 11:39:34,save,test
U0070,83,3,2.0,2026-04-09 11:41:27,save,test
U0070,38,1,1.0,2026-04-09 11:41:59,click,test
U0070,103,1,1.0,2026-04-09 11:45:00,click,test
U0070,101,1,1.0,2026-04-09 11:50:46,click,test
U0070,100,3,2.0,2026-04-09 11:56:09,save,test
U0070,45,3,2.0,2026-04-09 11:56:12,save,test
U0209,90,1,1.0,2026-04-09 11:57:31,click,test
U0186,55,1,1.0,2026-04-09 11:57:58,click,test
U0186,34,3,2.0,2026-04-09 11:58:07,save,test
U0186,90,1,1.0,2026-04-09 11:58:32,click,test
U0106,101,1,1.0,2026-04-09 12:46:56,click,test
U0106,43,1,1.0,2026-04-09 12:48:08,click,test
U0106,51,3,2.0,2026-04-09 12:49:54,save,test
U0106,38,1,1.0,2026-04-09 12:50:45,click,test
U0106,52,1,1.0,2026-04-09 12:51:24,click,test
U0106,76,4,3.0,2026-04-09 12:52:21,cart_add,test
U0055,70,1,1.0,2026-04-09 12:54:10,click,test
U0055,33,5,5.0,2026-04-09 12:54:25,order_or_booking,test
U0055,85,3,2.0,2026-04-09 12:56:25,save,test
U0106,67,1,1.0,2026-04-09 12:56:32,click,test
U0106,84,3,2.0,2026-04-09 13:00:13,save,test
U0055,44,5,5.0,2026-04-09 13:09:53,order_or_booking,test
U0055,36,5,5.0,2026-04-09 13:12:12,order_or_booking,test
U0258,42,4,3.0,2026-04-09 13:29:57,cart_add,test
U0258,58,3,2.0,2026-04-09 13:30:33,save,test
U0258,59,1,1.0,2026-04-09 13:31:07,click,test
U0258,55,1,1.0,2026-04-09 13:31:34,click,test
U0258,81,3,2.0,2026-04-09 13:32:51,save,test
U0258,63,1,1.0,2026-04-09 13:46:00,click,test
U0021,43,3,2.0,2026-04-09 14:03:17,save,test
U0055,43,1,1.0,2026-04-09 14:11:19,click,test
U0055,92,1,1.0,2026-04-09 14:13:07,click,test
U0055,48,3,2.0,2026-04-09 14:14:22,save,test
U0055,98,1,1.0,2026-04-09 14:19:46,click,test
U0055,95,5,5.0,2026-04-09 14:31:20,order_or_booking,test
U0011,43,4,3.0,2026-04-09 14:31:30,cart_add,test
U0011,81,5,5.0,2026-04-09 14:41:40,order_or_booking,test
U0011,93,5,5.0,2026-04-09 14:42:50,order_or_booking,test
U0011,51,3,2.0,2026-04-09 14:49:32,save,test
U0047,76,1,1.0,2026-04-09 15:25:59,click,test
U0047,49,1,1.0,2026-04-09 15:26:08,click,test
U0047,53,1,1.0,2026-04-09 15:26:10,click,test
U0047,36,1,1.0,2026-04-09 15:26:22,click,test
U0179,87,3,2.0,2026-04-09 15:48:08,save,test
U0294,100,1,1.0,2026-04-09 16:33:04,click,test
U0294,62,1,1.0,2026-04-09 16:33:30,click,test
U0314,97,1,1.0,2026-04-09 16:42:29,click,test
U0294,102,5,5.0,2026-04-09 16:44:55,order_or_booking,test
U0294,108,5,5.0,2026-04-09 17:02:19,order_or_booking,test
U0161,41,1,1.0,2026-04-09 17:10:40,click,test
U0161,72,1,1.0,2026-04-09 17:11:12,click,test
U0161,60,1,1.0,2026-04-09 17:12:55,click,test
U0161,84,3,2.0,2026-04-09 17:14:02,save,test
U0161,97,1,1.0,2026-04-09 17:16:23,click,test
U0161,45,1,1.0,2026-04-09 17:20:01,click,test
U0161,100,1,1.0,2026-04-09 17:22:29,click,test
U0161,49,1,1.0,2026-04-09 17:24:25,click,test
U0161,32,5,5.0,2026-04-09 17:32:12,order_or_booking,test
U0006,35,1,1.0,2026-04-09 20:12:13,click,test
U0006,76,1,1.0,2026-04-09 20:17:47,click,test
U0006,70,5,5.0,2026-04-09 20:40:16,order_or_booking,test
U0020,81,1,1.0,2026-04-09 20:47:05,click,test
U0096,106,1,1.0,2026-04-09 20:52:18,click,test
U0020,50,5,5.0,2026-04-09 21:20:56,order_or_booking,test
U0262,35,3,2.0,2026-04-09 22:38:19,save,test
U0030,33,1,1.0,2026-04-10 08:14:09,click,test
U0030,95,1,1.0,2026-04-10 08:14:46,click,test
U0122,33,3,2.0,2026-04-10 08:40:09,save,test
U0029,85,5,5.0,2026-04-10 08:41:15,order_or_booking,test
U0029,47,5,5.0,2026-04-10 08:49:00,order_or_booking,test
U0122,77,4,3.0,2026-04-10 08:49:47,cart_add,test
U0294,90,3,2.0,2026-04-10 08:52:13,save,test
U0294,42,1,1.0,2026-04-10 08:53:47,click,test
U0294,91,1,1.0,2026-04-10 08:56:48,click,test
U0294,104,5,5.0,2026-04-10 09:12:28,order_or_booking,test
U0276,31,3,2.0,2026-04-10 09:35:04,save,test
U0276,81,3,2.0,2026-04-10 09:35:42,save,test
U0276,87,1,1.0,2026-04-10 09:40:58,click,test
U0276,42,1,1.0,2026-04-10 09:46:21,click,test
U0276,60,5,5.0,2026-04-10 09:59:31,order_or_booking,test
U0107,47,1,1.0,2026-04-10 10:19:08,click,test
U0107,89,1,1.0,2026-04-10 10:20:56,click,test
U0107,34,4,3.0,2026-04-10 10:24:21,cart_add,test
U0107,62,3,2.0,2026-04-10 10:30:45,save,test
U0107,40,5,5.0,2026-04-10 10:34:48,order_or_booking,test
U0001,107,1,1.0,2026-04-10 10:40:19,click,test
U0001,99,1,1.0,2026-04-10 10:42:01,click,test
U0001,67,3,2.0,2026-04-10 10:43:08,save,test
U0001,59,5,5.0,2026-04-10 10:43:22,order_or_booking,test
U0059,37,3,2.0,2026-04-10 13:22:55,save,test
U0059,49,1,1.0,2026-04-10 13:23:45,click,test
U0059,36,1,1.0,2026-04-10 13:24:16,click,test
U0129,74,4,3.0,2026-04-10 13:34:37,cart_add,test
U0129,33,3,2.0,2026-04-10 13:35:11,save,test
U0129,48,1,1.0,2026-04-10 13:35:44,click,test
U0129,50,4,3.0,2026-04-10 13:36:16,cart_add,test
U0156,30,4,3.0,2026-04-10 13:48:08,cart_add,test
U0242,91,1,1.0,2026-04-10 13:50:05,click,test
U0155,59,1,1.0,2026-04-10 14:03:33,click,test
U0155,47,4,3.0,2026-04-10 14:03:41,cart_add,test
U0155,70,4,3.0,2026-04-10 14:08:26,cart_add,test
U0155,33,5,5.0,2026-04-10 14:13:07,order_or_booking,test
U0119,52,1,1.0,2026-04-10 14:40:51,click,test
U0119,101,1,1.0,2026-04-10 14:42:08,click,test
U0119,76,3,2.0,2026-04-10 14:42:13,save,test
U0119,46,3,2.0,2026-04-10 14:45:09,save,test
U0119,43,3,2.0,2026-04-10 14:48:33,save,test
U0275,59,3,2.0,2026-04-10 14:49:35,save,test
U0119,51,1,1.0,2026-04-10 14:50:46,click,test
U0119,96,1,1.0,2026-04-10 14:51:52,click,test
U0119,66,1,1.0,2026-04-10 14:53:21,click,test
U0275,58,5,5.0,2026-04-10 15:25:10,order_or_booking,test
U0277,102,1,1.0,2026-04-10 15:51:29,click,test
U0277,51,1,1.0,2026-04-10 15:52:39,click,test
U0292,104,1,1.0,2026-04-10 16:17:06,click,test
U0315,33,3,2.0,2026-04-10 16:21:56,save,test
U0315,45,3,2.0,2026-04-10 16:22:37,save,test
U0292,56,5,5.0,2026-04-10 16:22:49,order_or_booking,test
U0315,96,1,1.0,2026-04-10 16:23:37,click,test
U0268,52,3,2.0,2026-04-10 16:28:16,save,test
U0315,81,3,2.0,2026-04-10 16:28:32,save,test
U0315,92,1,1.0,2026-04-10 16:32:05,click,test
U0315,97,4,3.0,2026-04-10 16:33:22,cart_add,test
U0268,97,1,1.0,2026-04-10 16:33:33,click,test
U0268,37,3,2.0,2026-04-10 16:34:07,save,test
U0268,48,3,2.0,2026-04-10 16:38:13,save,test
U0268,44,4,3.0,2026-04-10 16:41:22,cart_add,test
U0265,35,3,2.0,2026-04-10 17:05:40,save,test
U0265,87,3,2.0,2026-04-10 17:15:46,save,test
U0265,34,5,5.0,2026-04-10 17:29:40,order_or_booking,test
U0274,33,1,1.0,2026-04-10 18:22:07,click,test
U0274,55,5,5.0,2026-04-10 18:27:10,order_or_booking,test
U0274,82,1,1.0,2026-04-10 18:28:50,click,test
U0274,51,1,1.0,2026-04-10 18:30:52,click,test
U0274,44,1,1.0,2026-04-10 18:32:00,click,test
U0274,85,5,5.0,2026-04-10 18:57:09,order_or_booking,test
U0280,105,3,2.0,2026-04-10 19:56:21,save,test
U0012,33,3,2.0,2026-04-10 19:56:50,save,test
U0012,48,3,2.0,2026-04-10 19:57:33,save,test
U0280,104,3,2.0,2026-04-10 19:57:55,save,test
U0012,52,1,1.0,2026-04-10 19:59:56,click,test
U0280,97,4,3.0,2026-04-10 20:02:22,cart_add,test
U0280,76,5,5.0,2026-04-10 20:16:32,order_or_booking,test
U0058,87,3,2.0,2026-04-10 20:25:25,save,test
U0058,64,1,1.0,2026-04-10 20:28:07,click,test
U0058,102,1,1.0,2026-04-10 20:28:23,click,test
U0012,79,5,5.0,2026-04-10 20:30:44,order_or_booking,test
U0058,32,1,1.0,2026-04-10 20:37:21,click,test
U0058,58,1,1.0,2026-04-10 20:43:54,click,test
U0058,83,1,1.0,2026-04-10 20:48:11,click,test
U0176,53,4,3.0,2026-04-10 22:00:04,cart_add,test
U0176,46,3,2.0,2026-04-10 22:02:19,save,test
U0176,76,1,1.0,2026-04-10 22:04:16,click,test
U0176,58,3,2.0,2026-04-10 22:05:56,save,test
U0221,99,1,1.0,2026-04-10 22:13:14,click,test
U0105,58,5,5.0,2026-04-11 08:30:04,order_or_booking,test
U0105,89,5,5.0,2026-04-11 08:48:12,order_or_booking,test
U0347,61,1,1.0,2026-04-11 09:30:03,click,test
U0347,49,1,1.0,2026-04-11 09:33:48,click,test
U0347,98,1,1.0,2026-04-11 09:35:16,click,test
U0316,36,1,1.0,2026-04-11 09:38:48,click,test
U0316,90,3,2.0,2026-04-11 09:43:41,save,test
U0310,91,3,2.0,2026-04-11 10:27:14,save,test
U0335,32,1,1.0,2026-04-11 10:33:11,click,test
U0335,47,1,1.0,2026-04-11 10:35:26,click,test
U0335,75,5,5.0,2026-04-11 10:46:02,order_or_booking,test
U0335,102,5,5.0,2026-04-11 10:47:13,order_or_booking,test
U0310,96,5,5.0,2026-04-11 10:59:59,order_or_booking,test
U0192,74,4,3.0,2026-04-11 11:19:19,cart_add,test
U0192,55,1,1.0,2026-04-11 11:24:43,click,test
U0192,79,1,1.0,2026-04-11 11:27:16,click,test
U0192,93,5,5.0,2026-04-11 12:04:21,order_or_booking,test
U0221,83,1,1.0,2026-04-11 12:22:58,click,test
U0221,35,3,2.0,2026-04-11 12:23:55,save,test
U0221,101,3,2.0,2026-04-11 12:26:25,save,test
U0221,108,1,1.0,2026-04-11 12:27:41,click,test
U0221,37,3,2.0,2026-04-11 12:28:25,save,test
U0308,39,1,1.0,2026-04-11 12:47:33,click,test
U0308,97,3,2.0,2026-04-11 12:49:35,save,test
U0308,82,3,2.0,2026-04-11 12:53:26,save,test
U0308,44,1,1.0,2026-04-11 12:53:56,click,test
U0223,66,3,2.0,2026-04-11 13:10:05,save,test
U0223,105,4,3.0,2026-04-11 13:10:07,cart_add,test
U0304,78,1,1.0,2026-04-11 13:29:22,click,test
U0304,54,1,1.0,2026-04-11 13:29:57,click,test
U0304,51,3,2.0,2026-04-11 13:37:21,save,test
U0202,35,1,1.0,2026-04-11 13:39:14,click,test
U0202,54,4,3.0,2026-04-11 13:43:19,cart_add,test
U0202,33,5,5.0,2026-04-11 13:43:59,order_or_booking,test
U0202,56,1,1.0,2026-04-11 13:48:39,click,test
U0304,36,5,5.0,2026-04-11 13:56:30,order_or_booking,test
U0202,60,5,5.0,2026-04-11 14:15:42,order_or_booking,test
U0328,81,1,1.0,2026-04-11 14:31:19,click,test
U0328,104,1,1.0,2026-04-11 14:32:59,click,test
U0328,88,3,2.0,2026-04-11 14:33:13,save,test
U0328,34,3,2.0,2026-04-11 14:34:49,save,test
U0328,77,3,2.0,2026-04-11 14:40:53,save,test
U0328,48,1,1.0,2026-04-11 14:42:16,click,test
U0136,72,1,1.0,2026-04-11 14:54:55,click,test
U0136,96,1,1.0,2026-04-11 14:55:21,click,test
U0136,44,4,3.0,2026-04-11 14:56:25,cart_add,test
U0136,58,1,1.0,2026-04-11 14:59:57,click,test
U0136,74,1,1.0,2026-04-11 15:05:48,click,test
U0176,70,1,1.0,2026-04-11 15:24:47,click,test
U0176,45,1,1.0,2026-04-11 15:25:38,click,test
U0176,72,5,5.0,2026-04-11 15:30:04,order_or_booking,test
U0176,62,5,5.0,2026-04-11 15:39:29,order_or_booking,test
U0295,49,1,1.0,2026-04-11 15:42:12,click,test
U0295,68,5,5.0,2026-04-11 16:03:55,order_or_booking,test
U0211,60,1,1.0,2026-04-11 16:24:10,click,test
U0211,53,4,3.0,2026-04-11 16:25:55,cart_add,test
U0244,38,3,2.0,2026-04-11 16:34:50,save,test
U0244,86,3,2.0,2026-04-11 16:35:18,save,test
U0285,109,1,1.0,2026-04-11 16:37:59,click,test
U0285,58,3,2.0,2026-04-11 16:38:17,save,test
U0285,81,3,2.0,2026-04-11 16:42:29,save,test
U0285,89,5,5.0,2026-04-11 16:46:16,order_or_booking,test
U0211,63,5,5.0,2026-04-11 16:46:32,order_or_booking,test
U0285,43,4,3.0,2026-04-11 16:49:29,cart_add,test
U0139,93,3,2.0,2026-04-11 17:00:23,save,test
U0139,75,1,1.0,2026-04-11 17:02:31,click,test
U0139,76,1,1.0,2026-04-11 17:05:13,click,test
U0139,39,1,1.0,2026-04-11 17:08:27,click,test
U0139,67,5,5.0,2026-04-11 17:22:27,order_or_booking,test
U0032,30,1,1.0,2026-04-11 17:34:27,click,test
U0032,44,4,3.0,2026-04-11 17:35:12,cart_add,test
U0032,43,1,1.0,2026-04-11 17:36:02,click,test
U0030,34,3,2.0,2026-04-11 17:45:51,save,test
U0030,93,1,1.0,2026-04-11 17:45:59,click,test
U0030,97,3,2.0,2026-04-11 17:49:19,save,test
U0030,105,1,1.0,2026-04-11 17:55:01,click,test
U0333,49,1,1.0,2026-04-11 18:30:11,click,test
U0333,100,1,1.0,2026-04-11 18:32:16,click,test
U0333,91,1,1.0,2026-04-11 18:33:48,click,test
U0333,95,1,1.0,2026-04-11 18:34:29,click,test
U0151,82,1,1.0,2026-04-11 20:31:25,click,test
U0151,30,3,2.0,2026-04-11 20:33:58,save,test
U0151,101,4,3.0,2026-04-11 20:38:32,cart_add,test
U0151,95,1,1.0,2026-04-11 20:38:46,click,test
U0078,48,1,1.0,2026-04-11 20:46:42,click,test
U0245,87,5,5.0,2026-04-11 22:09:45,order_or_booking,test
U0245,51,5,5.0,2026-04-11 22:12:53,order_or_booking,test
U0245,77,4,3.0,2026-04-11 22:13:47,cart_add,test
U0031,55,1,1.0,2026-04-12 10:47:53,click,test
U0031,31,3,2.0,2026-04-12 10:52:11,save,test
U0180,36,1,1.0,2026-04-12 11:54:48,click,test
U0180,44,4,3.0,2026-04-12 11:55:43,cart_add,test
U0180,100,5,5.0,2026-04-12 12:04:12,order_or_booking,test
U0180,49,1,1.0,2026-04-12 12:04:33,click,test
U0336,67,3,2.0,2026-04-12 12:15:45,save,test
U0336,45,1,1.0,2026-04-12 12:16:20,click,test
U0336,50,1,1.0,2026-04-12 12:17:37,click,test
U0336,87,1,1.0,2026-04-12 12:25:47,click,test
U0336,35,5,5.0,2026-04-12 12:31:26,order_or_booking,test
U0314,35,1,1.0,2026-04-12 12:38:24,click,test
U0314,40,1,1.0,2026-04-12 12:39:51,click,test
U0336,88,5,5.0,2026-04-12 12:45:20,order_or_booking,test
U0314,82,5,5.0,2026-04-12 12:47:12,order_or_booking,test
U0156,66,1,1.0,2026-04-12 12:57:31,click,test
U0156,56,1,1.0,2026-04-12 13:00:44,click,test
U0336,66,5,5.0,2026-04-12 13:01:01,order_or_booking,test
U0191,49,1,1.0,2026-04-12 13:08:52,click,test
U0191,37,4,3.0,2026-04-12 13:11:28,cart_add,test
U0181,39,1,1.0,2026-04-12 13:15:35,click,test
U0191,75,3,2.0,2026-04-12 13:17:28,save,test
U0191,47,1,1.0,2026-04-12 13:22:34,click,test
U0191,91,3,2.0,2026-04-12 13:25:29,save,test
U0178,89,1,1.0,2026-04-12 13:27:21,click,test
U0178,106,1,1.0,2026-04-12 13:29:36,click,test
U0178,98,4,3.0,2026-04-12 13:30:36,cart_add,test
U0118,107,1,1.0,2026-04-12 13:31:11,click,test
U0118,59,3,2.0,2026-04-12 13:32:47,save,test
U0178,48,5,5.0,2026-04-12 13:32:48,order_or_booking,test
U0118,73,1,1.0,2026-04-12 13:33:41,click,test
U0118,84,3,2.0,2026-04-12 13:35:36,save,test
U0178,82,1,1.0,2026-04-12 13:36:39,click,test
U0104,38,1,1.0,2026-04-12 13:39:21,click,test
U0178,94,5,5.0,2026-04-12 14:04:58,order_or_booking,test
U0011,61,3,2.0,2026-04-12 14:13:27,save,test
U0011,33,4,3.0,2026-04-12 14:15:00,cart_add,test
U0011,41,3,2.0,2026-04-12 14:21:21,save,test
U0011,77,1,1.0,2026-04-12 14:25:12,click,test
U0011,36,1,1.0,2026-04-12 14:25:25,click,test
U0011,58,1,1.0,2026-04-12 14:25:36,click,test
U0236,41,1,1.0,2026-04-12 14:34:32,click,test
U0011,73,5,5.0,2026-04-12 14:35:14,order_or_booking,test
U0236,38,3,2.0,2026-04-12 14:35:30,save,test
U0228,72,5,5.0,2026-04-12 15:04:55,order_or_booking,test
U0228,104,1,1.0,2026-04-12 15:08:19,click,test
U0081,97,5,5.0,2026-04-12 15:56:20,order_or_booking,test
U0246,34,4,3.0,2026-04-12 16:09:15,cart_add,test
U0246,75,3,2.0,2026-04-12 16:11:15,save,test
U0301,53,3,2.0,2026-04-12 16:11:39,save,test
U0301,102,1,1.0,2026-04-12 16:12:02,click,test
U0107,36,1,1.0,2026-04-12 16:29:15,click,test
U0107,54,4,3.0,2026-04-12 16:31:39,cart_add,test
U0107,50,3,2.0,2026-04-12 16:32:31,save,test
U0107,55,3,2.0,2026-04-12 16:33:16,save,test
U0107,85,3,2.0,2026-04-12 16:33:41,save,test
U0107,70,3,2.0,2026-04-12 16:34:44,save,test
U0107,84,5,5.0,2026-04-12 16:38:36,order_or_booking,test
U0107,31,3,2.0,2026-04-12 16:45:37,save,test
U0107,108,1,1.0,2026-04-12 16:47:43,click,test
U0171,97,1,1.0,2026-04-12 17:27:43,click,test
U0171,53,3,2.0,2026-04-12 17:32:14,save,test
U0171,76,3,2.0,2026-04-12 17:37:51,save,test
U0240,73,3,2.0,2026-04-12 17:38:08,save,test
U0240,38,1,1.0,2026-04-12 17:40:08,click,test
U0171,36,1,1.0,2026-04-12 17:40:23,click,test
U0171,46,3,2.0,2026-04-12 17:42:13,save,test
U0171,93,5,5.0,2026-04-12 18:12:27,order_or_booking,test
U0241,34,1,1.0,2026-04-12 19:01:53,click,test
U0241,107,1,1.0,2026-04-12 19:04:40,click,test
U0241,36,1,1.0,2026-04-12 19:05:59,click,test
U0241,77,3,2.0,2026-04-12 19:07:09,save,test
U0241,30,1,1.0,2026-04-12 19:08:20,click,test
U0241,47,1,1.0,2026-04-12 19:11:08,click,test
U0189,94,1,1.0,2026-04-12 19:24:07,click,test
U0189,67,1,1.0,2026-04-12 19:24:32,click,test
U0189,50,1,1.0,2026-04-12 19:30:01,click,test
U0189,74,4,3.0,2026-04-12 19:37:31,cart_add,test
U0265,41,3,2.0,2026-04-12 20:12:05,save,test
U0107,46,3,2.0,2026-04-12 21:29:23,save,test
U0107,42,1,1.0,2026-04-12 21:31:50,click,test
U0107,30,3,2.0,2026-04-12 21:32:33,save,test
U0107,49,1,1.0,2026-04-12 21:33:57,click,test
U0107,87,3,2.0,2026-04-12 21:35:47,save,test
U0107,103,3,2.0,2026-04-12 21:35:49,save,test
U0107,95,3,2.0,2026-04-12 21:38:01,save,test
U0107,92,1,1.0,2026-04-12 21:39:59,click,test
U0107,53,1,1.0,2026-04-12 21:42:02,click,test
U0112,97,1,1.0,2026-04-12 22:27:22,click,test
U0112,105,3,2.0,2026-04-12 22:30:15,save,test
U0112,83,5,5.0,2026-04-12 22:45:34,order_or_booking,test
U0264,102,3,2.0,2026-04-13 08:09:23,save,test
U0264,87,3,2.0,2026-04-13 08:12:51,save,test
U0264,70,1,1.0,2026-04-13 08:16:15,click,test
U0264,80,1,1.0,2026-04-13 08:22:47,click,test
U0264,52,1,1.0,2026-04-13 08:24:33,click,test
U0336,75,3,2.0,2026-04-13 08:28:18,save,test
U0336,93,3,2.0,2026-04-13 08:30:54,save,test
U0336,44,3,2.0,2026-04-13 08:31:03,save,test
U0336,40,1,1.0,2026-04-13 08:32:23,click,test
U0264,101,5,5.0,2026-04-13 08:35:09,order_or_booking,test
U0264,51,5,5.0,2026-04-13 08:40:52,order_or_booking,test
U0336,41,1,1.0,2026-04-13 08:42:45,click,test
U0336,62,5,5.0,2026-04-13 08:44:43,order_or_booking,test
U0336,58,5,5.0,2026-04-13 08:57:23,order_or_booking,test
U0264,57,5,5.0,2026-04-13 09:01:08,order_or_booking,test
U0336,65,5,5.0,2026-04-13 09:13:17,order_or_booking,test
U0150,107,1,1.0,2026-04-13 09:37:35,click,test
U0150,42,1,1.0,2026-04-13 09:37:35,click,test
U0150,96,3,2.0,2026-04-13 09:40:36,save,test
U0150,41,5,5.0,2026-04-13 09:44:36,order_or_booking,test
U0150,36,3,2.0,2026-04-13 09:44:47,save,test
U0150,85,1,1.0,2026-04-13 09:46:38,click,test
U0150,84,1,1.0,2026-04-13 09:47:22,click,test
U0154,77,4,3.0,2026-04-13 09:49:47,cart_add,test
U0154,91,1,1.0,2026-04-13 09:53:16,click,test
U0154,79,5,5.0,2026-04-13 09:57:54,order_or_booking,test
U0150,59,5,5.0,2026-04-13 10:01:50,order_or_booking,test
U0150,65,5,5.0,2026-04-13 10:12:06,order_or_booking,test
U0154,66,5,5.0,2026-04-13 10:27:04,order_or_booking,test
U0264,47,1,1.0,2026-04-13 11:04:52,click,test
U0264,58,3,2.0,2026-04-13 11:06:19,save,test
U0264,77,5,5.0,2026-04-13 11:09:55,order_or_booking,test
U0264,32,5,5.0,2026-04-13 11:16:02,order_or_booking,test
U0264,84,1,1.0,2026-04-13 11:19:26,click,test
U0264,63,5,5.0,2026-04-13 11:28:08,order_or_booking,test
U0264,67,5,5.0,2026-04-13 11:35:27,order_or_booking,test
U0264,99,5,5.0,2026-04-13 11:38:05,order_or_booking,test
U0246,54,5,5.0,2026-04-13 11:44:57,order_or_booking,test
U0329,61,3,2.0,2026-04-13 11:58:32,save,test
U0329,40,4,3.0,2026-04-13 12:01:12,cart_add,test
U0329,66,1,1.0,2026-04-13 12:02:26,click,test
U0329,71,3,2.0,2026-04-13 12:04:32,save,test
U0129,77,1,1.0,2026-04-13 12:07:04,click,test
U0129,53,1,1.0,2026-04-13 12:07:33,click,test
U0129,35,3,2.0,2026-04-13 12:08:18,save,test
U0124,94,1,1.0,2026-04-13 13:04:23,click,test
U0124,96,1,1.0,2026-04-13 13:04:35,click,test
U0124,77,1,1.0,2026-04-13 13:08:20,click,test
U0058,51,3,2.0,2026-04-13 13:52:22,save,test
U0058,88,3,2.0,2026-04-13 13:52:23,save,test
U0058,31,3,2.0,2026-04-13 13:53:27,save,test
U0206,39,1,1.0,2026-04-13 13:56:10,click,test
U0206,31,1,1.0,2026-04-13 13:56:49,click,test
U0206,78,1,1.0,2026-04-13 13:56:59,click,test
U0206,74,1,1.0,2026-04-13 13:58:15,click,test
U0206,108,1,1.0,2026-04-13 14:02:51,click,test
U0007,70,1,1.0,2026-04-13 14:05:37,click,test
U0007,104,4,3.0,2026-04-13 14:07:08,cart_add,test
U0058,104,3,2.0,2026-04-13 14:08:10,save,test
U0007,101,3,2.0,2026-04-13 14:09:48,save,test
U0007,73,1,1.0,2026-04-13 14:11:18,click,test
U0058,103,5,5.0,2026-04-13 14:18:24,order_or_booking,test
U0139,33,1,1.0,2026-04-13 14:26:58,click,test
U0139,54,1,1.0,2026-04-13 14:31:13,click,test
U0058,66,5,5.0,2026-04-13 14:32:17,order_or_booking,test
U0312,103,1,1.0,2026-04-13 14:35:05,click,test
U0312,94,4,3.0,2026-04-13 14:36:17,cart_add,test
U0139,59,5,5.0,2026-04-13 14:37:23,order_or_booking,test
U0312,38,4,3.0,2026-04-13 14:38:14,cart_add,test
U0058,85,5,5.0,2026-04-13 14:39:04,order_or_booking,test
U0312,40,3,2.0,2026-04-13 14:41:36,save,test
U0312,77,4,3.0,2026-04-13 14:41:48,cart_add,test
U0107,35,1,1.0,2026-04-13 14:41:51,click,test
U0216,46,1,1.0,2026-04-13 14:42:08,click,test
U0216,57,3,2.0,2026-04-13 14:42:40,save,test
U0216,32,1,1.0,2026-04-13 14:44:17,click,test
U0216,85,3,2.0,2026-04-13 14:45:58,save,test
U0312,57,1,1.0,2026-04-13 14:45:59,click,test
U0099,103,3,2.0,2026-04-13 14:47:05,save,test
U0312,78,3,2.0,2026-04-13 14:47:11,save,test
U0216,76,1,1.0,2026-04-13 14:48:22,click,test
U0099,31,1,1.0,2026-04-13 14:48:41,click,test
U0099,30,3,2.0,2026-04-13 14:51:06,save,test
U0099,51,1,1.0,2026-04-13 14:52:28,click,test
U0139,102,5,5.0,2026-04-13 14:52:56,order_or_booking,test
U0107,86,1,1.0,2026-04-13 14:53:43,click,test
U0099,74,1,1.0,2026-04-13 14:58:39,click,test
U0107,51,5,5.0,2026-04-13 15:05:38,order_or_booking,test
U0099,67,5,5.0,2026-04-13 15:35:26,order_or_booking,test
U0224,82,1,1.0,2026-04-13 15:52:14,click,test
U0224,90,1,1.0,2026-04-13 15:54:29,click,test
U0224,76,4,3.0,2026-04-13 16:05:03,cart_add,test
U0150,98,1,1.0,2026-04-13 17:02:18,click,test
U0150,60,1,1.0,2026-04-13 17:02:19,click,test
U0150,45,3,2.0,2026-04-13 17:02:27,save,test
U0150,75,1,1.0,2026-04-13 17:04:31,click,test
U0150,70,1,1.0,2026-04-13 17:13:47,click,test
U0150,99,5,5.0,2026-04-13 17:14:18,order_or_booking,test
U0150,81,3,2.0,2026-04-13 17:17:24,save,test
U0150,86,4,3.0,2026-04-13 17:27:21,cart_add,test
U0084,97,5,5.0,2026-04-13 18:20:34,order_or_booking,test
U0084,71,1,1.0,2026-04-13 18:22:49,click,test
U0084,101,1,1.0,2026-04-13 18:31:09,click,test
U0084,41,4,3.0,2026-04-13 18:36:37,cart_add,test
U0084,59,5,5.0,2026-04-13 18:38:24,order_or_booking,test
U0084,42,5,5.0,2026-04-13 19:01:29,order_or_booking,test
U0152,87,3,2.0,2026-04-13 19:36:01,save,test
U0152,37,4,3.0,2026-04-13 19:36:39,cart_add,test
U0145,85,1,1.0,2026-04-13 19:49:50,click,test
U0145,47,3,2.0,2026-04-13 19:50:02,save,test
U0145,71,3,2.0,2026-04-13 19:59:34,save,test
U0145,78,5,5.0,2026-04-13 20:04:47,order_or_booking,test
U0145,87,5,5.0,2026-04-13 20:12:04,order_or_booking,test
U0007,69,1,1.0,2026-04-13 22:01:41,click,test
U0007,75,1,1.0,2026-04-13 22:02:49,click,test
U0270,104,1,1.0,2026-04-13 22:03:16,click,test
U0007,98,5,5.0,2026-04-13 22:05:50,order_or_booking,test
U0243,34,1,1.0,2026-04-13 22:18:21,click,test
U0243,71,1,1.0,2026-04-13 22:20:37,click,test
U0243,45,3,2.0,2026-04-13 22:28:45,save,test
U0243,82,3,2.0,2026-04-13 22:31:25,save,test
U0091,38,1,1.0,2026-04-14 08:14:30,click,test
U0318,40,1,1.0,2026-04-14 08:22:14,click,test
U0318,86,5,5.0,2026-04-14 08:25:42,order_or_booking,test
U0136,49,1,1.0,2026-04-14 08:27:09,click,test
U0136,89,1,1.0,2026-04-14 08:30:25,click,test
U0318,56,1,1.0,2026-04-14 08:31:07,click,test
U0318,31,3,2.0,2026-04-14 08:31:07,save,test
U0136,32,1,1.0,2026-04-14 08:33:28,click,test
U0162,84,1,1.0,2026-04-14 08:38:14,click,test
U0162,35,1,1.0,2026-04-14 08:38:49,click,test
U0350,40,3,2.0,2026-04-14 10:16:19,save,test
U0350,37,3,2.0,2026-04-14 10:18:00,save,test
U0060,84,1,1.0,2026-04-14 10:18:47,click,test
U0250,79,1,1.0,2026-04-14 10:19:11,click,test
U0060,97,1,1.0,2026-04-14 10:19:55,click,test
U0250,99,1,1.0,2026-04-14 10:21:38,click,test
U0250,69,1,1.0,2026-04-14 10:23:29,click,test
U0285,75,1,1.0,2026-04-14 11:07:43,click,test
U0285,48,1,1.0,2026-04-14 11:09:14,click,test
U0285,91,1,1.0,2026-04-14 11:10:46,click,test
U0064,46,4,3.0,2026-04-14 11:31:38,cart_add,test
U0064,53,1,1.0,2026-04-14 11:32:17,click,test
U0064,106,1,1.0,2026-04-14 11:36:27,click,test
U0064,97,3,2.0,2026-04-14 11:38:05,save,test
U0064,50,1,1.0,2026-04-14 11:38:28,click,test
U0064,32,1,1.0,2026-04-14 11:45:03,click,test
U0064,55,3,2.0,2026-04-14 11:51:55,save,test
U0278,54,1,1.0,2026-04-14 11:58:10,click,test
U0278,84,1,1.0,2026-04-14 12:07:56,click,test
U0278,49,3,2.0,2026-04-14 12:09:28,save,test
U0278,38,1,1.0,2026-04-14 12:11:54,click,test
U0033,74,1,1.0,2026-04-14 12:36:11,click,test
U0033,98,5,5.0,2026-04-14 12:59:26,order_or_booking,test
U0154,105,3,2.0,2026-04-14 13:51:12,save,test
U0154,63,1,1.0,2026-04-14 14:01:04,click,test
U0289,41,3,2.0,2026-04-14 14:12:07,save,test
U0289,58,1,1.0,2026-04-14 14:13:21,click,test
U0289,43,4,3.0,2026-04-14 14:21:56,cart_add,test
U0154,103,5,5.0,2026-04-14 14:25:20,order_or_booking,test
U0079,69,1,1.0,2026-04-14 14:53:26,click,test
U0079,62,3,2.0,2026-04-14 14:56:35,save,test
U0079,61,1,1.0,2026-04-14 15:01:14,click,test
U0079,66,5,5.0,2026-04-14 15:04:05,order_or_booking,test
U0079,80,5,5.0,2026-04-14 15:15:55,order_or_booking,test
U0079,85,5,5.0,2026-04-14 15:31:28,order_or_booking,test
U0115,63,1,1.0,2026-04-14 15:48:10,click,test
U0115,71,1,1.0,2026-04-14 15:50:31,click,test
U0115,73,1,1.0,2026-04-14 15:52:00,click,test
U0115,78,5,5.0,2026-04-14 16:35:33,order_or_booking,test
U0057,44,3,2.0,2026-04-14 19:07:37,save,test
U0057,74,1,1.0,2026-04-14 19:08:44,click,test
U0006,42,5,5.0,2026-04-14 19:11:59,order_or_booking,test
U0254,44,1,1.0,2026-04-14 20:08:07,click,test
U0254,99,3,2.0,2026-04-14 20:08:51,save,test
U0094,97,1,1.0,2026-04-14 20:16:57,click,test
U0094,30,5,5.0,2026-04-14 20:44:50,order_or_booking,test
U0164,61,3,2.0,2026-04-14 20:55:07,save,test
U0164,37,3,2.0,2026-04-14 20:56:59,save,test
U0164,31,3,2.0,2026-04-14 20:59:14,save,test
U0164,35,1,1.0,2026-04-14 20:59:25,click,test
U0164,45,5,5.0,2026-04-14 21:05:06,order_or_booking,test
U0164,40,1,1.0,2026-04-14 21:07:41,click,test
U0164,69,1,1.0,2026-04-14 21:09:21,click,test
U0164,58,5,5.0,2026-04-14 21:20:45,order_or_booking,test
U0005,89,1,1.0,2026-04-14 21:38:10,click,test
U0195,37,3,2.0,2026-04-14 21:58:16,save,test
U0331,48,1,1.0,2026-04-14 21:59:22,click,test
U0005,96,5,5.0,2026-04-14 22:06:24,order_or_booking,test
U0233,57,3,2.0,2026-04-14 22:55:25,save,test
U0233,37,1,1.0,2026-04-14 22:58:17,click,test
U0233,33,1,1.0,2026-04-14 22:59:58,click,test
U0033,42,1,1.0,2026-04-15 09:02:43,click,test
U0033,106,1,1.0,2026-04-15 09:04:23,click,test
U0246,59,3,2.0,2026-04-15 10:03:10,save,test
U0138,44,1,1.0,2026-04-15 10:57:48,click,test
U0138,53,4,3.0,2026-04-15 11:00:04,cart_add,test
U0138,57,5,5.0,2026-04-15 11:42:01,order_or_booking,test
U0042,70,1,1.0,2026-04-15 14:15:22,click,test
U0042,102,3,2.0,2026-04-15 14:16:29,save,test
U0042,89,1,1.0,2026-04-15 14:16:50,click,test
U0013,96,1,1.0,2026-04-15 14:17:06,click,test
U0013,77,3,2.0,2026-04-15 14:17:48,save,test
U0013,88,1,1.0,2026-04-15 14:19:10,click,test
U0013,40,1,1.0,2026-04-15 14:20:41,click,test
U0013,51,1,1.0,2026-04-15 14:26:18,click,test
U0013,36,4,3.0,2026-04-15 14:30:52,cart_add,test
U0139,66,3,2.0,2026-04-15 14:35:55,save,test
U0089,46,3,2.0,2026-04-15 14:37:45,save,test
U0013,58,1,1.0,2026-04-15 14:38:54,click,test
U0042,92,5,5.0,2026-04-15 14:39:05,order_or_booking,test
U0139,58,5,5.0,2026-04-15 14:42:59,order_or_booking,test
U0055,105,1,1.0,2026-04-15 15:12:40,click,test
U0055,53,1,1.0,2026-04-15 15:12:57,click,test
U0089,89,5,5.0,2026-04-15 15:17:29,order_or_booking,test
U0055,88,5,5.0,2026-04-15 15:22:41,order_or_booking,test
U0055,40,1,1.0,2026-04-15 15:27:47,click,test
U0220,80,1,1.0,2026-04-15 15:33:06,click,test
U0258,52,3,2.0,2026-04-15 15:37:05,save,test
U0258,72,3,2.0,2026-04-15 15:38:54,save,test
U0258,35,5,5.0,2026-04-15 15:40:31,order_or_booking,test
U0258,88,3,2.0,2026-04-15 15:41:02,save,test
U0258,91,3,2.0,2026-04-15 15:41:25,save,test
U0258,97,4,3.0,2026-04-15 15:45:22,cart_add,test
U0258,50,1,1.0,2026-04-15 15:47:55,click,test
U0258,43,1,1.0,2026-04-15 15:49:09,click,test
U0220,52,5,5.0,2026-04-15 16:04:52,order_or_booking,test
U0037,52,1,1.0,2026-04-15 16:05:01,click,test
U0037,91,1,1.0,2026-04-15 16:08:11,click,test
U0037,66,1,1.0,2026-04-15 16:09:58,click,test
U0037,102,1,1.0,2026-04-15 16:11:19,click,test
U0267,83,3,2.0,2026-04-15 16:11:20,save,test
U0267,36,1,1.0,2026-04-15 16:12:25,click,test
U0267,31,1,1.0,2026-04-15 16:12:33,click,test
U0267,65,3,2.0,2026-04-15 16:16:24,save,test
U0267,58,5,5.0,2026-04-15 16:26:38,order_or_booking,test
U0267,80,5,5.0,2026-04-15 16:31:56,order_or_booking,test
U0040,48,1,1.0,2026-04-15 17:35:05,click,test
U0040,45,1,1.0,2026-04-15 17:36:23,click,test
U0040,77,3,2.0,2026-04-15 17:36:34,save,test
U0040,98,4,3.0,2026-04-15 17:41:47,cart_add,test
U0040,64,1,1.0,2026-04-15 17:45:06,click,test
U0040,34,1,1.0,2026-04-15 17:46:35,click,test
U0291,72,1,1.0,2026-04-15 18:01:08,click,test
U0291,89,3,2.0,2026-04-15 18:03:58,save,test
U0291,92,3,2.0,2026-04-15 18:04:14,save,test
U0291,30,3,2.0,2026-04-15 18:05:04,save,test
U0291,57,1,1.0,2026-04-15 18:07:36,click,test
U0291,84,1,1.0,2026-04-15 18:18:34,click,test
U0291,34,5,5.0,2026-04-15 18:20:49,order_or_booking,test
U0291,98,1,1.0,2026-04-15 18:22:57,click,test
U0127,50,1,1.0,2026-04-15 18:36:05,click,test
U0127,48,1,1.0,2026-04-15 18:38:39,click,test
U0040,46,1,1.0,2026-04-15 18:44:58,click,test
U0040,86,3,2.0,2026-04-15 18:46:17,save,test
U0040,79,1,1.0,2026-04-15 18:48:12,click,test
U0234,80,1,1.0,2026-04-15 18:57:18,click,test
U0127,60,5,5.0,2026-04-15 19:03:06,order_or_booking,test
U0040,70,5,5.0,2026-04-15 19:07:00,order_or_booking,test
U0127,47,5,5.0,2026-04-15 19:07:54,order_or_booking,test
U0234,59,5,5.0,2026-04-15 19:14:05,order_or_booking,test
U0047,78,1,1.0,2026-04-15 19:48:08,click,test
U0047,58,5,5.0,2026-04-15 20:28:14,order_or_booking,test
U0063,40,1,1.0,2026-04-15 21:30:23,click,test
U0063,75,3,2.0,2026-04-15 21:31:55,save,test
U0063,87,1,1.0,2026-04-15 21:33:44,click,test
U0063,63,3,2.0,2026-04-15 21:34:27,save,test
U0063,99,5,5.0,2026-04-15 21:36:09,order_or_booking,test
U0063,61,1,1.0,2026-04-15 21:37:27,click,test
U0310,107,1,1.0,2026-04-15 21:40:21,click,test
U0063,71,1,1.0,2026-04-15 21:41:09,click,test
U0310,54,5,5.0,2026-04-15 21:44:03,order_or_booking,test
U0063,70,1,1.0,2026-04-15 21:44:37,click,test
U0063,53,1,1.0,2026-04-15 21:46:18,click,test
U0063,65,5,5.0,2026-04-15 22:08:05,order_or_booking,test
U0063,85,5,5.0,2026-04-15 22:13:29,order_or_booking,test
U0349,96,3,2.0,2026-04-16 08:45:40,save,test
U0349,95,1,1.0,2026-04-16 08:47:43,click,test
U0349,42,1,1.0,2026-04-16 08:50:30,click,test
U0349,30,5,5.0,2026-04-16 08:53:23,order_or_booking,test
U0349,83,5,5.0,2026-04-16 08:55:15,order_or_booking,test
U0349,65,5,5.0,2026-04-16 08:58:31,order_or_booking,test
U0260,49,1,1.0,2026-04-16 09:08:58,click,test
U0260,95,1,1.0,2026-04-16 09:09:13,click,test
U0349,76,5,5.0,2026-04-16 09:09:37,order_or_booking,test
U0318,87,4,3.0,2026-04-16 09:35:00,cart_add,test
U0318,99,1,1.0,2026-04-16 09:35:06,click,test
U0318,75,3,2.0,2026-04-16 09:35:35,save,test
U0318,79,1,1.0,2026-04-16 09:40:00,click,test
U0323,104,5,5.0,2026-04-16 10:02:35,order_or_booking,test
U0323,64,5,5.0,2026-04-16 10:30:14,order_or_booking,test
U0084,35,3,2.0,2026-04-16 11:01:05,save,test
U0084,99,5,5.0,2026-04-16 11:05:15,order_or_booking,test
U0084,82,1,1.0,2026-04-16 11:06:05,click,test
U0084,75,4,3.0,2026-04-16 11:07:03,cart_add,test
U0084,56,1,1.0,2026-04-16 11:08:40,click,test
U0184,31,1,1.0,2026-04-16 11:09:28,click,test
U0184,50,1,1.0,2026-04-16 11:10:52,click,test
U0184,55,4,3.0,2026-04-16 11:12:28,cart_add,test
U0184,97,1,1.0,2026-04-16 11:15:39,click,test
U0084,77,5,5.0,2026-04-16 11:20:41,order_or_booking,test
U0084,51,1,1.0,2026-04-16 11:23:47,click,test
U0084,70,1,1.0,2026-04-16 11:24:01,click,test
U0084,44,5,5.0,2026-04-16 11:26:24,order_or_booking,test
U0184,92,5,5.0,2026-04-16 11:28:16,order_or_booking,test
U0187,32,1,1.0,2026-04-16 11:41:53,click,test
U0187,49,1,1.0,2026-04-16 11:42:00,click,test
U0106,74,4,3.0,2026-04-16 11:42:14,cart_add,test
U0187,96,3,2.0,2026-04-16 11:44:26,save,test
U0106,77,1,1.0,2026-04-16 11:45:13,click,test
U0106,107,1,1.0,2026-04-16 11:45:50,click,test
U0187,56,1,1.0,2026-04-16 11:49:55,click,test
U0164,56,1,1.0,2026-04-16 12:19:35,click,test
U0164,78,3,2.0,2026-04-16 12:19:56,save,test
U0164,83,5,5.0,2026-04-16 12:21:43,order_or_booking,test
U0164,71,3,2.0,2026-04-16 12:37:31,save,test
U0164,47,5,5.0,2026-04-16 12:37:38,order_or_booking,test
U0187,82,1,1.0,2026-04-16 15:56:18,click,test
U0187,52,1,1.0,2026-04-16 15:56:54,click,test
U0327,58,3,2.0,2026-04-16 15:57:13,save,test
U0081,100,1,1.0,2026-04-16 16:14:11,click,test
U0081,55,1,1.0,2026-04-16 16:15:02,click,test
U0320,45,3,2.0,2026-04-16 16:18:18,save,test
U0081,30,1,1.0,2026-04-16 16:19:02,click,test
U0320,108,1,1.0,2026-04-16 16:19:11,click,test
U0081,78,3,2.0,2026-04-16 16:21:45,save,test
U0327,107,5,5.0,2026-04-16 16:23:36,order_or_booking,test
U0081,50,4,3.0,2026-04-16 16:24:21,cart_add,test
U0320,84,1,1.0,2026-04-16 16:26:02,click,test
U0320,32,1,1.0,2026-04-16 16:27:25,click,test
U0081,31,5,5.0,2026-04-16 16:27:55,order_or_booking,test
U0320,83,5,5.0,2026-04-16 16:35:07,order_or_booking,test
U0282,96,1,1.0,2026-04-16 16:42:21,click,test
U0282,77,1,1.0,2026-04-16 16:45:08,click,test
U0320,44,5,5.0,2026-04-16 16:52:27,order_or_booking,test
U0050,37,1,1.0,2026-04-16 18:11:27,click,test
U0050,57,3,2.0,2026-04-16 18:14:26,save,test
U0237,98,1,1.0,2026-04-16 18:48:40,click,test
U0237,73,5,5.0,2026-04-16 18:54:38,order_or_booking,test
U0343,46,1,1.0,2026-04-16 18:56:22,click,test
U0237,35,5,5.0,2026-04-16 18:58:16,order_or_booking,test
U0343,104,1,1.0,2026-04-16 18:59:50,click,test
U0313,47,4,3.0,2026-04-16 19:20:00,cart_add,test
U0343,91,5,5.0,2026-04-16 19:21:46,order_or_booking,test
U0237,49,5,5.0,2026-04-16 19:27:39,order_or_booking,test
U0318,93,1,1.0,2026-04-16 20:10:23,click,test
U0318,37,1,1.0,2026-04-16 20:12:09,click,test
U0318,78,1,1.0,2026-04-16 20:15:41,click,test
U0318,106,1,1.0,2026-04-16 20:17:15,click,test
U0258,31,3,2.0,2026-04-16 20:38:13,save,test
U0258,95,4,3.0,2026-04-16 20:40:40,cart_add,test
U0258,84,3,2.0,2026-04-16 20:44:15,save,test
U0258,30,4,3.0,2026-04-16 20:45:26,cart_add,test
U0258,106,3,2.0,2026-04-16 20:48:27,save,test
U0258,102,1,1.0,2026-04-16 20:52:10,click,test
U0237,52,4,3.0,2026-04-16 21:08:33,cart_add,test
U0237,33,4,3.0,2026-04-16 21:11:15,cart_add,test
U0237,54,3,2.0,2026-04-16 21:43:36,save,test
U0237,37,1,1.0,2026-04-16 21:49:07,click,test
U0237,43,3,2.0,2026-04-16 21:50:01,save,test
U0242,82,5,5.0,2026-04-16 22:27:29,order_or_booking,test
U0272,57,1,1.0,2026-04-16 22:43:35,click,test
U0242,95,5,5.0,2026-04-16 22:48:21,order_or_booking,test
U0272,67,5,5.0,2026-04-16 22:51:03,order_or_booking,test
U0272,86,1,1.0,2026-04-16 22:51:31,click,test
U0272,61,1,1.0,2026-04-16 22:55:07,click,test
U0144,84,1,1.0,2026-04-17 08:22:35,click,test
U0144,101,3,2.0,2026-04-17 08:26:14,save,test
U0144,38,3,2.0,2026-04-17 08:29:38,save,test
U0144,105,3,2.0,2026-04-17 08:30:40,save,test
U0144,48,1,1.0,2026-04-17 08:33:25,click,test
U0165,52,1,1.0,2026-04-17 08:35:35,click,test
U0165,43,4,3.0,2026-04-17 08:37:13,cart_add,test
U0165,56,3,2.0,2026-04-17 08:41:43,save,test
U0327,54,1,1.0,2026-04-17 08:44:47,click,test
U0327,101,1,1.0,2026-04-17 08:53:02,click,test
U0165,74,5,5.0,2026-04-17 08:57:24,order_or_booking,test
U0273,55,3,2.0,2026-04-17 08:59:37,save,test
U0165,34,5,5.0,2026-04-17 08:59:45,order_or_booking,test
U0273,90,1,1.0,2026-04-17 09:00:05,click,test
U0273,108,1,1.0,2026-04-17 09:00:55,click,test
U0273,71,3,2.0,2026-04-17 09:01:11,save,test
U0273,52,1,1.0,2026-04-17 09:01:32,click,test
U0165,77,5,5.0,2026-04-17 09:05:20,order_or_booking,test
U0273,68,1,1.0,2026-04-17 09:14:08,click,test
U0066,46,1,1.0,2026-04-17 09:51:27,click,test
U0088,40,1,1.0,2026-04-17 11:44:43,click,test
U0088,108,1,1.0,2026-04-17 11:51:21,click,test
U0088,94,1,1.0,2026-04-17 11:51:49,click,test
U0088,96,1,1.0,2026-04-17 11:53:03,click,test
U0329,75,3,2.0,2026-04-17 13:07:29,save,test
U0271,77,3,2.0,2026-04-17 13:09:34,save,test
U0117,45,1,1.0,2026-04-17 13:11:44,click,test
U0271,52,1,1.0,2026-04-17 13:11:47,click,test
U0117,49,1,1.0,2026-04-17 13:12:04,click,test
U0329,55,1,1.0,2026-04-17 13:12:11,click,test
U0117,52,5,5.0,2026-04-17 13:18:51,order_or_booking,test
U0117,37,1,1.0,2026-04-17 13:21:24,click,test
U0117,42,5,5.0,2026-04-17 13:26:58,order_or_booking,test
U0329,52,5,5.0,2026-04-17 13:35:27,order_or_booking,test
U0256,100,1,1.0,2026-04-17 14:05:41,click,test
U0256,33,1,1.0,2026-04-17 14:05:44,click,test
U0256,36,1,1.0,2026-04-17 14:05:56,click,test
U0216,47,1,1.0,2026-04-17 14:10:27,click,test
U0216,107,4,3.0,2026-04-17 14:16:31,cart_add,test
U0253,70,4,3.0,2026-04-17 14:20:52,cart_add,test
U0349,37,3,2.0,2026-04-17 14:54:31,save,test
U0349,57,1,1.0,2026-04-17 15:03:23,click,test
U0349,63,5,5.0,2026-04-17 15:25:35,order_or_booking,test
U0349,99,5,5.0,2026-04-17 15:26:36,order_or_booking,test
U0186,87,1,1.0,2026-04-17 16:08:46,click,test
U0204,66,1,1.0,2026-04-17 16:23:29,click,test
U0325,37,3,2.0,2026-04-17 16:40:25,save,test
U0325,66,3,2.0,2026-04-17 16:41:09,save,test
U0325,52,3,2.0,2026-04-17 16:41:31,save,test
U0325,40,4,3.0,2026-04-17 16:42:11,cart_add,test
U0325,72,3,2.0,2026-04-17 16:42:55,save,test
U0255,102,1,1.0,2026-04-17 16:43:15,click,test
U0255,44,3,2.0,2026-04-17 16:44:59,save,test
U0255,104,3,2.0,2026-04-17 16:45:13,save,test
U0255,48,1,1.0,2026-04-17 16:46:45,click,test
U0255,43,3,2.0,2026-04-17 16:47:01,save,test
U0325,85,1,1.0,2026-04-17 16:48:11,click,test
U0325,89,1,1.0,2026-04-17 16:50:22,click,test
U0068,90,1,1.0,2026-04-17 16:50:28,click,test
U0325,84,3,2.0,2026-04-17 16:51:15,save,test
U0068,54,4,3.0,2026-04-17 16:57:29,cart_add,test
U0255,41,5,5.0,2026-04-17 16:58:47,order_or_booking,test
U0068,47,5,5.0,2026-04-17 17:00:08,order_or_booking,test
U0255,67,1,1.0,2026-04-17 17:01:20,click,test
U0204,88,5,5.0,2026-04-17 17:04:33,order_or_booking,test
U0068,78,5,5.0,2026-04-17 17:06:34,order_or_booking,test
U0068,42,5,5.0,2026-04-17 17:14:05,order_or_booking,test
U0068,63,5,5.0,2026-04-17 17:27:26,order_or_booking,test
U0068,65,5,5.0,2026-04-17 17:30:29,order_or_booking,test
U0159,107,3,2.0,2026-04-17 18:44:55,save,test
U0159,38,3,2.0,2026-04-17 18:46:58,save,test
U0159,77,1,1.0,2026-04-17 18:48:56,click,test
U0159,45,4,3.0,2026-04-17 18:49:37,cart_add,test
U0159,97,3,2.0,2026-04-17 18:50:58,save,test
U0159,73,5,5.0,2026-04-17 18:52:10,order_or_booking,test
U0159,75,1,1.0,2026-04-17 18:52:16,click,test
U0159,101,3,2.0,2026-04-17 18:52:31,save,test
U0159,34,1,1.0,2026-04-17 18:53:18,click,test
U0159,47,4,3.0,2026-04-17 18:59:23,cart_add,test
U0159,99,1,1.0,2026-04-17 19:02:51,click,test
U0159,100,1,1.0,2026-04-17 19:06:09,click,test
U0159,44,5,5.0,2026-04-17 19:13:05,order_or_booking,test
U0190,92,1,1.0,2026-04-17 19:42:04,click,test
U0190,100,4,3.0,2026-04-17 19:49:09,cart_add,test
U0285,101,3,2.0,2026-04-17 19:58:36,save,test
U0062,71,1,1.0,2026-04-17 20:11:15,click,test
U0062,33,1,1.0,2026-04-17 20:13:31,click,test
U0050,68,1,1.0,2026-04-17 20:13:42,click,test
U0062,98,1,1.0,2026-04-17 20:14:40,click,test
U0237,59,3,2.0,2026-04-17 20:21:10,save,test
U0237,100,4,3.0,2026-04-17 20:22:42,cart_add,test
U0237,102,1,1.0,2026-04-17 20:23:58,click,test
U0258,62,3,2.0,2026-04-17 20:28:46,save,test
U0237,56,4,3.0,2026-04-17 20:29:03,cart_add,test
U0258,51,3,2.0,2026-04-17 20:29:32,save,test
U0258,98,1,1.0,2026-04-17 20:30:00,click,test
U0258,101,4,3.0,2026-04-17 20:30:35,cart_add,test
U0258,108,1,1.0,2026-04-17 20:31:25,click,test
U0258,45,4,3.0,2026-04-17 20:36:59,cart_add,test
U0258,75,3,2.0,2026-04-17 20:38:36,save,test
U0062,75,5,5.0,2026-04-17 20:47:09,order_or_booking,test
U0062,58,5,5.0,2026-04-17 20:48:54,order_or_booking,test
U0070,50,3,2.0,2026-04-17 21:14:50,save,test
U0070,99,3,2.0,2026-04-17 21:16:39,save,test
U0070,74,3,2.0,2026-04-17 21:16:49,save,test
U0070,67,3,2.0,2026-04-17 21:16:51,save,test
U0070,78,1,1.0,2026-04-17 21:20:21,click,test
U0070,61,3,2.0,2026-04-17 21:21:51,save,test
U0070,96,1,1.0,2026-04-17 21:28:24,click,test
U0163,35,1,1.0,2026-04-17 21:34:38,click,test
U0070,31,4,3.0,2026-04-17 21:35:47,cart_add,test
U0163,100,5,5.0,2026-04-17 21:43:35,order_or_booking,test
U0114,37,3,2.0,2026-04-17 22:50:39,save,test
U0114,90,1,1.0,2026-04-17 22:53:46,click,test
U0114,30,3,2.0,2026-04-17 22:54:47,save,test
U0114,74,1,1.0,2026-04-17 22:55:16,click,test
U0114,70,1,1.0,2026-04-17 22:57:22,click,test
U0114,75,3,2.0,2026-04-17 22:58:45,save,test
U0349,34,3,2.0,2026-04-18 08:20:16,save,test
U0349,39,3,2.0,2026-04-18 08:25:28,save,test
U0349,32,5,5.0,2026-04-18 08:27:35,order_or_booking,test
U0349,36,1,1.0,2026-04-18 08:30:23,click,test
U0349,78,5,5.0,2026-04-18 08:36:13,order_or_booking,test
U0349,50,1,1.0,2026-04-18 08:36:57,click,test
U0349,58,5,5.0,2026-04-18 08:41:43,order_or_booking,test
U0085,37,1,1.0,2026-04-18 09:30:45,click,test
U0085,48,4,3.0,2026-04-18 09:31:21,cart_add,test
U0085,101,1,1.0,2026-04-18 09:34:01,click,test
U0085,54,1,1.0,2026-04-18 09:34:16,click,test
U0085,35,1,1.0,2026-04-18 09:34:40,click,test
U0085,71,3,2.0,2026-04-18 09:36:03,save,test
U0304,35,1,1.0,2026-04-18 10:19:16,click,test
U0304,49,1,1.0,2026-04-18 10:21:51,click,test
U0304,45,1,1.0,2026-04-18 10:23:26,click,test
U0304,75,5,5.0,2026-04-18 10:35:07,order_or_booking,test
U0304,105,5,5.0,2026-04-18 10:48:23,order_or_booking,test
U0184,101,1,1.0,2026-04-18 11:15:57,click,test
U0184,35,1,1.0,2026-04-18 11:21:48,click,test
U0286,102,1,1.0,2026-04-18 11:29:46,click,test
U0286,30,4,3.0,2026-04-18 11:37:53,cart_add,test
U0282,91,1,1.0,2026-04-18 11:43:01,click,test
U0282,86,3,2.0,2026-04-18 11:46:31,save,test
U0282,75,1,1.0,2026-04-18 11:47:28,click,test
U0184,104,1,1.0,2026-04-18 11:51:07,click,test
U0184,63,3,2.0,2026-04-18 11:52:09,save,test
U0184,57,1,1.0,2026-04-18 11:52:54,click,test
U0282,58,1,1.0,2026-04-18 11:55:04,click,test
U0209,45,5,5.0,2026-04-18 12:12:21,order_or_booking,test
U0084,67,1,1.0,2026-04-18 12:13:31,click,test
U0240,98,3,2.0,2026-04-18 12:15:20,save,test
U0240,97,1,1.0,2026-04-18 12:15:46,click,test
U0084,52,1,1.0,2026-04-18 12:17:47,click,test
U0084,31,5,5.0,2026-04-18 12:23:39,order_or_booking,test
U0084,69,3,2.0,2026-04-18 12:27:24,save,test
U0084,98,3,2.0,2026-04-18 12:27:51,save,test
U0078,106,4,3.0,2026-04-18 12:30:37,cart_add,test
U0084,88,1,1.0,2026-04-18 12:34:52,click,test
U0084,103,3,2.0,2026-04-18 12:38:39,save,test
U0240,89,5,5.0,2026-04-18 12:43:26,order_or_booking,test
U0084,68,5,5.0,2026-04-18 12:43:56,order_or_booking,test
U0078,85,5,5.0,2026-04-18 12:50:27,order_or_booking,test
U0341,73,3,2.0,2026-04-18 13:02:57,save,test
U0341,59,3,2.0,2026-04-18 13:03:20,save,test
U0084,85,5,5.0,2026-04-18 13:04:57,order_or_booking,test
U0341,72,1,1.0,2026-04-18 13:07:25,click,test
U0119,37,1,1.0,2026-04-18 14:00:28,click,test
U0119,87,1,1.0,2026-04-18 14:03:22,click,test
U0119,70,1,1.0,2026-04-18 14:03:39,click,test
U0240,71,4,3.0,2026-04-18 14:05:11,cart_add,test
U0240,95,1,1.0,2026-04-18 14:06:06,click,test
U0119,104,1,1.0,2026-04-18 14:06:15,click,test
U0240,31,1,1.0,2026-04-18 14:07:09,click,test
U0119,102,5,5.0,2026-04-18 14:13:18,order_or_booking,test
U0240,76,1,1.0,2026-04-18 14:17:03,click,test
U0179,52,1,1.0,2026-04-18 14:19:57,click,test
U0010,88,1,1.0,2026-04-18 14:21:08,click,test
U0010,77,1,1.0,2026-04-18 14:23:44,click,test
U0010,56,3,2.0,2026-04-18 14:25:29,save,test
U0010,52,3,2.0,2026-04-18 14:27:23,save,test
U0228,101,3,2.0,2026-04-18 14:41:03,save,test
U0228,106,4,3.0,2026-04-18 14:43:59,cart_add,test
U0228,102,3,2.0,2026-04-18 14:44:54,save,test
U0310,109,1,1.0,2026-04-18 14:53:21,click,test
U0310,56,3,2.0,2026-04-18 14:56:41,save,test
U0187,68,1,1.0,2026-04-18 15:22:07,click,test
U0075,38,1,1.0,2026-04-18 15:25:23,click,test
U0075,106,1,1.0,2026-04-18 15:25:46,click,test
U0075,87,1,1.0,2026-04-18 15:42:31,click,test
U0187,53,5,5.0,2026-04-18 15:45:46,order_or_booking,test
U0075,61,5,5.0,2026-04-18 15:47:56,order_or_booking,test
U0114,86,1,1.0,2026-04-18 17:01:23,click,test
U0114,102,1,1.0,2026-04-18 17:03:58,click,test
U0114,87,1,1.0,2026-04-18 17:08:13,click,test
U0114,80,5,5.0,2026-04-18 17:10:01,order_or_booking,test
U0114,93,1,1.0,2026-04-18 17:10:11,click,test
U0114,49,3,2.0,2026-04-18 17:11:13,save,test
U0114,63,1,1.0,2026-04-18 17:12:46,click,test
U0114,71,4,3.0,2026-04-18 17:13:35,cart_add,test
U0114,54,5,5.0,2026-04-18 17:17:52,order_or_booking,test
U0138,86,4,3.0,2026-04-18 17:22:32,cart_add,test
U0138,58,1,1.0,2026-04-18 17:22:46,click,test
U0138,34,3,2.0,2026-04-18 17:23:34,save,test
U0114,65,3,2.0,2026-04-18 17:23:55,save,test
U0114,69,5,5.0,2026-04-18 17:24:18,order_or_booking,test
U0138,90,3,2.0,2026-04-18 17:26:09,save,test
U0138,72,1,1.0,2026-04-18 17:32:22,click,test
U0145,52,3,2.0,2026-04-18 17:58:26,save,test
U0134,97,4,3.0,2026-04-18 18:44:53,cart_add,test
U0134,81,4,3.0,2026-04-18 18:48:20,cart_add,test
U0134,49,3,2.0,2026-04-18 18:48:56,save,test
U0134,98,3,2.0,2026-04-18 18:50:51,save,test
U0134,73,1,1.0,2026-04-18 18:51:58,click,test
U0134,36,3,2.0,2026-04-18 18:52:56,save,test
U0134,35,4,3.0,2026-04-18 18:53:40,cart_add,test
U0134,52,1,1.0,2026-04-18 18:55:40,click,test
U0134,71,3,2.0,2026-04-18 18:57:20,save,test
U0169,50,3,2.0,2026-04-18 18:57:30,save,test
U0134,78,1,1.0,2026-04-18 18:57:50,click,test
U0229,87,3,2.0,2026-04-18 19:01:00,save,test
U0229,53,1,1.0,2026-04-18 19:01:18,click,test
U0229,35,3,2.0,2026-04-18 19:02:03,save,test
U0169,40,3,2.0,2026-04-18 19:03:36,save,test
U0229,105,3,2.0,2026-04-18 19:03:48,save,test
U0169,69,3,2.0,2026-04-18 19:03:52,save,test
U0161,75,3,2.0,2026-04-18 19:04:55,save,test
U0134,41,3,2.0,2026-04-18 19:06:07,save,test
U0161,98,3,2.0,2026-04-18 19:07:56,save,test
U0134,107,1,1.0,2026-04-18 19:09:12,click,test
U0161,74,3,2.0,2026-04-18 19:09:49,save,test
U0114,40,4,3.0,2026-04-18 19:10:33,cart_add,test
U0161,63,1,1.0,2026-04-18 19:10:52,click,test
U0114,98,3,2.0,2026-04-18 19:10:55,save,test
U0161,58,1,1.0,2026-04-18 19:11:02,click,test
U0229,103,3,2.0,2026-04-18 19:13:59,save,test
U0318,84,5,5.0,2026-04-18 19:17:21,order_or_booking,test
U0134,86,5,5.0,2026-04-18 19:18:20,order_or_booking,test
U0161,34,4,3.0,2026-04-18 19:21:17,cart_add,test
U0169,49,5,5.0,2026-04-18 19:25:42,order_or_booking,test
U0285,33,1,1.0,2026-04-18 19:31:22,click,test
U0285,108,3,2.0,2026-04-18 19:32:03,save,test
U0285,95,3,2.0,2026-04-18 19:35:02,save,test
U0285,65,5,5.0,2026-04-18 19:37:17,order_or_booking,test
U0318,77,5,5.0,2026-04-18 19:38:20,order_or_booking,test
U0068,106,1,1.0,2026-04-18 19:43:21,click,test
U0285,78,5,5.0,2026-04-18 19:44:22,order_or_booking,test
U0114,45,5,5.0,2026-04-18 19:47:40,order_or_booking,test
U0068,62,5,5.0,2026-04-18 20:11:27,order_or_booking,test
U0285,68,5,5.0,2026-04-18 20:14:21,order_or_booking,test
U0193,74,1,1.0,2026-04-18 21:52:11,click,test
U0193,35,1,1.0,2026-04-18 21:52:55,click,test
U0193,36,1,1.0,2026-04-18 21:53:16,click,test
U0193,89,1,1.0,2026-04-18 21:55:08,click,test
U0193,55,1,1.0,2026-04-18 21:57:17,click,test
U0193,50,1,1.0,2026-04-18 21:57:21,click,test
U0285,50,3,2.0,2026-04-18 23:01:36,save,test
U0285,41,1,1.0,2026-04-18 23:01:53,click,test
U0285,71,4,3.0,2026-04-18 23:05:54,cart_add,test
U0285,66,5,5.0,2026-04-18 23:41:09,order_or_booking,test
U0153,37,1,1.0,2026-04-19 09:17:09,click,test
U0153,41,1,1.0,2026-04-19 09:17:40,click,test
U0153,99,1,1.0,2026-04-19 09:20:39,click,test
U0153,108,1,1.0,2026-04-19 09:21:42,click,test
U0003,97,3,2.0,2026-04-19 09:38:17,save,test
U0125,45,3,2.0,2026-04-19 09:51:12,save,test
U0125,57,1,1.0,2026-04-19 09:54:44,click,test
U0125,99,1,1.0,2026-04-19 09:55:33,click,test
U0125,42,3,2.0,2026-04-19 09:59:52,save,test
U0125,43,1,1.0,2026-04-19 10:00:14,click,test
U0125,44,3,2.0,2026-04-19 10:03:14,save,test
U0005,42,4,3.0,2026-04-19 10:05:31,cart_add,test
U0005,34,3,2.0,2026-04-19 10:07:45,save,test
U0125,66,5,5.0,2026-04-19 10:12:37,order_or_booking,test
U0005,104,1,1.0,2026-04-19 10:13:51,click,test
U0005,83,3,2.0,2026-04-19 10:15:32,save,test
U0099,108,1,1.0,2026-04-19 10:20:47,click,test
U0099,99,1,1.0,2026-04-19 10:25:14,click,test
U0005,100,5,5.0,2026-04-19 10:28:43,order_or_booking,test
U0125,59,5,5.0,2026-04-19 10:29:23,order_or_booking,test
U0099,83,3,2.0,2026-04-19 10:30:15,save,test
U0208,67,3,2.0,2026-04-19 10:30:46,save,test
U0099,61,5,5.0,2026-04-19 11:01:35,order_or_booking,test
U0223,79,5,5.0,2026-04-19 11:02:01,order_or_booking,test
U0118,95,1,1.0,2026-04-19 11:04:11,click,test
U0118,77,3,2.0,2026-04-19 11:05:07,save,test
U0118,78,3,2.0,2026-04-19 11:05:27,save,test
U0118,66,1,1.0,2026-04-19 11:12:42,click,test
U0118,91,1,1.0,2026-04-19 11:22:00,click,test
U0263,71,1,1.0,2026-04-19 11:23:25,click,test
U0263,74,1,1.0,2026-04-19 11:23:57,click,test
U0263,101,4,3.0,2026-04-19 11:23:59,cart_add,test
U0263,107,1,1.0,2026-04-19 11:27:43,click,test
U0263,31,1,1.0,2026-04-19 11:31:16,click,test
U0263,53,1,1.0,2026-04-19 11:33:28,click,test
U0090,30,1,1.0,2026-04-19 11:34:24,click,test
U0090,101,1,1.0,2026-04-19 11:34:35,click,test
U0263,70,3,2.0,2026-04-19 11:34:52,save,test
U0090,51,1,1.0,2026-04-19 11:39:05,click,test
U0090,56,1,1.0,2026-04-19 11:39:09,click,test
U0300,39,3,2.0,2026-04-19 11:45:03,save,test
U0263,54,3,2.0,2026-04-19 11:45:40,save,test
U0300,53,3,2.0,2026-04-19 11:45:50,save,test
U0300,35,3,2.0,2026-04-19 11:48:45,save,test
U0202,65,1,1.0,2026-04-19 11:53:50,click,test
U0202,94,1,1.0,2026-04-19 11:53:59,click,test
U0300,105,1,1.0,2026-04-19 11:54:24,click,test
U0300,72,1,1.0,2026-04-19 11:57:02,click,test
U0300,60,5,5.0,2026-04-19 11:59:50,order_or_booking,test
U0190,48,1,1.0,2026-04-19 12:01:06,click,test
U0190,61,1,1.0,2026-04-19 12:04:16,click,test
U0263,97,5,5.0,2026-04-19 12:08:22,order_or_booking,test
U0299,94,1,1.0,2026-04-19 12:11:49,click,test
U0181,98,3,2.0,2026-04-19 12:18:38,save,test
U0181,31,1,1.0,2026-04-19 12:30:05,click,test
U0299,97,5,5.0,2026-04-19 12:37:34,order_or_booking,test
U0190,66,5,5.0,2026-04-19 12:42:29,order_or_booking,test
U0181,42,5,5.0,2026-04-19 12:48:22,order_or_booking,test
U0003,57,3,2.0,2026-04-19 13:19:43,save,test
U0003,108,1,1.0,2026-04-19 13:20:03,click,test
U0250,67,1,1.0,2026-04-19 13:30:26,click,test
U0084,54,1,1.0,2026-04-19 13:42:31,click,test
U0084,80,1,1.0,2026-04-19 13:42:44,click,test
U0084,73,1,1.0,2026-04-19 13:46:56,click,test
U0160,103,1,1.0,2026-04-19 13:53:11,click,test
U0160,90,3,2.0,2026-04-19 13:55:56,save,test
U0084,36,1,1.0,2026-04-19 13:57:50,click,test
U0084,93,1,1.0,2026-04-19 14:02:01,click,test
U0084,32,3,2.0,2026-04-19 14:04:13,save,test
U0084,33,3,2.0,2026-04-19 14:11:52,save,test
U0084,58,5,5.0,2026-04-19 14:18:41,order_or_booking,test
U0327,38,1,1.0,2026-04-19 14:33:06,click,test
U0327,71,1,1.0,2026-04-19 14:33:12,click,test
U0327,53,3,2.0,2026-04-19 14:33:38,save,test
U0327,97,1,1.0,2026-04-19 14:33:45,click,test
U0327,33,3,2.0,2026-04-19 14:34:12,save,test
U0327,36,3,2.0,2026-04-19 14:36:14,save,test
U0327,75,1,1.0,2026-04-19 14:38:49,click,test
U0089,53,1,1.0,2026-04-19 14:42:06,click,test
U0089,55,1,1.0,2026-04-19 14:48:50,click,test
U0089,68,3,2.0,2026-04-19 14:52:32,save,test
U0089,78,1,1.0,2026-04-19 14:55:16,click,test
U0089,66,5,5.0,2026-04-19 15:24:20,order_or_booking,test
U0325,51,1,1.0,2026-04-19 15:47:12,click,test
U0325,44,3,2.0,2026-04-19 15:49:53,save,test
U0325,75,1,1.0,2026-04-19 15:54:36,click,test
U0325,86,1,1.0,2026-04-19 15:55:04,click,test
U0325,63,1,1.0,2026-04-19 15:57:20,click,test
U0325,77,4,3.0,2026-04-19 15:58:50,cart_add,test
U0325,68,3,2.0,2026-04-19 16:03:14,save,test
U0325,71,1,1.0,2026-04-19 16:03:34,click,test
U0008,67,3,2.0,2026-04-19 17:12:00,save,test
U0008,42,1,1.0,2026-04-19 17:13:43,click,test
U0256,49,1,1.0,2026-04-19 17:29:32,click,test
U0042,105,3,2.0,2026-04-19 17:30:05,save,test
U0256,71,1,1.0,2026-04-19 17:31:04,click,test
U0042,100,1,1.0,2026-04-19 17:31:24,click,test
U0042,81,3,2.0,2026-04-19 17:35:52,save,test
U0256,70,1,1.0,2026-04-19 17:42:30,click,test
U0115,92,5,5.0,2026-04-19 18:05:36,order_or_booking,test
U0115,66,3,2.0,2026-04-19 18:09:45,save,test
U0115,85,5,5.0,2026-04-19 18:11:35,order_or_booking,test
U0115,79,5,5.0,2026-04-19 18:45:54,order_or_booking,test
U0340,33,3,2.0,2026-04-19 19:12:11,save,test
U0004,91,1,1.0,2026-04-19 19:16:26,click,test
U0004,34,3,2.0,2026-04-19 19:25:07,save,test
U0340,70,5,5.0,2026-04-19 19:33:52,order_or_booking,test
U0340,97,5,5.0,2026-04-19 19:40:08,order_or_booking,test
U0014,86,1,1.0,2026-04-19 20:08:39,click,test
U0014,75,4,3.0,2026-04-19 20:10:19,cart_add,test
U0014,82,3,2.0,2026-04-19 20:10:29,save,test
U0014,45,4,3.0,2026-04-19 20:17:15,cart_add,test
U0014,87,5,5.0,2026-04-19 20:28:31,order_or_booking,test
U0014,52,5,5.0,2026-04-19 20:28:52,order_or_booking,test
U0296,76,1,1.0,2026-04-19 20:40:25,click,test
U0296,40,3,2.0,2026-04-19 20:42:19,save,test
U0296,30,4,3.0,2026-04-19 20:46:06,cart_add,test
U0268,61,3,2.0,2026-04-19 20:50:37,save,test
U0268,54,3,2.0,2026-04-19 20:52:31,save,test
U0268,102,1,1.0,2026-04-19 20:53:04,click,test
U0268,32,3,2.0,2026-04-19 20:53:08,save,test
U0268,45,1,1.0,2026-04-19 20:53:08,click,test
U0325,101,1,1.0,2026-04-19 20:54:17,click,test
U0325,43,1,1.0,2026-04-19 20:56:48,click,test
U0268,40,1,1.0,2026-04-19 20:57:32,click,test
U0268,49,1,1.0,2026-04-19 21:00:31,click,test
U0268,106,5,5.0,2026-04-19 21:00:40,order_or_booking,test
U0325,50,4,3.0,2026-04-19 21:02:22,cart_add,test
U0268,38,1,1.0,2026-04-19 21:03:29,click,test
U0325,42,4,3.0,2026-04-19 21:03:34,cart_add,test
U0268,95,1,1.0,2026-04-19 21:05:28,click,test
U0325,97,3,2.0,2026-04-19 21:06:36,save,test
U0325,33,5,5.0,2026-04-19 21:07:45,order_or_booking,test
U0252,69,3,2.0,2026-04-19 21:10:20,save,test
U0095,48,3,2.0,2026-04-19 21:10:55,save,test
U0095,105,1,1.0,2026-04-19 21:18:39,click,test
U0252,103,5,5.0,2026-04-19 21:19:11,order_or_booking,test
U0252,98,5,5.0,2026-04-19 21:21:27,order_or_booking,test
U0331,33,3,2.0,2026-04-19 21:26:30,save,test
U0252,85,5,5.0,2026-04-19 21:30:52,order_or_booking,test
U0113,107,1,1.0,2026-04-19 22:35:16,click,test
U0113,102,1,1.0,2026-04-19 22:36:31,click,test
U0113,50,5,5.0,2026-04-19 22:53:30,order_or_booking,test
U0142,30,3,2.0,2026-04-20 08:09:23,save,test
U0142,79,3,2.0,2026-04-20 08:10:26,save,test
U0142,41,4,3.0,2026-04-20 08:12:54,cart_add,test
U0064,67,1,1.0,2026-04-20 08:45:27,click,test
U0064,103,3,2.0,2026-04-20 08:46:28,save,test
U0064,66,1,1.0,2026-04-20 08:46:37,click,test
U0064,36,3,2.0,2026-04-20 08:48:01,save,test
U0064,75,3,2.0,2026-04-20 08:48:21,save,test
U0064,42,1,1.0,2026-04-20 08:56:48,click,test
U0064,81,3,2.0,2026-04-20 08:57:29,save,test
U0230,34,1,1.0,2026-04-20 08:58:16,click,test
U0230,74,5,5.0,2026-04-20 09:05:30,order_or_booking,test
U0230,85,1,1.0,2026-04-20 09:10:35,click,test
U0186,39,4,3.0,2026-04-20 09:19:55,cart_add,test
U0186,106,4,3.0,2026-04-20 09:19:56,cart_add,test
U0186,30,1,1.0,2026-04-20 09:22:20,click,test
U0286,40,3,2.0,2026-04-20 09:53:03,save,test
U0286,70,5,5.0,2026-04-20 10:08:34,order_or_booking,test
U0085,70,3,2.0,2026-04-20 10:49:22,save,test
U0085,51,1,1.0,2026-04-20 10:49:54,click,test
U0085,73,3,2.0,2026-04-20 10:51:35,save,test
U0089,50,3,2.0,2026-04-20 10:52:23,save,test
U0089,43,3,2.0,2026-04-20 10:57:04,save,test
U0089,84,1,1.0,2026-04-20 11:00:25,click,test
U0089,57,5,5.0,2026-04-20 11:06:55,order_or_booking,test
U0089,33,3,2.0,2026-04-20 11:07:39,save,test
U0254,66,1,1.0,2026-04-20 11:53:10,click,test
U0254,101,1,1.0,2026-04-20 11:55:45,click,test
U0090,109,1,1.0,2026-04-20 12:06:23,click,test
U0090,95,4,3.0,2026-04-20 12:07:37,cart_add,test
U0090,44,4,3.0,2026-04-20 12:11:00,cart_add,test
U0254,50,5,5.0,2026-04-20 12:11:10,order_or_booking,test
U0090,102,5,5.0,2026-04-20 12:34:43,order_or_booking,test
U0324,42,1,1.0,2026-04-20 14:34:01,click,test
U0043,44,4,3.0,2026-04-20 14:40:24,cart_add,test
U0324,32,1,1.0,2026-04-20 14:42:03,click,test
U0043,103,1,1.0,2026-04-20 14:42:32,click,test
U0324,43,5,5.0,2026-04-20 14:55:55,order_or_booking,test
U0075,32,4,3.0,2026-04-20 15:01:26,cart_add,test
U0075,91,4,3.0,2026-04-20 15:01:31,cart_add,test
U0324,36,5,5.0,2026-04-20 15:02:03,order_or_booking,test
U0075,82,5,5.0,2026-04-20 15:27:14,order_or_booking,test
U0338,91,1,1.0,2026-04-20 16:36:01,click,test
U0338,43,4,3.0,2026-04-20 16:38:52,cart_add,test
U0338,34,1,1.0,2026-04-20 16:40:23,click,test
U0338,108,3,2.0,2026-04-20 16:41:34,save,test
U0169,36,3,2.0,2026-04-20 16:47:54,save,test
U0338,63,3,2.0,2026-04-20 16:48:37,save,test
U0338,75,1,1.0,2026-04-20 16:48:49,click,test
U0169,85,1,1.0,2026-04-20 16:53:57,click,test
U0169,52,3,2.0,2026-04-20 16:56:50,save,test
U0338,87,1,1.0,2026-04-20 16:58:19,click,test
U0169,48,4,3.0,2026-04-20 17:00:59,cart_add,test
U0169,59,5,5.0,2026-04-20 17:15:05,order_or_booking,test
U0169,57,5,5.0,2026-04-20 17:20:38,order_or_booking,test
U0018,80,1,1.0,2026-04-20 17:23:52,click,test
U0018,98,1,1.0,2026-04-20 17:25:42,click,test
U0018,53,1,1.0,2026-04-20 17:26:38,click,test
U0018,38,1,1.0,2026-04-20 17:26:57,click,test
U0031,90,3,2.0,2026-04-20 17:37:10,save,test
U0031,103,1,1.0,2026-04-20 17:39:19,click,test
U0031,36,1,1.0,2026-04-20 17:40:30,click,test
U0031,33,3,2.0,2026-04-20 17:41:29,save,test
U0031,84,5,5.0,2026-04-20 17:42:58,order_or_booking,test
U0031,98,5,5.0,2026-04-20 17:45:14,order_or_booking,test
U0031,72,1,1.0,2026-04-20 17:47:30,click,test
U0039,83,1,1.0,2026-04-20 18:36:11,click,test
U0039,100,1,1.0,2026-04-20 18:38:25,click,test
U0039,86,5,5.0,2026-04-20 18:38:52,order_or_booking,test
U0337,56,1,1.0,2026-04-20 18:41:20,click,test
U0337,79,3,2.0,2026-04-20 18:43:32,save,test
U0237,38,4,3.0,2026-04-20 19:07:13,cart_add,test
U0237,88,1,1.0,2026-04-20 19:13:20,click,test
U0237,94,3,2.0,2026-04-20 19:16:31,save,test
U0255,74,1,1.0,2026-04-20 19:32:33,click,test
U0255,75,1,1.0,2026-04-20 19:34:58,click,test
U0237,47,5,5.0,2026-04-20 19:41:01,order_or_booking,test
U0255,107,1,1.0,2026-04-20 19:42:38,click,test
U0255,68,3,2.0,2026-04-20 19:44:30,save,test
U0255,91,3,2.0,2026-04-20 19:47:02,save,test
U0121,33,1,1.0,2026-04-20 20:31:54,click,test
U0121,104,1,1.0,2026-04-20 20:33:24,click,test
U0121,69,1,1.0,2026-04-20 20:38:24,click,test
U0121,41,3,2.0,2026-04-20 20:42:55,save,test
U0121,39,5,5.0,2026-04-20 20:44:48,order_or_booking,test
U0186,51,4,3.0,2026-04-20 21:46:55,cart_add,test
U0132,38,3,2.0,2026-04-20 22:19:45,save,test
U0132,54,1,1.0,2026-04-20 22:22:14,click,test
U0132,32,1,1.0,2026-04-20 22:26:47,click,test
U0064,72,3,2.0,2026-04-21 08:44:29,save,test
U0064,98,3,2.0,2026-04-21 08:44:54,save,test
U0064,101,1,1.0,2026-04-21 08:45:25,click,test
U0307,65,1,1.0,2026-04-21 08:45:36,click,test
U0307,109,4,3.0,2026-04-21 08:46:08,cart_add,test
U0064,41,3,2.0,2026-04-21 08:46:16,save,test
U0307,70,1,1.0,2026-04-21 08:46:36,click,test
U0307,50,1,1.0,2026-04-21 08:48:02,click,test
U0307,83,3,2.0,2026-04-21 08:49:54,save,test
U0203,60,3,2.0,2026-04-21 08:50:40,save,test
U0307,37,3,2.0,2026-04-21 08:50:46,save,test
U0203,86,1,1.0,2026-04-21 08:51:08,click,test
U0064,31,1,1.0,2026-04-21 08:51:52,click,test
U0307,51,4,3.0,2026-04-21 08:52:27,cart_add,test
U0307,82,1,1.0,2026-04-21 08:52:33,click,test
U0203,98,3,2.0,2026-04-21 08:53:10,save,test
U0307,81,3,2.0,2026-04-21 09:00:12,save,test
U0329,86,1,1.0,2026-04-21 09:05:09,click,test
U0329,30,3,2.0,2026-04-21 09:07:43,save,test
U0230,47,1,1.0,2026-04-21 09:07:59,click,test
U0329,72,3,2.0,2026-04-21 09:09:10,save,test
U0230,51,1,1.0,2026-04-21 09:10:41,click,test
U0230,103,3,2.0,2026-04-21 09:12:19,save,test
U0307,94,5,5.0,2026-04-21 09:17:20,order_or_booking,test
U0307,79,5,5.0,2026-04-21 09:17:24,order_or_booking,test
U0025,91,3,2.0,2026-04-21 09:25:46,save,test
U0025,81,3,2.0,2026-04-21 09:27:12,save,test
U0025,87,1,1.0,2026-04-21 09:28:26,click,test
U0025,92,3,2.0,2026-04-21 09:30:41,save,test
U0025,54,3,2.0,2026-04-21 09:37:58,save,test
U0025,84,5,5.0,2026-04-21 09:41:35,order_or_booking,test
U0163,73,1,1.0,2026-04-21 10:00:26,click,test
U0163,77,1,1.0,2026-04-21 10:01:37,click,test
U0163,91,1,1.0,2026-04-21 10:04:32,click,test
U0281,76,1,1.0,2026-04-21 10:05:37,click,test
U0163,62,1,1.0,2026-04-21 10:06:48,click,test
U0163,70,5,5.0,2026-04-21 10:09:42,order_or_booking,test
U0344,105,3,2.0,2026-04-21 10:21:39,save,test
U0344,90,1,1.0,2026-04-21 10:22:59,click,test
U0281,52,5,5.0,2026-04-21 10:23:07,order_or_booking,test
U0344,98,1,1.0,2026-04-21 11:16:25,click,test
U0264,91,4,3.0,2026-04-21 11:17:52,cart_add,test
U0264,107,1,1.0,2026-04-21 11:18:07,click,test
U0344,52,1,1.0,2026-04-21 11:18:09,click,test
U0344,47,4,3.0,2026-04-21 11:19:57,cart_add,test
U0264,109,3,2.0,2026-04-21 11:21:05,save,test
U0344,100,1,1.0,2026-04-21 11:21:34,click,test
U0264,43,5,5.0,2026-04-21 11:23:43,order_or_booking,test
U0264,108,1,1.0,2026-04-21 11:25:40,click,test
U0344,73,1,1.0,2026-04-21 11:25:56,click,test
U0344,37,1,1.0,2026-04-21 11:26:38,click,test
U0344,80,1,1.0,2026-04-21 11:27:49,click,test
U0192,82,3,2.0,2026-04-21 11:29:06,save,test
U0264,59,5,5.0,2026-04-21 11:35:27,order_or_booking,test
U0264,36,1,1.0,2026-04-21 11:36:35,click,test
U0192,83,5,5.0,2026-04-21 11:41:56,order_or_booking,test
U0169,47,1,1.0,2026-04-21 11:54:21,click,test
U0169,103,1,1.0,2026-04-21 11:58:41,click,test
U0169,41,1,1.0,2026-04-21 12:00:51,click,test
U0184,100,4,3.0,2026-04-21 12:38:41,cart_add,test
U0184,44,1,1.0,2026-04-21 12:44:08,click,test
U0044,63,3,2.0,2026-04-21 12:44:13,save,test
U0044,37,3,2.0,2026-04-21 12:44:56,save,test
U0044,54,1,1.0,2026-04-21 12:47:02,click,test
U0184,79,1,1.0,2026-04-21 12:50:51,click,test
U0007,41,1,1.0,2026-04-21 12:53:21,click,test
U0044,61,1,1.0,2026-04-21 12:53:23,click,test
U0007,84,1,1.0,2026-04-21 12:55:00,click,test
U0007,31,4,3.0,2026-04-21 12:56:02,cart_add,test
U0044,55,1,1.0,2026-04-21 12:57:30,click,test
U0007,55,1,1.0,2026-04-21 12:58:21,click,test
U0044,108,5,5.0,2026-04-21 12:58:46,order_or_booking,test
U0044,69,1,1.0,2026-04-21 12:59:09,click,test
U0007,45,1,1.0,2026-04-21 12:59:15,click,test
U0007,96,1,1.0,2026-04-21 13:02:35,click,test
U0044,97,1,1.0,2026-04-21 13:03:33,click,test
U0044,78,5,5.0,2026-04-21 13:12:51,order_or_booking,test
U0313,98,3,2.0,2026-04-21 13:14:16,save,test
U0313,37,4,3.0,2026-04-21 13:18:20,cart_add,test
U0044,99,5,5.0,2026-04-21 13:25:14,order_or_booking,test
U0184,89,5,5.0,2026-04-21 13:28:35,order_or_booking,test
U0313,51,1,1.0,2026-04-21 13:31:06,click,test
U0230,108,3,2.0,2026-04-21 13:32:46,save,test
U0230,59,1,1.0,2026-04-21 13:34:33,click,test
U0313,94,5,5.0,2026-04-21 13:39:22,order_or_booking,test
U0313,49,5,5.0,2026-04-21 13:43:53,order_or_booking,test
U0161,51,3,2.0,2026-04-21 14:04:07,save,test
U0161,80,3,2.0,2026-04-21 14:05:48,save,test
U0161,101,1,1.0,2026-04-21 14:07:20,click,test
U0161,44,3,2.0,2026-04-21 14:07:23,save,test
U0161,47,3,2.0,2026-04-21 14:08:02,save,test
U0161,86,1,1.0,2026-04-21 14:09:06,click,test
U0161,106,1,1.0,2026-04-21 14:13:10,click,test
U0172,90,1,1.0,2026-04-21 14:19:00,click,test
U0172,53,3,2.0,2026-04-21 14:19:08,save,test
U0172,55,3,2.0,2026-04-21 14:19:32,save,test
U0172,52,1,1.0,2026-04-21 14:24:07,click,test
U0112,44,3,2.0,2026-04-21 14:38:54,save,test
U0011,89,5,5.0,2026-04-21 15:25:53,order_or_booking,test
U0011,104,1,1.0,2026-04-21 15:27:35,click,test
U0011,39,3,2.0,2026-04-21 15:31:42,save,test
U0070,90,1,1.0,2026-04-21 15:33:13,click,test
U0070,44,3,2.0,2026-04-21 15:33:38,save,test
U0070,46,3,2.0,2026-04-21 15:35:07,save,test
U0070,54,4,3.0,2026-04-21 15:42:49,cart_add,test
U0070,65,3,2.0,2026-04-21 15:43:46,save,test
U0011,99,5,5.0,2026-04-21 15:44:17,order_or_booking,test
U0070,95,3,2.0,2026-04-21 15:45:31,save,test
U0070,43,1,1.0,2026-04-21 15:48:14,click,test
U0317,74,1,1.0,2026-04-21 15:50:14,click,test
U0317,60,1,1.0,2026-04-21 15:56:52,click,test
U0317,37,1,1.0,2026-04-21 16:01:41,click,test
U0003,49,1,1.0,2026-04-21 16:06:00,click,test
U0003,73,1,1.0,2026-04-21 16:07:51,click,test
U0317,57,3,2.0,2026-04-21 16:08:49,save,test
U0317,75,1,1.0,2026-04-21 16:10:59,click,test
U0003,102,1,1.0,2026-04-21 16:11:14,click,test
U0317,64,1,1.0,2026-04-21 16:11:39,click,test
U0317,83,3,2.0,2026-04-21 16:12:09,save,test
U0317,66,5,5.0,2026-04-21 16:26:48,order_or_booking,test
U0317,108,5,5.0,2026-04-21 16:32:02,order_or_booking,test
U0317,61,5,5.0,2026-04-21 16:48:28,order_or_booking,test
U0040,95,4,3.0,2026-04-21 17:07:53,cart_add,test
U0175,106,1,1.0,2026-04-21 17:08:18,click,test
U0040,52,1,1.0,2026-04-21 17:09:47,click,test
U0040,42,4,3.0,2026-04-21 17:10:34,cart_add,test
U0040,75,1,1.0,2026-04-21 17:12:00,click,test
U0040,59,3,2.0,2026-04-21 17:13:17,save,test
U0175,109,1,1.0,2026-04-21 17:15:44,click,test
U0175,89,3,2.0,2026-04-21 17:17:39,save,test
U0228,49,1,1.0,2026-04-21 17:23:24,click,test
U0175,51,5,5.0,2026-04-21 17:25:41,order_or_booking,test
U0228,109,3,2.0,2026-04-21 17:25:48,save,test
U0030,79,1,1.0,2026-04-21 18:14:33,click,test
U0030,44,1,1.0,2026-04-21 18:16:16,click,test
U0030,31,5,5.0,2026-04-21 18:23:56,order_or_booking,test
U0228,51,3,2.0,2026-04-21 18:31:42,save,test
U0228,44,1,1.0,2026-04-21 18:33:10,click,test
U0228,76,4,3.0,2026-04-21 18:35:00,cart_add,test
U0228,107,4,3.0,2026-04-21 18:36:12,cart_add,test
U0349,91,1,1.0,2026-04-21 18:46:20,click,test
U0228,75,1,1.0,2026-04-21 18:47:05,click,test
U0349,40,4,3.0,2026-04-21 18:49:59,cart_add,test
U0349,107,1,1.0,2026-04-21 18:56:50,click,test
U0349,79,5,5.0,2026-04-21 18:57:34,order_or_booking,test
U0228,68,5,5.0,2026-04-21 19:17:23,order_or_booking,test
U0050,61,1,1.0,2026-04-21 20:06:33,click,test
U0050,54,1,1.0,2026-04-21 20:06:37,click,test
U0310,47,3,2.0,2026-04-21 20:12:39,save,test
U0040,63,3,2.0,2026-04-21 20:39:51,save,test
U0279,47,3,2.0,2026-04-21 21:03:29,save,test
U0279,87,3,2.0,2026-04-21 21:06:45,save,test
U0040,62,5,5.0,2026-04-21 21:07:27,order_or_booking,test
U0279,48,1,1.0,2026-04-21 21:19:41,click,test
U0279,85,1,1.0,2026-04-21 21:25:31,click,test
U0279,65,5,5.0,2026-04-21 21:30:36,order_or_booking,test
U0279,102,1,1.0,2026-04-21 21:33:33,click,test
U0086,42,3,2.0,2026-04-21 21:47:38,save,test
U0329,34,1,1.0,2026-04-21 21:51:09,click,test
U0329,32,1,1.0,2026-04-21 21:51:13,click,test
U0329,53,1,1.0,2026-04-21 21:55:23,click,test
U0279,99,5,5.0,2026-04-21 21:56:05,order_or_booking,test
U0329,98,1,1.0,2026-04-21 21:58:35,click,test
U0037,93,1,1.0,2026-04-21 22:00:06,click,test
U0037,55,1,1.0,2026-04-21 22:01:20,click,test
U0037,51,1,1.0,2026-04-21 22:04:10,click,test
U0235,45,3,2.0,2026-04-21 22:09:47,save,test
U0235,63,1,1.0,2026-04-21 22:11:33,click,test
U0235,40,1,1.0,2026-04-21 22:14:12,click,test
U0235,101,1,1.0,2026-04-21 22:16:30,click,test
U0235,41,4,3.0,2026-04-21 22:17:02,cart_add,test
U0305,88,1,1.0,2026-04-21 22:20:07,click,test
U0235,99,1,1.0,2026-04-21 22:21:59,click,test
U0235,98,3,2.0,2026-04-21 22:23:25,save,test
U0235,64,1,1.0,2026-04-21 22:23:47,click,test
U0305,71,1,1.0,2026-04-21 22:23:57,click,test
U0235,49,3,2.0,2026-04-21 22:25:26,save,test
U0305,44,3,2.0,2026-04-21 22:26:23,save,test
U0235,89,3,2.0,2026-04-21 22:33:26,save,test
U0169,45,1,1.0,2026-04-22 08:01:17,click,test
U0169,65,1,1.0,2026-04-22 08:02:29,click,test
U0169,31,5,5.0,2026-04-22 08:06:08,order_or_booking,test
U0169,83,1,1.0,2026-04-22 08:09:13,click,test
U0169,46,4,3.0,2026-04-22 08:17:25,cart_add,test
U0169,101,3,2.0,2026-04-22 08:21:24,save,test
U0345,37,4,3.0,2026-04-22 08:31:07,cart_add,test
U0345,56,1,1.0,2026-04-22 08:34:20,click,test
U0345,71,3,2.0,2026-04-22 08:35:24,save,test
U0169,93,5,5.0,2026-04-22 08:41:01,order_or_booking,test
U0345,108,1,1.0,2026-04-22 08:41:11,click,test
U0345,88,5,5.0,2026-04-22 08:46:28,order_or_booking,test
U0345,85,5,5.0,2026-04-22 08:47:09,order_or_booking,test
U0240,94,1,1.0,2026-04-22 08:54:37,click,test
U0240,79,1,1.0,2026-04-22 08:56:04,click,test
U0240,74,4,3.0,2026-04-22 08:56:35,cart_add,test
U0169,80,5,5.0,2026-04-22 09:02:55,order_or_booking,test
U0256,74,1,1.0,2026-04-22 10:19:05,click,test
U0256,42,1,1.0,2026-04-22 10:21:24,click,test
U0307,41,3,2.0,2026-04-22 11:08:08,save,test
U0307,56,1,1.0,2026-04-22 11:10:45,click,test
U0307,31,3,2.0,2026-04-22 11:11:14,save,test
U0307,54,4,3.0,2026-04-22 11:11:35,cart_add,test
U0316,71,1,1.0,2026-04-22 11:15:35,click,test
U0307,43,4,3.0,2026-04-22 11:16:56,cart_add,test
U0307,36,3,2.0,2026-04-22 11:18:53,save,test
U0307,60,1,1.0,2026-04-22 11:22:25,click,test
U0307,49,1,1.0,2026-04-22 11:33:59,click,test
U0316,78,5,5.0,2026-04-22 11:41:45,order_or_booking,test
U0197,86,1,1.0,2026-04-22 12:24:29,click,test
U0197,49,1,1.0,2026-04-22 12:25:23,click,test
U0008,64,3,2.0,2026-04-22 12:26:41,save,test
U0008,106,1,1.0,2026-04-22 12:30:26,click,test
U0008,35,1,1.0,2026-04-22 12:31:39,click,test
U0197,41,5,5.0,2026-04-22 12:32:28,order_or_booking,test
U0008,59,3,2.0,2026-04-22 12:33:44,save,test
U0008,84,1,1.0,2026-04-22 12:36:02,click,test
U0008,44,3,2.0,2026-04-22 12:37:09,save,test
U0008,76,3,2.0,2026-04-22 12:40:44,save,test
U0008,71,1,1.0,2026-04-22 12:42:17,click,test
U0008,55,1,1.0,2026-04-22 12:43:13,click,test
U0008,61,5,5.0,2026-04-22 12:51:17,order_or_booking,test
U0017,60,5,5.0,2026-04-22 12:57:13,order_or_booking,test
U0017,39,5,5.0,2026-04-22 13:04:58,order_or_booking,test
U0008,78,5,5.0,2026-04-22 13:12:52,order_or_booking,test
U0003,43,1,1.0,2026-04-22 13:53:54,click,test
U0327,69,3,2.0,2026-04-22 14:00:44,save,test
U0066,86,5,5.0,2026-04-22 14:50:36,order_or_booking,test
U0246,37,3,2.0,2026-04-22 15:09:10,save,test
U0246,73,1,1.0,2026-04-22 15:10:14,click,test
U0246,53,1,1.0,2026-04-22 15:10:17,click,test
U0246,109,3,2.0,2026-04-22 15:10:39,save,test
U0011,37,1,1.0,2026-04-22 15:10:46,click,test
U0142,51,3,2.0,2026-04-22 15:11:10,save,test
U0006,46,1,1.0,2026-04-22 15:11:55,click,test
U0246,104,4,3.0,2026-04-22 15:11:58,cart_add,test
U0011,108,1,1.0,2026-04-22 15:12:57,click,test
U0011,40,1,1.0,2026-04-22 15:18:19,click,test
U0011,85,5,5.0,2026-04-22 15:18:27,order_or_booking,test
U0011,82,1,1.0,2026-04-22 15:19:39,click,test
U0349,61,5,5.0,2026-04-22 15:20:39,order_or_booking,test
U0011,56,4,3.0,2026-04-22 15:21:08,cart_add,test
U0142,65,1,1.0,2026-04-22 15:23:05,click,test
U0011,71,3,2.0,2026-04-22 15:29:20,save,test
U0011,60,5,5.0,2026-04-22 15:40:28,order_or_booking,test
U0011,63,5,5.0,2026-04-22 15:40:53,order_or_booking,test
U0055,81,3,2.0,2026-04-22 15:41:24,save,test
U0349,68,5,5.0,2026-04-22 15:41:31,order_or_booking,test
U0209,78,1,1.0,2026-04-22 15:42:35,click,test
U0209,73,4,3.0,2026-04-22 15:43:37,cart_add,test
U0055,107,5,5.0,2026-04-22 15:47:47,order_or_booking,test
U0055,87,1,1.0,2026-04-22 15:47:49,click,test
U0055,106,3,2.0,2026-04-22 15:48:02,save,test
U0142,60,5,5.0,2026-04-22 15:48:21,order_or_booking,test
U0055,60,5,5.0,2026-04-22 16:01:16,order_or_booking,test
U0055,77,1,1.0,2026-04-22 16:06:21,click,test
U0102,106,1,1.0,2026-04-22 16:09:23,click,test
U0055,67,5,5.0,2026-04-22 16:10:31,order_or_booking,test
U0102,53,3,2.0,2026-04-22 16:12:36,save,test
U0006,63,1,1.0,2026-04-22 16:13:14,click,test
U0006,65,1,1.0,2026-04-22 16:15:22,click,test
U0006,109,1,1.0,2026-04-22 16:17:06,click,test
U0102,54,1,1.0,2026-04-22 16:22:31,click,test
U0006,32,5,5.0,2026-04-22 16:37:41,order_or_booking,test
U0220,82,1,1.0,2026-04-22 17:28:33,click,test
U0220,62,3,2.0,2026-04-22 17:29:46,save,test
U0220,87,1,1.0,2026-04-22 17:30:31,click,test
U0096,81,1,1.0,2026-04-22 21:00:14,click,test
U0096,82,3,2.0,2026-04-22 21:05:41,save,test
U0333,42,1,1.0,2026-04-22 21:10:08,click,test
U0333,97,3,2.0,2026-04-22 21:16:45,save,test
U0329,87,1,1.0,2026-04-22 21:26:12,click,test
U0329,95,1,1.0,2026-04-22 21:26:38,click,test
U0329,51,1,1.0,2026-04-22 21:29:52,click,test
U0329,59,1,1.0,2026-04-22 21:30:32,click,test
U0333,103,5,5.0,2026-04-22 21:33:10,order_or_booking,test
U0329,44,3,2.0,2026-04-22 21:34:34,save,test
U0220,105,3,2.0,2026-04-22 21:37:05,save,test
U0329,82,1,1.0,2026-04-22 21:39:10,click,test
U0220,109,1,1.0,2026-04-22 21:42:24,click,test
U0333,66,5,5.0,2026-04-22 21:46:10,order_or_booking,test
U0190,69,1,1.0,2026-04-22 21:47:14,click,test
U0121,62,1,1.0,2026-04-22 21:55:13,click,test
U0121,37,1,1.0,2026-04-22 21:58:43,click,test
U0121,100,4,3.0,2026-04-22 22:03:11,cart_add,test
U0012,92,1,1.0,2026-04-22 22:04:55,click,test
U0012,102,3,2.0,2026-04-22 22:06:35,save,test
U0154,97,3,2.0,2026-04-22 22:16:38,save,test
U0012,78,1,1.0,2026-04-22 22:16:59,click,test
U0154,51,1,1.0,2026-04-22 22:18:46,click,test
U0154,34,1,1.0,2026-04-22 22:23:09,click,test
U0238,90,4,3.0,2026-04-22 22:53:22,cart_add,test
U0238,47,3,2.0,2026-04-22 22:58:19,save,test
U0238,44,5,5.0,2026-04-22 22:58:57,order_or_booking,test
U0238,107,3,2.0,2026-04-22 23:00:25,save,test
U0282,76,3,2.0,2026-04-23 08:08:20,save,test
U0277,37,1,1.0,2026-04-23 08:09:09,click,test
U0282,40,1,1.0,2026-04-23 08:09:10,click,test
U0325,54,1,1.0,2026-04-23 08:09:12,click,test
U0277,45,1,1.0,2026-04-23 08:09:52,click,test
U0282,45,1,1.0,2026-04-23 08:10:05,click,test
U0282,51,1,1.0,2026-04-23 08:10:25,click,test
U0003,109,1,1.0,2026-04-23 08:12:25,click,test
U0003,47,5,5.0,2026-04-23 08:14:01,order_or_booking,test
U0282,104,1,1.0,2026-04-23 08:15:59,click,test
U0325,59,3,2.0,2026-04-23 08:16:45,save,test
U0282,79,5,5.0,2026-04-23 08:19:28,order_or_booking,test
U0325,74,3,2.0,2026-04-23 08:24:42,save,test
U0325,109,3,2.0,2026-04-23 08:26:38,save,test
U0325,81,3,2.0,2026-04-23 08:27:44,save,test
U0003,74,5,5.0,2026-04-23 08:38:18,order_or_booking,test
U0325,94,5,5.0,2026-04-23 08:40:30,order_or_booking,test
U0187,55,1,1.0,2026-04-23 08:49:17,click,test
U0187,104,1,1.0,2026-04-23 08:53:26,click,test
U0187,77,1,1.0,2026-04-23 08:54:25,click,test
U0187,72,3,2.0,2026-04-23 08:56:15,save,test
U0288,80,1,1.0,2026-04-23 08:57:16,click,test
U0288,107,3,2.0,2026-04-23 08:57:56,save,test
U0288,85,1,1.0,2026-04-23 09:00:08,click,test
U0187,46,1,1.0,2026-04-23 09:00:10,click,test
U0288,43,3,2.0,2026-04-23 09:03:00,save,test
U0288,52,1,1.0,2026-04-23 09:07:09,click,test
U0288,34,4,3.0,2026-04-23 09:07:42,cart_add,test
U0288,42,1,1.0,2026-04-23 09:11:29,click,test
U0288,84,5,5.0,2026-04-23 09:12:31,order_or_booking,test
U0246,36,3,2.0,2026-04-23 09:22:49,save,test
U0288,99,5,5.0,2026-04-23 09:23:51,order_or_booking,test
U0246,93,1,1.0,2026-04-23 09:24:07,click,test
U0246,86,5,5.0,2026-04-23 09:26:08,order_or_booking,test
U0208,32,4,3.0,2026-04-23 09:30:02,cart_add,test
U0033,76,1,1.0,2026-04-23 09:46:27,click,test
U0078,97,1,1.0,2026-04-23 09:51:00,click,test
U0208,74,5,5.0,2026-04-23 09:54:11,order_or_booking,test
U0033,71,5,5.0,2026-04-23 10:00:08,order_or_booking,test
U0232,40,4,3.0,2026-04-23 10:14:27,cart_add,test
U0232,39,1,1.0,2026-04-23 10:15:28,click,test
U0232,50,3,2.0,2026-04-23 10:16:28,save,test
U0278,31,3,2.0,2026-04-23 10:18:06,save,test
U0278,72,4,3.0,2026-04-23 10:22:35,cart_add,test
U0278,106,4,3.0,2026-04-23 10:23:03,cart_add,test
U0278,66,3,2.0,2026-04-23 10:26:38,save,test
U0163,53,1,1.0,2026-04-23 10:57:50,click,test
U0293,47,3,2.0,2026-04-23 11:50:31,save,test
U0293,69,3,2.0,2026-04-23 11:52:54,save,test
U0293,87,1,1.0,2026-04-23 11:53:55,click,test
U0098,53,1,1.0,2026-04-23 12:01:07,click,test
U0098,86,3,2.0,2026-04-23 12:03:27,save,test
U0098,65,1,1.0,2026-04-23 12:04:10,click,test
U0295,41,1,1.0,2026-04-23 12:07:06,click,test
U0295,92,1,1.0,2026-04-23 12:08:23,click,test
U0098,100,1,1.0,2026-04-23 12:08:55,click,test
U0295,63,5,5.0,2026-04-23 12:17:22,order_or_booking,test
U0220,55,4,3.0,2026-04-23 12:22:01,cart_add,test
U0220,70,1,1.0,2026-04-23 12:22:12,click,test
U0098,59,5,5.0,2026-04-23 12:23:57,order_or_booking,test
U0002,105,1,1.0,2026-04-23 12:24:09,click,test
U0002,52,1,1.0,2026-04-23 12:29:54,click,test
U0220,31,5,5.0,2026-04-23 12:41:46,order_or_booking,test
U0295,69,5,5.0,2026-04-23 12:45:41,order_or_booking,test
U0346,79,3,2.0,2026-04-23 13:00:48,save,test
U0346,32,3,2.0,2026-04-23 13:01:59,save,test
U0144,58,3,2.0,2026-04-23 13:04:40,save,test
U0144,107,1,1.0,2026-04-23 13:07:35,click,test
U0144,78,1,1.0,2026-04-23 13:12:16,click,test
U0039,90,1,1.0,2026-04-23 13:17:29,click,test
U0043,87,5,5.0,2026-04-23 14:26:39,order_or_booking,test
U0043,84,1,1.0,2026-04-23 14:28:34,click,test
U0029,82,3,2.0,2026-04-23 15:25:23,save,test
U0029,65,1,1.0,2026-04-23 15:26:05,click,test
U0029,86,3,2.0,2026-04-23 15:27:46,save,test
U0169,53,4,3.0,2026-04-23 15:57:08,cart_add,test
U0169,72,1,1.0,2026-04-23 16:04:16,click,test
U0169,44,3,2.0,2026-04-23 16:06:40,save,test
U0169,64,5,5.0,2026-04-23 16:08:08,order_or_booking,test
U0169,106,3,2.0,2026-04-23 16:11:55,save,test
U0169,98,5,5.0,2026-04-23 16:28:15,order_or_booking,test
U0169,99,5,5.0,2026-04-23 16:28:23,order_or_booking,test
U0169,63,5,5.0,2026-04-23 16:36:55,order_or_booking,test
U0040,90,4,3.0,2026-04-23 17:35:14,cart_add,test
U0040,87,4,3.0,2026-04-23 17:35:14,cart_add,test
U0040,73,1,1.0,2026-04-23 17:36:01,click,test
U0081,64,1,1.0,2026-04-23 18:02:12,click,test
U0081,48,1,1.0,2026-04-23 18:03:05,click,test
U0040,97,5,5.0,2026-04-23 18:12:51,order_or_booking,test
U0067,79,1,1.0,2026-04-23 18:38:14,click,test
U0067,97,1,1.0,2026-04-23 18:38:28,click,test
U0067,101,3,2.0,2026-04-23 18:38:33,save,test
U0067,55,3,2.0,2026-04-23 18:38:47,save,test
U0067,76,3,2.0,2026-04-23 18:38:56,save,test
U0067,109,1,1.0,2026-04-23 18:42:03,click,test
U0067,67,3,2.0,2026-04-23 18:43:17,save,test
U0067,30,3,2.0,2026-04-23 18:43:42,save,test
U0067,73,3,2.0,2026-04-23 18:46:01,save,test
U0340,101,5,5.0,2026-04-23 19:00:29,order_or_booking,test
U0340,34,1,1.0,2026-04-23 19:01:16,click,test
U0340,40,1,1.0,2026-04-23 19:15:06,click,test
U0160,46,1,1.0,2026-04-23 20:04:05,click,test
U0160,78,5,5.0,2026-04-23 20:26:20,order_or_booking,test
U0098,35,3,2.0,2026-04-23 21:00:46,save,test
U0098,45,4,3.0,2026-04-23 21:03:24,cart_add,test
U0198,52,3,2.0,2026-04-23 21:14:47,save,test
U0198,33,5,5.0,2026-04-23 21:33:53,order_or_booking,test
U0198,32,5,5.0,2026-04-23 21:38:13,order_or_booking,test
U0013,59,1,1.0,2026-04-23 22:01:00,click,test
U0013,90,1,1.0,2026-04-23 22:02:11,click,test
U0013,46,1,1.0,2026-04-23 22:04:40,click,test
U0013,80,1,1.0,2026-04-23 22:09:40,click,test
U0013,41,3,2.0,2026-04-23 22:10:34,save,test
U0013,43,1,1.0,2026-04-23 22:11:43,click,test
U0013,55,1,1.0,2026-04-23 22:14:02,click,test
U0013,30,3,2.0,2026-04-23 22:16:12,save,test
U0009,92,5,5.0,2026-04-23 22:35:40,order_or_booking,test
U0009,60,5,5.0,2026-04-23 22:43:39,order_or_booking,test
U0009,80,5,5.0,2026-04-23 23:05:53,order_or_booking,test
U0081,52,1,1.0,2026-04-24 08:14:36,click,test
U0318,91,3,2.0,2026-04-24 08:33:50,save,test
U0056,98,3,2.0,2026-04-24 08:39:32,save,test
U0056,83,1,1.0,2026-04-24 08:42:02,click,test
U0282,97,1,1.0,2026-04-24 08:45:21,click,test
U0081,66,5,5.0,2026-04-24 08:47:26,order_or_booking,test
U0056,35,3,2.0,2026-04-24 08:47:39,save,test
U0220,83,1,1.0,2026-04-24 09:13:19,click,test
U0220,98,4,3.0,2026-04-24 09:18:28,cart_add,test
U0220,101,1,1.0,2026-04-24 09:19:20,click,test
U0220,33,5,5.0,2026-04-24 09:39:59,order_or_booking,test
U0163,86,4,3.0,2026-04-24 10:19:45,cart_add,test
U0078,72,1,1.0,2026-04-24 10:22:22,click,test
U0163,43,1,1.0,2026-04-24 10:25:21,click,test
U0163,96,1,1.0,2026-04-24 10:25:37,click,test
U0163,75,5,5.0,2026-04-24 10:34:45,order_or_booking,test
U0049,31,3,2.0,2026-04-24 10:52:31,save,test
U0049,53,1,1.0,2026-04-24 10:53:30,click,test
U0154,57,3,2.0,2026-04-24 10:55:30,save,test
U0154,74,3,2.0,2026-04-24 10:55:34,save,test
U0154,46,4,3.0,2026-04-24 10:59:23,cart_add,test
U0165,41,1,1.0,2026-04-24 11:02:07,click,test
U0165,106,3,2.0,2026-04-24 11:02:35,save,test
U0165,90,1,1.0,2026-04-24 11:05:59,click,test
U0331,78,1,1.0,2026-04-24 11:10:47,click,test
U0331,74,1,1.0,2026-04-24 11:13:50,click,test
U0331,46,5,5.0,2026-04-24 11:13:51,order_or_booking,test
U0154,78,5,5.0,2026-04-24 11:15:21,order_or_booking,test
U0331,91,5,5.0,2026-04-24 11:17:31,order_or_booking,test
U0331,49,1,1.0,2026-04-24 11:23:35,click,test
U0160,50,3,2.0,2026-04-24 11:42:20,save,test
U0160,100,4,3.0,2026-04-24 11:42:46,cart_add,test
U0325,102,1,1.0,2026-04-24 11:47:23,click,test
U0325,57,1,1.0,2026-04-24 11:47:47,click,test
U0325,103,1,1.0,2026-04-24 11:48:55,click,test
U0325,62,3,2.0,2026-04-24 11:50:45,save,test
U0325,41,3,2.0,2026-04-24 11:51:44,save,test
U0325,95,1,1.0,2026-04-24 11:57:09,click,test
U0346,105,3,2.0,2026-04-24 12:40:00,save,test
U0346,93,5,5.0,2026-04-24 13:30:58,order_or_booking,test
U0005,90,1,1.0,2026-04-24 13:32:05,click,test
U0005,109,3,2.0,2026-04-24 13:40:48,save,test
U0162,107,1,1.0,2026-04-24 13:50:52,click,test
U0229,33,1,1.0,2026-04-24 14:02:14,click,test
U0229,51,3,2.0,2026-04-24 14:03:58,save,test
U0229,86,1,1.0,2026-04-24 14:06:05,click,test
U0229,48,3,2.0,2026-04-24 14:08:36,save,test
U0162,80,5,5.0,2026-04-24 14:13:03,order_or_booking,test
U0229,102,5,5.0,2026-04-24 14:16:36,order_or_booking,test
U0162,60,5,5.0,2026-04-24 14:22:51,order_or_booking,test
U0229,49,5,5.0,2026-04-24 14:24:37,order_or_booking,test
U0164,84,1,1.0,2026-04-24 16:39:14,click,test
U0164,54,1,1.0,2026-04-24 16:44:11,click,test
U0164,77,4,3.0,2026-04-24 16:46:15,cart_add,test
U0164,33,1,1.0,2026-04-24 16:57:00,click,test
U0164,97,3,2.0,2026-04-24 16:57:52,save,test
U0164,95,5,5.0,2026-04-24 16:58:35,order_or_booking,test
U0327,67,3,2.0,2026-04-24 17:21:27,save,test
U0327,59,3,2.0,2026-04-24 17:23:44,save,test
U0327,106,5,5.0,2026-04-24 17:48:37,order_or_booking,test
U0230,91,3,2.0,2026-04-24 18:12:27,save,test
U0230,97,1,1.0,2026-04-24 18:24:23,click,test
U0230,42,1,1.0,2026-04-24 18:26:06,click,test
U0149,56,3,2.0,2026-04-24 19:35:11,save,test
U0149,37,3,2.0,2026-04-24 19:36:41,save,test
U0080,43,3,2.0,2026-04-24 19:36:50,save,test
U0080,54,5,5.0,2026-04-24 19:51:45,order_or_booking,test
U0297,84,3,2.0,2026-04-24 19:56:01,save,test
U0297,36,4,3.0,2026-04-24 19:56:58,cart_add,test
U0297,74,1,1.0,2026-04-24 20:00:55,click,test
U0242,76,1,1.0,2026-04-24 20:06:28,click,test
U0192,30,1,1.0,2026-04-24 20:53:03,click,test
U0192,90,3,2.0,2026-04-24 21:00:16,save,test
U0253,103,1,1.0,2026-04-24 21:00:29,click,test
U0253,105,1,1.0,2026-04-24 21:04:30,click,test
U0253,64,3,2.0,2026-04-24 21:07:49,save,test
U0253,44,5,5.0,2026-04-24 21:28:49,order_or_booking,test
U0205,99,3,2.0,2026-04-24 21:40:39,save,test
U0205,70,3,2.0,2026-04-24 21:40:56,save,test
U0205,47,4,3.0,2026-04-24 21:44:02,cart_add,test
U0298,85,1,1.0,2026-04-24 21:46:46,click,test
U0205,95,1,1.0,2026-04-24 21:47:53,click,test
U0298,97,5,5.0,2026-04-24 21:49:02,order_or_booking,test
U0205,103,5,5.0,2026-04-24 21:55:23,order_or_booking,test
U0215,96,1,1.0,2026-04-24 22:38:14,click,test
U0215,87,1,1.0,2026-04-24 22:39:20,click,test
U0215,98,1,1.0,2026-04-24 22:39:40,click,test
U0008,51,1,1.0,2026-04-24 22:44:11,click,test
U0215,42,3,2.0,2026-04-24 22:44:30,save,test
U0008,75,3,2.0,2026-04-24 22:45:39,save,test
U0008,63,1,1.0,2026-04-24 22:46:18,click,test
U0089,90,4,3.0,2026-04-24 22:46:59,cart_add,test
U0089,87,3,2.0,2026-04-24 22:48:50,save,test
U0008,95,1,1.0,2026-04-24 22:50:14,click,test
U0008,90,1,1.0,2026-04-24 22:51:04,click,test
U0215,75,3,2.0,2026-04-24 22:52:14,save,test
U0089,44,3,2.0,2026-04-24 22:52:17,save,test
U0089,102,3,2.0,2026-04-24 22:53:59,save,test
U0008,31,1,1.0,2026-04-24 23:00:21,click,test
U0008,57,5,5.0,2026-04-24 23:02:01,order_or_booking,test
U0215,57,5,5.0,2026-04-24 23:12:56,order_or_booking,test
U0215,63,5,5.0,2026-04-24 23:16:34,order_or_booking,test
U0089,91,5,5.0,2026-04-24 23:24:08,order_or_booking,test
