user_id,item_id,event,timestamp,archetype,relevance
U0000,83,impression,2026-02-20T12:22:51,A03,0.05
U0000,94,impression,2026-02-20T12:18:41,A03,0.549
U0000,48,impression,2026-02-20T12:22:27,A03,0.468
U0000,81,impression,2026-02-20T12:20:40,A03,0.011
U0000,30,impression,2026-02-20T12:20:33,A03,0.45
U0000,27,impression,2026-02-20T12:18:37,A03,0.093
U0000,27,click,2026-02-20T12:18:57,A03,0.093
U0000,58,impression,2026-02-20T12:19:49,A03,0.017
U0000,106,impression,2026-02-20T12:20:58,A03,0.423
U0000,85,impression,2026-03-04T14:22:43,A03,0.099
U0000,24,impression,2026-03-04T14:19:47,A03,0.038
U0000,104,impression,2026-03-04T14:20:15,A03,0.51
U0000,106,impression,2026-03-04T14:18:26,A03,0.435
U0000,106,click,2026-03-04T14:18:40,A03,0.435
U0000,106,cart_add,2026-03-04T14:19:06,A03,0.435
U0000,87,impression,2026-03-04T14:20:14,A03,0.429
U0000,87,click,2026-03-04T14:20:29,A03,0.429
U0000,96,impression,2026-03-04T14:18:38,A03,0.011
U0000,47,impression,2026-03-04T14:19:16,A03,0.559
U0000,47,impression,2026-03-20T18:36:19,A03,0.587
U0000,26,impression,2026-03-20T18:36:23,A03,0.034
U0000,71,impression,2026-03-20T18:38:31,A03,0.091
U0000,71,click,2026-03-20T18:38:55,A03,0.091
U0000,86,impression,2026-03-20T18:37:07,A03,0.451
U0000,109,impression,2026-03-20T18:35:55,A03,0.089
U0000,35,impression,2026-03-20T18:39:00,A03,0.414
U0000,23,impression,2026-03-20T18:38:55,A03,0.492
U0000,94,impression,2026-03-02T12:05:55,A03,0.529
U0000,94,click,2026-03-02T12:05:57,A03,0.529
U0000,94,cart_add,2026-03-02T12:06:53,A03,0.529
U0000,38,impression,2026-03-02T12:02:40,A03,0.482
U0000,35,impression,2026-03-02T12:03:49,A03,0.417
U0000,52,impression,2026-03-02T12:02:03,A03,0.556
U0000,73,impression,2026-03-02T12:03:38,A03,0.04
U0000,44,impression,2026-03-02T12:03:31,A03,0.523
U0000,81,impression,2026-03-02T12:04:14,A03,0.004
U0000,84,impression,2026-03-02T12:05:51,A03,0.1
U0000,69,impression,2026-03-02T12:01:00,A03,0.065
U0000,97,impression,2026-03-02T12:05:56,A03,0.031
U0000,95,impression,2026-03-02T12:04:46,A03,0.042
U0000,49,impression,2026-03-02T12:05:02,A03,0.431
U0000,31,impression,2026-03-02T12:02:26,A03,0.556
U0000,76,impression,2026-03-02T12:03:51,A03,0.598
U0000,76,click,2026-03-02T12:04:16,A03,0.598
U0000,39,impression,2026-03-02T12:02:15,A03,0.491
U0000,39,click,2026-03-02T12:02:23,A03,0.491
U0001,95,impression,2026-03-31T16:00:40,A06,0.093
U0001,33,impression,2026-03-31T16:00:03,A06,0.426
U0001,30,impression,2026-03-31T15:58:21,A06,0.485
U0001,38,impression,2026-03-31T15:58:02,A06,0.462
U0001,84,impression,2026-03-31T15:58:26,A06,0.498
U0001,84,click,2026-03-31T15:58:37,A06,0.498
U0001,54,impression,2026-03-31T15:57:58,A06,0.024
U0001,93,impression,2026-03-31T15:57:49,A06,0.025
U0001,55,impression,2026-03-31T16:00:37,A06,0.051
U0001,32,impression,2026-03-31T15:59:35,A06,0.416
U0001,50,impression,2026-03-31T15:56:10,A06,0.487
U0001,49,impression,2026-03-31T15:59:14,A06,0.087
U0001,77,impression,2026-03-31T15:58:32,A06,0.529
U0001,24,impression,2026-03-31T15:59:34,A06,0.495
U0001,46,impression,2026-03-31T15:57:52,A06,0.478
U0001,68,impression,2026-03-31T16:00:08,A06,0.037
U0001,48,impression,2026-03-16T19:46:14,A06,0.086
U0001,24,impression,2026-03-16T19:46:35,A06,0.505
U0001,24,click,2026-03-16T19:46:38,A06,0.505
U0001,58,impression,2026-03-16T19:45:59,A06,0.015
U0001,94,impression,2026-03-16T19:43:20,A06,0.017
U0001,46,impression,2026-03-16T19:44:42,A06,0.5
U0001,100,impression,2026-03-16T19:45:02,A06,0.072
U0001,81,impression,2026-03-16T19:47:48,A06,0.452
U0001,52,impression,2026-03-16T19:45:11,A06,0.457
U0001,31,impression,2026-03-16T19:43:58,A06,0.397
U0001,30,impression,2026-03-16T19:45:39,A06,0.426
U0001,30,click,2026-03-16T19:45:40,A06,0.426
U0001,40,impression,2026-03-16T19:46:12,A06,0.101
U0001,33,impression,2026-02-26T10:39:17,A06,0.456
U0001,91,impression,2026-02-26T10:37:44,A06,-0.01
U0001,41,impression,2026-02-26T10:40:57,A06,0.055
U0001,36,impression,2026-02-26T10:39:52,A06,0.477
U0001,36,click,2026-02-26T10:40:20,A06,0.477
U0001,97,impression,2026-02-26T10:39:12,A06,0.525
U0001,73,impression,2026-02-26T10:39:21,A06,0.098
U0001,81,impression,2026-02-26T10:38:37,A06,0.437
U0001,81,click,2026-02-26T10:39:01,A06,0.437
U0001,35,impression,2026-02-26T10:41:03,A06,0.434
U0001,85,impression,2026-02-26T10:37:08,A06,0.059
U0001,25,impression,2026-02-26T10:39:04,A06,0.427
U0001,21,impression,2026-02-26T10:41:02,A06,0.068
U0001,27,impression,2026-02-26T10:41:41,A06,0.434
U0001,39,impression,2026-02-26T10:39:18,A06,0.48
U0001,37,impression,2026-02-26T10:38:38,A06,0.433
U0001,62,impression,2026-02-26T10:38:34,A06,0.084
U0001,84,impression,2026-04-03T13:47:34,A06,0.534
U0001,27,impression,2026-04-03T13:50:04,A06,0.425
U0001,27,click,2026-04-03T13:50:07,A06,0.425
U0001,81,impression,2026-04-03T13:46:27,A06,0.448
U0001,81,click,2026-04-03T13:46:53,A06,0.448
U0001,21,impression,2026-04-03T13:47:00,A06,0.109
U0001,60,impression,2026-04-03T13:47:55,A06,0.052
U0001,33,impression,2026-04-03T13:49:46,A06,0.448
U0001,89,impression,2026-04-03T13:49:39,A06,0.034
U0001,37,impression,2026-04-03T13:46:50,A06,0.472
U0001,35,impression,2026-04-03T13:47:48,A06,0.431
U0001,45,impression,2026-04-03T13:48:02,A06,0.018
U0001,63,impression,2026-04-03T13:46:01,A06,0.018
U0001,75,impression,2026-04-03T13:50:00,A06,0.079
U0001,51,impression,2026-04-03T13:48:24,A06,0.433
U0001,32,impression,2026-04-03T13:47:59,A06,0.455
U0001,33,impression,2026-04-17T19:53:35,A06,0.457
U0001,47,impression,2026-04-17T19:55:16,A06,0.104
U0001,59,impression,2026-04-17T19:51:20,A06,0.054
U0001,75,impression,2026-04-17T19:53:08,A06,0.083
U0001,75,click,2026-04-17T19:53:16,A06,0.083
U0001,60,impression,2026-04-17T19:51:10,A06,0.068
U0001,52,impression,2026-04-17T19:53:17,A06,0.477
U0001,27,impression,2026-04-17T19:52:29,A06,0.476
U0001,39,impression,2026-04-17T19:53:22,A06,0.475
U0001,39,click,2026-04-17T19:53:41,A06,0.475
U0002,49,impression,2026-04-02T14:26:00,A12,0.496
U0002,33,impression,2026-04-02T14:29:31,A12,0.464
U0002,33,click,2026-04-02T14:29:48,A12,0.464
U0002,80,impression,2026-04-02T14:26:26,A12,0.073
U0002,82,impression,2026-04-02T14:28:27,A12,0.465
U0002,50,impression,2026-04-02T14:27:02,A12,0.48
U0002,50,click,2026-04-02T14:27:23,A12,0.48
U0002,37,impression,2026-04-02T14:30:42,A12,0.426
U0002,37,click,2026-04-02T14:30:56,A12,0.426
U0002,73,impression,2026-04-02T14:29:56,A12,0.101
U0002,66,impression,2026-04-02T14:27:18,A12,0.075
U0002,48,impression,2026-04-02T14:30:20,A12,0.482
U0002,96,impression,2026-04-02T14:30:07,A12,0.052
U0002,65,impression,2026-03-04T16:40:00,A12,0.033
U0002,39,impression,2026-03-04T16:36:16,A12,0.476
U0002,52,impression,2026-03-04T16:37:50,A12,0.458
U0002,46,impression,2026-03-04T16:38:53,A12,0.059
U0002,102,impression,2026-03-04T16:37:02,A12,0.577
U0002,35,impression,2026-03-04T16:38:30,A12,0.433
U0002,35,click,2026-03-04T16:38:54,A12,0.433
U0002,108,impression,2026-03-04T16:36:17,A12,0.048
U0002,79,impression,2026-02-05T11:34:27,A12,0.033
U0002,91,impression,2026-02-05T11:35:42,A12,0.44
U0002,31,impression,2026-02-05T11:32:51,A12,0.456
U0002,49,impression,2026-02-05T11:32:14,A12,0.479
U0002,49,click,2026-02-05T11:32:40,A12,0.479
U0002,49,save,2026-02-05T11:32:40,A12,0.479
U0002,106,impression,2026-02-05T11:34:05,A12,0.613
U0002,74,impression,2026-02-05T11:33:32,A12,0.067
U0002,87,impression,2026-02-05T11:35:15,A12,0.613
U0002,57,impression,2026-02-05T11:36:58,A12,0.034
U0002,64,impression,2026-02-05T11:34:10,A12,0.056
U0002,33,impression,2026-02-05T11:35:58,A12,0.477
U0002,51,impression,2026-02-05T11:33:20,A12,0.478
U0002,51,click,2026-02-05T11:33:32,A12,0.478
U0002,46,impression,2026-02-05T11:34:08,A12,0.101
U0002,95,impression,2026-02-05T11:35:16,A12,0.04
U0002,21,impression,2026-02-05T11:35:15,A12,0.421
U0003,36,impression,2026-03-10T09:55:31,A12,0.419
U0003,70,impression,2026-03-10T09:54:42,A12,0.052
U0003,82,impression,2026-03-10T09:56:07,A12,0.464
U0003,87,impression,2026-03-10T09:54:24,A12,0.696
U0003,87,click,2026-03-10T09:54:51,A12,0.696
U0003,91,impression,2026-03-10T09:55:53,A12,0.395
U0003,93,impression,2026-03-10T09:53:38,A12,0.057
U0003,109,impression,2026-03-10T09:56:23,A12,0.107
U0003,76,impression,2026-03-10T09:56:07,A12,0.49
U0003,76,click,2026-03-10T09:56:20,A12,0.49
U0003,76,save,2026-03-10T09:56:20,A12,0.49
U0003,44,impression,2026-03-10T09:55:14,A12,0.455
U0003,21,impression,2026-03-10T09:56:10,A12,0.492
U0003,21,click,2026-03-10T09:56:18,A12,0.492
U0003,90,impression,2026-03-10T09:55:47,A12,0.104
U0003,62,impression,2026-03-10T09:53:32,A12,0.032
U0003,101,impression,2026-03-10T09:55:34,A12,0.456
U0003,108,impression,2026-03-10T09:53:23,A12,0.022
U0003,30,impression,2026-03-10T09:57:12,A12,0.44
U0003,30,click,2026-03-10T09:57:20,A12,0.44
U0003,101,impression,2026-03-31T14:43:48,A12,0.419
U0003,77,impression,2026-03-31T14:42:10,A12,0.015
U0003,40,impression,2026-03-31T14:43:04,A12,0.443
U0003,98,impression,2026-03-31T14:46:43,A12,0.111
U0003,107,impression,2026-03-31T14:43:59,A12,0.432
U0003,61,impression,2026-03-31T14:42:01,A12,0.025
U0003,82,impression,2026-03-31T14:43:06,A12,0.508
U0003,26,impression,2026-03-31T14:42:56,A12,0.09
U0003,71,impression,2026-03-31T14:42:07,A12,0.013
U0003,36,impression,2026-03-31T14:44:45,A12,0.489
U0003,36,click,2026-03-31T14:44:54,A12,0.489
U0003,36,save,2026-03-31T14:44:54,A12,0.489
U0003,47,impression,2026-03-31T14:42:32,A12,0.463
U0003,33,impression,2026-03-31T14:46:22,A12,0.488
U0003,65,impression,2026-03-31T14:43:53,A12,0.005
U0003,104,impression,2026-02-06T20:53:40,A12,0.615
U0003,104,click,2026-02-06T20:54:03,A12,0.615
U0003,104,save,2026-02-06T20:54:03,A12,0.615
U0003,22,impression,2026-02-06T20:54:42,A12,0.498
U0003,80,impression,2026-02-06T20:53:51,A12,0.032
U0003,40,impression,2026-02-06T20:53:52,A12,0.451
U0003,86,impression,2026-02-06T20:52:40,A12,0.483
U0003,99,impression,2026-02-06T20:53:11,A12,0.077
U0003,39,impression,2026-02-06T20:54:02,A12,0.479
U0003,39,click,2026-02-06T20:54:29,A12,0.479
U0003,39,save,2026-02-06T20:54:29,A12,0.479
U0003,30,impression,2026-02-06T20:53:10,A12,0.484
U0003,54,impression,2026-02-06T20:55:00,A12,0.066
U0003,77,impression,2026-02-06T20:51:02,A12,0.011
U0003,91,impression,2026-02-06T20:53:36,A12,0.452
U0003,97,impression,2026-02-06T20:52:27,A12,0.082
U0003,42,impression,2026-02-06T20:54:55,A12,0.445
U0003,47,impression,2026-02-06T20:54:06,A12,0.425
U0003,46,impression,2026-02-06T20:54:44,A12,0.016
U0003,35,impression,2026-03-08T18:17:52,A12,0.448
U0003,106,impression,2026-03-08T18:16:46,A12,0.607
U0003,67,impression,2026-03-08T18:14:43,A12,0.037
U0003,38,impression,2026-03-08T18:14:25,A12,0.426
U0003,105,impression,2026-03-08T18:17:37,A12,0.037
U0003,22,impression,2026-03-08T18:16:19,A12,0.454
U0003,22,click,2026-03-08T18:16:36,A12,0.454
U0003,70,impression,2026-03-08T18:18:09,A12,0.038
U0003,98,impression,2026-03-08T18:15:52,A12,0.121
U0003,69,impression,2026-03-08T18:14:03,A12,0.07
U0003,44,impression,2026-03-08T18:15:10,A12,0.505
U0003,107,impression,2026-03-08T18:15:01,A12,0.439
U0003,107,click,2026-03-08T18:15:25,A12,0.439
U0003,40,impression,2026-04-10T20:17:05,A12,0.493
U0003,40,click,2026-04-10T20:17:33,A12,0.493
U0003,68,impression,2026-04-10T20:14:40,A12,0.05
U0003,46,impression,2026-04-10T20:16:53,A12,0.036
U0003,78,impression,2026-04-10T20:14:39,A12,0.088
U0003,31,impression,2026-04-10T20:18:21,A12,0.391
U0003,31,click,2026-04-10T20:18:46,A12,0.391
U0003,107,impression,2026-04-10T20:15:15,A12,0.492
U0003,107,click,2026-04-10T20:15:20,A12,0.492
U0003,76,impression,2026-04-10T20:14:38,A12,0.425
U0003,76,click,2026-04-10T20:15:03,A12,0.425
U0003,50,impression,2026-04-10T20:18:56,A12,0.466
U0003,23,impression,2026-04-10T20:18:49,A12,0.502
U0003,103,impression,2026-04-10T20:16:45,A12,0.109
U0003,88,impression,2026-04-10T20:15:17,A12,0.018
U0003,75,impression,2026-04-10T20:16:35,A12,0.057
U0003,21,impression,2026-04-10T20:17:00,A12,0.469
U0004,74,impression,2026-04-01T16:06:52,A07,0.695
U0004,80,impression,2026-04-01T16:06:03,A07,0.522
U0004,60,impression,2026-04-01T16:05:50,A07,0.586
U0004,60,click,2026-04-01T16:06:19,A07,0.586
U0004,103,impression,2026-04-01T16:03:28,A07,0.018
U0004,34,impression,2026-04-01T16:05:44,A07,0.051
U0004,27,impression,2026-02-21T14:24:12,A07,0.058
U0004,85,impression,2026-02-21T14:26:20,A07,0.521
U0004,85,click,2026-02-21T14:26:43,A07,0.521
U0004,67,impression,2026-02-21T14:25:48,A07,0.418
U0004,88,impression,2026-02-21T14:27:29,A07,0.582
U0004,88,click,2026-02-21T14:27:51,A07,0.582
U0004,75,impression,2026-02-21T14:24:32,A07,0.686
U0004,31,impression,2026-02-21T14:27:08,A07,0.014
U0004,108,impression,2026-02-21T14:24:19,A07,0.59
U0004,108,click,2026-02-21T14:24:47,A07,0.59
U0004,76,impression,2026-02-21T14:27:29,A07,0.064
U0004,35,impression,2026-02-21T14:24:07,A07,0.044
U0004,93,impression,2026-02-20T11:12:10,A07,0.65
U0004,53,impression,2026-02-20T11:15:06,A07,0.015
U0004,67,impression,2026-02-20T11:11:52,A07,0.435
U0004,108,impression,2026-02-20T11:12:03,A07,0.542
U0004,68,impression,2026-02-20T11:13:19,A07,0.086
U0004,59,impression,2026-02-20T11:14:43,A07,0.541
U0004,59,click,2026-02-20T11:15:13,A07,0.541
U0004,62,impression,2026-02-20T11:11:13,A07,0.525
U0004,64,impression,2026-02-20T11:14:11,A07,0.05
U0004,72,impression,2026-02-20T11:14:11,A07,0.589
U0004,72,click,2026-02-20T11:14:22,A07,0.589
U0004,95,impression,2026-02-20T11:12:14,A07,0.075
U0004,52,impression,2026-02-20T11:15:01,A07,0.039
U0004,75,impression,2026-02-20T11:15:00,A07,0.664
U0004,69,impression,2026-02-20T11:11:40,A07,0.571
U0004,69,click,2026-02-20T11:11:47,A07,0.571
U0004,98,impression,2026-02-20T11:15:30,A07,0.083
U0004,72,impression,2026-03-09T12:21:29,A07,0.562
U0004,37,impression,2026-03-09T12:21:03,A07,0.071
U0004,69,impression,2026-03-09T12:19:43,A07,0.589
U0004,60,impression,2026-03-09T12:23:29,A07,0.526
U0004,31,impression,2026-03-09T12:23:19,A07,0.059
U0004,96,impression,2026-03-09T12:23:00,A07,0.049
U0004,61,impression,2026-03-22T14:18:53,A07,0.605
U0004,53,impression,2026-03-22T14:19:57,A07,0.028
U0004,80,impression,2026-03-22T14:17:33,A07,0.538
U0004,67,impression,2026-03-22T14:19:54,A07,0.386
U0004,67,click,2026-03-22T14:20:01,A07,0.386
U0004,67,save,2026-03-22T14:20:01,A07,0.386
U0004,36,impression,2026-03-22T14:18:38,A07,0.014
U0004,27,impression,2026-04-11T16:19:45,A07,0.089
U0004,76,impression,2026-04-11T16:17:35,A07,0.049
U0004,74,impression,2026-04-11T16:20:25,A07,0.7
U0004,74,click,2026-04-11T16:20:28,A07,0.7
U0004,74,cart_add,2026-04-11T16:21:11,A07,0.7
U0004,69,impression,2026-04-11T16:18:30,A07,0.588
U0004,67,impression,2026-04-11T16:18:31,A07,0.388
U0004,93,impression,2026-03-27T11:47:07,A07,0.594
U0004,58,impression,2026-03-27T11:44:16,A07,0.105
U0004,74,impression,2026-03-27T11:47:09,A07,0.718
U0004,81,impression,2026-03-27T11:48:53,A07,0.141
U0004,108,impression,2026-03-27T11:46:40,A07,0.527
U0004,67,impression,2026-03-27T11:44:58,A07,0.405
U0004,67,click,2026-03-27T11:45:04,A07,0.405
U0004,69,impression,2026-03-27T11:46:14,A07,0.626
U0004,32,impression,2026-03-27T11:45:49,A07,0.08
U0004,80,impression,2026-03-27T11:48:11,A07,0.519
U0004,80,click,2026-03-27T11:48:16,A07,0.519
U0004,59,impression,2026-03-27T11:47:47,A07,0.58
U0004,87,impression,2026-03-27T11:46:43,A07,0.046
U0004,30,impression,2026-03-27T11:48:41,A07,0.081
U0005,70,impression,2026-02-21T20:48:50,A04,0.474
U0005,77,impression,2026-02-21T20:46:05,A04,0.007
U0005,58,impression,2026-02-21T20:50:00,A04,0.488
U0005,58,click,2026-02-21T20:50:05,A04,0.488
U0005,65,impression,2026-02-21T20:46:03,A04,0.446
U0005,76,impression,2026-02-21T20:46:22,A04,0.04
U0005,79,impression,2026-02-21T20:47:57,A04,0.721
U0005,39,impression,2026-02-21T20:47:25,A04,0.062
U0005,24,impression,2026-02-21T20:49:42,A04,0.035
U0005,83,impression,2026-02-21T20:49:33,A04,0.633
U0005,83,click,2026-02-21T20:49:54,A04,0.633
U0005,105,impression,2026-02-21T20:47:52,A04,0.505
U0005,90,impression,2026-02-21T20:45:14,A04,0.626
U0005,90,click,2026-02-21T20:45:35,A04,0.626
U0005,66,impression,2026-02-21T20:49:52,A04,0.431
U0005,94,impression,2026-02-21T20:49:14,A04,0.074
U0005,100,impression,2026-02-21T20:47:34,A04,0.545
U0005,98,impression,2026-02-21T20:48:27,A04,0.09
U0005,100,impression,2026-02-10T20:07:23,A04,0.566
U0005,78,impression,2026-02-10T20:06:58,A04,0.442
U0005,78,click,2026-02-10T20:07:13,A04,0.442
U0005,71,impression,2026-02-10T20:06:16,A04,0.439
U0005,49,impression,2026-02-10T20:04:21,A04,0.052
U0005,41,impression,2026-02-10T20:05:40,A04,0.103
U0005,73,impression,2026-02-10T20:07:23,A04,0.026
U0005,105,impression,2026-02-10T20:07:14,A04,0.578
U0005,105,click,2026-02-10T20:07:27,A04,0.578
U0005,78,impression,2026-02-28T18:24:15,A04,0.423
U0005,68,impression,2026-02-28T18:25:07,A04,0.486
U0005,68,click,2026-02-28T18:25:09,A04,0.486
U0005,95,impression,2026-02-28T18:22:37,A04,0.065
U0005,57,impression,2026-02-28T18:26:41,A04,0.455
U0005,61,impression,2026-02-28T18:23:00,A04,0.109
U0005,70,impression,2026-02-13T15:25:43,A04,0.443
U0005,70,click,2026-02-13T15:26:03,A04,0.443
U0005,101,impression,2026-02-13T15:27:20,A04,0.044
U0005,99,impression,2026-02-13T15:25:33,A04,0.081
U0005,66,impression,2026-02-13T15:25:49,A04,0.412
U0005,65,impression,2026-02-13T15:27:58,A04,0.538
U0005,84,impression,2026-02-13T15:23:13,A04,0.1
U0005,83,impression,2026-02-13T15:27:56,A04,0.597
U0005,100,impression,2026-02-13T15:27:58,A04,0.562
U0005,26,impression,2026-02-13T15:26:14,A04,0.062
U0005,79,impression,2026-02-13T15:23:16,A04,0.718
U0005,70,impression,2026-02-15T12:03:15,A04,0.478
U0005,102,impression,2026-02-15T12:03:06,A04,0.029
U0005,66,impression,2026-02-15T12:03:32,A04,0.44
U0005,40,impression,2026-02-15T12:05:10,A04,0.08
U0005,103,impression,2026-02-15T12:03:20,A04,0.445
U0005,71,impression,2026-02-15T12:05:38,A04,0.467
U0005,65,impression,2026-02-15T12:03:56,A04,0.538
U0005,79,impression,2026-02-15T12:03:28,A04,0.73
U0005,79,click,2026-02-15T12:03:51,A04,0.73
U0005,79,save,2026-02-15T12:03:51,A04,0.73
U0005,49,impression,2026-02-15T12:05:05,A04,0.076
U0005,95,impression,2026-02-15T12:03:18,A04,0.093
U0005,92,impression,2026-02-15T12:02:10,A04,0.48
U0005,92,click,2026-02-15T12:02:34,A04,0.48
U0005,30,impression,2026-02-15T12:05:31,A04,0.077
U0005,92,impression,2026-03-02T09:06:19,A04,0.464
U0005,85,impression,2026-03-02T09:07:30,A04,0.028
U0005,21,impression,2026-03-02T09:09:23,A04,0.014
U0005,43,impression,2026-03-02T09:08:28,A04,0.029
U0005,70,impression,2026-03-02T09:10:50,A04,0.411
U0005,95,impression,2026-03-02T09:08:51,A04,0.103
U0005,78,impression,2026-03-02T09:10:38,A04,0.509
U0005,65,impression,2026-03-02T09:07:08,A04,0.529
U0005,90,impression,2026-03-02T09:07:38,A04,0.617
U0005,58,impression,2026-03-02T09:09:54,A04,0.443
U0005,108,impression,2026-03-02T09:06:07,A04,0.082
U0005,34,impression,2026-03-10T18:43:03,A04,0.074
U0005,90,impression,2026-03-10T18:45:16,A04,0.594
U0005,71,impression,2026-03-10T18:47:53,A04,0.44
U0005,71,click,2026-03-10T18:48:14,A04,0.44
U0005,87,impression,2026-03-10T18:46:58,A04,0.032
U0005,83,impression,2026-03-10T18:47:17,A04,0.611
U0005,65,impression,2026-03-10T18:45:39,A04,0.529
U0005,101,impression,2026-03-10T18:45:31,A04,0.074
U0005,69,impression,2026-03-10T18:44:08,A04,0.032
U0006,52,impression,2026-03-20T15:48:10,A11,0.482
U0006,52,click,2026-03-20T15:48:27,A11,0.482
U0006,52,cart_add,2026-03-20T15:48:40,A11,0.482
U0006,86,impression,2026-03-20T15:44:29,A11,0.456
U0006,59,impression,2026-03-20T15:46:37,A11,0.077
U0006,75,impression,2026-03-20T15:44:01,A11,0.05
U0006,26,impression,2026-03-20T15:44:23,A11,0.468
U0006,92,impression,2026-03-20T15:48:37,A11,0.08
U0006,87,impression,2026-03-20T15:44:35,A11,0.458
U0006,36,impression,2026-03-20T15:46:26,A11,0.457
U0006,56,impression,2026-03-20T15:47:35,A11,0.087
U0006,38,impression,2026-03-20T15:47:49,A11,0.499
U0006,95,impression,2026-03-20T15:47:12,A11,0.101
U0006,108,impression,2026-03-20T15:48:36,A11,0.106
U0006,77,impression,2026-03-20T15:45:00,A11,0.441
U0006,77,click,2026-03-20T15:45:18,A11,0.441
U0006,87,impression,2026-03-01T22:02:21,A11,0.4
U0006,87,click,2026-03-01T22:02:50,A11,0.4
U0006,93,impression,2026-03-01T22:03:34,A11,0.091
U0006,42,impression,2026-03-01T22:00:08,A11,0.504
U0006,42,click,2026-03-01T22:00:11,A11,0.504
U0006,42,cart_add,2026-03-01T22:00:54,A11,0.504
U0006,76,impression,2026-03-01T22:02:05,A11,0.497
U0006,81,impression,2026-03-01T22:01:59,A11,0.025
U0006,38,impression,2026-02-08T11:32:24,A11,0.466
U0006,92,impression,2026-02-08T11:35:15,A11,0.104
U0006,71,impression,2026-02-08T11:35:33,A11,0.042
U0006,97,impression,2026-02-08T11:33:34,A11,0.44
U0006,37,impression,2026-02-08T11:33:55,A11,0.457
U0006,104,impression,2026-02-08T11:35:57,A11,0.081
U0006,43,impression,2026-02-08T11:35:33,A11,0.466
U0006,61,impression,2026-02-08T11:34:04,A11,0.023
U0006,102,impression,2026-02-08T11:32:40,A11,0.443
U0006,54,impression,2026-03-20T10:35:00,A11,0.104
U0006,56,impression,2026-03-20T10:36:04,A11,0.085
U0006,24,impression,2026-03-20T10:37:23,A11,0.48
U0006,98,impression,2026-03-20T10:36:24,A11,0.065
U0006,48,impression,2026-03-20T10:37:03,A11,0.463
U0006,40,impression,2026-03-20T10:38:14,A11,0.446
U0006,64,impression,2026-03-20T10:38:00,A11,0.09
U0006,102,impression,2026-03-20T10:35:44,A11,0.442
U0006,96,impression,2026-03-25T09:38:52,A11,0.06
U0006,32,impression,2026-03-25T09:40:11,A11,0.492
U0006,109,impression,2026-03-25T09:39:00,A11,0.083
U0006,91,impression,2026-03-25T09:40:10,A11,0.517
U0006,91,click,2026-03-25T09:40:39,A11,0.517
U0006,80,impression,2026-03-25T09:36:17,A11,0.016
U0006,70,impression,2026-03-25T09:36:24,A11,0.017
U0006,22,impression,2026-03-25T09:37:58,A11,0.451
U0006,22,click,2026-03-25T09:38:03,A11,0.451
U0006,22,save,2026-03-25T09:38:03,A11,0.451
U0006,39,impression,2026-03-25T09:40:07,A11,0.607
U0006,50,impression,2026-02-03T09:37:27,A11,0.418
U0006,53,impression,2026-02-03T09:35:55,A11,0.034
U0006,81,impression,2026-02-03T09:34:41,A11,0.068
U0006,87,impression,2026-02-03T09:34:16,A11,0.451
U0006,87,click,2026-02-03T09:34:29,A11,0.451
U0006,106,impression,2026-02-03T09:35:27,A11,0.074
U0006,41,impression,2026-02-03T09:36:49,A11,0.575
U0006,40,impression,2026-02-03T09:34:48,A11,0.496
U0006,105,impression,2026-02-03T09:35:57,A11,0.102
U0006,86,impression,2026-02-03T09:38:50,A11,0.497
U0006,22,impression,2026-02-03T09:34:38,A11,0.415
U0006,90,impression,2026-02-03T09:38:38,A11,0.038
U0006,63,impression,2026-02-03T09:36:41,A11,0.013
U0006,21,impression,2026-02-03T09:35:13,A11,0.431
U0007,79,impression,2026-02-10T13:13:12,A04,0.686
U0007,33,impression,2026-02-10T13:13:14,A04,0.078
U0007,35,impression,2026-02-10T13:12:06,A04,0.072
U0007,88,impression,2026-02-10T13:11:18,A04,-0.037
U0007,71,impression,2026-02-10T13:11:18,A04,0.488
U0007,65,impression,2026-02-10T13:10:54,A04,0.472
U0007,65,click,2026-02-10T13:11:04,A04,0.472
U0007,66,impression,2026-02-10T13:10:44,A04,0.42
U0007,66,click,2026-02-10T13:10:59,A04,0.42
U0007,27,impression,2026-02-10T13:10:45,A04,0.01
U0007,100,impression,2026-02-10T13:12:46,A04,0.499
U0007,74,impression,2026-02-10T13:13:31,A04,0.011
U0007,99,impression,2026-02-10T13:14:46,A04,0.018
U0007,70,impression,2026-02-10T13:14:52,A04,0.508
U0007,83,impression,2026-02-10T13:11:26,A04,0.639
U0007,83,click,2026-02-10T13:11:36,A04,0.639
U0007,90,impression,2026-02-10T13:12:21,A04,0.587
U0007,36,impression,2026-04-03T21:05:09,A04,0.053
U0007,83,impression,2026-04-03T21:05:42,A04,0.63
U0007,66,impression,2026-04-03T21:07:23,A04,0.428
U0007,93,impression,2026-04-03T21:08:11,A04,0.039
U0007,90,impression,2026-04-03T21:06:46,A04,0.648
U0007,40,impression,2026-04-03T21:07:21,A04,0.092
U0007,92,impression,2026-04-03T21:05:42,A04,0.503
U0007,48,impression,2026-04-03T21:08:41,A04,0.065
U0007,48,click,2026-04-03T21:09:05,A04,0.065
U0007,68,impression,2026-04-03T21:06:29,A04,0.454
U0007,78,impression,2026-04-03T21:07:29,A04,0.417
U0007,90,impression,2026-02-18T19:22:04,A04,0.649
U0007,68,impression,2026-02-18T19:19:43,A04,0.491
U0007,68,click,2026-02-18T19:19:51,A04,0.491
U0007,65,impression,2026-02-18T19:19:22,A04,0.505
U0007,80,impression,2026-02-18T19:22:24,A04,0.075
U0007,32,impression,2026-02-18T19:22:40,A04,0.043
U0007,92,impression,2026-02-18T19:20:53,A04,0.42
U0007,87,impression,2026-02-18T19:23:57,A04,0.017
U0007,91,impression,2026-02-18T19:22:11,A04,-0.013
U0007,33,impression,2026-04-17T20:33:45,A04,0.056
U0007,58,impression,2026-04-17T20:32:49,A04,0.445
U0007,62,impression,2026-04-17T20:34:43,A04,0.08
U0007,78,impression,2026-04-17T20:32:58,A04,0.414
U0007,78,click,2026-04-17T20:33:09,A04,0.414
U0007,57,impression,2026-04-17T20:34:04,A04,0.426
U0007,86,impression,2026-04-17T20:34:49,A04,0.065
U0007,70,impression,2026-04-17T20:33:58,A04,0.506
U0007,78,impression,2026-02-24T11:45:00,A04,0.471
U0007,78,click,2026-02-24T11:45:12,A04,0.471
U0007,105,impression,2026-02-24T11:42:32,A04,0.571
U0007,83,impression,2026-02-24T11:41:08,A04,0.629
U0007,83,click,2026-02-24T11:41:16,A04,0.629
U0007,21,impression,2026-02-24T11:44:21,A04,0.079
U0007,36,impression,2026-02-24T11:44:54,A04,0.07
U0007,49,impression,2026-02-24T11:44:35,A04,0.029
U0007,71,impression,2026-02-24T11:41:28,A04,0.475
U0007,103,impression,2026-02-24T11:41:11,A04,0.459
U0007,103,click,2026-02-24T11:41:38,A04,0.459
U0007,103,cart_add,2026-02-24T11:42:05,A04,0.459
U0007,92,impression,2026-02-24T11:41:39,A04,0.458
U0007,50,impression,2026-02-24T11:44:18,A04,0.106
U0007,66,impression,2026-02-24T11:44:11,A04,0.451
U0007,57,impression,2026-02-24T11:44:10,A04,0.494
U0007,57,click,2026-02-24T11:44:29,A04,0.494
U0007,57,save,2026-02-24T11:44:29,A04,0.494
U0007,90,impression,2026-02-24T11:42:20,A04,0.599
U0007,90,click,2026-02-24T11:42:30,A04,0.599
U0007,31,impression,2026-02-24T11:44:13,A04,0.054
U0007,60,impression,2026-02-24T11:40:58,A04,0.021
U0007,103,impression,2026-04-11T22:24:11,A04,0.427
U0007,66,impression,2026-04-11T22:23:30,A04,0.491
U0007,54,impression,2026-04-11T22:27:35,A04,0.063
U0007,57,impression,2026-04-11T22:25:29,A04,0.508
U0007,91,impression,2026-04-11T22:27:23,A04,-0.008
U0007,25,impression,2026-04-11T22:23:48,A04,0.073
U0007,36,impression,2026-04-11T22:26:30,A04,0.085
U0007,92,impression,2026-04-11T22:24:04,A04,0.509
U0007,63,impression,2026-04-11T22:24:14,A04,0.023
U0007,87,impression,2026-04-11T22:26:21,A04,0.048
U0007,100,impression,2026-04-11T22:25:17,A04,0.548
U0007,79,impression,2026-04-11T22:23:38,A04,0.688
U0007,78,impression,2026-04-11T22:23:47,A04,0.498
U0007,78,impression,2026-03-08T21:03:55,A04,0.444
U0007,78,click,2026-03-08T21:04:23,A04,0.444
U0007,57,impression,2026-03-08T20:59:24,A04,0.478
U0007,57,click,2026-03-08T20:59:45,A04,0.478
U0007,58,impression,2026-03-08T21:00:20,A04,0.422
U0007,70,impression,2026-03-08T21:02:39,A04,0.41
U0007,70,click,2026-03-08T21:03:02,A04,0.41
U0007,31,impression,2026-03-08T21:01:20,A04,0.01
U0007,105,impression,2026-03-08T20:59:42,A04,0.526
U0007,75,impression,2026-03-08T21:00:24,A04,0.1
U0007,106,impression,2026-03-08T21:00:59,A04,0.073
U0007,83,impression,2026-03-08T20:59:48,A04,0.579
U0007,83,click,2026-03-08T21:00:04,A04,0.579
U0007,83,save,2026-03-08T21:00:04,A04,0.579
U0007,93,impression,2026-03-08T21:02:47,A04,0.062
U0007,93,click,2026-03-08T21:03:10,A04,0.062
U0007,80,impression,2026-03-27T20:08:44,A04,0.096
U0007,90,impression,2026-03-27T20:09:03,A04,0.584
U0007,70,impression,2026-03-27T20:11:39,A04,0.448
U0007,92,impression,2026-03-27T20:10:21,A04,0.424
U0007,41,impression,2026-03-27T20:10:25,A04,0.035
U0007,77,impression,2026-03-27T20:10:34,A04,0.024
U0007,105,impression,2026-03-27T20:09:36,A04,0.551
U0007,71,impression,2026-03-27T20:08:27,A04,0.44
U0007,58,impression,2026-03-27T20:10:02,A04,0.489
U0007,40,impression,2026-03-27T20:12:15,A04,0.021
U0007,63,impression,2026-03-27T20:08:06,A04,0.017
U0007,66,impression,2026-03-27T20:09:07,A04,0.503
U0008,31,impression,2026-03-19T17:47:16,A07,0.043
U0008,56,impression,2026-03-19T17:46:25,A07,0.052
U0008,59,impression,2026-03-19T17:44:18,A07,0.544
U0008,74,impression,2026-03-19T17:47:21,A07,0.681
U0008,22,impression,2026-03-19T17:44:19,A07,0.107
U0008,99,impression,2026-03-19T17:43:33,A07,0.689
U0008,99,click,2026-03-19T17:43:47,A07,0.689
U0008,61,impression,2026-03-19T17:43:44,A07,0.576
U0008,80,impression,2026-02-15T16:39:32,A07,0.517
U0008,61,impression,2026-02-15T16:39:39,A07,0.668
U0008,74,impression,2026-02-15T16:39:28,A07,0.701
U0008,109,impression,2026-02-15T16:42:08,A07,0.067
U0008,60,impression,2026-02-15T16:43:53,A07,0.567
U0008,108,impression,2026-02-15T16:43:20,A07,0.502
U0008,108,click,2026-02-15T16:43:48,A07,0.502
U0008,102,impression,2026-02-15T16:42:16,A07,0.057
U0008,40,impression,2026-02-15T16:39:18,A07,0.028
U0008,88,impression,2026-02-15T16:42:34,A07,0.606
U0008,88,click,2026-02-15T16:42:42,A07,0.606
U0008,75,impression,2026-02-15T16:39:39,A07,0.677
U0008,93,impression,2026-02-15T16:39:26,A07,0.582
U0008,93,click,2026-02-15T16:39:52,A07,0.582
U0008,93,cart_add,2026-02-15T16:40:22,A07,0.582
U0008,43,impression,2026-02-15T16:41:24,A07,0.057
U0008,78,impression,2026-02-15T16:39:44,A07,0.041
U0008,22,impression,2026-02-15T16:40:42,A07,0.011
U0008,48,impression,2026-03-11T20:39:00,A07,0.105
U0008,109,impression,2026-03-11T20:41:37,A07,0.048
U0008,54,impression,2026-03-11T20:41:01,A07,0.063
U0008,74,impression,2026-03-11T20:40:12,A07,0.746
U0008,80,impression,2026-03-11T20:40:58,A07,0.499
U0008,42,impression,2026-03-11T20:42:10,A07,0.062
U0008,72,impression,2026-03-11T20:43:57,A07,0.565
U0008,72,click,2026-03-11T20:44:02,A07,0.565
U0008,93,impression,2026-03-11T20:39:31,A07,0.629
U0008,71,impression,2026-02-17T12:21:58,A07,0.106
U0008,80,impression,2026-02-17T12:21:03,A07,0.502
U0008,57,impression,2026-02-17T12:20:37,A07,0.031
U0008,75,impression,2026-02-17T12:18:46,A07,0.735
U0008,75,click,2026-02-17T12:19:08,A07,0.735
U0008,93,impression,2026-02-17T12:19:50,A07,0.63
U0008,70,impression,2026-02-17T12:18:46,A07,0.123
U0008,95,impression,2026-02-17T12:21:22,A07,0.107
U0008,85,impression,2026-02-17T12:20:13,A07,0.558
U0008,88,impression,2026-02-17T12:21:27,A07,0.532
U0008,38,impression,2026-04-13T20:37:12,A07,0.068
U0008,62,impression,2026-04-13T20:35:33,A07,0.497
U0008,62,click,2026-04-13T20:35:54,A07,0.497
U0008,40,impression,2026-04-13T20:37:49,A07,0.101
U0008,60,impression,2026-04-13T20:35:25,A07,0.584
U0008,60,click,2026-04-13T20:35:44,A07,0.584
U0008,30,impression,2026-04-13T20:38:15,A07,0.06
U0008,22,impression,2026-04-13T20:36:49,A07,0.027
U0008,93,impression,2026-04-13T20:38:48,A07,0.597
U0008,85,impression,2026-04-13T20:37:05,A07,0.493
U0008,23,impression,2026-04-05T15:58:23,A07,0.013
U0008,85,impression,2026-04-05T16:00:31,A07,0.589
U0008,69,impression,2026-04-05T15:57:59,A07,0.628
U0008,99,impression,2026-04-05T15:58:03,A07,0.66
U0008,99,click,2026-04-05T15:58:30,A07,0.66
U0008,60,impression,2026-04-05T15:57:52,A07,0.566
U0008,108,impression,2026-04-05T15:59:18,A07,0.588
U0008,63,impression,2026-04-05T15:57:28,A07,0.654
U0008,63,click,2026-04-05T15:57:47,A07,0.654
U0008,54,impression,2026-04-05T15:56:14,A07,0.046
U0008,83,impression,2026-04-05T16:00:50,A07,0.045
U0008,61,impression,2026-04-05T15:57:36,A07,0.626
U0008,79,impression,2026-04-05T16:00:12,A07,0.091
U0008,106,impression,2026-04-05T15:56:19,A07,0.028
U0008,48,impression,2026-04-05T15:57:52,A07,0.033
U0008,69,impression,2026-04-03T09:22:29,A07,0.635
U0008,75,impression,2026-04-03T09:24:02,A07,0.706
U0008,75,click,2026-04-03T09:24:21,A07,0.706
U0008,82,impression,2026-04-03T09:23:30,A07,0.083
U0008,80,impression,2026-04-03T09:25:53,A07,0.563
U0008,41,impression,2026-04-03T09:25:50,A07,0.109
U0008,41,click,2026-04-03T09:26:10,A07,0.109
U0008,32,impression,2026-04-03T09:25:49,A07,0.071
U0008,67,impression,2026-04-03T09:23:49,A07,0.43
U0008,61,impression,2026-04-03T09:23:43,A07,0.594
U0008,61,click,2026-04-03T09:24:12,A07,0.594
U0008,93,impression,2026-04-03T09:23:51,A07,0.637
U0008,63,impression,2026-04-03T09:23:07,A07,0.597
U0008,109,impression,2026-04-03T09:21:55,A07,0.045
U0008,59,impression,2026-04-03T09:24:44,A07,0.495
U0008,37,impression,2026-04-03T09:24:31,A07,0.107
U0008,81,impression,2026-04-03T09:25:39,A07,0.103
U0008,77,impression,2026-04-03T21:58:42,A07,0.016
U0008,80,impression,2026-04-03T21:56:45,A07,0.5
U0008,56,impression,2026-04-03T21:59:43,A07,0.051
U0008,72,impression,2026-04-03T21:57:15,A07,0.563
U0008,60,impression,2026-04-03T21:55:49,A07,0.52
U0008,60,click,2026-04-03T21:56:08,A07,0.52
U0008,44,impression,2026-04-03T21:55:01,A07,0.015
U0008,85,impression,2026-04-03T21:59:05,A07,0.519
U0008,85,click,2026-04-03T21:59:06,A07,0.519
U0008,59,impression,2026-04-03T21:59:02,A07,0.588
U0008,36,impression,2026-04-03T21:58:23,A07,0.041
U0008,70,impression,2026-04-03T21:57:15,A07,0.179
U0008,67,impression,2026-04-03T21:56:34,A07,0.434
U0008,32,impression,2026-04-03T21:56:35,A07,0.048
U0008,108,impression,2026-04-03T21:58:58,A07,0.516
U0008,63,impression,2026-04-03T21:59:48,A07,0.654
U0008,63,click,2026-04-03T22:00:13,A07,0.654
U0009,76,impression,2026-04-11T15:51:36,A05,0.423
U0009,76,click,2026-04-11T15:51:58,A05,0.423
U0009,86,impression,2026-04-11T15:50:12,A05,0.473
U0009,31,impression,2026-04-11T15:48:34,A05,0.053
U0009,87,impression,2026-04-11T15:52:42,A05,0.421
U0009,89,impression,2026-04-11T15:51:54,A05,0.643
U0009,64,impression,2026-04-11T15:53:00,A05,0.651
U0009,54,impression,2026-04-11T15:51:32,A05,0.052
U0009,22,impression,2026-04-11T15:52:58,A05,0.467
U0009,50,impression,2026-04-11T15:48:54,A05,0.104
U0009,99,impression,2026-04-11T15:50:26,A05,0.02
U0009,72,impression,2026-04-11T15:51:30,A05,0.098
U0009,44,impression,2026-04-11T15:52:52,A05,0.475
U0009,66,impression,2026-04-11T15:50:21,A05,0.014
U0009,106,impression,2026-04-11T15:51:25,A05,0.472
U0009,106,click,2026-04-11T15:51:54,A05,0.472
U0009,49,impression,2026-02-07T20:30:45,A05,0.47
U0009,49,click,2026-02-07T20:30:52,A05,0.47
U0009,45,impression,2026-02-07T20:34:24,A05,0.458
U0009,67,impression,2026-02-07T20:34:23,A05,0.062
U0009,96,impression,2026-02-07T20:34:19,A05,0.017
U0009,97,impression,2026-02-07T20:34:28,A05,0.088
U0009,48,impression,2026-02-07T20:31:38,A05,0.413
U0009,81,impression,2026-02-07T20:30:29,A05,0.005
U0009,47,impression,2026-02-07T20:33:04,A05,0.456
U0009,21,impression,2026-02-07T20:33:57,A05,0.437
U0009,37,impression,2026-02-16T19:02:23,A05,0.049
U0009,82,impression,2026-02-16T19:02:49,A05,0.488
U0009,66,impression,2026-02-16T19:02:45,A05,0.075
U0009,49,impression,2026-02-16T19:01:10,A05,0.451
U0009,98,impression,2026-02-16T19:01:04,A05,0.107
U0009,86,impression,2026-02-16T19:02:28,A05,0.423
U0009,94,impression,2026-02-16T19:03:09,A05,0.571
U0009,109,impression,2026-02-16T19:03:20,A05,0.104
U0009,73,impression,2026-03-21T22:24:21,A05,0.074
U0009,82,impression,2026-03-21T22:24:32,A05,0.481
U0009,82,click,2026-03-21T22:24:49,A05,0.481
U0009,43,impression,2026-03-21T22:25:26,A05,0.491
U0009,64,impression,2026-03-21T22:22:13,A05,0.718
U0009,47,impression,2026-03-21T22:24:12,A05,0.51
U0009,45,impression,2026-03-21T22:22:18,A05,0.45
U0009,79,impression,2026-03-21T22:23:37,A05,0.109
U0009,68,impression,2026-03-21T22:26:33,A05,0.081
U0009,87,impression,2026-03-21T22:25:03,A05,0.413
U0009,24,impression,2026-03-21T22:26:45,A05,0.095
U0009,32,impression,2026-03-21T22:23:05,A05,0.02
U0009,94,impression,2026-03-21T22:26:46,A05,0.643
U0009,23,impression,2026-02-24T19:58:39,A05,0.457
U0009,92,impression,2026-02-24T20:00:15,A05,0.097
U0009,44,impression,2026-02-24T19:58:17,A05,0.451
U0009,44,click,2026-02-24T19:58:24,A05,0.451
U0009,56,impression,2026-02-24T20:00:54,A05,0.099
U0009,61,impression,2026-02-24T19:58:32,A05,0.096
U0009,101,impression,2026-02-24T19:58:30,A05,0.459
U0009,49,impression,2026-02-24T20:00:51,A05,0.416
U0009,99,impression,2026-02-24T19:58:26,A05,0.086
U0009,104,impression,2026-02-24T19:57:45,A05,0.506
U0009,104,click,2026-02-24T19:57:59,A05,0.506
U0009,47,impression,2026-02-24T20:00:16,A05,0.507
U0009,47,click,2026-02-24T20:00:34,A05,0.507
U0010,50,impression,2026-03-14T21:57:10,A12,0.444
U0010,67,impression,2026-03-14T21:56:26,A12,-0.001
U0010,81,impression,2026-03-14T21:54:07,A12,0.007
U0010,87,impression,2026-03-14T21:57:18,A12,0.607
U0010,87,click,2026-03-14T21:57:30,A12,0.607
U0010,70,impression,2026-03-14T21:55:10,A12,0.048
U0010,42,impression,2026-03-14T21:53:24,A12,0.472
U0010,54,impression,2026-03-14T21:53:10,A12,0.075
U0010,72,impression,2026-03-14T21:56:47,A12,0.022
U0010,39,impression,2026-03-14T21:57:02,A12,0.465
U0010,22,impression,2026-03-14T21:53:04,A12,0.431
U0010,21,impression,2026-03-14T21:57:26,A12,0.476
U0010,41,impression,2026-03-14T21:54:10,A12,0.471
U0010,56,impression,2026-03-14T21:57:21,A12,0.1
U0010,39,impression,2026-02-16T13:08:46,A12,0.465
U0010,60,impression,2026-02-16T13:09:00,A12,0.058
U0010,60,click,2026-02-16T13:09:22,A12,0.058
U0010,101,impression,2026-02-16T13:11:12,A12,0.467
U0010,101,click,2026-02-16T13:11:15,A12,0.467
U0010,43,impression,2026-02-16T13:09:11,A12,0.482
U0010,83,impression,2026-02-16T13:09:31,A12,0.056
U0010,70,impression,2026-02-16T13:08:29,A12,0.015
U0010,48,impression,2026-03-10T14:52:25,A12,0.49
U0010,48,click,2026-03-10T14:52:48,A12,0.49
U0010,49,impression,2026-03-10T14:51:53,A12,0.494
U0010,92,impression,2026-03-10T14:55:51,A12,0.069
U0010,58,impression,2026-03-10T14:54:14,A12,0.028
U0010,95,impression,2026-03-10T14:52:06,A12,0.071
U0010,31,impression,2026-03-10T14:54:30,A12,0.429
U0010,33,impression,2026-03-10T14:53:40,A12,0.416
U0010,33,click,2026-03-10T14:54:08,A12,0.416
U0010,106,impression,2026-03-10T14:55:49,A12,0.628
U0010,106,click,2026-03-10T14:56:11,A12,0.628
U0010,70,impression,2026-03-10T14:51:48,A12,0.079
U0010,34,impression,2026-03-10T14:55:06,A12,0.453
U0010,77,impression,2026-03-10T14:54:17,A12,0.023
U0010,21,impression,2026-03-10T14:51:27,A12,0.493
U0010,21,click,2026-03-10T14:51:57,A12,0.493
U0010,86,impression,2026-03-10T14:52:24,A12,0.495
U0010,86,click,2026-03-10T14:52:40,A12,0.495
U0010,69,impression,2026-03-10T14:55:19,A12,0.038
U0010,23,impression,2026-03-10T14:54:26,A12,0.474
U0011,77,impression,2026-03-31T16:54:52,A10,0.117
U0011,100,impression,2026-03-31T16:55:02,A10,0.087
U0011,89,impression,2026-03-31T16:54:51,A10,0.011
U0011,91,impression,2026-03-31T16:52:53,A10,0.441
U0011,91,click,2026-03-31T16:53:05,A10,0.441
U0011,22,impression,2026-03-31T16:55:27,A10,0.439
U0011,104,impression,2026-03-31T16:52:24,A10,0.501
U0011,34,impression,2026-03-31T16:54:29,A10,0.462
U0011,34,click,2026-03-31T16:54:49,A10,0.462
U0011,107,impression,2026-03-31T16:52:50,A10,0.575
U0011,56,impression,2026-03-31T16:53:53,A10,0.088
U0011,48,impression,2026-03-31T16:52:03,A10,0.531
U0011,26,impression,2026-03-31T16:55:18,A10,0.135
U0011,75,impression,2026-03-31T16:55:31,A10,0.06
U0011,32,impression,2026-03-31T16:54:41,A10,0.465
U0011,82,impression,2026-03-31T16:55:20,A10,0.458
U0011,35,impression,2026-02-23T20:39:30,A10,0.506
U0011,52,impression,2026-02-23T20:40:31,A10,0.423
U0011,70,impression,2026-02-23T20:41:22,A10,0.099
U0011,33,impression,2026-02-23T20:39:40,A10,0.48
U0011,93,impression,2026-02-23T20:38:51,A10,0.104
U0011,84,impression,2026-02-23T20:39:28,A10,0.072
U0011,107,impression,2026-02-23T20:38:07,A10,0.582
U0011,56,impression,2026-02-23T17:37:51,A10,0.046
U0011,54,impression,2026-02-23T17:38:47,A10,0.737
U0011,76,impression,2026-02-23T17:38:47,A10,0.484
U0011,45,impression,2026-02-23T17:36:27,A10,0.461
U0011,24,impression,2026-02-23T17:37:15,A10,0.095
U0011,25,impression,2026-02-23T17:36:40,A10,0.181
U0011,34,impression,2026-02-23T17:36:08,A10,0.385
U0011,53,impression,2026-02-23T17:37:46,A10,0.657
U0011,74,impression,2026-02-23T17:37:08,A10,0.101
U0011,50,impression,2026-02-23T17:35:40,A10,0.545
U0011,87,impression,2026-02-23T17:36:30,A10,0.541
U0011,102,impression,2026-02-23T17:34:38,A10,0.508
U0011,102,click,2026-02-23T17:34:44,A10,0.508
U0011,59,impression,2026-02-23T17:36:22,A10,0.014
U0011,85,impression,2026-02-23T17:38:59,A10,0.023
U0011,48,impression,2026-02-23T17:37:58,A10,0.491
U0011,107,impression,2026-02-20T09:10:53,A10,0.499
U0011,31,impression,2026-02-20T09:11:49,A10,0.446
U0011,64,impression,2026-02-20T09:13:31,A10,0.032
U0011,91,impression,2026-02-20T09:09:04,A10,0.421
U0011,91,click,2026-02-20T09:09:16,A10,0.421
U0011,70,impression,2026-02-20T09:11:04,A10,0.071
U0011,50,impression,2026-02-20T09:11:44,A10,0.558
U0011,105,impression,2026-02-20T09:09:58,A10,0.09
U0011,30,impression,2026-02-20T09:11:24,A10,0.464
U0011,30,click,2026-02-20T09:11:41,A10,0.464
U0011,85,impression,2026-02-20T09:12:48,A10,0.09
U0011,47,impression,2026-02-20T09:10:38,A10,0.44
U0011,46,impression,2026-02-11T10:14:54,A10,0.141
U0011,21,impression,2026-02-11T10:13:28,A10,0.501
U0011,40,impression,2026-02-11T10:13:41,A10,0.553
U0011,102,impression,2026-02-11T10:11:00,A10,0.449
U0011,88,impression,2026-02-11T10:10:32,A10,0.019
U0011,33,impression,2026-02-11T10:10:37,A10,0.469
U0011,103,impression,2026-02-11T10:12:28,A10,0.06
U0011,76,impression,2026-02-11T10:10:44,A10,0.44
U0011,63,impression,2026-02-11T10:13:15,A10,0.103
U0011,101,impression,2026-02-11T10:14:02,A10,0.476
U0011,101,click,2026-02-11T10:14:10,A10,0.476
U0011,31,impression,2026-02-11T10:14:39,A10,0.46
U0011,78,impression,2026-02-11T10:12:32,A10,0.073
U0011,98,impression,2026-02-11T10:13:11,A10,0.101
U0012,75,impression,2026-04-12T22:39:22,A13,0.661
U0012,75,click,2026-04-12T22:39:28,A13,0.661
U0012,84,impression,2026-04-12T22:36:32,A13,0.109
U0012,107,impression,2026-04-12T22:35:27,A13,0.147
U0012,105,impression,2026-04-12T22:39:41,A13,0.103
U0012,59,impression,2026-04-12T22:37:28,A13,0.705
U0012,99,impression,2026-04-12T22:36:41,A13,0.515
U0012,60,impression,2026-04-12T22:37:49,A13,0.619
U0012,60,impression,2026-03-03T10:20:36,A13,0.606
U0012,79,impression,2026-03-03T10:18:41,A13,0.021
U0012,68,impression,2026-03-03T10:19:11,A13,0.096
U0012,44,impression,2026-03-03T10:18:39,A13,0.03
U0012,69,impression,2026-03-03T10:22:19,A13,0.659
U0012,61,impression,2026-03-03T10:22:56,A13,0.491
U0012,62,impression,2026-03-03T10:18:18,A13,0.469
U0012,93,impression,2026-03-03T10:22:36,A13,0.544
U0012,85,impression,2026-03-03T10:21:07,A13,0.728
U0012,67,impression,2026-03-03T10:20:28,A13,0.549
U0012,67,click,2026-03-03T10:20:45,A13,0.549
U0012,89,impression,2026-03-03T10:20:02,A13,0.025
U0012,107,impression,2026-03-03T10:19:24,A13,0.171
U0012,21,impression,2026-03-03T10:19:21,A13,0.024
U0012,73,impression,2026-03-03T10:19:14,A13,0.665
U0012,81,impression,2026-04-03T14:04:45,A13,-0.011
U0012,93,impression,2026-04-03T14:04:20,A13,0.587
U0012,73,impression,2026-04-03T14:06:38,A13,0.596
U0012,52,impression,2026-04-03T14:05:13,A13,0.048
U0012,26,impression,2026-04-03T14:02:39,A13,0.075
U0012,62,impression,2026-04-03T14:03:54,A13,0.448
U0012,56,impression,2026-04-03T14:04:56,A13,0.045
U0012,60,impression,2026-04-03T14:02:03,A13,0.618
U0012,46,impression,2026-02-18T16:14:06,A13,0.157
U0012,80,impression,2026-02-18T16:11:22,A13,0.618
U0012,67,impression,2026-02-18T16:12:04,A13,0.501
U0012,67,click,2026-02-18T16:12:23,A13,0.501
U0012,74,impression,2026-02-18T16:14:53,A13,0.621
U0012,74,click,2026-02-18T16:14:59,A13,0.621
U0012,60,impression,2026-02-18T16:14:48,A13,0.666
U0012,43,impression,2026-02-18T16:12:25,A13,0.098
U0012,50,impression,2026-02-18T16:14:01,A13,0.032
U0012,42,impression,2026-02-18T16:13:30,A13,0.027
U0012,76,impression,2026-04-16T22:49:08,A13,0.023
U0012,74,impression,2026-04-16T22:53:18,A13,0.656
U0012,67,impression,2026-04-16T22:49:49,A13,0.543
U0012,67,click,2026-04-16T22:50:18,A13,0.543
U0012,67,cart_add,2026-04-16T22:51:13,A13,0.543
U0012,80,impression,2026-04-16T22:49:47,A13,0.645
U0012,75,impression,2026-04-16T22:53:36,A13,0.583
U0012,94,impression,2026-04-16T22:52:40,A13,0.1
U0012,44,impression,2026-04-16T22:49:22,A13,0.047
U0013,60,impression,2026-03-02T21:33:12,A13,0.622
U0013,85,impression,2026-03-02T21:32:41,A13,0.719
U0013,40,impression,2026-03-02T21:33:38,A13,0.021
U0013,97,impression,2026-03-02T21:34:34,A13,0.115
U0013,69,impression,2026-03-02T21:32:21,A13,0.607
U0013,52,impression,2026-03-02T21:31:44,A13,0.05
U0013,93,impression,2026-03-02T21:34:07,A13,0.568
U0013,93,click,2026-03-02T21:34:25,A13,0.568
U0013,89,impression,2026-03-02T21:32:56,A13,0.006
U0013,55,impression,2026-03-02T21:31:10,A13,0.05
U0013,99,impression,2026-03-02T21:31:57,A13,0.556
U0013,75,impression,2026-03-02T21:31:22,A13,0.64
U0013,75,click,2026-03-02T21:31:39,A13,0.64
U0013,51,impression,2026-04-12T18:45:43,A13,0.054
U0013,72,impression,2026-04-12T18:48:25,A13,0.743
U0013,72,click,2026-04-12T18:48:27,A13,0.743
U0013,61,impression,2026-04-12T18:45:26,A13,0.48
U0013,81,impression,2026-04-12T18:44:00,A13,0.021
U0013,56,impression,2026-04-12T18:46:21,A13,0.019
U0013,93,impression,2026-04-12T18:47:22,A13,0.525
U0013,99,impression,2026-04-12T18:44:07,A13,0.51
U0013,80,impression,2026-04-12T18:44:46,A13,0.577
U0013,62,impression,2026-04-12T18:48:46,A13,0.483
U0013,34,impression,2026-04-12T18:46:21,A13,0.015
U0013,60,impression,2026-04-12T18:47:52,A13,0.666
U0013,31,impression,2026-04-12T18:46:13,A13,0.037
U0013,85,impression,2026-04-12T18:48:46,A13,0.701
U0013,85,click,2026-04-12T18:48:56,A13,0.701
U0013,90,impression,2026-04-12T18:46:11,A13,0.061
U0013,59,impression,2026-04-12T18:48:54,A13,0.731
U0013,59,click,2026-04-12T18:49:09,A13,0.731
U0013,59,impression,2026-03-04T21:23:55,A13,0.717
U0013,59,click,2026-03-04T21:24:25,A13,0.717
U0013,99,impression,2026-03-04T21:25:53,A13,0.512
U0013,31,impression,2026-03-04T21:22:37,A13,0.075
U0013,68,impression,2026-03-04T21:23:03,A13,0.03
U0013,73,impression,2026-03-04T21:22:43,A13,0.591
U0013,75,impression,2026-03-04T21:24:02,A13,0.654
U0013,75,click,2026-03-04T21:24:06,A13,0.654
U0013,75,save,2026-03-04T21:24:06,A13,0.654
U0013,52,impression,2026-03-04T21:25:12,A13,0.106
U0013,80,impression,2026-03-04T21:25:37,A13,0.646
U0013,51,impression,2026-03-04T21:24:10,A13,0.095
U0013,82,impression,2026-03-04T21:25:54,A13,0.059
U0013,60,impression,2026-03-04T21:25:21,A13,0.619
U0013,60,click,2026-03-04T21:25:29,A13,0.619
U0013,67,impression,2026-03-04T21:24:36,A13,0.513
U0013,60,impression,2026-04-11T09:34:14,A13,0.589
U0013,60,click,2026-04-11T09:34:30,A13,0.589
U0013,99,impression,2026-04-11T09:35:37,A13,0.508
U0013,99,click,2026-04-11T09:36:00,A13,0.508
U0013,68,impression,2026-04-11T09:35:50,A13,0.05
U0013,94,impression,2026-04-11T09:36:54,A13,0.023
U0013,80,impression,2026-04-11T09:34:18,A13,0.651
U0013,22,impression,2026-04-11T09:35:15,A13,0.066
U0013,73,impression,2026-04-11T09:33:16,A13,0.65
U0013,103,impression,2026-04-11T09:35:35,A13,0.011
U0013,61,impression,2026-04-11T09:36:24,A13,0.51
U0013,72,impression,2026-04-11T09:36:09,A13,0.682
U0013,72,click,2026-04-11T09:36:27,A13,0.682
U0013,72,cart_add,2026-04-11T09:36:38,A13,0.682
U0013,56,impression,2026-02-08T12:56:35,A13,0.068
U0013,79,impression,2026-02-08T12:55:01,A13,0.088
U0013,99,impression,2026-02-08T12:55:48,A13,0.541
U0013,71,impression,2026-02-08T12:54:26,A13,0.128
U0013,60,impression,2026-02-08T12:53:25,A13,0.666
U0013,73,impression,2026-02-08T12:55:35,A13,0.663
U0013,80,impression,2026-02-08T12:52:36,A13,0.627
U0013,80,click,2026-02-08T12:52:47,A13,0.627
U0013,108,impression,2026-02-08T12:54:16,A13,0.439
U0013,109,impression,2026-02-08T12:55:47,A13,0.05
U0013,61,impression,2026-03-19T20:37:43,A13,0.472
U0013,84,impression,2026-03-19T20:39:38,A13,0.179
U0013,85,impression,2026-03-19T20:40:46,A13,0.724
U0013,44,impression,2026-03-19T20:38:27,A13,0.023
U0013,59,impression,2026-03-19T20:39:46,A13,0.716
U0013,93,impression,2026-03-19T20:41:36,A13,0.537
U0013,62,impression,2026-03-19T20:38:09,A13,0.465
U0013,49,impression,2026-03-19T20:38:30,A13,0.08
U0013,73,impression,2026-03-19T20:41:48,A13,0.616
U0013,33,impression,2026-03-19T20:41:33,A13,0.074
U0013,55,impression,2026-03-19T20:41:36,A13,0.045
U0013,36,impression,2026-03-19T20:39:37,A13,0.019
U0013,72,impression,2026-03-19T20:39:35,A13,0.676
U0013,72,click,2026-03-19T20:39:52,A13,0.676
U0013,108,impression,2026-03-17T13:34:24,A13,0.473
U0013,67,impression,2026-03-17T13:32:19,A13,0.551
U0013,59,impression,2026-03-17T13:32:17,A13,0.724
U0013,87,impression,2026-03-17T13:31:33,A13,0.05
U0013,85,impression,2026-03-17T13:33:53,A13,0.661
U0013,21,impression,2026-03-17T13:34:11,A13,0.037
U0013,64,impression,2026-03-17T13:30:25,A13,0.012
U0013,81,impression,2026-03-17T13:30:52,A13,-0.013
U0013,73,impression,2026-03-17T13:33:44,A13,0.583
U0013,93,impression,2026-03-17T13:31:17,A13,0.513
U0013,93,click,2026-03-17T13:31:24,A13,0.513
U0013,47,impression,2026-03-17T13:33:10,A13,0.09
U0013,72,impression,2026-03-17T13:32:49,A13,0.729
U0013,72,click,2026-03-17T13:33:14,A13,0.729
U0013,72,cart_add,2026-03-17T13:34:08,A13,0.729
U0013,52,impression,2026-03-17T13:31:32,A13,0.064
U0013,83,impression,2026-03-05T22:24:48,A13,0.03
U0013,60,impression,2026-03-05T22:28:02,A13,0.668
U0013,85,impression,2026-03-05T22:26:45,A13,0.746
U0013,85,click,2026-03-05T22:27:09,A13,0.746
U0013,85,save,2026-03-05T22:27:09,A13,0.746
U0013,93,impression,2026-03-05T22:26:09,A13,0.542
U0013,54,impression,2026-03-05T22:27:04,A13,0.04
U0014,54,impression,2026-02-15T12:42:53,A11,0.079
U0014,106,impression,2026-02-15T12:40:30,A11,0.11
U0014,40,impression,2026-02-15T12:44:34,A11,0.474
U0014,30,impression,2026-02-15T12:41:59,A11,0.503
U0014,21,impression,2026-02-15T12:42:57,A11,0.466
U0014,43,impression,2026-02-15T12:41:38,A11,0.454
U0014,43,click,2026-02-15T12:41:51,A11,0.454
U0014,67,impression,2026-02-15T12:44:08,A11,0.07
U0014,49,impression,2026-02-15T12:44:37,A11,0.466
U0014,33,impression,2026-02-15T12:41:35,A11,0.509
U0014,96,impression,2026-02-15T12:43:59,A11,0.042
U0014,46,impression,2026-02-15T12:44:43,A11,0.168
U0014,100,impression,2026-04-09T11:32:35,A11,0.076
U0014,78,impression,2026-04-09T11:32:14,A11,0.029
U0014,76,impression,2026-04-09T11:30:24,A11,0.425
U0014,87,impression,2026-04-09T11:28:56,A11,0.429
U0014,87,click,2026-04-09T11:29:18,A11,0.429
U0014,87,save,2026-04-09T11:29:18,A11,0.429
U0014,90,impression,2026-04-09T11:28:16,A11,0.023
U0014,109,impression,2026-04-09T11:28:50,A11,0.059
U0014,21,impression,2026-04-09T11:31:18,A11,0.474
U0014,39,impression,2026-04-09T11:30:11,A11,0.623
U0014,39,click,2026-04-09T11:30:19,A11,0.623
U0014,39,cart_add,2026-04-09T11:30:37,A11,0.623
U0014,47,impression,2026-04-09T11:28:40,A11,0.503
U0014,92,impression,2026-02-08T14:39:45,A11,0.066
U0014,47,impression,2026-02-08T14:39:55,A11,0.421
U0014,40,impression,2026-02-08T14:38:38,A11,0.456
U0014,25,impression,2026-02-08T14:36:32,A11,0.422
U0014,23,impression,2026-02-08T14:36:20,A11,0.46
U0014,56,impression,2026-02-08T14:38:00,A11,0.07
U0014,58,impression,2026-02-08T14:37:46,A11,0.065
U0014,71,impression,2026-02-08T14:38:40,A11,0.051
U0014,65,impression,2026-02-08T14:37:03,A11,-0.008
U0014,86,impression,2026-02-08T14:39:41,A11,0.431
U0014,24,impression,2026-02-08T14:38:51,A11,0.435
U0014,60,impression,2026-03-23T09:48:41,A11,0.031
U0014,92,impression,2026-03-23T09:48:21,A11,0.092
U0014,102,impression,2026-03-23T09:50:52,A11,0.461
U0014,41,impression,2026-03-23T09:46:19,A11,0.505
U0014,22,impression,2026-03-23T09:48:15,A11,0.426
U0015,80,impression,2026-03-02T13:53:51,A12,0.102
U0015,40,impression,2026-03-02T13:54:33,A12,0.492
U0015,79,impression,2026-03-02T13:52:56,A12,0.022
U0015,31,impression,2026-03-02T13:51:05,A12,0.465
U0015,59,impression,2026-03-02T13:51:27,A12,0.073
U0015,109,impression,2026-03-02T13:55:36,A12,0.014
U0015,32,impression,2026-03-02T13:52:53,A12,0.443
U0015,32,click,2026-03-02T13:53:15,A12,0.443
U0015,48,impression,2026-03-02T13:55:54,A12,0.455
U0015,76,impression,2026-03-02T13:53:28,A12,0.432
U0015,30,impression,2026-02-19T11:25:06,A12,0.486
U0015,94,impression,2026-02-19T11:25:52,A12,0.539
U0015,94,click,2026-02-19T11:26:12,A12,0.539
U0015,107,impression,2026-02-19T11:23:16,A12,0.434
U0015,53,impression,2026-02-19T11:25:54,A12,0.042
U0015,64,impression,2026-02-19T11:24:36,A12,0.077
U0015,73,impression,2026-02-19T11:23:56,A12,0.029
U0015,60,impression,2026-02-04T21:20:15,A12,0.034
U0015,23,impression,2026-02-04T21:19:07,A12,0.492
U0015,97,impression,2026-02-04T21:21:36,A12,0.09
U0015,62,impression,2026-02-04T21:20:47,A12,0.012
U0015,50,impression,2026-02-04T21:23:39,A12,0.431
U0015,87,impression,2026-02-04T21:23:07,A12,0.631
U0015,36,impression,2026-02-04T21:19:09,A12,0.509
U0015,78,impression,2026-04-09T09:16:09,A12,0.096
U0015,45,impression,2026-04-09T09:19:17,A12,0.498
U0015,45,click,2026-04-09T09:19:30,A12,0.498
U0015,27,impression,2026-04-09T09:20:08,A12,0.09
U0015,39,impression,2026-04-09T09:17:35,A12,0.463
U0015,39,click,2026-04-09T09:17:50,A12,0.463
U0015,44,impression,2026-04-09T09:20:31,A12,0.414
U0015,95,impression,2026-04-09T09:17:20,A12,0.059
U0015,95,click,2026-04-09T09:17:42,A12,0.059
U0015,30,impression,2026-04-09T09:20:16,A12,0.434
U0016,33,impression,2026-03-05T15:57:56,A06,0.462
U0016,87,impression,2026-03-05T15:59:38,A06,0.022
U0016,52,impression,2026-03-05T15:58:48,A06,0.501
U0016,34,impression,2026-03-05T15:57:10,A06,0.393
U0016,60,impression,2026-03-05T15:57:43,A06,0.078
U0016,49,impression,2026-03-12T20:45:13,A06,0.023
U0016,56,impression,2026-03-12T20:47:16,A06,0.071
U0016,47,impression,2026-03-12T20:46:58,A06,0.071
U0016,39,impression,2026-03-12T20:45:40,A06,0.413
U0016,98,impression,2026-03-12T20:49:17,A06,0.458
U0016,99,impression,2026-03-12T20:48:11,A06,0.057
U0016,77,impression,2026-03-12T20:49:02,A06,0.474
U0016,77,click,2026-03-12T20:49:09,A06,0.474
U0016,31,impression,2026-03-12T20:47:18,A06,0.477
U0016,61,impression,2026-03-12T20:46:43,A06,0.032
U0016,26,impression,2026-03-12T20:48:44,A06,0.417
U0016,36,impression,2026-03-12T20:47:46,A06,0.459
U0016,30,impression,2026-03-12T20:48:38,A06,0.499
U0016,102,impression,2026-03-12T20:48:14,A06,0.014
U0016,102,impression,2026-03-23T18:49:30,A06,0.027
U0016,84,impression,2026-03-23T18:51:24,A06,0.495
U0016,52,impression,2026-03-23T18:50:51,A06,0.456
U0016,52,click,2026-03-23T18:51:08,A06,0.456
U0016,56,impression,2026-03-23T18:51:39,A06,0.104
U0016,27,impression,2026-03-23T18:50:50,A06,0.441
U0016,27,click,2026-03-23T18:51:05,A06,0.441
U0016,77,impression,2026-03-23T18:50:52,A06,0.455
U0016,77,click,2026-03-23T18:51:03,A06,0.455
U0016,51,impression,2026-03-23T18:48:03,A06,0.49
U0016,51,click,2026-03-23T18:48:26,A06,0.49
U0016,25,impression,2026-03-23T18:50:16,A06,0.457
U0016,75,impression,2026-03-23T18:48:21,A06,0.108
U0016,66,impression,2026-03-23T18:48:27,A06,0.048
U0016,46,impression,2026-03-23T18:48:16,A06,0.462
U0016,46,click,2026-03-23T18:48:21,A06,0.462
U0016,42,impression,2026-03-23T18:49:38,A06,0.052
U0016,81,impression,2026-03-23T18:49:27,A06,0.481
U0016,74,impression,2026-03-23T18:48:07,A06,0.022
U0016,50,impression,2026-02-01T18:52:45,A06,0.472
U0016,46,impression,2026-02-01T18:49:34,A06,0.426
U0016,46,click,2026-02-01T18:49:55,A06,0.426
U0016,106,impression,2026-02-01T18:52:55,A06,0.013
U0016,109,impression,2026-02-01T18:48:44,A06,0.04
U0016,81,impression,2026-02-01T18:49:31,A06,0.427
U0016,81,click,2026-02-01T18:49:41,A06,0.427
U0016,24,impression,2026-02-01T18:52:47,A06,0.469
U0016,24,click,2026-02-01T18:53:02,A06,0.469
U0016,52,impression,2026-02-01T18:50:33,A06,0.414
U0016,71,impression,2026-02-01T18:48:34,A06,0.1
U0016,68,impression,2026-02-01T18:48:33,A06,0.094
U0016,36,impression,2026-02-18T10:48:48,A06,0.503
U0016,51,impression,2026-02-18T10:48:14,A06,0.483
U0016,44,impression,2026-02-18T10:45:59,A06,0.028
U0016,67,impression,2026-02-18T10:44:00,A06,0.078
U0016,39,impression,2026-02-18T10:45:00,A06,0.456
U0016,49,impression,2026-02-18T10:47:32,A06,0.031
U0016,32,impression,2026-02-18T10:48:46,A06,0.443
U0016,98,impression,2026-02-18T10:45:43,A06,0.431
U0016,54,impression,2026-02-18T10:44:34,A06,0.035
U0017,71,impression,2026-02-01T10:47:34,A13,0.179
U0017,93,impression,2026-02-01T10:46:31,A13,0.536
U0017,85,impression,2026-02-01T10:47:26,A13,0.656
U0017,85,click,2026-02-01T10:47:50,A13,0.656
U0017,45,impression,2026-02-01T10:47:55,A13,0.012
U0017,75,impression,2026-02-01T10:46:01,A13,0.65
U0017,75,click,2026-02-01T10:46:06,A13,0.65
U0017,75,cart_add,2026-02-01T10:46:35,A13,0.65
U0017,72,impression,2026-02-01T10:47:52,A13,0.734
U0017,59,impression,2026-02-01T10:43:59,A13,0.669
U0017,69,impression,2026-02-01T10:45:41,A13,0.645
U0017,76,impression,2026-02-01T10:43:44,A13,0.037
U0017,47,impression,2026-02-01T10:46:51,A13,0.034
U0017,62,impression,2026-03-11T12:33:50,A13,0.487
U0017,61,impression,2026-03-11T12:34:07,A13,0.504
U0017,61,click,2026-03-11T12:34:09,A13,0.504
U0017,91,impression,2026-03-11T12:33:02,A13,0.017
U0017,34,impression,2026-03-11T12:33:44,A13,-0.016
U0017,59,impression,2026-03-11T12:33:52,A13,0.739
U0017,24,impression,2026-03-11T12:35:39,A13,0.076
U0017,24,click,2026-03-11T12:36:04,A13,0.076
U0017,60,impression,2026-03-11T12:34:38,A13,0.602
U0017,60,click,2026-03-11T12:34:56,A13,0.602
U0017,69,impression,2026-03-11T12:34:16,A13,0.582
U0017,69,click,2026-03-11T12:34:20,A13,0.582
U0017,69,save,2026-03-11T12:34:20,A13,0.582
U0017,101,impression,2026-03-11T12:34:45,A13,0.061
U0017,93,impression,2026-04-12T14:17:25,A13,0.493
U0017,93,click,2026-04-12T14:17:27,A13,0.493
U0017,93,save,2026-04-12T14:17:27,A13,0.493
U0017,44,impression,2026-04-12T14:20:48,A13,0.08
U0017,85,impression,2026-04-12T14:18:41,A13,0.681
U0017,75,impression,2026-04-12T14:21:33,A13,0.637
U0017,75,click,2026-04-12T14:22:03,A13,0.637
U0017,32,impression,2026-04-12T14:20:59,A13,0.023
U0017,54,impression,2026-04-12T14:20:58,A13,0.041
U0017,67,impression,2026-04-12T14:18:13,A13,0.555
U0017,94,impression,2026-03-06T14:27:24,A13,0.095
U0017,98,impression,2026-03-06T14:26:05,A13,0.15
U0017,80,impression,2026-03-06T14:25:54,A13,0.611
U0017,69,impression,2026-03-06T14:27:34,A13,0.635
U0017,24,impression,2026-03-06T14:28:31,A13,0.05
U0017,93,impression,2026-03-06T14:26:21,A13,0.514
U0017,85,impression,2026-03-06T14:27:54,A13,0.688
U0017,85,click,2026-03-06T14:28:17,A13,0.688
U0017,98,impression,2026-03-28T18:53:14,A13,0.159
U0017,80,impression,2026-03-28T18:50:31,A13,0.634
U0017,80,click,2026-03-28T18:50:58,A13,0.634
U0017,60,impression,2026-03-28T18:50:00,A13,0.645
U0017,74,impression,2026-03-28T18:53:51,A13,0.636
U0017,61,impression,2026-03-28T18:54:55,A13,0.449
U0017,62,impression,2026-03-28T18:52:42,A13,0.431
U0017,70,impression,2026-03-28T18:52:35,A13,0.169
U0017,37,impression,2026-03-28T18:52:56,A13,0.104
U0017,85,impression,2026-03-28T18:54:21,A13,0.708
U0017,95,impression,2026-03-28T18:52:30,A13,0.023
U0017,62,impression,2026-04-12T09:01:04,A13,0.439
U0017,62,click,2026-04-12T09:01:07,A13,0.439
U0017,99,impression,2026-04-12T09:03:43,A13,0.578
U0017,72,impression,2026-04-12T09:01:10,A13,0.664
U0017,90,impression,2026-04-12T09:03:53,A13,0.052
U0017,106,impression,2026-04-12T09:03:37,A13,0.08
U0017,59,impression,2026-04-12T09:03:37,A13,0.695
U0017,69,impression,2026-04-12T09:03:01,A13,0.615
U0017,69,click,2026-04-12T09:03:15,A13,0.615
U0017,82,impression,2026-04-12T09:02:01,A13,0.095
U0017,84,impression,2026-04-12T09:04:39,A13,0.117
U0017,60,impression,2026-04-12T09:00:19,A13,0.573
U0017,86,impression,2026-04-12T09:00:57,A13,0.08
U0017,67,impression,2026-04-12T09:00:40,A13,0.556
U0017,67,click,2026-04-12T09:01:04,A13,0.556
U0017,68,impression,2026-04-12T09:02:23,A13,0.085
U0017,96,impression,2026-02-11T18:00:02,A13,0.016
U0017,94,impression,2026-02-11T17:58:29,A13,0.067
U0017,80,impression,2026-02-11T17:58:26,A13,0.632
U0017,22,impression,2026-02-11T17:56:39,A13,0.023
U0017,60,impression,2026-02-11T17:57:07,A13,0.598
U0017,62,impression,2026-02-11T17:58:11,A13,0.438
U0017,62,click,2026-02-11T17:58:15,A13,0.438
U0017,73,impression,2026-02-11T17:59:48,A13,0.644
U0017,85,impression,2026-02-11T17:58:00,A13,0.668
U0017,105,impression,2026-02-11T17:56:16,A13,0.09
U0017,74,impression,2026-02-11T17:57:14,A13,0.578
U0017,108,impression,2026-02-11T18:00:13,A13,0.492
U0017,76,impression,2026-02-11T17:59:16,A13,0.051
U0017,67,impression,2026-02-11T17:57:25,A13,0.504
U0017,67,click,2026-02-11T17:57:49,A13,0.504
U0017,67,cart_add,2026-02-11T17:58:10,A13,0.504
U0017,27,impression,2026-02-11T17:57:25,A13,0.012
U0018,66,impression,2026-03-11T16:47:50,A03,0.037
U0018,75,impression,2026-03-11T16:50:56,A03,0.068
U0018,72,impression,2026-03-11T16:48:39,A03,0.085
U0018,106,impression,2026-03-11T16:48:32,A03,0.478
U0018,43,impression,2026-03-11T16:47:04,A03,0.411
U0018,94,impression,2026-03-11T16:47:50,A03,0.491
U0018,101,impression,2026-03-11T16:49:59,A03,0.479
U0018,101,click,2026-03-11T16:50:09,A03,0.479
U0018,101,cart_add,2026-03-11T16:50:53,A03,0.479
U0018,97,impression,2026-03-11T16:48:51,A03,0.104
U0018,52,impression,2026-03-11T16:48:01,A03,0.554
U0018,52,click,2026-03-11T16:48:21,A03,0.554
U0018,41,impression,2026-03-11T16:51:49,A03,0.5
U0018,77,impression,2026-03-11T16:47:56,A03,-0.027
U0018,24,impression,2026-03-11T16:50:59,A03,0.035
U0018,31,impression,2026-03-11T16:50:52,A03,0.468
U0018,52,impression,2026-03-08T21:29:12,A03,0.581
U0018,52,click,2026-03-08T21:29:15,A03,0.581
U0018,52,save,2026-03-08T21:29:15,A03,0.581
U0018,48,impression,2026-03-08T21:27:09,A03,0.488
U0018,64,impression,2026-03-08T21:27:00,A03,0.025
U0018,27,impression,2026-03-08T21:29:16,A03,0.066
U0018,105,impression,2026-03-08T21:30:20,A03,0.043
U0018,44,impression,2026-03-08T21:31:11,A03,0.542
U0018,87,impression,2026-03-08T21:27:35,A03,0.405
U0018,77,impression,2026-03-08T21:31:06,A03,-0.045
U0018,59,impression,2026-03-08T21:30:03,A03,0.064
U0018,37,impression,2026-03-08T21:27:28,A03,0.44
U0018,22,impression,2026-03-08T21:27:46,A03,0.506
U0018,69,impression,2026-03-08T21:29:54,A03,0.095
U0018,31,impression,2026-03-08T21:29:28,A03,0.506
U0018,39,impression,2026-03-08T21:27:20,A03,0.428
U0018,43,impression,2026-03-08T21:29:33,A03,0.476
U0018,100,impression,2026-02-14T19:44:08,A03,0.107
U0018,100,click,2026-02-14T19:44:10,A03,0.107
U0018,32,impression,2026-02-14T19:45:48,A03,0.531
U0018,22,impression,2026-02-14T19:47:54,A03,0.477
U0018,89,impression,2026-02-14T19:48:34,A03,0.062
U0018,87,impression,2026-02-14T19:44:36,A03,0.423
U0018,87,click,2026-02-14T19:44:41,A03,0.423
U0018,87,cart_add,2026-02-14T19:45:25,A03,0.423
U0018,35,impression,2026-02-14T19:45:06,A03,0.48
U0018,35,click,2026-02-14T19:45:27,A03,0.48
U0018,35,save,2026-02-14T19:45:27,A03,0.48
U0018,101,impression,2026-02-14T19:47:53,A03,0.489
U0018,60,impression,2026-02-14T19:44:32,A03,0.094
U0018,25,impression,2026-02-14T19:48:14,A03,0.016
U0018,39,impression,2026-02-14T19:44:32,A03,0.472
U0018,26,impression,2026-03-27T14:54:12,A03,0.089
U0018,33,impression,2026-03-27T14:55:09,A03,0.412
U0018,33,click,2026-03-27T14:55:10,A03,0.412
U0018,59,impression,2026-03-27T14:53:25,A03,0.075
U0018,76,impression,2026-03-27T14:55:03,A03,0.651
U0018,55,impression,2026-03-27T14:53:18,A03,0.031
U0018,48,impression,2026-03-27T14:52:29,A03,0.451
U0018,35,impression,2026-03-27T14:52:32,A03,0.414
U0018,89,impression,2026-03-27T14:51:45,A03,0.036
U0018,52,impression,2026-03-27T14:53:58,A03,0.568
U0018,82,impression,2026-03-27T14:52:38,A03,0.626
U0018,82,click,2026-03-27T14:52:55,A03,0.626
U0018,46,impression,2026-03-27T14:55:36,A03,0.091
U0018,107,impression,2026-03-27T14:52:46,A03,0.456
U0018,69,impression,2026-03-27T14:52:16,A03,0.029
U0018,34,impression,2026-03-27T14:55:02,A03,0.477
U0018,106,impression,2026-03-27T14:51:22,A03,0.426
U0018,106,click,2026-03-27T14:51:34,A03,0.426
U0019,21,impression,2026-03-31T09:08:46,A05,0.469
U0019,42,impression,2026-03-31T09:08:46,A05,0.485
U0019,42,click,2026-03-31T09:08:50,A05,0.485
U0019,67,impression,2026-03-31T09:07:42,A05,0.054
U0019,68,impression,2026-03-31T09:10:01,A05,0.032
U0019,89,impression,2026-03-31T09:09:43,A05,0.62
U0019,89,click,2026-03-31T09:10:13,A05,0.62
U0019,56,impression,2026-03-20T11:31:55,A05,0.027
U0019,26,impression,2026-03-20T11:30:20,A05,0.04
U0019,34,impression,2026-03-20T11:30:27,A05,0.044
U0019,43,impression,2026-03-20T11:30:57,A05,0.465
U0019,43,click,2026-03-20T11:31:25,A05,0.465
U0019,81,impression,2026-03-20T11:33:02,A05,0.007
U0019,49,impression,2026-03-20T11:32:39,A05,0.438
U0019,45,impression,2026-03-20T11:31:47,A05,0.435
U0019,101,impression,2026-03-20T11:30:16,A05,0.432
U0019,107,impression,2026-02-01T15:04:03,A05,0.455
U0019,107,click,2026-02-01T15:04:28,A05,0.455
U0019,107,save,2026-02-01T15:04:28,A05,0.455
U0019,86,impression,2026-02-01T15:03:07,A05,0.505
U0019,106,impression,2026-02-01T15:02:46,A05,0.434
U0019,106,click,2026-02-01T15:03:08,A05,0.434
U0019,26,impression,2026-02-01T15:06:58,A05,0.096
U0019,26,click,2026-02-01T15:07:13,A05,0.096
U0019,68,impression,2026-02-01T15:03:34,A05,0.08
U0019,22,impression,2026-03-20T19:29:20,A05,0.447
U0019,81,impression,2026-03-20T19:33:46,A05,0.003
U0019,70,impression,2026-03-20T19:30:44,A05,0.066
U0019,47,impression,2026-03-20T19:33:36,A05,0.443
U0019,47,click,2026-03-20T19:33:52,A05,0.443
U0019,23,impression,2026-03-20T19:30:47,A05,0.497
U0019,76,impression,2026-03-20T19:31:44,A05,0.486
U0019,48,impression,2026-03-20T19:32:36,A05,0.437
U0019,21,impression,2026-03-20T19:31:56,A05,0.416
U0019,87,impression,2026-03-20T19:30:02,A05,0.415
U0019,88,impression,2026-03-20T19:33:32,A05,0.008
U0019,101,impression,2026-03-20T19:32:08,A05,0.455
U0019,52,impression,2026-03-20T19:29:33,A05,0.105
U0019,72,impression,2026-03-20T19:29:44,A05,0.098
U0019,64,impression,2026-03-20T19:31:27,A05,0.74
U0019,75,impression,2026-03-20T19:30:24,A05,0.018
U0019,101,impression,2026-02-19T16:09:32,A05,0.439
U0019,101,click,2026-02-19T16:09:58,A05,0.439
U0019,87,impression,2026-02-19T16:12:30,A05,0.429
U0019,80,impression,2026-02-19T16:11:47,A05,0.076
U0019,61,impression,2026-02-19T16:13:31,A05,0.077
U0019,70,impression,2026-02-19T16:11:35,A05,0.055
U0019,105,impression,2026-02-19T16:11:36,A05,0.1
U0019,47,impression,2026-02-19T16:13:07,A05,0.436
U0019,21,impression,2026-02-19T16:09:24,A05,0.439
U0019,21,click,2026-02-19T16:09:34,A05,0.439
U0020,88,impression,2026-04-10T13:11:17,A12,0.011
U0020,68,impression,2026-04-10T13:12:15,A12,0.108
U0020,36,impression,2026-04-10T13:12:23,A12,0.464
U0020,26,impression,2026-04-10T13:11:12,A12,0.022
U0020,42,impression,2026-04-10T13:12:14,A12,0.46
U0020,34,impression,2026-04-10T13:12:19,A12,0.473
U0020,34,click,2026-04-10T13:12:43,A12,0.473
U0020,37,impression,2026-04-10T13:13:31,A12,0.475
U0020,85,impression,2026-03-10T21:39:48,A12,0.018
U0020,25,impression,2026-03-10T21:40:22,A12,0.101
U0020,104,impression,2026-03-10T21:40:21,A12,0.619
U0020,49,impression,2026-03-10T21:39:04,A12,0.501
U0020,55,impression,2026-03-10T21:39:38,A12,0.082
U0020,22,impression,2026-03-10T21:38:25,A12,0.447
U0020,94,impression,2026-03-10T21:39:48,A12,0.521
U0020,92,impression,2026-03-10T21:39:47,A12,0.019
U0020,36,impression,2026-03-10T21:39:46,A12,0.452
U0020,67,impression,2026-03-10T21:39:37,A12,0.061
U0020,87,impression,2026-03-10T21:41:00,A12,0.646
U0020,106,impression,2026-03-10T21:38:35,A12,0.584
U0020,31,impression,2026-03-10T21:38:51,A12,0.467
U0020,31,click,2026-03-10T21:39:10,A12,0.467
U0020,34,impression,2026-03-10T21:38:19,A12,0.421
U0020,73,impression,2026-03-10T21:40:50,A12,0.066
U0020,103,impression,2026-02-18T12:15:11,A12,0.052
U0020,101,impression,2026-02-18T12:11:14,A12,0.474
U0020,101,click,2026-02-18T12:11:23,A12,0.474
U0020,62,impression,2026-02-18T12:14:05,A12,0.07
U0020,25,impression,2026-02-18T12:13:12,A12,0.062
U0020,47,impression,2026-02-18T12:12:01,A12,0.458
U0020,85,impression,2026-02-18T12:11:08,A12,0.083
U0020,42,impression,2026-02-18T12:11:29,A12,0.426
U0020,42,click,2026-02-18T12:11:44,A12,0.426
U0020,78,impression,2026-02-18T12:13:19,A12,0.026
U0020,102,impression,2026-02-18T12:14:02,A12,0.554
U0020,102,click,2026-02-18T12:14:12,A12,0.554
U0020,23,impression,2026-02-18T12:12:33,A12,0.461
U0020,45,impression,2026-02-18T12:12:25,A12,0.47
U0020,21,impression,2026-03-13T22:54:59,A12,0.502
U0020,66,impression,2026-03-13T22:58:05,A12,0.102
U0020,80,impression,2026-03-13T22:55:11,A12,0.079
U0020,47,impression,2026-03-13T22:58:27,A12,0.499
U0020,82,impression,2026-03-13T22:56:35,A12,0.444
U0020,82,click,2026-03-13T22:57:02,A12,0.444
U0020,50,impression,2026-03-13T22:55:56,A12,0.479
U0020,31,impression,2026-03-13T22:54:40,A12,0.401
U0020,83,impression,2026-03-13T22:54:57,A12,0.086
U0020,71,impression,2026-03-13T22:57:40,A12,0.087
U0020,71,click,2026-03-13T22:57:44,A12,0.087
U0020,91,impression,2026-03-13T22:58:00,A12,0.424
U0020,91,click,2026-03-13T22:58:09,A12,0.424
U0020,91,save,2026-03-13T22:58:09,A12,0.424
U0020,74,impression,2026-03-13T22:54:49,A12,0.011
U0020,33,impression,2026-03-13T22:55:45,A12,0.502
U0020,44,impression,2026-03-13T22:56:59,A12,0.43
U0020,44,click,2026-03-13T22:57:04,A12,0.43
U0020,51,impression,2026-03-13T22:56:58,A12,0.505
U0020,69,impression,2026-03-13T22:56:03,A12,0.096
U0021,36,impression,2026-02-13T22:41:18,A02,0.502
U0021,70,impression,2026-02-13T22:38:34,A02,0.057
U0021,35,impression,2026-02-13T22:38:32,A02,0.506
U0021,86,impression,2026-02-13T22:40:37,A02,0.508
U0021,86,click,2026-02-13T22:40:45,A02,0.508
U0021,62,impression,2026-02-13T22:40:58,A02,0.041
U0021,82,impression,2026-02-18T16:52:03,A02,0.496
U0021,41,impression,2026-02-18T16:48:06,A02,0.447
U0021,59,impression,2026-02-18T16:48:53,A02,0.059
U0021,23,impression,2026-02-18T16:48:43,A02,0.462
U0021,23,click,2026-02-18T16:48:56,A02,0.462
U0021,26,impression,2026-02-18T16:49:26,A02,0.42
U0021,26,click,2026-02-18T16:49:33,A02,0.42
U0021,70,impression,2026-02-18T16:49:02,A02,0.109
U0021,91,impression,2026-02-18T16:52:15,A02,0.407
U0021,78,impression,2026-02-18T16:52:57,A02,0.081
U0021,43,impression,2026-02-18T16:51:24,A02,0.646
U0021,85,impression,2026-02-18T16:51:27,A02,0.077
U0021,53,impression,2026-04-07T13:10:43,A02,0.089
U0021,58,impression,2026-04-07T13:13:18,A02,0.06
U0021,82,impression,2026-04-07T13:13:36,A02,0.444
U0021,89,impression,2026-04-07T13:09:16,A02,0.07
U0021,97,impression,2026-04-07T13:10:00,A02,0.498
U0021,55,impression,2026-04-07T13:12:12,A02,0.041
U0021,30,impression,2026-04-07T13:10:30,A02,0.414
U0021,37,impression,2026-04-07T13:11:35,A02,0.496
U0021,31,impression,2026-04-07T13:12:40,A02,0.396
U0021,31,click,2026-04-07T13:13:03,A02,0.396
U0021,39,impression,2026-04-07T13:13:11,A02,0.467
U0021,27,impression,2026-04-07T13:13:52,A02,0.469
U0021,56,impression,2026-04-07T13:10:20,A02,0.066
U0022,26,impression,2026-03-06T16:39:05,A04,0.016
U0022,39,impression,2026-03-06T16:37:43,A04,0.075
U0022,90,impression,2026-03-06T16:39:36,A04,0.577
U0022,90,click,2026-03-06T16:39:42,A04,0.577
U0022,90,save,2026-03-06T16:39:42,A04,0.577
U0022,100,impression,2026-03-06T16:40:36,A04,0.536
U0022,70,impression,2026-03-06T16:39:16,A04,0.5
U0022,70,click,2026-03-06T16:39:32,A04,0.5
U0022,68,impression,2026-03-06T16:40:19,A04,0.448
U0022,74,impression,2026-03-06T16:41:10,A04,0.02
U0022,24,impression,2026-03-06T16:39:52,A04,0.078
U0022,57,impression,2026-03-06T16:39:53,A04,0.491
U0022,57,click,2026-03-06T16:40:03,A04,0.491
U0022,83,impression,2026-03-06T16:37:38,A04,0.62
U0022,76,impression,2026-03-06T16:39:27,A04,0.064
U0022,59,impression,2026-03-11T18:27:33,A04,0.06
U0022,73,impression,2026-03-11T18:26:42,A04,0.064
U0022,35,impression,2026-03-11T18:29:23,A04,0.035
U0022,83,impression,2026-03-11T18:26:32,A04,0.646
U0022,58,impression,2026-03-11T18:29:24,A04,0.473
U0022,92,impression,2026-03-11T18:26:49,A04,0.468
U0022,103,impression,2026-03-11T18:28:59,A04,0.492
U0022,31,impression,2026-03-11T18:28:42,A04,0.044
U0022,85,impression,2026-02-08T17:12:58,A04,0.051
U0022,78,impression,2026-02-08T17:14:38,A04,0.413
U0022,31,impression,2026-02-08T17:15:43,A04,0.036
U0022,68,impression,2026-02-08T17:13:43,A04,0.501
U0022,68,click,2026-02-08T17:13:48,A04,0.501
U0022,68,save,2026-02-08T17:13:48,A04,0.501
U0022,65,impression,2026-02-08T17:16:41,A04,0.468
U0022,65,click,2026-02-08T17:17:09,A04,0.468
U0022,65,save,2026-02-08T17:17:09,A04,0.468
U0022,66,impression,2026-02-08T17:12:28,A04,0.488
U0022,67,impression,2026-02-08T17:14:32,A04,-0.012
U0022,90,impression,2026-02-08T17:15:28,A04,0.66
U0022,88,impression,2026-02-08T17:12:46,A04,0.022
U0022,103,impression,2026-02-08T17:13:11,A04,0.494
U0022,103,click,2026-02-08T17:13:30,A04,0.494
U0022,66,impression,2026-04-08T19:53:57,A04,0.48
U0022,41,impression,2026-04-08T19:55:06,A04,0.052
U0022,50,impression,2026-04-08T19:54:14,A04,0.098
U0022,87,impression,2026-04-08T19:55:37,A04,0.037
U0022,100,impression,2026-04-08T19:53:17,A04,0.587
U0022,81,impression,2026-04-08T19:53:27,A04,0.051
U0022,72,impression,2026-04-08T19:55:02,A04,0.089
U0022,53,impression,2026-04-08T19:56:05,A04,0.048
U0022,90,impression,2026-04-08T19:57:33,A04,0.639
U0022,70,impression,2026-04-08T19:56:18,A04,0.496
U0022,70,click,2026-04-08T19:56:31,A04,0.496
U0022,58,impression,2026-04-08T19:55:00,A04,0.44
U0022,78,impression,2026-04-08T19:54:22,A04,0.496
U0022,68,impression,2026-04-08T19:56:28,A04,0.473
U0022,79,impression,2026-04-08T19:53:41,A04,0.677
U0022,103,impression,2026-04-04T16:48:09,A04,0.473
U0022,103,click,2026-04-04T16:48:16,A04,0.473
U0022,75,impression,2026-04-04T16:48:20,A04,0.018
U0022,70,impression,2026-04-04T16:48:06,A04,0.481
U0022,71,impression,2026-04-04T16:49:43,A04,0.479
U0022,105,impression,2026-04-04T16:48:08,A04,0.577
U0022,105,click,2026-04-04T16:48:30,A04,0.577
U0022,56,impression,2026-04-04T16:47:43,A04,0.038
U0022,92,impression,2026-04-04T16:50:13,A04,0.428
U0022,58,impression,2026-04-04T16:48:54,A04,0.498
U0022,58,click,2026-04-04T16:48:55,A04,0.498
U0022,99,impression,2026-04-04T16:47:45,A04,0.073
U0022,31,impression,2026-04-04T16:48:26,A04,-0.0
U0022,43,impression,2026-04-04T16:49:13,A04,0.072
U0022,79,impression,2026-03-20T11:40:13,A04,0.679
U0022,88,impression,2026-03-20T11:37:45,A04,-0.002
U0022,98,impression,2026-03-20T11:38:24,A04,0.11
U0022,93,impression,2026-03-20T11:37:32,A04,0.029
U0022,92,impression,2026-03-20T11:38:28,A04,0.425
U0022,57,impression,2026-03-20T11:39:50,A04,0.434
U0022,55,impression,2026-03-20T18:44:07,A04,0.237
U0022,71,impression,2026-03-20T18:47:57,A04,0.466
U0022,71,click,2026-03-20T18:48:03,A04,0.466
U0022,58,impression,2026-03-20T18:44:07,A04,0.498
U0022,58,click,2026-03-20T18:44:30,A04,0.498
U0022,32,impression,2026-03-20T18:43:22,A04,0.022
U0022,87,impression,2026-03-20T18:45:23,A04,0.015
U0022,65,impression,2026-03-20T18:45:24,A04,0.533
U0022,57,impression,2026-03-20T18:45:15,A04,0.436
U0022,83,impression,2026-03-20T18:44:24,A04,0.614
U0022,30,impression,2026-03-20T18:44:17,A04,0.109
U0022,81,impression,2026-03-20T18:46:45,A04,0.077
U0022,35,impression,2026-03-20T18:44:57,A04,0.025
U0022,66,impression,2026-03-20T18:44:23,A04,0.457
U0022,105,impression,2026-03-20T18:47:13,A04,0.534
U0022,105,click,2026-03-20T18:47:25,A04,0.534
U0022,70,impression,2026-03-20T18:43:57,A04,0.456
U0022,78,impression,2026-03-20T18:44:03,A04,0.497
U0022,50,impression,2026-02-27T22:18:48,A04,0.087
U0022,92,impression,2026-02-27T22:19:02,A04,0.413
U0022,103,impression,2026-02-27T22:18:54,A04,0.469
U0022,79,impression,2026-02-27T22:18:41,A04,0.665
U0022,65,impression,2026-02-27T22:22:05,A04,0.511
U0022,21,impression,2026-02-27T22:18:02,A04,0.106
U0022,59,impression,2026-02-27T22:21:51,A04,0.014
U0023,51,impression,2026-02-28T22:04:07,A05,0.1
U0023,60,impression,2026-02-28T22:06:08,A05,0.02
U0023,94,impression,2026-02-28T22:06:18,A05,0.619
U0023,91,impression,2026-02-28T22:06:36,A05,0.501
U0023,91,click,2026-02-28T22:06:50,A05,0.501
U0023,90,impression,2026-02-28T22:06:38,A05,0.053
U0023,102,impression,2026-02-28T22:06:57,A05,0.461
U0023,98,impression,2026-02-28T22:04:19,A05,0.075
U0023,50,impression,2026-02-28T22:07:28,A05,0.063
U0023,89,impression,2026-02-28T22:03:40,A05,0.662
U0023,37,impression,2026-02-28T22:04:16,A05,0.058
U0023,64,impression,2026-02-28T22:05:33,A05,0.718
U0023,22,impression,2026-02-28T22:05:31,A05,0.462
U0023,23,impression,2026-02-28T22:03:23,A05,0.465
U0023,47,impression,2026-02-28T22:06:31,A05,0.461
U0023,47,click,2026-02-28T22:06:53,A05,0.461
U0023,48,impression,2026-02-28T22:07:59,A05,0.446
U0023,48,click,2026-02-28T22:08:16,A05,0.446
U0023,48,save,2026-02-28T22:08:16,A05,0.446
U0023,64,impression,2026-04-01T11:51:35,A05,0.684
U0023,64,click,2026-04-01T11:51:38,A05,0.684
U0023,22,impression,2026-04-01T11:50:54,A05,0.497
U0023,54,impression,2026-04-01T11:53:22,A05,0.012
U0023,83,impression,2026-04-01T11:54:04,A05,0.027
U0023,76,impression,2026-04-01T11:54:09,A05,0.451
U0023,99,impression,2026-04-01T11:53:04,A05,0.091
U0023,23,impression,2026-04-01T11:53:22,A05,0.506
U0023,21,impression,2026-02-12T11:11:43,A05,0.475
U0023,38,impression,2026-02-12T11:12:35,A05,0.096
U0023,81,impression,2026-02-12T11:11:57,A05,0.015
U0023,40,impression,2026-02-12T11:08:59,A05,0.452
U0023,40,click,2026-02-12T11:09:04,A05,0.452
U0023,43,impression,2026-02-12T11:08:10,A05,0.459
U0023,32,impression,2026-04-16T12:16:22,A05,0.05
U0023,64,impression,2026-04-16T12:16:09,A05,0.711
U0023,64,click,2026-04-16T12:16:11,A05,0.711
U0023,91,impression,2026-04-16T12:12:32,A05,0.477
U0023,22,impression,2026-04-16T12:16:02,A05,0.475
U0023,22,click,2026-04-16T12:16:22,A05,0.475
U0023,21,impression,2026-04-16T12:12:10,A05,0.48
U0023,21,click,2026-04-16T12:12:34,A05,0.48
U0023,48,impression,2026-04-16T12:13:52,A05,0.433
U0023,97,impression,2026-04-16T12:15:59,A05,0.078
U0023,83,impression,2026-04-16T12:15:19,A05,0.039
U0023,77,impression,2026-04-16T12:15:04,A05,0.038
U0024,62,impression,2026-02-27T13:48:45,A02,0.033
U0024,34,impression,2026-02-27T13:46:13,A02,0.382
U0024,31,impression,2026-02-27T13:48:17,A02,0.396
U0024,31,click,2026-02-27T13:48:20,A02,0.396
U0024,98,impression,2026-02-27T13:48:47,A02,0.033
U0024,77,impression,2026-02-27T13:46:54,A02,0.461
U0024,64,impression,2026-02-27T13:48:45,A02,0.087
U0024,102,impression,2026-02-20T22:44:50,A02,0.483
U0024,102,click,2026-02-20T22:45:02,A02,0.483
U0024,107,impression,2026-02-20T22:47:44,A02,0.495
U0024,76,impression,2026-02-20T22:44:03,A02,0.487
U0024,109,impression,2026-02-20T22:46:54,A02,0.091
U0024,54,impression,2026-02-20T22:46:16,A02,0.027
U0024,99,impression,2026-02-20T22:47:04,A02,0.085
U0024,58,impression,2026-02-20T22:48:31,A02,0.035
U0024,30,impression,2026-02-20T22:47:39,A02,0.433
U0024,52,impression,2026-02-20T22:47:54,A02,0.451
U0024,90,impression,2026-02-20T22:47:05,A02,0.062
U0024,94,impression,2026-02-20T22:44:05,A02,0.134
U0024,24,impression,2026-02-20T22:44:35,A02,0.462
U0024,24,click,2026-02-20T22:44:46,A02,0.462
U0024,27,impression,2026-02-20T22:47:21,A02,0.443
U0024,91,impression,2026-02-20T18:04:04,A02,0.404
U0024,61,impression,2026-02-20T18:04:49,A02,0.064
U0024,79,impression,2026-02-20T18:07:26,A02,0.065
U0024,86,impression,2026-02-20T18:03:11,A02,0.474
U0024,86,click,2026-02-20T18:03:37,A02,0.474
U0024,50,impression,2026-02-20T18:05:35,A02,0.493
U0024,41,impression,2026-02-20T18:03:56,A02,0.509
U0024,83,impression,2026-02-20T18:05:12,A02,0.094
U0024,43,impression,2026-02-20T18:03:24,A02,0.605
U0024,42,impression,2026-02-20T18:06:49,A02,0.504
U0024,45,impression,2026-02-20T18:06:52,A02,0.484
U0024,99,impression,2026-02-20T18:07:57,A02,0.034
U0024,69,impression,2026-02-20T18:07:33,A02,0.099
U0024,21,impression,2026-02-20T18:05:33,A02,0.433
U0024,49,impression,2026-02-20T18:07:53,A02,0.488
U0024,92,impression,2026-02-20T18:07:26,A02,0.081
U0024,35,impression,2026-02-14T14:37:10,A02,0.51
U0024,88,impression,2026-02-14T14:34:23,A02,-0.003
U0024,60,impression,2026-02-14T14:36:54,A02,0.023
U0024,27,impression,2026-02-14T14:37:30,A02,0.47
U0024,27,click,2026-02-14T14:37:37,A02,0.47
U0024,27,cart_add,2026-02-14T14:37:52,A02,0.47
U0024,32,impression,2026-02-14T14:34:00,A02,0.447
U0024,76,impression,2026-02-14T14:34:01,A02,0.451
U0024,65,impression,2026-02-14T14:37:27,A02,-0.011
U0024,55,impression,2026-02-14T14:36:11,A02,0.047
U0024,50,impression,2026-02-14T14:34:13,A02,0.459
U0024,50,click,2026-02-14T14:34:32,A02,0.459
U0024,57,impression,2026-02-14T14:35:25,A02,0.041
U0024,81,impression,2026-02-14T14:37:10,A02,0.147
U0024,81,click,2026-02-14T14:37:28,A02,0.147
U0024,51,impression,2026-02-14T14:37:53,A02,0.452
U0024,47,impression,2026-02-14T14:35:52,A02,0.455
U0024,26,impression,2026-02-14T14:34:07,A02,0.458
U0025,52,impression,2026-03-30T19:28:45,A04,0.084
U0025,92,impression,2026-03-30T19:32:52,A04,0.481
U0025,81,impression,2026-03-30T19:30:38,A04,0.062
U0025,103,impression,2026-03-30T19:32:46,A04,0.422
U0025,103,click,2026-03-30T19:33:06,A04,0.422
U0025,85,impression,2026-03-30T19:32:27,A04,0.106
U0025,70,impression,2026-03-30T19:28:09,A04,0.458
U0025,70,click,2026-03-30T19:28:39,A04,0.458
U0025,58,impression,2026-03-30T19:29:45,A04,0.437
U0025,24,impression,2026-04-16T16:08:28,A04,0.041
U0025,105,impression,2026-04-16T16:07:46,A04,0.496
U0025,105,click,2026-04-16T16:08:09,A04,0.496
U0025,105,save,2026-04-16T16:08:09,A04,0.496
U0025,83,impression,2026-04-16T16:08:31,A04,0.602
U0025,67,impression,2026-04-16T16:06:01,A04,0.006
U0025,78,impression,2026-04-16T16:10:00,A04,0.434
U0025,88,impression,2026-04-16T16:09:18,A04,0.006
U0025,73,impression,2026-04-16T16:05:31,A04,0.022
U0025,71,impression,2026-04-16T16:05:33,A04,0.465
U0025,46,impression,2026-04-16T16:06:59,A04,0.046
U0025,86,impression,2026-04-16T16:09:43,A04,0.012
U0025,70,impression,2026-04-16T16:07:06,A04,0.478
U0025,57,impression,2026-04-16T16:06:04,A04,0.475
U0025,90,impression,2026-04-16T16:05:42,A04,0.611
U0025,106,impression,2026-04-06T12:51:25,A04,0.075
U0025,106,click,2026-04-06T12:51:55,A04,0.075
U0025,79,impression,2026-04-06T12:53:14,A04,0.675
U0025,65,impression,2026-04-06T12:51:48,A04,0.524
U0025,109,impression,2026-04-06T12:50:23,A04,0.061
U0025,87,impression,2026-04-06T12:50:35,A04,0.018
U0025,70,impression,2026-04-06T12:51:02,A04,0.45
U0025,66,impression,2026-04-06T12:52:23,A04,0.483
U0025,73,impression,2026-02-27T18:32:04,A04,0.01
U0025,68,impression,2026-02-27T18:36:10,A04,0.451
U0025,70,impression,2026-02-27T18:32:39,A04,0.464
U0025,59,impression,2026-02-27T18:35:47,A04,0.099
U0025,90,impression,2026-02-27T18:35:12,A04,0.605
U0025,69,impression,2026-02-27T18:33:30,A04,0.046
U0025,105,impression,2026-02-27T18:32:04,A04,0.571
U0025,105,click,2026-02-27T18:32:16,A04,0.571
U0025,78,impression,2026-02-27T18:32:10,A04,0.432
U0025,54,impression,2026-02-27T18:35:03,A04,0.078
U0025,103,impression,2026-02-27T18:34:35,A04,0.492
U0025,92,impression,2026-03-01T12:32:05,A04,0.485
U0025,78,impression,2026-03-01T12:32:56,A04,0.467
U0025,57,impression,2026-03-01T12:33:20,A04,0.483
U0025,57,click,2026-03-01T12:33:42,A04,0.483
U0025,57,save,2026-03-01T12:33:42,A04,0.483
U0025,66,impression,2026-03-01T12:33:09,A04,0.478
U0025,21,impression,2026-03-01T12:31:01,A04,0.098
U0025,37,impression,2026-03-01T12:31:26,A04,0.074
U0025,68,impression,2026-03-01T12:34:28,A04,0.442
U0025,48,impression,2026-03-01T12:34:58,A04,0.078
U0025,82,impression,2026-03-01T12:31:22,A04,0.062
U0025,83,impression,2026-03-01T12:33:22,A04,0.592
U0025,24,impression,2026-04-10T16:22:48,A04,0.03
U0025,70,impression,2026-04-10T16:20:49,A04,0.473
U0025,70,click,2026-04-10T16:21:03,A04,0.473
U0025,71,impression,2026-04-10T16:22:51,A04,0.473
U0025,33,impression,2026-04-10T16:24:02,A04,0.035
U0025,66,impression,2026-04-10T16:20:27,A04,0.444
U0025,83,impression,2026-04-08T21:15:33,A04,0.608
U0025,103,impression,2026-04-08T21:18:46,A04,0.416
U0025,103,click,2026-04-08T21:19:06,A04,0.416
U0025,89,impression,2026-04-08T21:19:46,A04,0.043
U0025,91,impression,2026-04-08T21:18:25,A04,0.05
U0025,100,impression,2026-04-08T21:16:59,A04,0.565
U0025,35,impression,2026-04-08T21:15:05,A04,0.089
U0025,58,impression,2026-04-01T21:27:22,A04,0.424
U0025,58,click,2026-04-01T21:27:32,A04,0.424
U0025,31,impression,2026-04-01T21:30:03,A04,0.045
U0025,83,impression,2026-04-01T21:28:14,A04,0.659
U0025,83,click,2026-04-01T21:28:24,A04,0.659
U0025,100,impression,2026-04-01T21:31:25,A04,0.587
U0025,109,impression,2026-04-01T21:27:29,A04,0.078
U0025,22,impression,2026-04-01T21:31:46,A04,0.092
U0025,90,impression,2026-04-01T21:28:40,A04,0.612
U0025,78,impression,2026-04-01T21:28:43,A04,0.474
U0025,57,impression,2026-04-01T21:31:03,A04,0.444
U0025,92,impression,2026-04-01T21:29:49,A04,0.508
U0025,47,impression,2026-04-01T21:29:51,A04,0.067
U0025,108,impression,2026-04-01T21:28:23,A04,0.052
U0025,70,impression,2026-04-01T21:27:21,A04,0.498
U0025,36,impression,2026-04-01T21:28:54,A04,0.102
U0026,22,impression,2026-02-28T12:30:15,A13,0.014
U0026,108,impression,2026-02-28T12:31:52,A13,0.438
U0026,32,impression,2026-02-28T12:32:53,A13,0.082
U0026,21,impression,2026-02-28T12:31:40,A13,0.035
U0026,62,impression,2026-02-28T12:30:51,A13,0.494
U0026,62,click,2026-02-28T12:31:13,A13,0.494
U0026,72,impression,2026-02-28T12:32:53,A13,0.739
U0026,79,impression,2026-02-28T12:32:02,A13,0.041
U0026,85,impression,2026-02-28T12:31:27,A13,0.687
U0026,93,impression,2026-02-28T12:33:42,A13,0.588
U0026,61,impression,2026-02-28T12:31:13,A13,0.417
U0026,89,impression,2026-02-17T21:14:23,A13,-0.02
U0026,74,impression,2026-02-17T21:16:59,A13,0.655
U0026,26,impression,2026-02-17T21:12:41,A13,0.031
U0026,72,impression,2026-02-17T21:12:33,A13,0.729
U0026,72,click,2026-02-17T21:12:46,A13,0.729
U0026,85,impression,2026-02-17T21:16:15,A13,0.701
U0026,68,impression,2026-02-17T21:15:11,A13,0.028
U0026,54,impression,2026-02-17T21:16:13,A13,0.058
U0026,69,impression,2026-02-17T21:16:58,A13,0.628
U0026,99,impression,2026-02-27T13:01:25,A13,0.52
U0026,50,impression,2026-02-27T13:00:58,A13,0.068
U0026,72,impression,2026-02-27T13:00:50,A13,0.684
U0026,73,impression,2026-02-27T13:01:14,A13,0.611
U0026,66,impression,2026-02-27T12:58:31,A13,0.048
U0026,82,impression,2026-02-27T12:57:38,A13,0.037
U0026,89,impression,2026-02-27T13:01:16,A13,-0.017
U0026,62,impression,2026-02-27T12:59:21,A13,0.474
U0026,55,impression,2026-02-13T10:04:06,A13,0.092
U0026,69,impression,2026-02-13T10:05:16,A13,0.621
U0026,74,impression,2026-02-13T10:05:47,A13,0.593
U0026,65,impression,2026-02-13T10:08:42,A13,0.012
U0026,85,impression,2026-02-13T10:07:56,A13,0.722
U0026,85,click,2026-02-13T10:07:59,A13,0.722
U0026,58,impression,2026-02-13T10:07:33,A13,0.087
U0026,59,impression,2026-02-13T10:08:45,A13,0.695
U0026,59,click,2026-02-13T10:08:50,A13,0.695
U0026,93,impression,2026-02-13T10:04:04,A13,0.584
U0026,62,impression,2026-02-13T10:07:01,A13,0.476
U0026,47,impression,2026-02-13T10:07:26,A13,0.052
U0026,93,impression,2026-04-10T13:21:41,A13,0.493
U0026,93,click,2026-04-10T13:21:54,A13,0.493
U0026,108,impression,2026-04-10T13:20:35,A13,0.476
U0026,31,impression,2026-04-10T13:20:05,A13,0.017
U0026,69,impression,2026-04-10T13:23:30,A13,0.656
U0026,82,impression,2026-04-10T13:21:06,A13,0.109
U0026,59,impression,2026-04-10T13:20:35,A13,0.698
U0026,84,impression,2026-04-10T13:21:45,A13,0.18
U0026,83,impression,2026-04-10T13:23:41,A13,0.031
U0026,61,impression,2026-04-10T13:21:21,A13,0.476
U0026,47,impression,2026-04-10T13:25:00,A13,0.104
U0026,49,impression,2026-04-10T13:23:54,A13,0.082
U0026,80,impression,2026-04-10T13:21:13,A13,0.571
U0026,75,impression,2026-04-10T13:22:06,A13,0.652
U0026,72,impression,2026-04-10T13:24:11,A13,0.741
U0026,84,impression,2026-04-15T09:50:41,A13,0.18
U0026,73,impression,2026-04-15T09:48:33,A13,0.661
U0026,67,impression,2026-04-15T09:47:22,A13,0.47
U0026,77,impression,2026-04-15T09:49:20,A13,0.042
U0026,80,impression,2026-04-15T09:47:34,A13,0.624
U0026,65,impression,2026-04-15T09:48:51,A13,0.032
U0026,93,impression,2026-03-25T21:38:56,A13,0.541
U0026,93,click,2026-03-25T21:39:17,A13,0.541
U0026,69,impression,2026-03-25T21:38:24,A13,0.608
U0026,101,impression,2026-03-25T21:35:05,A13,0.05
U0026,60,impression,2026-03-25T21:36:09,A13,0.641
U0026,70,impression,2026-03-25T21:39:08,A13,0.165
U0026,36,impression,2026-03-25T21:37:04,A13,0.018
U0026,59,impression,2026-03-29T11:31:50,A13,0.686
U0026,64,impression,2026-03-29T11:34:32,A13,0.099
U0026,75,impression,2026-03-29T11:34:27,A13,0.64
U0026,108,impression,2026-03-29T11:30:52,A13,0.482
U0026,35,impression,2026-03-29T11:30:26,A13,0.041
U0026,99,impression,2026-03-29T11:33:13,A13,0.495
U0026,61,impression,2026-03-29T11:33:11,A13,0.503
U0026,45,impression,2026-03-29T11:30:08,A13,0.03
U0026,38,impression,2026-03-29T11:32:52,A13,0.109
U0027,33,impression,2026-03-01T10:51:33,A12,0.456
U0027,44,impression,2026-03-01T10:54:08,A12,0.438
U0027,44,click,2026-03-01T10:54:37,A12,0.438
U0027,60,impression,2026-03-01T10:51:52,A12,0.07
U0027,73,impression,2026-03-01T10:55:51,A12,0.089
U0027,91,impression,2026-03-01T10:53:46,A12,0.461
U0027,92,impression,2026-03-01T10:52:08,A12,0.08
U0027,37,impression,2026-03-01T10:53:42,A12,0.474
U0027,23,impression,2026-03-01T10:51:34,A12,0.477
U0027,93,impression,2026-03-01T10:55:59,A12,0.071
U0027,102,impression,2026-03-01T10:52:59,A12,0.541
U0027,84,impression,2026-03-01T10:51:06,A12,0.08
U0027,61,impression,2026-03-01T10:52:03,A12,0.072
U0027,82,impression,2026-03-01T10:53:04,A12,0.484
U0027,107,impression,2026-03-01T10:54:11,A12,0.416
U0027,106,impression,2026-03-01T10:54:12,A12,0.59
U0027,106,click,2026-03-01T10:54:14,A12,0.59
U0027,105,impression,2026-03-29T20:59:15,A12,0.071
U0027,25,impression,2026-03-29T20:56:03,A12,0.023
U0027,48,impression,2026-03-29T20:57:38,A12,0.459
U0027,48,click,2026-03-29T20:57:43,A12,0.459
U0027,66,impression,2026-03-29T21:00:41,A12,0.027
U0027,35,impression,2026-03-29T20:58:00,A12,0.503
U0027,82,impression,2026-03-29T20:59:59,A12,0.453
U0027,44,impression,2026-03-29T20:58:05,A12,0.482
U0027,23,impression,2026-03-29T20:58:35,A12,0.471
U0027,62,impression,2026-03-29T20:57:43,A12,0.055
U0027,104,impression,2026-03-29T20:56:40,A12,0.648
U0027,92,impression,2026-03-19T15:26:33,A12,0.095
U0027,86,impression,2026-03-19T15:25:29,A12,0.425
U0027,103,impression,2026-03-19T15:27:52,A12,0.056
U0027,94,impression,2026-03-19T15:28:06,A12,0.546
U0027,94,click,2026-03-19T15:28:11,A12,0.546
U0027,102,impression,2026-03-19T15:24:02,A12,0.582
U0027,102,click,2026-03-19T15:24:19,A12,0.582
U0027,87,impression,2026-03-19T15:27:32,A12,0.645
U0027,75,impression,2026-03-19T15:27:11,A12,0.107
U0028,105,impression,2026-04-17T10:30:10,A09,0.461
U0028,58,impression,2026-04-17T10:26:29,A09,0.527
U0028,47,impression,2026-04-17T10:28:06,A09,0.103
U0028,71,impression,2026-04-17T10:29:05,A09,0.573
U0028,43,impression,2026-04-17T10:27:15,A09,0.078
U0028,66,impression,2026-03-31T19:13:16,A09,0.639
U0028,103,impression,2026-03-31T19:12:15,A09,0.716
U0028,81,impression,2026-03-31T19:09:45,A09,0.058
U0028,22,impression,2026-03-31T19:11:56,A09,0.067
U0028,90,impression,2026-03-31T19:10:47,A09,0.437
U0028,34,impression,2026-03-31T19:11:37,A09,0.02
U0028,34,click,2026-03-31T19:11:43,A09,0.02
U0028,34,cart_add,2026-03-31T19:11:52,A09,0.02
U0028,65,impression,2026-03-31T19:12:33,A09,0.482
U0028,83,impression,2026-03-31T19:10:27,A09,0.483
U0028,83,click,2026-03-31T19:10:33,A09,0.483
U0028,37,impression,2026-03-31T19:09:56,A09,0.028
U0028,65,impression,2026-02-28T11:13:25,A09,0.527
U0028,65,click,2026-02-28T11:13:28,A09,0.527
U0028,92,impression,2026-02-28T11:16:59,A09,0.604
U0028,92,click,2026-02-28T11:17:15,A09,0.604
U0028,100,impression,2026-02-28T11:12:03,A09,0.416
U0028,56,impression,2026-02-28T11:12:21,A09,0.089
U0028,47,impression,2026-02-28T11:12:03,A09,0.062
U0028,71,impression,2026-04-08T21:18:11,A09,0.643
U0028,71,click,2026-04-08T21:18:15,A09,0.643
U0028,100,impression,2026-04-08T21:19:07,A09,0.48
U0028,70,impression,2026-04-08T21:21:03,A09,0.472
U0028,83,impression,2026-04-08T21:17:01,A09,0.476
U0028,73,impression,2026-04-08T21:19:44,A09,0.106
U0028,73,click,2026-04-08T21:19:56,A09,0.106
U0028,76,impression,2026-04-08T21:20:47,A09,0.084
U0028,84,impression,2026-04-08T21:17:41,A09,0.058
U0028,67,impression,2026-04-08T21:21:03,A09,0.074
U0028,103,impression,2026-04-08T21:17:51,A09,0.736
U0028,78,impression,2026-04-08T21:18:39,A09,0.599
U0028,53,impression,2026-04-08T21:21:52,A09,0.097
U0028,92,impression,2026-04-08T21:17:16,A09,0.642
U0028,92,click,2026-04-08T21:17:42,A09,0.642
U0028,92,save,2026-04-08T21:17:42,A09,0.642
U0028,58,impression,2026-04-12T22:31:47,A09,0.506
U0028,103,impression,2026-04-12T22:30:52,A09,0.727
U0028,53,impression,2026-04-12T22:30:03,A09,0.077
U0028,107,impression,2026-04-12T22:33:11,A09,0.102
U0028,105,impression,2026-04-12T22:30:54,A09,0.479
U0028,54,impression,2026-04-12T22:29:33,A09,0.087
U0028,78,impression,2026-04-12T22:32:15,A09,0.608
U0029,49,impression,2026-03-02T12:20:55,A06,0.105
U0029,26,impression,2026-03-02T12:20:34,A06,0.441
U0029,26,click,2026-03-02T12:20:47,A06,0.441
U0029,87,impression,2026-03-02T12:17:04,A06,0.002
U0029,27,impression,2026-03-02T12:17:53,A06,0.46
U0029,27,click,2026-03-02T12:17:54,A06,0.46
U0029,35,impression,2026-03-02T12:18:31,A06,0.424
U0029,65,impression,2026-03-02T12:19:53,A06,0.01
U0029,83,impression,2026-03-09T11:51:40,A06,0.109
U0029,34,impression,2026-03-09T11:51:02,A06,0.422
U0029,59,impression,2026-03-09T11:50:20,A06,0.086
U0029,35,impression,2026-03-09T11:49:24,A06,0.483
U0029,39,impression,2026-03-09T11:51:40,A06,0.43
U0029,25,impression,2026-03-09T11:51:57,A06,0.418
U0029,72,impression,2026-03-09T11:49:35,A06,0.015
U0029,54,impression,2026-03-09T11:48:10,A06,0.026
U0029,107,impression,2026-03-09T11:48:14,A06,0.058
U0029,36,impression,2026-03-09T11:48:40,A06,0.49
U0029,81,impression,2026-03-09T11:51:54,A06,0.386
U0029,81,click,2026-03-09T11:52:20,A06,0.386
U0029,51,impression,2026-03-09T11:50:38,A06,0.505
U0029,98,impression,2026-03-09T11:47:28,A06,0.427
U0029,98,click,2026-03-09T11:47:44,A06,0.427
U0029,27,impression,2026-03-09T11:49:53,A06,0.498
U0029,99,impression,2026-03-09T11:50:26,A06,0.107
U0029,31,impression,2026-02-16T12:26:32,A06,0.459
U0029,97,impression,2026-02-16T12:28:42,A06,0.59
U0029,91,impression,2026-02-16T12:27:46,A06,-0.022
U0029,102,impression,2026-02-16T12:29:35,A06,0.101
U0029,46,impression,2026-02-16T12:25:10,A06,0.486
U0029,26,impression,2026-02-16T12:29:31,A06,0.492
U0029,35,impression,2026-02-16T12:29:59,A06,0.462
U0029,38,impression,2026-02-16T12:26:03,A06,0.492
U0029,76,impression,2026-02-16T12:26:00,A06,0.031
U0029,22,impression,2026-02-16T12:26:32,A06,0.07
U0029,22,click,2026-02-16T12:26:47,A06,0.07
U0029,56,impression,2026-02-16T12:26:45,A06,0.023
U0029,81,impression,2026-02-16T12:27:11,A06,0.394
U0029,37,impression,2026-02-05T10:07:22,A06,0.479
U0029,37,click,2026-02-05T10:07:29,A06,0.479
U0029,35,impression,2026-02-05T10:08:08,A06,0.432
U0029,24,impression,2026-02-05T10:10:03,A06,0.432
U0029,33,impression,2026-02-05T10:10:36,A06,0.483
U0029,33,click,2026-02-05T10:10:45,A06,0.483
U0029,106,impression,2026-02-05T10:10:53,A06,0.026
U0029,31,impression,2026-02-05T10:10:37,A06,0.405
U0029,74,impression,2026-02-05T10:08:44,A06,0.024
U0029,52,impression,2026-02-05T10:08:38,A06,0.483
U0029,80,impression,2026-02-05T10:11:21,A06,0.066
U0029,23,impression,2026-02-05T10:08:18,A06,0.052
U0029,107,impression,2026-02-05T10:10:14,A06,0.089
U0029,107,click,2026-02-05T10:10:34,A06,0.089
U0029,39,impression,2026-02-05T10:11:40,A06,0.463
U0029,103,impression,2026-02-05T10:07:45,A06,0.043
U0029,69,impression,2026-03-15T21:19:58,A06,0.02
U0029,92,impression,2026-03-15T21:21:42,A06,0.097
U0029,27,impression,2026-03-15T21:17:24,A06,0.41
U0029,27,click,2026-03-15T21:17:49,A06,0.41
U0029,24,impression,2026-03-15T21:21:32,A06,0.484
U0029,34,impression,2026-03-15T21:20:26,A06,0.468
U0029,33,impression,2026-03-15T21:17:04,A06,0.423
U0029,54,impression,2026-03-15T21:18:04,A06,0.081
U0029,84,impression,2026-04-14T20:21:17,A06,0.57
U0029,98,impression,2026-04-14T20:21:26,A06,0.505
U0029,99,impression,2026-04-14T20:18:57,A06,0.098
U0029,37,impression,2026-04-14T20:19:36,A06,0.496
U0029,72,impression,2026-04-14T20:17:46,A06,0.041
U0029,109,impression,2026-02-10T20:19:32,A06,0.062
U0029,25,impression,2026-02-10T20:16:37,A06,0.446
U0029,78,impression,2026-02-10T20:18:37,A06,0.085
U0029,77,impression,2026-02-10T20:17:05,A06,0.51
U0029,48,impression,2026-02-10T20:19:30,A06,0.076
U0029,31,impression,2026-02-10T20:18:49,A06,0.384
U0029,51,impression,2026-04-09T12:13:07,A06,0.444
U0029,37,impression,2026-04-09T12:12:00,A06,0.495
U0029,43,impression,2026-04-09T12:13:15,A06,0.058
U0029,30,impression,2026-04-09T12:15:51,A06,0.484
U0029,100,impression,2026-04-09T12:15:23,A06,0.102
U0029,89,impression,2026-04-09T12:14:57,A06,-0.021
U0030,46,impression,2026-02-08T14:02:33,A11,0.125
U0030,27,impression,2026-02-08T14:04:34,A11,0.489
U0030,21,impression,2026-02-08T14:03:44,A11,0.421
U0030,74,impression,2026-02-08T14:01:11,A11,0.054
U0030,34,impression,2026-02-08T14:03:03,A11,0.503
U0030,76,impression,2026-02-08T14:00:56,A11,0.481
U0030,76,click,2026-02-08T14:00:58,A11,0.481
U0030,89,impression,2026-02-08T14:00:16,A11,0.008
U0030,81,impression,2026-02-08T14:04:05,A11,0.005
U0030,97,impression,2026-02-08T14:01:00,A11,0.508
U0030,42,impression,2026-02-08T14:01:05,A11,0.465
U0030,58,impression,2026-02-08T14:03:24,A11,0.086
U0030,79,impression,2026-02-08T14:03:19,A11,0.102
U0030,44,impression,2026-02-08T14:00:10,A11,0.506
U0030,44,click,2026-02-08T14:00:22,A11,0.506
U0030,45,impression,2026-02-08T14:02:55,A11,0.434
U0030,99,impression,2026-02-02T15:30:52,A11,0.03
U0030,109,impression,2026-02-02T15:31:32,A11,0.06
U0030,38,impression,2026-02-02T15:31:16,A11,0.495
U0030,38,click,2026-02-02T15:31:21,A11,0.495
U0030,82,impression,2026-02-02T15:31:14,A11,0.429
U0030,61,impression,2026-02-02T15:30:46,A11,0.072
U0030,41,impression,2026-02-02T15:34:28,A11,0.528
U0030,90,impression,2026-02-02T15:31:58,A11,0.073
U0030,51,impression,2026-02-02T15:30:31,A11,0.453
U0030,26,impression,2026-02-02T15:32:35,A11,0.474
U0030,26,click,2026-02-02T15:32:47,A11,0.474
U0030,34,impression,2026-03-26T12:20:51,A11,0.488
U0030,104,impression,2026-03-26T12:24:11,A11,0.035
U0030,55,impression,2026-03-26T12:20:49,A11,0.04
U0030,23,impression,2026-03-26T12:21:06,A11,0.478
U0030,21,impression,2026-03-26T12:23:05,A11,0.484
U0030,60,impression,2026-04-17T17:42:02,A11,0.04
U0030,40,impression,2026-04-17T17:39:18,A11,0.43
U0030,40,click,2026-04-17T17:39:25,A11,0.43
U0030,36,impression,2026-04-17T17:42:46,A11,0.499
U0030,26,impression,2026-04-17T17:41:49,A11,0.499
U0030,59,impression,2026-04-17T17:41:43,A11,0.022
U0030,100,impression,2026-04-17T17:42:17,A11,0.052
U0030,27,impression,2026-04-17T17:40:20,A11,0.417
U0030,98,impression,2026-04-17T17:38:23,A11,0.023
U0030,48,impression,2026-04-17T17:39:37,A11,0.416
U0030,38,impression,2026-04-17T17:42:32,A11,0.45
U0030,36,impression,2026-02-10T11:28:23,A11,0.427
U0030,48,impression,2026-02-10T11:29:15,A11,0.439
U0030,49,impression,2026-02-10T11:29:08,A11,0.438
U0030,65,impression,2026-02-10T11:30:07,A11,0.039
U0030,34,impression,2026-02-10T11:28:59,A11,0.481
U0030,34,click,2026-02-10T11:29:11,A11,0.481
U0030,91,impression,2026-02-10T11:32:41,A11,0.477
U0030,107,impression,2026-02-10T11:30:30,A11,0.423
U0030,40,impression,2026-02-10T11:28:05,A11,0.416
U0030,95,impression,2026-02-10T11:30:23,A11,0.032
U0030,96,impression,2026-02-10T11:32:35,A11,0.107
U0030,46,impression,2026-02-10T11:32:58,A11,0.172
U0030,62,impression,2026-02-10T11:31:15,A11,0.085
U0030,109,impression,2026-02-10T11:32:42,A11,0.036
U0030,52,impression,2026-03-29T12:24:11,A11,0.429
U0030,75,impression,2026-03-29T12:22:24,A11,0.028
U0030,109,impression,2026-03-29T12:21:30,A11,0.026
U0030,66,impression,2026-03-29T12:21:36,A11,0.079
U0030,101,impression,2026-03-29T12:22:05,A11,0.577
U0030,32,impression,2026-03-29T12:23:26,A11,0.475
U0030,32,click,2026-03-29T12:23:43,A11,0.475
U0030,36,impression,2026-03-29T12:20:51,A11,0.411
U0030,81,impression,2026-03-29T12:20:06,A11,-0.013
U0030,49,impression,2026-03-29T12:20:22,A11,0.474
U0030,49,click,2026-03-29T12:20:47,A11,0.474
U0030,49,save,2026-03-29T12:20:47,A11,0.474
U0031,99,impression,2026-02-02T21:07:54,A07,0.664
U0031,99,click,2026-02-02T21:08:08,A07,0.664
U0031,76,impression,2026-02-02T21:09:16,A07,0.039
U0031,100,impression,2026-02-02T21:06:57,A07,0.081
U0031,62,impression,2026-02-02T21:07:54,A07,0.589
U0031,62,click,2026-02-02T21:08:04,A07,0.589
U0031,74,impression,2026-02-02T21:06:43,A07,0.662
U0031,43,impression,2026-02-02T21:07:31,A07,0.07
U0031,85,impression,2026-02-02T21:07:32,A07,0.523
U0031,54,impression,2026-02-02T21:08:34,A07,0.025
U0031,61,impression,2026-02-02T21:06:53,A07,0.599
U0031,61,click,2026-02-02T21:07:09,A07,0.599
U0031,42,impression,2026-02-02T21:06:39,A07,0.091
U0031,72,impression,2026-02-02T21:07:16,A07,0.576
U0031,68,impression,2026-02-02T21:07:15,A07,0.025
U0031,75,impression,2026-02-02T21:10:04,A07,0.722
U0031,61,impression,2026-02-15T18:31:41,A07,0.608
U0031,102,impression,2026-02-15T18:31:32,A07,0.063
U0031,63,impression,2026-02-15T18:27:42,A07,0.593
U0031,67,impression,2026-02-15T18:31:55,A07,0.422
U0031,88,impression,2026-02-15T18:28:52,A07,0.596
U0031,99,impression,2026-02-15T18:27:01,A07,0.674
U0031,99,click,2026-02-15T18:27:29,A07,0.674
U0031,99,save,2026-02-15T18:27:29,A07,0.674
U0031,84,impression,2026-02-15T18:27:56,A07,0.106
U0031,70,impression,2026-02-15T18:28:11,A07,0.125
U0031,79,impression,2026-02-15T18:31:42,A07,0.024
U0031,108,impression,2026-03-26T12:16:07,A07,0.493
U0031,108,click,2026-03-26T12:16:15,A07,0.493
U0031,108,save,2026-03-26T12:16:15,A07,0.493
U0031,80,impression,2026-03-26T12:14:16,A07,0.571
U0031,63,impression,2026-03-26T12:14:11,A07,0.617
U0031,41,impression,2026-03-26T12:15:33,A07,0.08
U0031,24,impression,2026-03-26T12:16:47,A07,0.082
U0031,91,impression,2026-03-26T12:15:26,A07,0.035
U0031,60,impression,2026-03-26T12:13:16,A07,0.496
U0031,83,impression,2026-03-26T12:14:22,A07,0.027
U0031,83,click,2026-03-26T12:14:49,A07,0.027
U0031,34,impression,2026-03-31T17:49:46,A07,-0.002
U0031,105,impression,2026-03-31T17:48:59,A07,0.018
U0031,69,impression,2026-03-31T17:48:27,A07,0.635
U0031,108,impression,2026-03-31T17:48:10,A07,0.506
U0031,62,impression,2026-03-31T17:45:55,A07,0.509
U0031,62,click,2026-03-31T17:46:07,A07,0.509
U0031,74,impression,2026-03-31T17:47:24,A07,0.653
U0031,74,click,2026-03-31T17:47:28,A07,0.653
U0031,74,save,2026-03-31T17:47:28,A07,0.653
U0031,43,impression,2026-03-31T17:47:38,A07,0.086
U0031,80,impression,2026-03-31T17:45:16,A07,0.51
U0031,80,click,2026-03-31T17:45:19,A07,0.51
U0031,57,impression,2026-03-31T17:49:07,A07,0.066
U0031,80,impression,2026-03-13T10:19:49,A07,0.587
U0031,74,impression,2026-03-13T10:23:17,A07,0.74
U0031,74,click,2026-03-13T10:23:43,A07,0.74
U0031,74,cart_add,2026-03-13T10:24:38,A07,0.74
U0031,47,impression,2026-03-13T10:19:19,A07,0.069
U0031,103,impression,2026-03-13T10:22:57,A07,0.025
U0031,69,impression,2026-03-13T10:20:58,A07,0.633
U0032,78,impression,2026-02-21T17:36:52,A09,0.62
U0032,65,impression,2026-02-21T17:34:22,A09,0.533
U0032,65,click,2026-02-21T17:34:41,A09,0.533
U0032,70,impression,2026-02-21T17:36:55,A09,0.428
U0032,26,impression,2026-02-21T17:35:11,A09,0.057
U0032,76,impression,2026-02-21T17:34:11,A09,0.054
U0032,90,impression,2026-02-21T17:37:09,A09,0.507
U0032,90,click,2026-02-21T17:37:37,A09,0.507
U0032,92,impression,2026-02-21T17:34:06,A09,0.632
U0032,81,impression,2026-02-21T17:35:40,A09,0.036
U0032,68,impression,2026-02-21T17:37:19,A09,0.638
U0032,53,impression,2026-02-21T17:33:21,A09,0.098
U0032,100,impression,2026-02-21T17:35:05,A09,0.474
U0032,79,impression,2026-02-21T17:34:19,A09,0.466
U0032,49,impression,2026-02-21T17:34:21,A09,0.039
U0032,88,impression,2026-02-21T17:34:54,A09,0.04
U0032,58,impression,2026-04-01T19:09:03,A09,0.511
U0032,58,click,2026-04-01T19:09:18,A09,0.511
U0032,58,save,2026-04-01T19:09:18,A09,0.511
U0032,105,impression,2026-04-01T19:06:49,A09,0.457
U0032,36,impression,2026-04-01T19:08:14,A09,0.013
U0032,103,impression,2026-04-01T19:08:40,A09,0.731
U0032,46,impression,2026-04-01T19:06:48,A09,0.026
U0032,78,impression,2026-04-01T19:08:36,A09,0.665
U0032,78,click,2026-04-01T19:08:57,A09,0.665
U0032,90,impression,2026-04-01T19:05:41,A09,0.437
U0032,82,impression,2026-04-01T19:08:34,A09,0.081
U0032,79,impression,2026-04-01T19:07:12,A09,0.477
U0032,79,click,2026-04-01T19:07:14,A09,0.477
U0032,79,save,2026-04-01T19:07:14,A09,0.477
U0032,33,impression,2026-04-01T19:07:32,A09,0.044
U0032,71,impression,2026-03-17T15:30:01,A09,0.596
U0032,48,impression,2026-03-17T15:31:04,A09,0.104
U0032,109,impression,2026-03-17T15:34:56,A09,0.074
U0032,22,impression,2026-03-17T15:31:36,A09,0.032
U0032,90,impression,2026-03-17T15:31:25,A09,0.465
U0032,92,impression,2026-03-17T15:31:47,A09,0.592
U0032,65,impression,2026-03-17T15:34:55,A09,0.537
U0032,100,impression,2026-03-17T15:33:06,A09,0.447
U0032,100,click,2026-03-17T15:33:35,A09,0.447
U0032,79,impression,2026-03-17T15:34:15,A09,0.422
U0032,41,impression,2026-03-17T15:33:30,A09,0.056
U0032,32,impression,2026-03-17T15:33:38,A09,0.093
U0032,70,impression,2026-03-17T15:30:58,A09,0.487
U0032,83,impression,2026-03-31T15:23:53,A09,0.51
U0032,83,click,2026-03-31T15:23:54,A09,0.51
U0032,79,impression,2026-03-31T15:27:38,A09,0.46
U0032,79,click,2026-03-31T15:27:53,A09,0.46
U0032,88,impression,2026-03-31T15:26:35,A09,0.022
U0032,65,impression,2026-03-31T15:27:42,A09,0.518
U0032,105,impression,2026-03-31T15:27:00,A09,0.43
U0032,80,impression,2026-03-31T15:26:57,A09,0.045
U0032,61,impression,2026-03-31T15:26:22,A09,0.092
U0032,61,click,2026-03-31T15:26:34,A09,0.092
U0033,102,impression,2026-03-06T13:56:19,A09,0.023
U0033,77,impression,2026-03-06T13:55:42,A09,-0.028
U0033,90,impression,2026-03-06T13:53:50,A09,0.454
U0033,67,impression,2026-03-06T13:54:00,A09,-0.007
U0033,66,impression,2026-03-06T13:55:13,A09,0.648
U0033,42,impression,2026-03-06T13:55:45,A09,0.026
U0033,100,impression,2026-03-06T13:56:43,A09,0.419
U0033,100,click,2026-03-06T13:57:08,A09,0.419
U0033,100,cart_add,2026-03-06T13:57:58,A09,0.419
U0033,71,impression,2026-03-06T13:57:52,A09,0.667
U0033,24,impression,2026-03-06T13:54:06,A09,0.084
U0033,57,impression,2026-03-06T13:56:03,A09,0.473
U0033,57,click,2026-03-06T13:56:24,A09,0.473
U0033,105,impression,2026-03-06T13:55:05,A09,0.464
U0033,58,impression,2026-03-21T21:19:34,A09,0.511
U0033,90,impression,2026-03-21T21:19:50,A09,0.441
U0033,66,impression,2026-03-21T21:16:05,A09,0.588
U0033,41,impression,2026-03-21T21:16:16,A09,0.076
U0033,36,impression,2026-03-21T21:18:57,A09,0.044
U0033,57,impression,2026-03-21T21:20:39,A09,0.471
U0033,57,click,2026-03-21T21:20:56,A09,0.471
U0033,38,impression,2026-03-21T21:16:15,A09,0.029
U0033,61,impression,2026-03-21T21:17:18,A09,0.062
U0033,56,impression,2026-03-21T21:17:51,A09,0.046
U0033,100,impression,2026-03-21T21:16:42,A09,0.424
U0033,65,impression,2026-03-21T21:18:17,A09,0.534
U0033,105,impression,2026-03-21T21:16:47,A09,0.43
U0033,79,impression,2026-03-21T21:18:30,A09,0.465
U0033,46,impression,2026-03-21T21:19:43,A09,0.086
U0033,68,impression,2026-03-21T21:17:38,A09,0.61
U0033,68,click,2026-03-21T21:17:45,A09,0.61
U0033,67,impression,2026-03-08T15:10:31,A09,0.009
U0033,81,impression,2026-03-08T15:07:32,A09,-0.012
U0033,36,impression,2026-03-08T15:07:35,A09,0.053
U0033,83,impression,2026-03-08T15:09:10,A09,0.417
U0033,65,impression,2026-03-08T15:07:02,A09,0.518
U0033,65,click,2026-03-08T15:07:25,A09,0.518
U0033,65,save,2026-03-08T15:07:25,A09,0.518
U0033,100,impression,2026-03-08T15:08:44,A09,0.457
U0033,91,impression,2026-03-08T15:09:17,A09,0.021
U0033,71,impression,2026-03-08T15:07:51,A09,0.591
U0033,71,click,2026-03-08T15:08:00,A09,0.591
U0033,105,impression,2026-03-08T15:06:38,A09,0.491
U0033,59,impression,2026-03-08T15:09:42,A09,0.075
U0033,66,impression,2026-03-08T15:07:40,A09,0.602
U0033,66,click,2026-03-08T15:07:56,A09,0.602
U0033,87,impression,2026-03-08T15:07:03,A09,0.007
U0033,68,impression,2026-03-08T15:09:16,A09,0.63
U0033,68,click,2026-03-08T15:09:17,A09,0.63
U0033,78,impression,2026-03-08T15:06:02,A09,0.656
U0033,79,impression,2026-03-09T11:56:52,A09,0.449
U0033,95,impression,2026-03-09T11:54:02,A09,0.074
U0033,35,impression,2026-03-09T11:53:52,A09,0.104
U0033,35,click,2026-03-09T11:53:54,A09,0.104
U0033,105,impression,2026-03-09T11:56:43,A09,0.509
U0033,105,click,2026-03-09T11:56:46,A09,0.509
U0033,103,impression,2026-03-09T11:57:35,A09,0.687
U0033,63,impression,2026-03-09T11:53:26,A09,0.103
U0033,57,impression,2026-03-09T11:53:56,A09,0.488
U0033,57,click,2026-03-09T11:54:06,A09,0.488
U0033,57,save,2026-03-09T11:54:06,A09,0.488
U0033,31,impression,2026-03-09T11:56:14,A09,0.041
U0033,86,impression,2026-03-09T11:54:10,A09,0.027
U0033,92,impression,2026-03-09T11:55:43,A09,0.582
U0033,70,impression,2026-03-09T11:56:31,A09,0.485
U0033,51,impression,2026-02-16T17:34:45,A09,0.076
U0033,60,impression,2026-02-16T17:37:13,A09,0.018
U0033,103,impression,2026-02-16T17:34:50,A09,0.651
U0033,69,impression,2026-02-16T17:37:09,A09,0.049
U0033,83,impression,2026-02-16T17:37:30,A09,0.431
U0033,96,impression,2026-02-16T17:35:39,A09,0.041
U0033,90,impression,2026-02-16T17:37:18,A09,0.476
U0033,90,click,2026-02-16T17:37:23,A09,0.476
U0033,78,impression,2026-02-16T17:37:22,A09,0.668
U0033,78,click,2026-02-16T17:37:35,A09,0.668
U0034,27,impression,2026-03-12T22:38:19,A11,0.405
U0034,88,impression,2026-03-12T22:39:15,A11,-0.04
U0034,76,impression,2026-03-12T22:38:30,A11,0.452
U0034,76,click,2026-03-12T22:38:36,A11,0.452
U0034,69,impression,2026-03-12T22:39:41,A11,0.059
U0034,92,impression,2026-03-12T22:38:07,A11,0.015
U0034,101,impression,2026-03-12T22:36:27,A11,0.592
U0034,53,impression,2026-03-12T22:38:02,A11,0.068
U0034,107,impression,2026-03-12T22:37:55,A11,0.42
U0034,22,impression,2026-03-12T22:39:27,A11,0.48
U0034,83,impression,2026-03-12T22:38:17,A11,0.02
U0034,104,impression,2026-03-12T22:37:44,A11,0.027
U0034,34,impression,2026-03-12T22:38:27,A11,0.489
U0034,32,impression,2026-03-12T22:40:17,A11,0.419
U0034,30,impression,2026-03-12T22:38:36,A11,0.552
U0034,38,impression,2026-03-12T22:37:27,A11,0.479
U0034,56,impression,2026-02-09T11:11:08,A11,0.021
U0034,32,impression,2026-02-09T11:12:56,A11,0.509
U0034,63,impression,2026-02-09T11:12:15,A11,0.027
U0034,53,impression,2026-02-09T11:13:51,A11,0.02
U0034,68,impression,2026-02-09T11:15:39,A11,0.083
U0034,51,impression,2026-02-09T11:14:06,A11,0.459
U0034,77,impression,2026-02-09T11:13:34,A11,0.438
U0034,44,impression,2026-02-09T11:15:07,A11,0.499
U0034,44,click,2026-02-09T11:15:29,A11,0.499
U0034,76,impression,2026-02-09T11:14:30,A11,0.425
U0034,21,impression,2026-02-09T11:12:12,A11,0.476
U0034,47,impression,2026-02-04T12:40:56,A11,0.429
U0034,69,impression,2026-02-04T12:37:02,A11,0.044
U0034,36,impression,2026-02-04T12:38:57,A11,0.456
U0034,100,impression,2026-02-04T12:40:15,A11,0.107
U0034,83,impression,2026-02-04T12:37:16,A11,0.025
U0034,35,impression,2026-02-04T12:40:45,A11,0.439
U0034,93,impression,2026-02-04T12:38:27,A11,0.04
U0034,27,impression,2026-02-04T12:39:52,A11,0.429
U0034,27,click,2026-02-04T12:40:02,A11,0.429
U0034,48,impression,2026-02-04T12:36:02,A11,0.459
U0034,26,impression,2026-02-04T12:36:00,A11,0.476
U0034,26,click,2026-02-04T12:36:05,A11,0.476
U0034,105,impression,2026-02-04T12:40:47,A11,0.096
U0034,35,impression,2026-02-12T20:17:50,A11,0.507
U0034,66,impression,2026-02-12T20:19:39,A11,0.102
U0034,70,impression,2026-02-12T20:19:45,A11,0.054
U0034,54,impression,2026-02-12T20:18:42,A11,0.024
U0034,51,impression,2026-02-12T20:18:42,A11,0.452
U0034,101,impression,2026-02-12T20:21:50,A11,0.579
U0034,26,impression,2026-02-12T20:18:33,A11,0.456
U0035,80,impression,2026-02-13T11:36:21,A13,0.575
U0035,80,click,2026-02-13T11:36:43,A13,0.575
U0035,80,save,2026-02-13T11:36:43,A13,0.575
U0035,88,impression,2026-02-13T11:36:55,A13,0.122
U0035,87,impression,2026-02-13T11:35:18,A13,-0.027
U0035,73,impression,2026-02-13T11:35:50,A13,0.635
U0035,24,impression,2026-02-13T11:37:49,A13,0.092
U0035,89,impression,2026-02-13T11:33:31,A13,0.008
U0035,99,impression,2026-02-13T11:37:21,A13,0.548
U0035,74,impression,2026-02-13T11:34:44,A13,0.575
U0035,69,impression,2026-02-13T11:37:13,A13,0.626
U0035,69,click,2026-02-13T11:37:42,A13,0.626
U0035,108,impression,2026-02-13T11:35:39,A13,0.44
U0035,85,impression,2026-02-13T11:37:08,A13,0.744
U0035,95,impression,2026-02-13T11:33:34,A13,0.03
U0035,95,click,2026-02-13T11:33:54,A13,0.03
U0035,60,impression,2026-03-04T12:10:39,A13,0.587
U0035,60,click,2026-03-04T12:10:55,A13,0.587
U0035,74,impression,2026-03-04T12:10:12,A13,0.666
U0035,46,impression,2026-03-04T12:09:17,A13,0.113
U0035,108,impression,2026-03-04T12:09:33,A13,0.421
U0035,59,impression,2026-03-04T12:08:25,A13,0.665
U0035,53,impression,2026-03-04T12:06:05,A13,0.066
U0035,73,impression,2026-03-04T12:09:47,A13,0.573
U0035,73,click,2026-03-04T12:10:17,A13,0.573
U0035,99,impression,2026-03-04T12:09:54,A13,0.578
U0035,99,click,2026-03-04T12:10:00,A13,0.578
U0035,65,impression,2026-03-04T12:08:58,A13,0.01
U0035,97,impression,2026-03-04T12:10:22,A13,0.143
U0035,97,click,2026-03-04T12:10:43,A13,0.143
U0035,72,impression,2026-03-04T12:09:55,A13,0.706
U0035,86,impression,2026-03-04T12:08:22,A13,0.089
U0035,74,impression,2026-03-11T15:07:35,A13,0.646
U0035,80,impression,2026-03-11T15:06:08,A13,0.576
U0035,80,click,2026-03-11T15:06:36,A13,0.576
U0035,24,impression,2026-03-11T15:04:15,A13,0.047
U0035,73,impression,2026-03-11T15:07:50,A13,0.602
U0035,61,impression,2026-03-11T15:08:53,A13,0.509
U0035,70,impression,2026-03-11T15:08:11,A13,0.11
U0035,31,impression,2026-03-11T15:05:43,A13,0.009
U0035,60,impression,2026-03-11T15:08:30,A13,0.613
U0035,67,impression,2026-03-11T15:08:58,A13,0.479
U0035,67,click,2026-03-11T15:09:20,A13,0.479
U0035,67,cart_add,2026-03-11T15:09:33,A13,0.479
U0035,77,impression,2026-03-11T15:07:28,A13,-0.009
U0035,72,impression,2026-03-11T15:06:54,A13,0.736
U0035,72,click,2026-03-11T15:07:18,A13,0.736
U0035,75,impression,2026-03-11T15:05:37,A13,0.623
U0035,108,impression,2026-03-11T15:08:02,A13,0.467
U0035,86,impression,2026-03-11T15:08:46,A13,0.046
U0035,26,impression,2026-03-11T15:07:44,A13,0.09
U0035,27,impression,2026-03-21T22:04:29,A13,0.04
U0035,74,impression,2026-03-21T22:08:58,A13,0.659
U0035,106,impression,2026-03-21T22:06:14,A13,0.102
U0035,52,impression,2026-03-21T22:07:35,A13,0.013
U0035,71,impression,2026-03-21T22:04:30,A13,0.123
U0035,60,impression,2026-03-21T22:06:48,A13,0.625
U0035,73,impression,2026-03-21T22:04:31,A13,0.636
U0035,73,click,2026-03-21T22:04:34,A13,0.636
U0035,93,impression,2026-03-21T22:04:18,A13,0.551
U0035,61,impression,2026-03-21T22:07:33,A13,0.417
U0035,108,impression,2026-03-21T22:04:41,A13,0.471
U0035,75,impression,2026-03-21T22:05:06,A13,0.618
U0035,75,click,2026-03-21T22:05:08,A13,0.618
U0035,75,save,2026-03-21T22:05:08,A13,0.618
U0035,23,impression,2026-03-21T22:06:59,A13,0.033
U0035,67,impression,2026-03-21T22:05:56,A13,0.49
U0035,67,click,2026-03-21T22:05:58,A13,0.49
U0035,67,save,2026-03-21T22:05:58,A13,0.49
U0035,51,impression,2026-03-21T22:07:14,A13,0.03
U0035,108,impression,2026-02-03T17:33:08,A13,0.422
U0035,90,impression,2026-02-03T17:30:29,A13,0.044
U0035,72,impression,2026-02-03T17:30:05,A13,0.659
U0035,72,click,2026-02-03T17:30:29,A13,0.659
U0035,93,impression,2026-02-03T17:30:23,A13,0.544
U0035,39,impression,2026-02-03T17:32:07,A13,0.011
U0035,61,impression,2026-02-10T09:12:42,A13,0.504
U0035,39,impression,2026-02-10T09:12:29,A13,0.075
U0035,62,impression,2026-02-10T09:12:37,A13,0.442
U0035,84,impression,2026-02-10T09:11:30,A13,0.095
U0035,59,impression,2026-02-10T09:10:23,A13,0.712
U0035,59,click,2026-02-10T09:10:53,A13,0.712
U0035,59,save,2026-02-10T09:10:53,A13,0.712
U0035,75,impression,2026-02-10T09:12:43,A13,0.593
U0035,75,click,2026-02-10T09:12:55,A13,0.593
U0035,64,impression,2026-02-10T09:10:00,A13,0.014
U0035,69,impression,2026-02-10T09:11:52,A13,0.635
U0035,85,impression,2026-02-10T09:08:17,A13,0.652
U0035,85,click,2026-02-10T09:08:36,A13,0.652
U0035,38,impression,2026-02-10T09:10:22,A13,0.018
U0035,67,impression,2026-02-10T09:08:09,A13,0.498
U0035,97,impression,2026-02-10T09:08:22,A13,0.128
U0035,67,impression,2026-03-21T11:44:27,A13,0.555
U0035,59,impression,2026-03-21T11:45:57,A13,0.744
U0035,80,impression,2026-03-21T11:46:25,A13,0.642
U0035,80,click,2026-03-21T11:46:38,A13,0.642
U0035,99,impression,2026-03-21T11:42:07,A13,0.514
U0035,50,impression,2026-03-21T11:44:20,A13,0.078
U0035,56,impression,2026-03-21T11:46:37,A13,0.035
U0035,24,impression,2026-03-21T11:42:19,A13,0.067
U0035,76,impression,2026-03-21T11:44:08,A13,0.046
U0035,77,impression,2026-03-21T11:42:06,A13,0.036
U0035,108,impression,2026-03-21T11:44:44,A13,0.467
U0035,74,impression,2026-03-21T11:45:47,A13,0.655
U0035,73,impression,2026-03-29T09:33:42,A13,0.598
U0035,50,impression,2026-03-29T09:30:32,A13,0.016
U0035,80,impression,2026-03-29T09:31:12,A13,0.649
U0035,69,impression,2026-03-29T09:30:29,A13,0.583
U0035,69,click,2026-03-29T09:30:49,A13,0.583
U0035,109,impression,2026-03-29T09:30:34,A13,0.075
U0036,98,impression,2026-04-16T14:05:38,A06,0.417
U0036,37,impression,2026-04-16T14:04:47,A06,0.424
U0036,43,impression,2026-04-16T14:05:28,A06,0.046
U0036,24,impression,2026-04-16T14:04:30,A06,0.447
U0036,81,impression,2026-04-16T14:02:22,A06,0.401
U0036,25,impression,2026-04-16T14:02:13,A06,0.42
U0036,25,click,2026-04-16T14:02:20,A06,0.42
U0036,56,impression,2026-04-16T14:06:20,A06,0.088
U0036,34,impression,2026-04-16T14:03:50,A06,0.451
U0036,63,impression,2026-04-16T14:03:16,A06,0.068
U0036,41,impression,2026-04-16T14:02:40,A06,0.11
U0036,33,impression,2026-04-16T14:03:54,A06,0.506
U0036,42,impression,2026-04-16T14:06:40,A06,0.11
U0036,80,impression,2026-04-16T14:03:02,A06,0.064
U0036,46,impression,2026-04-09T21:03:39,A06,0.461
U0036,79,impression,2026-04-09T21:04:57,A06,0.075
U0036,50,impression,2026-04-09T21:07:51,A06,0.452
U0036,51,impression,2026-04-09T21:07:35,A06,0.509
U0036,51,click,2026-04-09T21:08:05,A06,0.509
U0036,34,impression,2026-04-09T21:05:13,A06,0.394
U0036,104,impression,2026-04-09T21:04:00,A06,0.044
U0036,56,impression,2026-04-09T21:04:15,A06,0.052
U0036,62,impression,2026-04-09T21:04:41,A06,0.073
U0036,97,impression,2026-04-09T21:03:07,A06,0.578
U0036,97,click,2026-04-09T21:03:21,A06,0.578
U0036,95,impression,2026-04-09T21:03:51,A06,0.103
U0036,32,impression,2026-04-09T21:06:40,A06,0.413
U0036,32,click,2026-04-09T21:06:46,A06,0.413
U0036,84,impression,2026-04-09T21:06:18,A06,0.577
U0036,36,impression,2026-04-09T21:06:25,A06,0.445
U0036,107,impression,2026-04-09T21:05:30,A06,0.034
U0036,52,impression,2026-03-16T18:42:20,A06,0.454
U0036,39,impression,2026-03-16T18:38:49,A06,0.438
U0036,45,impression,2026-03-16T18:38:24,A06,0.059
U0036,37,impression,2026-03-16T18:42:56,A06,0.5
U0036,71,impression,2026-03-16T18:40:26,A06,0.103
U0036,77,impression,2026-03-16T18:39:31,A06,0.467
U0036,46,impression,2026-03-16T18:39:47,A06,0.409
U0036,27,impression,2026-03-16T18:40:40,A06,0.428
U0036,27,click,2026-03-16T18:40:50,A06,0.428
U0036,90,impression,2026-03-16T18:39:54,A06,0.059
U0036,25,impression,2026-03-16T18:40:12,A06,0.434
U0036,79,impression,2026-03-16T18:39:58,A06,0.085
U0036,92,impression,2026-03-16T18:39:45,A06,0.024
U0036,88,impression,2026-03-16T18:39:26,A06,0.006
U0036,26,impression,2026-03-16T18:42:36,A06,0.5
U0036,37,impression,2026-02-25T09:32:01,A06,0.502
U0036,35,impression,2026-02-25T09:33:14,A06,0.453
U0036,35,click,2026-02-25T09:33:19,A06,0.453
U0036,100,impression,2026-02-25T09:34:01,A06,0.022
U0036,32,impression,2026-02-25T09:32:53,A06,0.484
U0036,102,impression,2026-02-25T09:35:19,A06,0.043
U0036,99,impression,2026-03-31T19:48:35,A06,0.025
U0036,83,impression,2026-03-31T19:48:41,A06,0.038
U0036,27,impression,2026-03-31T19:51:24,A06,0.409
U0036,51,impression,2026-03-31T19:47:01,A06,0.485
U0036,26,impression,2026-03-31T19:48:46,A06,0.459
U0036,53,impression,2026-03-31T19:49:14,A06,0.014
U0036,39,impression,2026-03-31T19:49:00,A06,0.473
U0036,36,impression,2026-03-31T19:48:32,A06,0.458
U0036,25,impression,2026-03-31T19:49:29,A06,0.489
U0036,86,impression,2026-03-31T19:50:20,A06,0.059
U0036,107,impression,2026-03-31T19:49:31,A06,0.064
U0036,97,impression,2026-03-31T19:49:27,A06,0.501
U0036,76,impression,2026-03-31T19:49:06,A06,0.055
U0036,71,impression,2026-02-15T11:32:46,A06,0.051
U0036,50,impression,2026-02-15T11:29:27,A06,0.436
U0036,27,impression,2026-02-15T11:31:53,A06,0.473
U0036,37,impression,2026-02-15T11:32:49,A06,0.415
U0036,97,impression,2026-02-15T11:30:25,A06,0.547
U0036,96,impression,2026-02-15T11:29:56,A06,0.088
U0036,108,impression,2026-02-15T11:31:48,A06,0.071
U0036,38,impression,2026-02-15T11:29:10,A06,0.464
U0036,40,impression,2026-02-15T11:31:50,A06,0.019
U0036,30,impression,2026-02-15T11:33:43,A06,0.487
U0036,30,click,2026-02-15T11:33:45,A06,0.487
U0036,36,impression,2026-02-26T11:55:06,A06,0.473
U0036,36,click,2026-02-26T11:55:30,A06,0.473
U0036,31,impression,2026-02-26T11:54:07,A06,0.446
U0036,90,impression,2026-02-26T11:53:43,A06,0.098
U0036,37,impression,2026-02-26T11:56:32,A06,0.46
U0036,37,click,2026-02-26T11:56:56,A06,0.46
U0036,35,impression,2026-02-26T11:56:20,A06,0.425
U0036,35,click,2026-02-26T11:56:40,A06,0.425
U0036,56,impression,2026-02-26T11:53:11,A06,0.053
U0036,23,impression,2026-02-26T11:53:51,A06,0.056
U0036,68,impression,2026-02-26T11:57:01,A06,0.076
U0036,39,impression,2026-02-26T11:54:53,A06,0.453
U0036,21,impression,2026-02-26T11:57:07,A06,0.066
U0036,33,impression,2026-02-26T11:57:19,A06,0.48
U0036,76,impression,2026-02-26T11:57:14,A06,0.012
U0036,38,impression,2026-02-26T11:57:39,A06,0.505
U0036,91,impression,2026-03-30T12:36:42,A06,-0.002
U0036,33,impression,2026-03-30T12:40:10,A06,0.427
U0036,46,impression,2026-03-30T12:39:26,A06,0.413
U0036,38,impression,2026-03-30T12:40:50,A06,0.457
U0036,107,impression,2026-03-30T12:40:12,A06,0.016
U0037,70,impression,2026-03-16T22:11:40,A04,0.465
U0037,85,impression,2026-03-16T22:12:56,A04,0.034
U0037,21,impression,2026-03-16T22:09:41,A04,0.061
U0037,92,impression,2026-03-16T22:09:39,A04,0.453
U0037,83,impression,2026-03-16T22:10:22,A04,0.646
U0037,84,impression,2026-02-16T11:13:24,A04,0.066
U0037,108,impression,2026-02-16T11:13:44,A04,0.062
U0037,71,impression,2026-02-16T11:15:10,A04,0.505
U0037,97,impression,2026-02-16T11:15:56,A04,0.035
U0037,57,impression,2026-02-16T11:13:09,A04,0.443
U0037,57,click,2026-02-16T11:13:32,A04,0.443
U0037,57,cart_add,2026-02-16T11:14:03,A04,0.443
U0037,40,impression,2026-02-16T11:12:02,A04,0.057
U0037,65,impression,2026-02-16T11:12:48,A04,0.459
U0037,86,impression,2026-02-16T11:12:31,A04,0.043
U0037,79,impression,2026-02-16T11:12:34,A04,0.709
U0037,79,click,2026-02-16T11:12:52,A04,0.709
U0037,58,impression,2026-02-16T11:13:38,A04,0.411
U0037,78,impression,2026-02-16T11:15:38,A04,0.492
U0037,103,impression,2026-02-16T11:15:26,A04,0.441
U0037,103,impression,2026-04-13T17:45:03,A04,0.424
U0037,60,impression,2026-04-13T17:41:26,A04,0.042
U0037,78,impression,2026-04-13T17:44:37,A04,0.491
U0037,72,impression,2026-04-13T17:45:16,A04,0.043
U0037,105,impression,2026-04-13T17:44:21,A04,0.514
U0037,58,impression,2026-04-13T17:45:02,A04,0.449
U0037,68,impression,2026-04-13T17:43:42,A04,0.494
U0037,66,impression,2026-04-13T17:42:49,A04,0.498
U0037,83,impression,2026-04-13T17:43:22,A04,0.665
U0037,65,impression,2026-04-13T17:45:46,A04,0.524
U0037,92,impression,2026-04-13T17:43:08,A04,0.48
U0037,39,impression,2026-04-13T17:44:42,A04,0.066
U0037,36,impression,2026-04-13T17:44:07,A04,0.028
U0037,102,impression,2026-04-13T17:43:57,A04,0.087
U0037,81,impression,2026-04-13T17:45:46,A04,0.006
U0037,66,impression,2026-02-25T15:25:09,A04,0.501
U0037,76,impression,2026-02-25T15:25:19,A04,0.011
U0037,104,impression,2026-02-25T15:27:05,A04,0.037
U0037,57,impression,2026-02-25T15:25:09,A04,0.51
U0037,89,impression,2026-02-25T15:27:52,A04,-0.019
U0037,105,impression,2026-02-25T15:27:01,A04,0.576
U0037,92,impression,2026-02-25T15:27:11,A04,0.473
U0037,92,click,2026-02-25T15:27:35,A04,0.473
U0037,92,impression,2026-02-14T09:23:31,A04,0.454
U0037,65,impression,2026-02-14T09:25:22,A04,0.526
U0037,39,impression,2026-02-14T09:23:08,A04,0.029
U0037,45,impression,2026-02-14T09:25:42,A04,0.077
U0037,83,impression,2026-02-14T09:28:00,A04,0.587
U0037,26,impression,2026-03-19T17:00:44,A04,0.067
U0037,58,impression,2026-03-19T17:00:59,A04,0.456
U0037,105,impression,2026-03-19T17:00:44,A04,0.508
U0037,105,click,2026-03-19T17:01:03,A04,0.508
U0037,105,cart_add,2026-03-19T17:01:18,A04,0.508
U0037,89,impression,2026-03-19T17:03:11,A04,-0.003
U0037,33,impression,2026-03-19T17:02:06,A04,0.098
U0037,65,impression,2026-03-19T17:01:37,A04,0.508
U0037,60,impression,2026-03-19T17:02:38,A04,0.084
U0037,57,impression,2026-03-19T17:01:31,A04,0.481
U0037,71,impression,2026-03-19T17:03:31,A04,0.467
U0037,71,click,2026-03-19T17:03:38,A04,0.467
U0037,90,impression,2026-03-19T17:02:12,A04,0.668
U0037,66,impression,2026-03-19T17:04:10,A04,0.436
U0037,70,impression,2026-03-19T17:04:27,A04,0.446
U0037,45,impression,2026-03-19T17:01:27,A04,0.073
U0037,100,impression,2026-03-19T17:03:17,A04,0.573
U0037,100,click,2026-03-19T17:03:36,A04,0.573
U0037,59,impression,2026-03-19T17:02:27,A04,0.045
U0037,58,impression,2026-04-06T17:53:17,A04,0.476
U0037,68,impression,2026-04-06T17:56:03,A04,0.42
U0037,50,impression,2026-04-06T17:56:35,A04,0.011
U0037,56,impression,2026-04-06T17:53:51,A04,0.044
U0037,94,impression,2026-04-06T17:54:23,A04,0.046
U0037,25,impression,2026-04-06T17:53:11,A04,0.024
U0037,66,impression,2026-04-06T17:57:54,A04,0.472
U0037,100,impression,2026-04-06T17:57:02,A04,0.563
U0037,79,impression,2026-04-06T17:56:11,A04,0.675
U0038,65,impression,2026-03-24T13:06:50,A12,0.055
U0038,73,impression,2026-03-24T13:04:50,A12,0.023
U0038,86,impression,2026-03-24T13:02:46,A12,0.415
U0038,82,impression,2026-03-24T13:04:57,A12,0.487
U0038,88,impression,2026-03-24T13:02:00,A12,-0.028
U0038,108,impression,2026-03-24T13:03:28,A12,0.03
U0038,33,impression,2026-03-24T13:04:00,A12,0.418
U0038,102,impression,2026-03-24T13:04:05,A12,0.534
U0038,102,click,2026-03-24T13:04:23,A12,0.534
U0038,107,impression,2026-04-03T11:22:49,A12,0.486
U0038,94,impression,2026-04-03T11:23:08,A12,0.522
U0038,76,impression,2026-04-03T11:24:24,A12,0.443
U0038,61,impression,2026-04-03T11:25:37,A12,0.083
U0038,98,impression,2026-04-03T11:24:57,A12,0.143
U0038,79,impression,2026-04-03T11:27:00,A12,0.084
U0038,79,click,2026-04-03T11:27:29,A12,0.084
U0038,26,impression,2026-03-20T14:24:23,A12,0.028
U0038,67,impression,2026-03-20T14:24:58,A12,0.063
U0038,76,impression,2026-03-20T14:21:51,A12,0.445
U0038,21,impression,2026-03-20T14:21:06,A12,0.45
U0038,21,click,2026-03-20T14:21:11,A12,0.45
U0038,42,impression,2026-03-20T14:25:08,A12,0.455
U0038,41,impression,2026-03-20T14:24:36,A12,0.477
U0038,61,impression,2026-03-20T14:23:12,A12,0.04
U0038,35,impression,2026-03-20T14:24:50,A12,0.422
U0038,53,impression,2026-03-20T14:23:51,A12,0.088
U0038,69,impression,2026-03-20T14:21:57,A12,0.107
U0038,31,impression,2026-03-20T14:25:32,A12,0.478
U0038,75,impression,2026-03-20T14:21:40,A12,0.097
U0038,33,impression,2026-03-20T14:23:12,A12,0.444
U0038,33,click,2026-03-20T14:23:39,A12,0.444
U0038,91,impression,2026-03-28T09:32:02,A12,0.383
U0038,34,impression,2026-03-28T09:31:32,A12,0.425
U0038,71,impression,2026-03-28T09:32:02,A12,0.07
U0038,23,impression,2026-03-28T09:32:22,A12,0.463
U0038,97,impression,2026-03-28T09:29:48,A12,0.018
U0038,27,impression,2026-03-28T09:33:12,A12,0.014
U0038,101,impression,2026-03-28T09:32:54,A12,0.437
U0038,90,impression,2026-03-28T09:33:28,A12,0.034
U0038,51,impression,2026-03-28T09:31:47,A12,0.414
U0038,73,impression,2026-02-19T18:50:02,A12,0.047
U0038,33,impression,2026-02-19T18:48:20,A12,0.504
U0038,102,impression,2026-02-19T18:48:21,A12,0.568
U0038,95,impression,2026-02-19T18:49:24,A12,0.015
U0038,91,impression,2026-02-19T18:48:19,A12,0.433
U0038,91,click,2026-02-19T18:48:26,A12,0.433
U0038,91,save,2026-02-19T18:48:26,A12,0.433
U0038,59,impression,2026-02-19T18:48:16,A12,0.023
U0038,51,impression,2026-02-19T18:48:42,A12,0.489
U0038,51,click,2026-02-19T18:48:50,A12,0.489
U0038,51,save,2026-02-19T18:48:50,A12,0.489
U0038,36,impression,2026-02-19T18:48:27,A12,0.416
U0038,49,impression,2026-02-19T18:49:55,A12,0.471
U0038,75,impression,2026-02-19T18:48:48,A12,0.073
U0038,32,impression,2026-02-19T18:50:45,A12,0.458
U0038,32,click,2026-02-19T18:50:56,A12,0.458
U0038,64,impression,2026-02-19T18:50:15,A12,0.025
U0038,48,impression,2026-02-19T18:49:19,A12,0.48
U0038,52,impression,2026-02-19T18:50:52,A12,0.413
U0038,25,impression,2026-02-19T18:50:47,A12,0.068
U0038,45,impression,2026-02-11T12:48:03,A12,0.448
U0038,45,click,2026-02-11T12:48:10,A12,0.448
U0038,57,impression,2026-02-11T12:48:21,A12,0.039
U0038,58,impression,2026-02-11T12:50:25,A12,0.108
U0038,47,impression,2026-02-11T12:48:51,A12,0.445
U0038,48,impression,2026-02-11T12:49:43,A12,0.47
U0038,105,impression,2026-02-11T12:49:42,A12,0.073
U0038,25,impression,2026-02-11T12:48:55,A12,0.058
U0038,87,impression,2026-02-11T12:50:57,A12,0.654
U0038,87,click,2026-02-11T12:51:27,A12,0.654
U0038,51,impression,2026-02-11T12:49:27,A12,0.428
U0038,51,click,2026-02-11T12:49:54,A12,0.428
U0038,89,impression,2026-02-11T12:47:50,A12,-0.008
U0038,41,impression,2026-02-11T12:50:34,A12,0.475
U0038,92,impression,2026-02-11T12:48:54,A12,0.074
U0038,49,impression,2026-02-11T12:47:41,A12,0.472
U0039,37,impression,2026-02-03T14:41:02,A10,0.482
U0039,37,click,2026-02-03T14:41:32,A10,0.482
U0039,87,impression,2026-02-03T14:39:33,A10,0.458
U0039,32,impression,2026-02-03T14:42:56,A10,0.431
U0039,25,impression,2026-02-03T14:42:47,A10,0.153
U0039,104,impression,2026-02-03T14:42:56,A10,0.57
U0039,93,impression,2026-02-03T14:41:49,A10,0.021
U0039,73,impression,2026-02-03T14:41:05,A10,0.101
U0039,109,impression,2026-02-03T14:39:03,A10,0.186
U0039,54,impression,2026-03-25T22:36:07,A10,0.722
U0039,101,impression,2026-03-25T22:35:04,A10,0.444
U0039,81,impression,2026-03-25T22:33:49,A10,0.006
U0039,31,impression,2026-03-25T22:36:54,A10,0.449
U0039,108,impression,2026-03-25T22:35:05,A10,0.059
U0039,27,impression,2026-03-25T22:36:47,A10,0.114
U0039,43,impression,2026-03-25T22:35:12,A10,0.535
U0039,79,impression,2026-03-25T22:34:11,A10,0.069
U0039,68,impression,2026-03-25T22:34:53,A10,0.039
U0039,34,impression,2026-03-25T22:35:29,A10,0.436
U0039,52,impression,2026-03-25T22:37:50,A10,0.482
U0039,22,impression,2026-03-25T22:36:45,A10,0.458
U0039,97,impression,2026-02-20T20:55:20,A10,0.116
U0039,52,impression,2026-02-20T20:54:27,A10,0.51
U0039,64,impression,2026-02-20T20:53:56,A10,0.1
U0039,45,impression,2026-02-20T20:55:16,A10,0.469
U0039,66,impression,2026-02-20T20:55:08,A10,0.047
U0039,107,impression,2026-02-20T20:55:06,A10,0.577
U0039,107,click,2026-02-20T20:55:35,A10,0.577
U0039,36,impression,2026-02-20T20:52:55,A10,0.416
U0039,50,impression,2026-03-01T11:18:33,A10,0.57
U0039,26,impression,2026-03-01T11:19:05,A10,0.155
U0039,56,impression,2026-03-01T11:18:30,A10,0.082
U0039,56,click,2026-03-01T11:18:50,A10,0.082
U0039,106,impression,2026-03-01T11:17:32,A10,0.484
U0039,91,impression,2026-03-01T11:19:35,A10,0.378
U0039,91,click,2026-03-01T11:19:43,A10,0.378
U0039,34,impression,2026-03-01T11:17:50,A10,0.428
U0039,41,impression,2026-03-01T11:19:43,A10,0.568
U0039,75,impression,2026-03-01T11:21:04,A10,0.017
U0039,99,impression,2026-03-01T11:18:41,A10,0.018
U0039,97,impression,2026-03-01T11:21:09,A10,0.149
U0039,86,impression,2026-03-01T11:20:40,A10,0.651
U0039,39,impression,2026-03-01T11:20:46,A10,0.421
U0039,73,impression,2026-03-01T11:20:53,A10,0.029
U0039,21,impression,2026-03-01T11:20:28,A10,0.435
U0039,107,impression,2026-04-05T19:15:20,A10,0.522
U0039,65,impression,2026-04-05T19:11:33,A10,-0.024
U0039,88,impression,2026-04-05T19:11:48,A10,0.022
U0039,87,impression,2026-04-05T19:15:35,A10,0.489
U0039,94,impression,2026-04-05T19:11:55,A10,0.429
U0039,45,impression,2026-04-05T19:15:16,A10,0.431
U0039,43,impression,2026-04-05T19:15:01,A10,0.567
U0039,43,click,2026-04-05T19:15:11,A10,0.567
U0039,47,impression,2026-04-05T19:13:45,A10,0.477
U0039,47,click,2026-04-05T19:14:10,A10,0.477
U0039,67,impression,2026-04-05T19:12:20,A10,0.076
U0039,71,impression,2026-04-05T19:15:02,A10,0.062
U0039,71,impression,2026-03-26T21:49:26,A10,0.086
U0039,41,impression,2026-03-26T21:47:11,A10,0.531
U0039,43,impression,2026-03-26T21:46:09,A10,0.567
U0039,51,impression,2026-03-26T21:48:11,A10,0.43
U0039,69,impression,2026-03-26T21:48:44,A10,0.047
U0039,87,impression,2026-03-26T21:50:45,A10,0.483
U0039,47,impression,2026-03-26T21:47:50,A10,0.43
U0039,108,impression,2026-03-26T21:48:20,A10,0.054
U0039,59,impression,2026-03-26T21:48:46,A10,0.034
U0039,71,impression,2026-04-17T16:05:44,A10,0.066
U0039,52,impression,2026-04-17T16:04:13,A10,0.467
U0039,44,impression,2026-04-17T16:02:11,A10,0.572
U0039,44,click,2026-04-17T16:02:36,A10,0.572
U0039,44,save,2026-04-17T16:02:36,A10,0.572
U0039,79,impression,2026-04-17T16:04:40,A10,0.081
U0039,107,impression,2026-04-17T16:05:48,A10,0.526
U0039,67,impression,2026-04-17T16:04:44,A10,0.081
U0039,48,impression,2026-04-17T16:04:50,A10,0.536
U0039,48,click,2026-04-17T16:05:13,A10,0.536
U0039,73,impression,2026-04-17T16:03:11,A10,0.103
U0039,33,impression,2026-04-17T16:05:22,A10,0.451
U0039,30,impression,2026-04-17T16:06:30,A10,0.49
U0039,30,click,2026-04-17T16:06:47,A10,0.49
U0039,68,impression,2026-04-17T16:06:18,A10,0.11
U0039,88,impression,2026-04-17T16:06:35,A10,-0.012
U0039,42,impression,2026-04-17T16:02:34,A10,0.467
U0039,95,impression,2026-04-17T16:06:45,A10,0.547
U0039,91,impression,2026-04-17T16:06:22,A10,0.418
U0039,46,impression,2026-02-12T19:00:55,A10,0.087
U0039,31,impression,2026-02-12T19:00:54,A10,0.395
U0039,90,impression,2026-02-12T19:03:32,A10,0.087
U0039,61,impression,2026-02-12T19:03:54,A10,0.077
U0039,76,impression,2026-02-12T19:03:55,A10,0.499
U0039,76,click,2026-02-12T19:04:20,A10,0.499
U0039,86,impression,2026-02-12T19:03:33,A10,0.66
U0039,44,impression,2026-02-12T19:00:05,A10,0.574
U0039,39,impression,2026-02-12T19:01:47,A10,0.505
U0039,36,impression,2026-02-12T19:00:46,A10,0.503
U0039,36,click,2026-02-12T19:00:52,A10,0.503
U0039,71,impression,2026-02-12T19:00:51,A10,0.104
U0039,98,impression,2026-02-12T19:02:45,A10,0.013
U0039,82,impression,2026-02-12T18:59:13,A10,0.505
U0040,99,impression,2026-03-21T09:31:04,A07,0.73
U0040,60,impression,2026-03-21T09:31:53,A07,0.541
U0040,60,click,2026-03-21T09:32:06,A07,0.541
U0040,85,impression,2026-03-21T09:31:01,A07,0.576
U0040,103,impression,2026-03-21T09:28:33,A07,0.041
U0040,105,impression,2026-03-21T09:30:33,A07,0.095
U0040,38,impression,2026-03-21T09:31:19,A07,0.08
U0040,45,impression,2026-03-21T09:30:20,A07,0.012
U0040,74,impression,2026-03-21T09:28:23,A07,0.74
U0040,74,click,2026-03-21T09:28:31,A07,0.74
U0040,74,cart_add,2026-03-21T09:29:09,A07,0.74
U0040,34,impression,2026-03-21T09:28:19,A07,0.05
U0040,69,impression,2026-03-21T09:30:30,A07,0.65
U0040,108,impression,2026-03-21T09:29:20,A07,0.531
U0040,62,impression,2026-03-21T09:32:25,A07,0.507
U0040,67,impression,2026-02-24T14:56:13,A07,0.383
U0040,59,impression,2026-02-24T14:56:17,A07,0.579
U0040,49,impression,2026-02-24T14:59:28,A07,0.024
U0040,68,impression,2026-02-24T15:00:28,A07,0.048
U0040,72,impression,2026-02-24T14:58:58,A07,0.5
U0040,87,impression,2026-02-24T14:56:33,A07,-0.026
U0040,59,impression,2026-04-02T16:27:13,A07,0.541
U0040,59,click,2026-04-02T16:27:16,A07,0.541
U0040,88,impression,2026-04-02T16:26:53,A07,0.543
U0040,88,click,2026-04-02T16:27:02,A07,0.543
U0040,93,impression,2026-04-02T16:29:56,A07,0.603
U0040,39,impression,2026-04-02T16:30:55,A07,0.142
U0040,85,impression,2026-04-02T16:27:07,A07,0.517
U0040,71,impression,2026-04-02T16:27:14,A07,0.127
U0040,74,impression,2026-04-02T16:26:17,A07,0.743
U0040,68,impression,2026-04-02T16:26:24,A07,0.09
U0040,63,impression,2026-04-02T16:26:07,A07,0.668
U0040,63,click,2026-04-02T16:26:09,A07,0.668
U0040,107,impression,2026-04-02T16:26:05,A07,0.05
U0040,75,impression,2026-04-02T16:28:56,A07,0.698
U0040,75,click,2026-04-02T16:29:24,A07,0.698
U0040,98,impression,2026-04-02T16:27:49,A07,0.055
U0040,55,impression,2026-04-02T16:29:45,A07,0.036
U0040,96,impression,2026-03-08T19:51:57,A07,0.023
U0040,56,impression,2026-03-08T19:49:42,A07,0.054
U0040,63,impression,2026-03-08T19:50:33,A07,0.667
U0040,105,impression,2026-03-08T19:53:21,A07,0.104
U0040,61,impression,2026-03-08T19:50:53,A07,0.654
U0040,108,impression,2026-03-08T19:52:01,A07,0.51
U0040,77,impression,2026-03-08T19:53:48,A07,0.033
U0040,93,impression,2026-03-08T19:53:32,A07,0.623
U0040,35,impression,2026-03-08T19:53:31,A07,0.033
U0040,75,impression,2026-03-08T19:50:24,A07,0.666
U0040,72,impression,2026-03-08T19:50:55,A07,0.576
U0040,67,impression,2026-03-08T19:50:17,A07,0.455
U0040,31,impression,2026-03-08T19:52:37,A07,0.076
U0040,72,impression,2026-03-08T09:28:30,A07,0.496
U0040,72,click,2026-03-08T09:28:46,A07,0.496
U0040,85,impression,2026-03-08T09:27:04,A07,0.571
U0040,40,impression,2026-03-08T09:28:34,A07,0.026
U0040,21,impression,2026-03-08T09:27:59,A07,0.029
U0040,93,impression,2026-03-08T09:27:21,A07,0.666
U0040,93,click,2026-03-08T09:27:34,A07,0.666
U0040,93,save,2026-03-08T09:27:34,A07,0.666
U0040,66,impression,2026-03-08T09:26:17,A07,0.104
U0040,71,impression,2026-03-08T09:27:21,A07,0.104
U0040,99,impression,2026-03-08T09:26:00,A07,0.651
U0040,88,impression,2026-03-08T09:29:01,A07,0.567
U0040,88,click,2026-03-08T09:29:16,A07,0.567
U0040,44,impression,2026-03-31T11:07:41,A07,0.094
U0040,91,impression,2026-03-31T11:06:23,A07,0.029
U0040,97,impression,2026-03-31T11:06:08,A07,0.083
U0040,69,impression,2026-03-31T11:06:08,A07,0.603
U0040,101,impression,2026-03-31T11:04:51,A07,0.018
U0040,99,impression,2026-03-31T11:08:59,A07,0.699
U0040,73,impression,2026-03-31T11:06:16,A07,0.709
U0040,73,click,2026-03-31T11:06:41,A07,0.709
U0040,60,impression,2026-03-31T11:08:49,A07,0.551
U0040,88,impression,2026-03-31T11:07:15,A07,0.567
U0040,88,click,2026-03-31T11:07:19,A07,0.567
U0040,63,impression,2026-03-31T11:08:54,A07,0.665
U0040,63,click,2026-03-31T11:09:19,A07,0.665
U0041,89,impression,2026-03-23T20:47:13,A09,0.042
U0041,100,impression,2026-03-23T20:49:48,A09,0.428
U0041,100,click,2026-03-23T20:50:18,A09,0.428
U0041,100,cart_add,2026-03-23T20:50:52,A09,0.428
U0041,90,impression,2026-03-23T20:49:56,A09,0.435
U0041,70,impression,2026-03-23T20:49:21,A09,0.507
U0041,93,impression,2026-03-23T20:50:54,A09,0.015
U0041,69,impression,2026-03-06T21:51:56,A09,0.072
U0041,100,impression,2026-03-06T21:50:46,A09,0.441
U0041,84,impression,2026-03-06T21:54:14,A09,0.041
U0041,66,impression,2026-03-06T21:51:43,A09,0.646
U0041,66,click,2026-03-06T21:52:06,A09,0.646
U0041,103,impression,2026-03-06T21:53:05,A09,0.694
U0041,79,impression,2026-03-06T21:52:45,A09,0.506
U0041,79,click,2026-03-06T21:52:52,A09,0.506
U0041,74,impression,2026-03-06T21:54:46,A09,0.08
U0041,100,impression,2026-04-13T17:11:20,A09,0.454
U0041,66,impression,2026-04-13T17:13:20,A09,0.586
U0041,66,click,2026-04-13T17:13:28,A09,0.586
U0041,92,impression,2026-04-13T17:12:55,A09,0.595
U0041,56,impression,2026-04-13T17:12:14,A09,0.091
U0041,56,click,2026-04-13T17:12:22,A09,0.091
U0041,41,impression,2026-04-13T17:14:44,A09,0.058
U0041,106,impression,2026-04-13T17:15:50,A09,0.065
U0041,83,impression,2026-04-13T17:15:25,A09,0.429
U0041,73,impression,2026-04-13T17:14:18,A09,0.073
U0041,58,impression,2026-04-13T17:14:06,A09,0.561
U0041,84,impression,2026-04-13T17:14:09,A09,0.036
U0041,90,impression,2026-04-13T17:13:00,A09,0.503
U0041,103,impression,2026-03-18T10:48:43,A09,0.722
U0041,39,impression,2026-03-18T10:46:17,A09,0.032
U0041,70,impression,2026-03-18T10:47:44,A09,0.415
U0041,92,impression,2026-03-18T10:45:27,A09,0.614
U0041,92,click,2026-03-18T10:45:42,A09,0.614
U0041,92,cart_add,2026-03-18T10:46:09,A09,0.614
U0041,66,impression,2026-03-18T10:44:32,A09,0.641
U0041,106,impression,2026-03-18T10:46:21,A09,0.017
U0041,35,impression,2026-03-18T10:44:14,A09,0.105
U0041,63,impression,2026-04-04T15:45:27,A09,0.096
U0041,106,impression,2026-04-04T15:46:01,A09,0.046
U0041,71,impression,2026-04-04T15:45:32,A09,0.577
U0041,78,impression,2026-04-04T15:46:39,A09,0.643
U0041,78,click,2026-04-04T15:46:59,A09,0.643
U0041,64,impression,2026-04-04T15:45:15,A09,0.094
U0041,66,impression,2026-04-04T15:46:01,A09,0.619
U0041,90,impression,2026-04-04T15:48:26,A09,0.419
U0041,55,impression,2026-03-22T21:26:48,A09,0.044
U0041,92,impression,2026-03-22T21:26:31,A09,0.572
U0041,64,impression,2026-03-22T21:29:11,A09,0.016
U0041,45,impression,2026-03-22T21:30:30,A09,0.01
U0041,58,impression,2026-03-22T21:28:36,A09,0.523
U0041,58,click,2026-03-22T21:29:05,A09,0.523
U0041,88,impression,2026-03-22T21:27:28,A09,-0.038
U0041,70,impression,2026-03-22T21:27:33,A09,0.472
U0041,100,impression,2026-03-22T21:26:49,A09,0.508
U0041,65,impression,2026-03-22T21:29:11,A09,0.531
U0041,78,impression,2026-03-22T21:27:30,A09,0.659
U0041,75,impression,2026-03-22T21:29:47,A09,0.091
U0041,75,click,2026-03-22T21:29:49,A09,0.091
U0042,83,impression,2026-03-12T13:08:02,A04,0.607
U0042,58,impression,2026-03-12T13:09:26,A04,0.459
U0042,58,click,2026-03-12T13:09:28,A04,0.459
U0042,65,impression,2026-03-12T13:06:50,A04,0.521
U0042,103,impression,2026-03-12T13:08:44,A04,0.419
U0042,90,impression,2026-03-12T13:10:32,A04,0.626
U0042,79,impression,2026-03-12T13:07:42,A04,0.726
U0042,79,click,2026-03-12T13:07:47,A04,0.726
U0042,73,impression,2026-03-12T13:09:38,A04,0.104
U0042,98,impression,2026-03-12T13:10:11,A04,0.048
U0042,98,click,2026-03-12T13:10:15,A04,0.048
U0042,42,impression,2026-03-12T13:10:14,A04,0.049
U0042,47,impression,2026-03-12T13:06:28,A04,0.087
U0042,79,impression,2026-02-06T12:08:42,A04,0.732
U0042,27,impression,2026-02-06T12:06:31,A04,0.052
U0042,45,impression,2026-02-06T12:05:22,A04,0.078
U0042,67,impression,2026-02-06T12:06:35,A04,-0.01
U0042,83,impression,2026-02-06T12:05:37,A04,0.641
U0042,103,impression,2026-02-06T12:09:52,A04,0.46
U0042,92,impression,2026-02-06T12:08:15,A04,0.412
U0042,106,impression,2026-02-06T12:07:28,A04,0.079
U0042,106,click,2026-02-06T12:07:36,A04,0.079
U0042,105,impression,2026-02-06T12:06:30,A04,0.523
U0042,92,impression,2026-03-02T15:01:22,A04,0.473
U0042,92,click,2026-03-02T15:01:47,A04,0.473
U0042,49,impression,2026-03-02T14:58:58,A04,0.032
U0042,66,impression,2026-03-02T15:02:10,A04,0.5
U0042,66,click,2026-03-02T15:02:28,A04,0.5
U0042,87,impression,2026-03-02T15:01:23,A04,-0.009
U0042,65,impression,2026-03-02T15:02:51,A04,0.469
U0042,103,impression,2026-03-02T15:01:22,A04,0.486
U0042,83,impression,2026-03-02T14:58:44,A04,0.658
U0042,64,impression,2026-03-02T14:59:05,A04,0.06
U0042,59,impression,2026-03-02T15:02:05,A04,0.014
U0042,57,impression,2026-03-02T15:01:18,A04,0.433
U0042,57,click,2026-03-02T15:01:43,A04,0.433
U0042,56,impression,2026-03-02T15:01:09,A04,0.054
U0042,79,impression,2026-02-19T16:40:54,A04,0.745
U0042,47,impression,2026-02-19T16:39:29,A04,0.035
U0042,49,impression,2026-02-19T16:38:28,A04,0.03
U0042,90,impression,2026-02-19T16:40:29,A04,0.585
U0042,100,impression,2026-02-19T16:39:39,A04,0.513
U0042,83,impression,2026-03-29T09:55:53,A04,0.584
U0042,43,impression,2026-03-29T09:55:01,A04,0.011
U0042,41,impression,2026-03-29T09:59:50,A04,0.091
U0042,66,impression,2026-03-29T09:55:18,A04,0.432
U0042,108,impression,2026-03-29T09:59:03,A04,0.017
U0042,68,impression,2026-03-29T09:57:24,A04,0.474
U0042,79,impression,2026-03-29T09:57:01,A04,0.689
U0042,58,impression,2026-03-29T09:57:56,A04,0.471
U0042,90,impression,2026-03-29T09:59:05,A04,0.634
U0042,30,impression,2026-03-29T09:59:34,A04,0.025
U0042,67,impression,2026-03-29T09:57:26,A04,0.002
U0042,103,impression,2026-03-29T09:58:18,A04,0.427
U0043,100,impression,2026-03-20T20:03:46,A09,0.446
U0043,65,impression,2026-03-20T20:05:31,A09,0.453
U0043,65,click,2026-03-20T20:05:38,A09,0.453
U0043,68,impression,2026-03-20T20:04:06,A09,0.665
U0043,78,impression,2026-03-20T20:04:29,A09,0.625
U0043,52,impression,2026-03-20T20:04:21,A09,0.041
U0043,71,impression,2026-03-20T20:04:51,A09,0.581
U0043,75,impression,2026-03-20T20:04:31,A09,0.093
U0043,84,impression,2026-03-20T20:05:42,A09,0.032
U0043,39,impression,2026-03-20T20:05:24,A09,0.076
U0043,107,impression,2026-03-20T20:01:12,A09,0.104
U0043,57,impression,2026-03-20T20:02:28,A09,0.449
U0043,58,impression,2026-04-14T21:12:05,A09,0.574
U0043,66,impression,2026-04-14T21:12:48,A09,0.602
U0043,39,impression,2026-04-14T21:11:28,A09,0.08
U0043,65,impression,2026-04-14T21:10:21,A09,0.52
U0043,78,impression,2026-04-14T21:12:32,A09,0.585
U0043,78,click,2026-04-14T21:13:02,A09,0.585
U0043,70,impression,2026-04-14T21:13:00,A09,0.465
U0043,100,impression,2026-04-14T21:11:07,A09,0.438
U0043,35,impression,2026-04-14T21:10:15,A09,0.076
U0043,105,impression,2026-04-14T21:09:20,A09,0.42
U0043,105,click,2026-04-14T21:09:33,A09,0.42
U0043,97,impression,2026-04-14T21:14:00,A09,0.087
U0043,67,impression,2026-04-14T21:12:45,A09,0.062
U0043,71,impression,2026-04-14T21:09:10,A09,0.588
U0043,25,impression,2026-04-14T21:13:50,A09,0.1
U0043,83,impression,2026-04-14T21:09:43,A09,0.444
U0043,104,impression,2026-04-14T21:10:09,A09,0.017
U0043,47,impression,2026-03-23T11:10:54,A09,0.014
U0043,101,impression,2026-03-23T11:07:16,A09,0.043
U0043,90,impression,2026-03-23T11:07:05,A09,0.508
U0043,76,impression,2026-03-23T11:10:14,A09,0.012
U0043,78,impression,2026-03-23T11:10:18,A09,0.617
U0043,78,click,2026-03-23T11:10:40,A09,0.617
U0043,86,impression,2026-03-23T11:11:22,A09,0.047
U0043,44,impression,2026-03-23T11:10:28,A09,0.088
U0043,68,impression,2026-03-23T11:09:57,A09,0.583
U0043,55,impression,2026-03-23T11:11:10,A09,0.065
U0043,70,impression,2026-03-23T11:10:50,A09,0.418
U0043,100,impression,2026-03-23T11:09:43,A09,0.418
U0043,57,impression,2026-03-23T11:07:11,A09,0.5
U0043,66,impression,2026-03-23T11:07:54,A09,0.651
U0043,66,click,2026-03-23T11:08:00,A09,0.651
U0043,92,impression,2026-03-23T11:07:44,A09,0.65
U0043,58,impression,2026-03-23T11:07:06,A09,0.491
U0043,46,impression,2026-03-16T22:59:41,A09,0.053
U0043,48,impression,2026-03-16T22:59:35,A09,0.06
U0043,78,impression,2026-03-16T22:58:31,A09,0.643
U0043,83,impression,2026-03-16T22:58:40,A09,0.461
U0043,83,click,2026-03-16T22:58:47,A09,0.461
U0043,30,impression,2026-03-16T22:59:36,A09,0.068
U0043,79,impression,2026-03-16T22:58:38,A09,0.48
U0043,79,click,2026-03-16T22:59:06,A09,0.48
U0043,70,impression,2026-03-16T23:00:31,A09,0.426
U0043,34,impression,2026-03-16T23:00:26,A09,0.031
U0043,40,impression,2026-03-16T23:00:56,A09,0.035
U0043,90,impression,2026-03-16T23:00:08,A09,0.463
U0043,105,impression,2026-03-16T22:58:31,A09,0.426
U0043,105,click,2026-03-16T22:58:43,A09,0.426
U0043,58,impression,2026-03-16T23:01:40,A09,0.566
U0043,58,click,2026-03-16T23:02:05,A09,0.566
U0043,65,impression,2026-03-16T22:58:45,A09,0.538
U0043,33,impression,2026-03-16T23:01:05,A09,0.087
U0044,63,impression,2026-04-14T13:49:26,A09,0.042
U0044,103,impression,2026-04-14T13:49:51,A09,0.74
U0044,103,click,2026-04-14T13:50:15,A09,0.74
U0044,70,impression,2026-04-14T13:47:11,A09,0.412
U0044,67,impression,2026-04-14T13:47:16,A09,0.018
U0044,97,impression,2026-04-14T13:47:28,A09,0.011
U0044,100,impression,2026-04-14T13:47:51,A09,0.505
U0044,100,click,2026-04-14T13:48:04,A09,0.505
U0044,78,impression,2026-04-14T13:50:14,A09,0.59
U0044,92,impression,2026-04-14T13:50:41,A09,0.6
U0044,92,click,2026-04-14T13:50:48,A09,0.6
U0044,107,impression,2026-04-14T13:47:21,A09,0.053
U0044,105,impression,2026-04-14T13:49:00,A09,0.477
U0044,83,impression,2026-02-09T14:46:05,A09,0.491
U0044,66,impression,2026-02-09T14:45:32,A09,0.667
U0044,66,click,2026-02-09T14:45:44,A09,0.667
U0044,43,impression,2026-02-09T14:46:59,A09,0.043
U0044,65,impression,2026-02-09T14:49:03,A09,0.53
U0044,97,impression,2026-02-09T14:49:55,A09,0.065
U0044,86,impression,2026-02-09T14:46:05,A09,0.08
U0044,22,impression,2026-02-09T14:49:53,A09,0.088
U0044,68,impression,2026-02-09T14:47:01,A09,0.593
U0044,92,impression,2026-02-09T14:49:48,A09,0.595
U0044,79,impression,2026-02-09T14:49:21,A09,0.412
U0044,64,impression,2026-02-09T14:46:15,A09,0.048
U0044,78,impression,2026-02-09T14:49:11,A09,0.578
U0044,65,impression,2026-03-07T10:29:36,A09,0.522
U0044,100,impression,2026-03-07T10:29:01,A09,0.47
U0044,66,impression,2026-03-07T10:29:39,A09,0.576
U0044,68,impression,2026-03-07T10:30:07,A09,0.62
U0044,51,impression,2026-03-07T10:28:05,A09,0.052
U0044,54,impression,2026-03-07T10:30:31,A09,0.03
U0044,30,impression,2026-03-07T10:31:35,A09,0.075
U0044,105,impression,2026-03-07T10:29:15,A09,0.456
U0044,95,impression,2026-03-07T10:29:20,A09,0.048
U0044,21,impression,2026-03-07T10:28:55,A09,0.086
U0044,70,impression,2026-03-07T10:29:41,A09,0.456
U0045,89,impression,2026-03-09T11:39:45,A10,0.038
U0045,48,impression,2026-03-09T11:37:17,A10,0.523
U0045,70,impression,2026-03-09T11:41:51,A10,0.042
U0045,30,impression,2026-03-09T11:38:07,A10,0.461
U0045,81,impression,2026-03-09T11:38:11,A10,0.078
U0045,22,impression,2026-03-09T11:39:00,A10,0.462
U0045,22,click,2026-03-09T11:39:12,A10,0.462
U0045,34,impression,2026-03-09T11:37:35,A10,0.421
U0045,40,impression,2026-04-11T09:34:59,A10,0.512
U0045,102,impression,2026-04-11T09:34:10,A10,0.505
U0045,57,impression,2026-04-11T09:36:22,A10,0.042
U0045,57,click,2026-04-11T09:36:47,A10,0.042
U0045,32,impression,2026-04-11T09:36:32,A10,0.481
U0045,36,impression,2026-04-11T09:33:18,A10,0.414
U0045,60,impression,2026-04-11T09:33:03,A10,0.068
U0045,82,impression,2026-04-11T09:36:08,A10,0.418
U0045,64,impression,2026-04-11T09:36:23,A10,0.093
U0045,65,impression,2026-04-11T09:35:24,A10,0.014
U0045,66,impression,2026-04-11T09:36:18,A10,0.047
U0045,53,impression,2026-04-11T09:35:11,A10,0.59
U0045,82,impression,2026-03-14T13:28:18,A10,0.421
U0045,22,impression,2026-03-14T13:26:45,A10,0.484
U0045,22,click,2026-03-14T13:27:04,A10,0.484
U0045,45,impression,2026-03-14T13:26:49,A10,0.479
U0045,79,impression,2026-03-14T13:28:04,A10,0.092
U0045,93,impression,2026-03-14T13:26:57,A10,0.075
U0045,98,impression,2026-03-14T13:27:09,A10,0.098
U0045,38,impression,2026-02-04T13:02:07,A10,0.49
U0045,38,click,2026-02-04T13:02:11,A10,0.49
U0045,74,impression,2026-02-04T13:00:05,A10,0.072
U0045,40,impression,2026-02-04T13:02:35,A10,0.583
U0045,80,impression,2026-02-04T13:01:21,A10,0.083
U0045,91,impression,2026-02-04T13:01:37,A10,0.402
U0045,49,impression,2026-02-04T13:03:10,A10,0.484
U0045,49,click,2026-02-04T13:03:24,A10,0.484
U0045,108,impression,2026-02-04T13:01:01,A10,0.013
U0045,70,impression,2026-02-04T13:01:44,A10,0.036
U0045,80,impression,2026-02-04T16:15:05,A10,0.08
U0045,34,impression,2026-02-04T16:12:50,A10,0.449
U0045,34,click,2026-02-04T16:13:12,A10,0.449
U0045,34,cart_add,2026-02-04T16:13:44,A10,0.449
U0045,32,impression,2026-02-04T16:11:06,A10,0.451
U0045,42,impression,2026-02-04T16:11:32,A10,0.414
U0045,92,impression,2026-02-04T16:13:24,A10,0.098
U0045,103,impression,2026-02-26T21:21:10,A10,0.066
U0045,39,impression,2026-02-26T21:17:24,A10,0.482
U0045,42,impression,2026-02-26T21:20:08,A10,0.419
U0045,79,impression,2026-02-26T21:18:23,A10,0.057
U0045,44,impression,2026-02-26T21:21:42,A10,0.58
U0045,83,impression,2026-03-14T20:43:58,A10,0.102
U0045,38,impression,2026-03-14T20:41:24,A10,0.464
U0045,59,impression,2026-03-14T20:41:14,A10,0.044
U0045,53,impression,2026-03-14T20:41:21,A10,0.624
U0045,86,impression,2026-03-14T20:41:45,A10,0.707
U0045,54,impression,2026-03-14T20:43:34,A10,0.69
U0045,51,impression,2026-03-14T20:44:38,A10,0.509
U0045,51,click,2026-03-14T20:44:42,A10,0.509
U0045,50,impression,2026-03-14T20:41:24,A10,0.545
U0045,68,impression,2026-03-14T20:42:51,A10,0.078
U0045,100,impression,2026-03-14T20:43:11,A10,0.043
U0045,97,impression,2026-03-23T17:43:47,A10,0.12
U0045,107,impression,2026-03-23T17:43:37,A10,0.5
U0045,107,click,2026-03-23T17:43:38,A10,0.5
U0045,33,impression,2026-03-23T17:42:36,A10,0.493
U0045,33,click,2026-03-23T17:42:51,A10,0.493
U0045,50,impression,2026-03-23T17:45:26,A10,0.526
U0045,50,click,2026-03-23T17:45:46,A10,0.526
U0045,59,impression,2026-03-23T17:45:39,A10,0.031
U0045,98,impression,2026-03-23T17:42:21,A10,0.102
U0045,103,impression,2026-03-23T17:46:15,A10,0.108
U0045,104,impression,2026-03-23T17:46:02,A10,0.493
U0045,80,impression,2026-03-23T17:46:35,A10,0.048
U0045,41,impression,2026-03-23T17:47:00,A10,0.532
U0045,54,impression,2026-03-23T17:46:11,A10,0.685
U0046,67,impression,2026-02-05T16:52:00,A02,0.004
U0046,87,impression,2026-02-05T16:51:51,A02,0.396
U0046,39,impression,2026-02-05T16:48:05,A02,0.451
U0046,57,impression,2026-02-05T16:48:14,A02,0.069
U0046,77,impression,2026-02-05T16:52:17,A02,0.479
U0046,77,click,2026-02-05T16:52:26,A02,0.479
U0046,109,impression,2026-02-05T16:48:24,A02,0.102
U0046,41,impression,2026-02-16T20:35:54,A02,0.428
U0046,23,impression,2026-02-16T20:37:12,A02,0.468
U0046,23,click,2026-02-16T20:37:27,A02,0.468
U0046,105,impression,2026-02-16T20:34:24,A02,0.022
U0046,44,impression,2026-02-16T20:37:48,A02,0.484
U0046,44,click,2026-02-16T20:38:04,A02,0.484
U0046,52,impression,2026-02-16T20:37:28,A02,0.412
U0046,101,impression,2026-02-16T20:37:38,A02,0.527
U0046,101,click,2026-02-16T20:37:54,A02,0.527
U0046,101,save,2026-02-16T20:37:54,A02,0.527
U0046,59,impression,2026-02-16T20:33:34,A02,0.08
U0046,34,impression,2026-02-16T20:36:03,A02,0.406
U0046,56,impression,2026-02-16T20:35:04,A02,0.061
U0046,61,impression,2026-02-16T20:34:01,A02,0.098
U0046,61,click,2026-02-16T20:34:04,A02,0.098
U0046,81,impression,2026-02-16T20:37:39,A02,0.11
U0046,33,impression,2026-02-16T20:33:34,A02,0.436
U0046,37,impression,2026-02-24T18:26:06,A02,0.461
U0046,37,click,2026-02-24T18:26:28,A02,0.461
U0046,61,impression,2026-02-24T18:27:10,A02,0.04
U0046,71,impression,2026-02-24T18:30:05,A02,0.034
U0046,91,impression,2026-02-24T18:30:03,A02,0.384
U0046,64,impression,2026-02-24T18:27:28,A02,0.031
U0046,23,impression,2026-02-24T18:30:37,A02,0.473
U0046,90,impression,2026-02-10T11:45:41,A02,0.051
U0046,56,impression,2026-02-10T11:45:22,A02,0.042
U0046,84,impression,2026-02-10T11:45:11,A02,0.477
U0046,25,impression,2026-02-10T11:43:55,A02,0.466
U0046,77,impression,2026-02-10T11:46:20,A02,0.448
U0046,95,impression,2026-02-10T11:43:20,A02,0.075
U0046,32,impression,2026-02-10T11:46:14,A02,0.462
U0046,26,impression,2026-03-28T18:01:46,A02,0.457
U0046,25,impression,2026-03-28T18:05:32,A02,0.503
U0046,91,impression,2026-03-28T18:03:08,A02,0.428
U0046,103,impression,2026-03-28T18:03:27,A02,0.103
U0046,79,impression,2026-03-28T18:03:45,A02,0.033
U0046,32,impression,2026-03-28T18:03:58,A02,0.467
U0046,69,impression,2026-03-28T18:03:51,A02,0.029
U0046,73,impression,2026-03-28T18:03:15,A02,0.051
U0046,47,impression,2026-03-28T18:02:36,A02,0.477
U0046,85,impression,2026-03-28T18:02:11,A02,0.099
U0046,23,impression,2026-03-28T18:02:37,A02,0.479
U0046,43,impression,2026-03-19T20:34:36,A02,0.585
U0046,43,click,2026-03-19T20:34:49,A02,0.585
U0046,36,impression,2026-03-19T20:35:36,A02,0.41
U0046,34,impression,2026-03-19T20:38:13,A02,0.405
U0046,109,impression,2026-03-19T20:38:58,A02,0.109
U0046,73,impression,2026-03-19T20:37:35,A02,0.061
U0046,65,impression,2026-03-19T20:37:38,A02,-0.035
U0046,67,impression,2026-03-19T20:34:55,A02,0.029
U0046,41,impression,2026-03-19T20:35:01,A02,0.449
U0046,41,click,2026-03-19T20:35:05,A02,0.449
U0046,86,impression,2026-03-19T20:34:35,A02,0.415
U0046,30,impression,2026-03-19T20:36:17,A02,0.465
U0046,30,click,2026-03-19T20:36:21,A02,0.465
U0046,100,impression,2026-03-19T20:38:50,A02,0.03
U0046,98,impression,2026-03-19T20:36:21,A02,0.021
U0046,76,impression,2026-03-19T20:35:52,A02,0.434
U0047,79,impression,2026-04-12T14:54:03,A04,0.731
U0047,79,click,2026-04-12T14:54:31,A04,0.731
U0047,81,impression,2026-04-12T14:54:28,A04,0.046
U0047,51,impression,2026-04-12T14:53:01,A04,0.038
U0047,57,impression,2026-04-12T14:57:56,A04,0.441
U0047,65,impression,2026-04-12T14:56:48,A04,0.525
U0047,65,click,2026-04-12T14:56:52,A04,0.525
U0047,44,impression,2026-04-12T14:54:16,A04,0.054
U0047,67,impression,2026-04-12T14:56:14,A04,0.018
U0047,83,impression,2026-04-12T14:54:45,A04,0.647
U0047,32,impression,2026-04-04T15:54:00,A04,0.07
U0047,79,impression,2026-04-04T15:54:48,A04,0.719
U0047,79,click,2026-04-04T15:55:11,A04,0.719
U0047,79,save,2026-04-04T15:55:11,A04,0.719
U0047,70,impression,2026-04-04T15:54:52,A04,0.412
U0047,89,impression,2026-04-04T15:54:11,A04,0.013
U0047,105,impression,2026-04-04T15:53:37,A04,0.535
U0047,105,click,2026-04-04T15:53:46,A04,0.535
U0047,80,impression,2026-04-04T15:52:13,A04,0.101
U0047,77,impression,2026-04-04T15:54:59,A04,-0.028
U0047,49,impression,2026-04-04T15:51:40,A04,0.07
U0047,83,impression,2026-04-04T15:53:06,A04,0.668
U0047,83,click,2026-04-04T15:53:14,A04,0.668
U0047,83,save,2026-04-04T15:53:14,A04,0.668
U0047,41,impression,2026-04-04T15:54:43,A04,0.019
U0047,78,impression,2026-04-04T15:52:10,A04,0.418
U0047,71,impression,2026-04-04T15:53:43,A04,0.439
U0047,57,impression,2026-04-04T15:51:57,A04,0.502
U0047,57,impression,2026-02-22T17:04:51,A04,0.417
U0047,45,impression,2026-02-22T17:08:33,A04,0.088
U0047,83,impression,2026-02-22T17:07:08,A04,0.616
U0047,61,impression,2026-02-22T17:05:35,A04,0.025
U0047,103,impression,2026-02-22T17:05:27,A04,0.411
U0047,95,impression,2026-02-22T17:04:10,A04,0.061
U0047,58,impression,2026-02-22T17:07:21,A04,0.499
U0047,58,click,2026-02-22T17:07:23,A04,0.499
U0047,108,impression,2026-02-22T17:07:08,A04,0.034
U0047,65,impression,2026-03-08T16:19:28,A04,0.515
U0047,92,impression,2026-03-08T16:19:15,A04,0.427
U0047,92,click,2026-03-08T16:19:17,A04,0.427
U0047,105,impression,2026-03-08T16:17:32,A04,0.527
U0047,105,click,2026-03-08T16:18:01,A04,0.527
U0047,58,impression,2026-03-08T16:17:41,A04,0.447
U0047,40,impression,2026-03-08T16:16:50,A04,0.085
U0047,103,impression,2026-03-08T16:16:15,A04,0.474
U0047,66,impression,2026-03-08T16:16:11,A04,0.469
U0047,21,impression,2026-03-08T16:17:05,A04,0.04
U0047,57,impression,2026-03-08T16:18:44,A04,0.5
U0047,61,impression,2026-03-08T16:18:58,A04,0.05
U0047,80,impression,2026-03-08T16:16:06,A04,0.03
U0047,31,impression,2026-03-08T16:16:14,A04,-0.015
U0047,70,impression,2026-02-13T13:27:05,A04,0.414
U0047,70,click,2026-02-13T13:27:16,A04,0.414
U0047,88,impression,2026-02-13T13:23:51,A04,-0.028
U0047,78,impression,2026-02-13T13:25:18,A04,0.481
U0047,78,click,2026-02-13T13:25:35,A04,0.481
U0047,71,impression,2026-02-13T13:26:26,A04,0.412
U0047,32,impression,2026-02-13T13:25:57,A04,0.071
U0047,31,impression,2026-03-09T14:03:22,A04,0.002
U0047,72,impression,2026-03-09T14:04:39,A04,0.105
U0047,79,impression,2026-03-09T14:04:17,A04,0.669
U0047,100,impression,2026-03-09T14:04:47,A04,0.547
U0047,100,click,2026-03-09T14:04:50,A04,0.547
U0047,100,cart_add,2026-03-09T14:05:41,A04,0.547
U0047,83,impression,2026-03-09T14:06:59,A04,0.577
U0047,58,impression,2026-03-09T14:07:12,A04,0.427
U0047,58,click,2026-03-09T14:07:34,A04,0.427
U0047,57,impression,2026-03-09T14:06:10,A04,0.472
U0047,99,impression,2026-03-09T14:05:12,A04,0.106
U0047,78,impression,2026-03-09T14:05:49,A04,0.465
U0047,71,impression,2026-03-09T14:04:19,A04,0.443
U0047,108,impression,2026-03-09T14:07:26,A04,0.094
U0047,80,impression,2026-03-09T14:05:05,A04,0.091
U0047,42,impression,2026-03-09T14:07:07,A04,0.012
U0047,57,impression,2026-04-07T13:33:04,A04,0.44
U0047,57,click,2026-04-07T13:33:20,A04,0.44
U0047,42,impression,2026-04-07T13:31:29,A04,0.087
U0047,68,impression,2026-04-07T13:32:18,A04,0.492
U0047,58,impression,2026-04-07T13:33:50,A04,0.508
U0047,109,impression,2026-04-07T13:33:00,A04,0.022
U0047,51,impression,2026-04-07T13:34:22,A04,0.11
U0047,100,impression,2026-04-07T13:33:00,A04,0.531
U0047,65,impression,2026-04-07T13:32:24,A04,0.501
U0047,94,impression,2026-04-07T13:34:12,A04,0.07
U0047,54,impression,2026-04-07T13:31:42,A04,0.02
U0047,83,impression,2026-04-07T13:35:36,A04,0.571
U0048,46,impression,2026-02-20T09:02:29,A01,0.592
U0048,32,impression,2026-02-20T09:02:25,A01,0.063
U0048,70,impression,2026-02-20T09:02:13,A01,0.696
U0048,70,click,2026-02-20T09:02:38,A01,0.696
U0048,67,impression,2026-02-20T09:02:25,A01,0.441
U0048,67,click,2026-02-20T09:02:53,A01,0.441
U0048,85,impression,2026-02-20T09:03:51,A01,0.617
U0048,82,impression,2026-02-20T09:02:30,A01,0.061
U0048,26,impression,2026-02-20T09:03:34,A01,0.491
U0048,49,impression,2026-02-20T09:02:38,A01,0.034
U0048,39,impression,2026-02-20T09:03:56,A01,0.111
U0048,25,impression,2026-02-20T09:00:40,A01,0.421
U0048,25,click,2026-02-20T09:01:09,A01,0.421
U0048,75,impression,2026-02-20T09:01:16,A01,0.215
U0048,57,impression,2026-02-20T09:02:50,A01,0.518
U0048,106,impression,2026-04-16T12:48:23,A01,0.076
U0048,48,impression,2026-04-16T12:48:50,A01,0.096
U0048,85,impression,2026-04-16T12:48:36,A01,0.603
U0048,88,impression,2026-04-16T12:49:50,A01,0.051
U0048,93,impression,2026-04-16T12:46:24,A01,0.028
U0048,27,impression,2026-04-16T12:49:09,A01,0.442
U0048,58,impression,2026-04-16T12:45:21,A01,0.443
U0048,31,impression,2026-04-16T12:49:13,A01,0.004
U0048,77,impression,2026-04-16T12:46:32,A01,0.446
U0048,103,impression,2026-04-16T12:48:04,A01,0.487
U0048,67,impression,2026-04-16T12:48:10,A01,0.46
U0048,84,impression,2026-04-16T12:49:16,A01,0.5
U0048,84,click,2026-04-16T12:49:21,A01,0.5
U0048,92,impression,2026-04-06T13:35:33,A01,0.455
U0048,82,impression,2026-04-06T13:34:57,A01,0.095
U0048,58,impression,2026-04-06T13:36:22,A01,0.468
U0048,73,impression,2026-04-06T13:33:20,A01,0.223
U0048,77,impression,2026-04-06T13:35:02,A01,0.437
U0048,97,impression,2026-04-06T13:33:38,A01,0.453
U0048,71,impression,2026-04-06T13:37:39,A01,0.037
U0048,104,impression,2026-04-06T13:35:36,A01,0.012
U0048,85,impression,2026-04-06T13:37:14,A01,0.636
U0048,32,impression,2026-04-06T13:37:42,A01,0.031
U0048,81,impression,2026-04-06T13:35:00,A01,0.557
U0048,107,impression,2026-03-22T17:49:32,A01,0.157
U0048,58,impression,2026-03-22T17:47:23,A01,0.453
U0048,24,impression,2026-03-22T17:48:27,A01,0.487
U0048,63,impression,2026-03-22T17:50:40,A01,0.064
U0048,82,impression,2026-03-22T17:47:19,A01,0.018
U0048,37,impression,2026-03-22T17:46:01,A01,0.095
U0048,77,impression,2026-03-22T17:48:18,A01,0.362
U0048,97,impression,2026-03-22T17:49:51,A01,0.421
U0048,84,impression,2026-03-22T17:50:33,A01,0.54
U0048,57,impression,2026-03-22T17:48:22,A01,0.502
U0048,38,impression,2026-03-18T21:08:41,A01,0.089
U0048,60,impression,2026-03-18T21:08:26,A01,0.541
U0048,60,click,2026-03-18T21:08:33,A01,0.541
U0048,72,impression,2026-03-18T21:05:34,A01,0.629
U0048,57,impression,2026-03-18T21:09:13,A01,0.564
U0048,48,impression,2026-03-18T21:07:44,A01,0.056
U0048,45,impression,2026-03-18T21:05:21,A01,0.03
U0048,35,impression,2026-03-18T21:09:52,A01,0.029
U0048,84,impression,2026-03-18T21:08:10,A01,0.589
U0048,58,impression,2026-03-18T21:05:03,A01,0.452
U0048,24,impression,2026-03-18T21:05:43,A01,0.496
U0048,24,click,2026-03-18T21:05:47,A01,0.496
U0049,67,impression,2026-04-17T11:33:30,A04,0.014
U0049,57,impression,2026-04-17T11:33:06,A04,0.508
U0049,57,click,2026-04-17T11:33:16,A04,0.508
U0049,54,impression,2026-04-17T11:32:25,A04,0.013
U0049,70,impression,2026-04-17T11:31:10,A04,0.481
U0049,92,impression,2026-04-17T11:30:51,A04,0.47
U0049,64,impression,2026-04-17T11:32:15,A04,0.02
U0049,83,impression,2026-04-17T11:31:03,A04,0.602
U0049,83,click,2026-04-17T11:31:10,A04,0.602
U0049,87,impression,2026-04-17T11:32:39,A04,-0.03
U0049,106,impression,2026-04-17T11:34:37,A04,0.065
U0049,105,impression,2026-04-17T11:34:41,A04,0.498
U0049,79,impression,2026-04-17T11:34:39,A04,0.737
U0049,79,click,2026-04-17T11:34:57,A04,0.737
U0049,58,impression,2026-04-17T11:30:20,A04,0.45
U0049,65,impression,2026-03-26T10:43:26,A04,0.448
U0049,65,click,2026-03-26T10:43:56,A04,0.448
U0049,96,impression,2026-03-26T10:42:08,A04,0.073
U0049,26,impression,2026-03-26T10:43:04,A04,0.083
U0049,92,impression,2026-03-26T10:46:20,A04,0.506
U0049,92,click,2026-03-26T10:46:34,A04,0.506
U0049,92,save,2026-03-26T10:46:34,A04,0.506
U0049,57,impression,2026-03-26T10:43:36,A04,0.437
U0049,68,impression,2026-03-26T10:45:40,A04,0.434
U0049,68,click,2026-03-26T10:46:02,A04,0.434
U0049,58,impression,2026-03-26T10:43:09,A04,0.439
U0049,21,impression,2026-03-26T10:46:56,A04,0.069
U0049,90,impression,2026-03-26T10:43:03,A04,0.595
U0049,36,impression,2026-03-26T10:46:14,A04,0.035
U0049,36,click,2026-03-26T10:46:18,A04,0.035
U0049,90,impression,2026-03-05T20:09:13,A04,0.591
U0049,90,click,2026-03-05T20:09:34,A04,0.591
U0049,57,impression,2026-03-05T20:11:30,A04,0.443
U0049,82,impression,2026-03-05T20:10:20,A04,0.062
U0049,52,impression,2026-03-05T20:09:14,A04,0.03
U0049,26,impression,2026-03-05T20:10:04,A04,0.045
U0049,66,impression,2026-03-05T20:11:43,A04,0.505
U0049,66,click,2026-03-05T20:11:44,A04,0.505
U0049,105,impression,2026-03-05T20:08:30,A04,0.568
U0049,32,impression,2026-03-05T20:09:44,A04,0.062
U0049,40,impression,2026-03-05T20:09:12,A04,0.098
U0049,65,impression,2026-03-05T20:08:07,A04,0.458
U0049,54,impression,2026-03-05T20:08:33,A04,0.086
U0049,103,impression,2026-03-05T20:09:54,A04,0.445
U0049,58,impression,2026-03-05T20:10:21,A04,0.479
U0049,83,impression,2026-03-05T20:10:18,A04,0.666
U0049,83,click,2026-03-05T20:10:26,A04,0.666
U0049,103,impression,2026-03-03T19:33:05,A04,0.435
U0049,79,impression,2026-03-03T19:35:44,A04,0.717
U0049,90,impression,2026-03-03T19:35:31,A04,0.627
U0049,58,impression,2026-03-03T19:35:30,A04,0.473
U0049,58,click,2026-03-03T19:35:31,A04,0.473
U0049,55,impression,2026-03-03T19:35:50,A04,0.225
U0049,77,impression,2026-03-03T19:32:35,A04,0.003
U0049,66,impression,2026-03-03T19:34:37,A04,0.441
U0049,59,impression,2026-03-03T19:36:00,A04,0.09
U0049,35,impression,2026-03-03T19:35:49,A04,0.05
U0049,102,impression,2026-03-03T19:35:01,A04,0.02
U0049,65,impression,2026-03-03T19:33:46,A04,0.529
U0049,65,click,2026-03-03T19:33:57,A04,0.529
U0049,57,impression,2026-04-10T14:35:40,A04,0.42
U0049,36,impression,2026-04-10T14:32:49,A04,0.024
U0049,32,impression,2026-04-10T14:33:11,A04,0.02
U0049,92,impression,2026-04-10T14:32:01,A04,0.469
U0049,79,impression,2026-04-10T14:34:50,A04,0.714
U0049,71,impression,2026-04-10T14:33:01,A04,0.419
U0049,52,impression,2026-04-10T14:33:08,A04,0.019
U0049,40,impression,2026-04-10T14:33:03,A04,0.064
U0050,69,impression,2026-04-11T11:44:22,A07,0.662
U0050,69,click,2026-04-11T11:44:45,A07,0.662
U0050,89,impression,2026-04-11T11:43:24,A07,0.02
U0050,85,impression,2026-04-11T11:46:52,A07,0.5
U0050,85,click,2026-04-11T11:47:01,A07,0.5
U0050,76,impression,2026-04-11T11:42:23,A07,0.033
U0050,99,impression,2026-04-11T11:43:47,A07,0.67
U0050,99,click,2026-04-11T11:43:57,A07,0.67
U0050,67,impression,2026-03-01T18:09:27,A07,0.418
U0050,92,impression,2026-03-01T18:11:35,A07,0.063
U0050,66,impression,2026-03-01T18:09:48,A07,0.086
U0050,62,impression,2026-03-01T18:11:42,A07,0.532
U0050,62,click,2026-03-01T18:12:09,A07,0.532
U0050,69,impression,2026-03-01T18:12:31,A07,0.641
U0050,23,impression,2026-04-17T18:25:33,A07,0.084
U0050,72,impression,2026-04-17T18:25:05,A07,0.501
U0050,74,impression,2026-04-17T18:22:09,A07,0.715
U0050,74,click,2026-04-17T18:22:15,A07,0.715
U0050,69,impression,2026-04-17T18:21:25,A07,0.583
U0050,70,impression,2026-04-17T18:21:37,A07,0.151
U0050,56,impression,2026-04-17T18:23:53,A07,0.065
U0050,67,impression,2026-04-17T18:23:13,A07,0.389
U0050,58,impression,2026-04-17T18:22:31,A07,0.024
U0050,50,impression,2026-04-17T18:22:45,A07,0.059
U0050,61,impression,2026-04-17T18:21:45,A07,0.649
U0050,93,impression,2026-04-17T18:21:36,A07,0.632
U0050,99,impression,2026-04-17T18:21:41,A07,0.713
U0050,93,impression,2026-03-14T16:14:18,A07,0.649
U0050,44,impression,2026-03-14T16:12:13,A07,0.085
U0050,80,impression,2026-03-14T16:11:15,A07,0.545
U0050,85,impression,2026-03-14T16:14:04,A07,0.548
U0050,59,impression,2026-03-14T16:10:39,A07,0.542
U0050,59,click,2026-03-14T16:11:06,A07,0.542
U0050,105,impression,2026-03-14T16:12:40,A07,0.089
U0050,33,impression,2026-03-14T16:13:42,A07,0.014
U0050,71,impression,2026-03-14T16:10:25,A07,0.094
U0050,71,click,2026-03-14T16:10:34,A07,0.094
U0050,73,impression,2026-03-14T16:10:45,A07,0.714
U0050,88,impression,2026-03-14T16:14:31,A07,0.567
U0050,88,click,2026-03-14T16:14:44,A07,0.567
U0050,74,impression,2026-03-14T16:12:17,A07,0.665
U0050,47,impression,2026-03-14T16:13:09,A07,0.109
U0050,75,impression,2026-03-14T16:11:27,A07,0.687
U0050,109,impression,2026-03-14T16:10:21,A07,0.048
U0050,99,impression,2026-03-14T16:14:00,A07,0.654
U0050,99,click,2026-03-14T16:14:07,A07,0.654
U0050,38,impression,2026-04-13T16:41:07,A07,0.06
U0050,60,impression,2026-04-13T16:40:36,A07,0.528
U0050,108,impression,2026-04-13T16:41:17,A07,0.496
U0050,108,click,2026-04-13T16:41:39,A07,0.496
U0050,108,save,2026-04-13T16:41:39,A07,0.496
U0050,55,impression,2026-04-13T16:41:31,A07,0.072
U0050,27,impression,2026-04-13T16:41:37,A07,0.052
U0050,63,impression,2026-04-13T16:41:04,A07,0.586
U0050,61,impression,2026-04-13T16:40:06,A07,0.646
U0050,59,impression,2026-04-13T16:43:30,A07,0.563
U0050,67,impression,2026-04-13T16:41:08,A07,0.39
U0050,67,click,2026-04-13T16:41:36,A07,0.39
U0050,67,save,2026-04-13T16:41:36,A07,0.39
U0050,86,impression,2026-04-13T16:42:19,A07,0.105
U0050,82,impression,2026-03-20T21:18:11,A07,0.106
U0050,67,impression,2026-03-20T21:20:37,A07,0.427
U0050,52,impression,2026-03-20T21:20:28,A07,0.038
U0050,85,impression,2026-03-20T21:22:31,A07,0.586
U0050,99,impression,2026-03-20T21:19:55,A07,0.742
U0050,61,impression,2026-03-20T12:36:53,A07,0.609
U0050,108,impression,2026-03-20T12:35:46,A07,0.571
U0050,108,click,2026-03-20T12:36:06,A07,0.571
U0050,30,impression,2026-03-20T12:36:03,A07,0.098
U0050,97,impression,2026-03-20T12:36:41,A07,0.071
U0050,88,impression,2026-03-20T12:36:41,A07,0.524
U0050,107,impression,2026-03-20T12:37:45,A07,0.023
U0050,67,impression,2026-03-20T12:38:28,A07,0.384
U0050,80,impression,2026-03-20T12:35:42,A07,0.562
U0050,77,impression,2026-03-20T12:39:18,A07,0.016
U0050,25,impression,2026-03-20T12:38:19,A07,0.101
U0050,65,impression,2026-03-20T12:38:28,A07,0.056
U0050,63,impression,2026-03-20T12:39:28,A07,0.642
U0050,99,impression,2026-03-20T12:36:34,A07,0.651
U0050,99,click,2026-03-20T12:36:35,A07,0.651
U0050,99,cart_add,2026-03-20T12:36:46,A07,0.651
U0051,49,impression,2026-02-15T17:10:29,A10,0.421
U0051,21,impression,2026-02-15T17:12:04,A10,0.45
U0051,57,impression,2026-02-15T17:09:11,A10,0.013
U0051,108,impression,2026-02-15T17:09:27,A10,0.051
U0051,43,impression,2026-02-15T17:09:50,A10,0.506
U0051,77,impression,2026-02-15T17:08:37,A10,0.086
U0051,95,impression,2026-02-15T17:10:52,A10,0.518
U0051,42,impression,2026-02-15T17:08:18,A10,0.419
U0051,24,impression,2026-02-15T17:10:30,A10,0.176
U0051,87,impression,2026-02-15T17:08:21,A10,0.499
U0051,91,impression,2026-02-15T17:10:52,A10,0.428
U0051,52,impression,2026-02-15T17:11:39,A10,0.504
U0051,93,impression,2026-02-15T17:08:23,A10,0.089
U0051,68,impression,2026-02-15T17:09:05,A10,0.02
U0051,51,impression,2026-02-03T09:15:53,A10,0.425
U0051,51,click,2026-02-03T09:16:17,A10,0.425
U0051,40,impression,2026-02-03T09:14:10,A10,0.567
U0051,74,impression,2026-02-03T09:15:40,A10,0.046
U0051,95,impression,2026-02-03T09:16:52,A10,0.508
U0051,95,click,2026-02-03T09:17:13,A10,0.508
U0051,75,impression,2026-02-03T09:13:13,A10,0.066
U0051,42,impression,2026-04-09T22:19:11,A10,0.431
U0051,23,impression,2026-04-09T22:16:52,A10,0.422
U0051,62,impression,2026-04-09T22:16:09,A10,0.055
U0051,85,impression,2026-04-09T22:19:08,A10,0.015
U0051,79,impression,2026-04-09T22:16:33,A10,0.068
U0051,47,impression,2026-04-09T22:17:33,A10,0.439
U0051,34,impression,2026-04-09T22:19:51,A10,0.451
U0051,102,impression,2026-04-09T22:17:24,A10,0.468
U0051,24,impression,2026-04-09T22:20:53,A10,0.15
U0051,90,impression,2026-03-26T21:40:54,A10,0.021
U0051,74,impression,2026-03-26T21:42:40,A10,0.024
U0051,36,impression,2026-03-26T21:39:28,A10,0.466
U0051,92,impression,2026-03-26T21:43:45,A10,0.08
U0051,97,impression,2026-03-26T21:40:00,A10,0.13
U0051,88,impression,2026-03-26T21:39:15,A10,-0.003
U0051,106,impression,2026-03-26T21:40:50,A10,0.427
U0051,52,impression,2026-03-26T21:40:56,A10,0.504
U0051,32,impression,2026-03-26T21:42:05,A10,0.432
U0051,45,impression,2026-03-26T21:43:26,A10,0.5
U0051,45,click,2026-03-26T21:43:55,A10,0.5
U0051,45,cart_add,2026-03-26T21:44:52,A10,0.5
U0051,73,impression,2026-03-26T21:41:56,A10,0.093
U0051,95,impression,2026-03-26T21:40:00,A10,0.579
U0051,102,impression,2026-03-26T21:43:49,A10,0.5
U0051,86,impression,2026-03-26T21:43:41,A10,0.684
U0051,77,impression,2026-02-19T15:41:30,A10,0.112
U0051,90,impression,2026-02-19T15:38:01,A10,0.044
U0051,76,impression,2026-02-19T15:39:16,A10,0.429
U0051,74,impression,2026-02-19T15:42:00,A10,0.025
U0051,52,impression,2026-02-19T15:41:20,A10,0.441
U0051,72,impression,2026-02-19T15:37:15,A10,0.1
U0051,32,impression,2026-02-19T15:38:54,A10,0.426
U0051,32,click,2026-02-19T15:39:16,A10,0.426
U0051,101,impression,2026-02-19T15:40:19,A10,0.449
U0051,101,click,2026-02-19T15:40:21,A10,0.449
U0051,44,impression,2026-02-19T15:38:43,A10,0.529
U0051,44,click,2026-02-19T15:39:05,A10,0.529
U0051,36,impression,2026-02-19T15:37:13,A10,0.492
U0051,36,click,2026-02-19T15:37:16,A10,0.492
U0051,36,cart_add,2026-02-19T15:38:02,A10,0.492
U0051,48,impression,2026-03-10T19:38:25,A10,0.553
U0051,97,impression,2026-03-10T19:40:23,A10,0.112
U0051,86,impression,2026-03-10T19:41:45,A10,0.74
U0051,77,impression,2026-03-10T19:39:23,A10,0.063
U0051,30,impression,2026-03-10T19:39:11,A10,0.504
U0051,61,impression,2026-03-10T19:41:30,A10,0.086
U0051,25,impression,2026-02-18T14:04:25,A10,0.105
U0051,37,impression,2026-02-18T14:01:40,A10,0.464
U0051,88,impression,2026-02-18T14:02:24,A10,-0.025
U0051,87,impression,2026-02-18T14:02:23,A10,0.453
U0051,87,click,2026-02-18T14:02:27,A10,0.453
U0051,31,impression,2026-02-18T14:03:42,A10,0.463
U0051,31,click,2026-02-18T14:03:58,A10,0.463
U0051,32,impression,2026-02-18T14:02:37,A10,0.448
U0051,32,click,2026-02-18T14:02:40,A10,0.448
U0051,100,impression,2026-02-18T14:01:25,A10,0.041
U0051,66,impression,2026-02-18T14:05:56,A10,0.027
U0051,75,impression,2026-02-18T14:04:22,A10,0.024
U0051,85,impression,2026-02-18T14:01:48,A10,0.014
U0051,52,impression,2026-02-18T14:01:27,A10,0.438
U0051,91,impression,2026-02-18T14:03:08,A10,0.385
U0051,30,impression,2026-02-18T14:05:33,A10,0.45
U0051,30,click,2026-02-18T14:05:38,A10,0.45
U0051,37,impression,2026-04-05T19:35:34,A10,0.436
U0051,37,click,2026-04-05T19:35:52,A10,0.436
U0051,21,impression,2026-04-05T19:35:44,A10,0.488
U0051,21,click,2026-04-05T19:35:58,A10,0.488
U0051,38,impression,2026-04-05T19:34:04,A10,0.492
U0051,31,impression,2026-04-05T19:33:30,A10,0.465
U0051,55,impression,2026-04-05T19:35:29,A10,0.11
U0051,55,click,2026-04-05T19:35:37,A10,0.11
U0051,97,impression,2026-04-05T19:36:12,A10,0.164
U0051,83,impression,2026-04-05T19:35:39,A10,0.069
U0052,94,impression,2026-03-31T16:44:43,A01,0.064
U0052,80,impression,2026-03-31T16:45:54,A01,0.507
U0052,45,impression,2026-03-31T16:45:21,A01,0.043
U0052,59,impression,2026-03-31T16:47:07,A01,0.609
U0052,59,click,2026-03-31T16:47:18,A01,0.609
U0052,72,impression,2026-03-31T16:46:15,A01,0.58
U0052,74,impression,2026-02-20T20:04:17,A01,0.255
U0052,26,impression,2026-02-20T20:05:57,A01,0.479
U0052,68,impression,2026-02-20T20:06:08,A01,0.464
U0052,57,impression,2026-02-20T20:05:06,A01,0.519
U0052,97,impression,2026-02-20T20:08:22,A01,0.471
U0052,104,impression,2026-02-20T20:04:43,A01,0.017
U0052,73,impression,2026-02-20T20:08:39,A01,0.215
U0052,69,impression,2026-02-20T20:04:18,A01,0.106
U0052,72,impression,2026-02-20T20:07:02,A01,0.614
U0052,85,impression,2026-02-20T20:08:38,A01,0.594
U0052,46,impression,2026-02-20T20:05:40,A01,0.604
U0052,23,impression,2026-02-20T20:05:35,A01,0.107
U0052,23,click,2026-02-20T20:05:55,A01,0.107
U0052,90,impression,2026-02-20T20:04:32,A01,0.018
U0052,72,impression,2026-04-01T16:40:35,A01,0.61
U0052,81,impression,2026-04-01T16:42:08,A01,0.624
U0052,81,click,2026-04-01T16:42:17,A01,0.624
U0052,36,impression,2026-04-01T16:42:19,A01,0.097
U0052,105,impression,2026-04-01T16:42:53,A01,0.072
U0052,85,impression,2026-04-01T16:40:03,A01,0.573
U0052,85,click,2026-04-01T16:40:32,A01,0.573
U0052,80,impression,2026-04-01T16:42:11,A01,0.524
U0052,96,impression,2026-04-01T16:43:28,A01,0.028
U0052,109,impression,2026-04-01T16:40:40,A01,0.069
U0052,46,impression,2026-04-01T16:41:30,A01,0.648
U0052,46,click,2026-04-01T16:41:38,A01,0.648
U0052,99,impression,2026-04-01T16:43:54,A01,0.143
U0052,87,impression,2026-04-01T16:40:53,A01,0.044
U0052,77,impression,2026-04-01T16:43:53,A01,0.374
U0052,84,impression,2026-04-01T16:40:24,A01,0.524
U0052,84,click,2026-04-01T16:40:46,A01,0.524
U0052,97,impression,2026-04-10T21:23:27,A01,0.486
U0052,68,impression,2026-04-10T21:22:39,A01,0.432
U0052,40,impression,2026-04-10T21:25:22,A01,0.072
U0052,89,impression,2026-04-10T21:21:57,A01,0.062
U0052,72,impression,2026-04-10T21:22:24,A01,0.63
U0052,72,click,2026-04-10T21:22:41,A01,0.63
U0052,83,impression,2026-04-10T21:21:19,A01,0.034
U0052,103,impression,2026-04-10T21:24:21,A01,0.446
U0052,85,impression,2026-04-10T21:24:52,A01,0.603
U0052,85,click,2026-04-10T21:25:19,A01,0.603
U0052,56,impression,2026-04-10T21:24:07,A01,0.083
U0052,57,impression,2026-04-10T21:24:34,A01,0.511
U0052,93,impression,2026-04-10T21:25:28,A01,0.095
U0052,92,impression,2026-04-10T21:24:49,A01,0.49
U0052,103,impression,2026-02-06T09:40:07,A01,0.471
U0052,38,impression,2026-02-06T09:42:04,A01,0.011
U0052,97,impression,2026-02-06T09:43:29,A01,0.494
U0052,27,impression,2026-02-06T09:42:25,A01,0.477
U0052,27,click,2026-02-06T09:42:30,A01,0.477
U0052,46,impression,2026-02-06T09:42:39,A01,0.656
U0052,50,impression,2026-02-06T09:43:58,A01,0.106
U0052,67,impression,2026-02-06T09:42:50,A01,0.459
U0052,31,impression,2026-02-06T09:40:25,A01,0.008
U0052,87,impression,2026-02-06T09:43:21,A01,0.036
U0053,99,impression,2026-04-11T19:21:59,A13,0.503
U0053,38,impression,2026-04-11T19:21:35,A13,0.097
U0053,33,impression,2026-04-11T19:25:06,A13,0.042
U0053,61,impression,2026-04-11T19:24:37,A13,0.43
U0053,65,impression,2026-04-11T19:21:51,A13,-0.022
U0053,69,impression,2026-04-11T19:25:26,A13,0.598
U0053,74,impression,2026-04-11T19:26:00,A13,0.608
U0053,67,impression,2026-04-11T19:22:13,A13,0.532
U0053,75,impression,2026-04-11T19:22:53,A13,0.655
U0053,24,impression,2026-04-11T19:24:45,A13,0.1
U0053,89,impression,2026-04-11T19:24:31,A13,0.004
U0053,71,impression,2026-04-11T19:24:07,A13,0.091
U0053,72,impression,2026-04-11T19:22:25,A13,0.748
U0053,93,impression,2026-04-11T19:21:35,A13,0.519
U0053,31,impression,2026-02-23T20:34:30,A13,0.042
U0053,48,impression,2026-02-23T20:34:46,A13,0.011
U0053,62,impression,2026-02-23T20:38:10,A13,0.452
U0053,62,click,2026-02-23T20:38:33,A13,0.452
U0053,85,impression,2026-02-23T20:38:01,A13,0.703
U0053,61,impression,2026-02-23T20:37:53,A13,0.481
U0053,61,click,2026-02-23T20:37:59,A13,0.481
U0053,39,impression,2026-02-23T20:37:05,A13,0.042
U0053,94,impression,2026-03-07T16:11:54,A13,0.028
U0053,108,impression,2026-03-07T16:09:51,A13,0.43
U0053,75,impression,2026-03-07T16:09:35,A13,0.636
U0053,102,impression,2026-03-07T16:10:46,A13,0.183
U0053,107,impression,2026-03-07T16:12:50,A13,0.106
U0053,82,impression,2026-03-07T16:11:30,A13,0.031
U0053,69,impression,2026-03-07T16:11:38,A13,0.666
U0053,61,impression,2026-03-07T16:12:59,A13,0.476
U0053,61,click,2026-03-07T16:13:09,A13,0.476
U0053,34,impression,2026-03-07T16:09:25,A13,0.004
U0053,99,impression,2026-03-07T16:10:05,A13,0.526
U0053,59,impression,2026-03-07T16:12:36,A13,0.736
U0053,59,click,2026-03-07T16:12:54,A13,0.736
U0053,71,impression,2026-02-16T16:49:59,A13,0.157
U0053,72,impression,2026-02-16T16:46:57,A13,0.741
U0053,72,click,2026-02-16T16:47:20,A13,0.741
U0053,62,impression,2026-02-16T16:50:45,A13,0.468
U0053,61,impression,2026-02-16T16:47:06,A13,0.462
U0053,61,click,2026-02-16T16:47:32,A13,0.462
U0053,85,impression,2026-02-16T16:49:06,A13,0.663
U0053,56,impression,2026-02-16T16:46:27,A13,0.089
U0053,108,impression,2026-02-16T16:46:22,A13,0.427
U0053,60,impression,2026-02-16T16:49:58,A13,0.625
U0053,37,impression,2026-02-16T16:50:51,A13,0.061
U0053,73,impression,2026-02-16T16:49:10,A13,0.638
U0053,100,impression,2026-02-16T16:48:01,A13,0.046
U0053,55,impression,2026-02-16T16:46:31,A13,0.049
U0053,23,impression,2026-02-16T16:46:20,A13,0.102
U0053,67,impression,2026-02-16T16:48:34,A13,0.488
U0053,67,click,2026-02-16T16:48:47,A13,0.488
U0053,99,impression,2026-02-16T16:50:53,A13,0.576
U0053,42,impression,2026-03-31T10:23:41,A13,0.019
U0053,62,impression,2026-03-31T10:26:21,A13,0.475
U0053,62,click,2026-03-31T10:26:41,A13,0.475
U0053,75,impression,2026-03-31T10:26:00,A13,0.628
U0053,75,click,2026-03-31T10:26:22,A13,0.628
U0053,85,impression,2026-03-31T10:23:14,A13,0.747
U0053,99,impression,2026-03-31T10:23:17,A13,0.553
U0053,99,click,2026-03-31T10:23:23,A13,0.553
U0053,34,impression,2026-03-31T10:25:55,A13,0.05
U0053,23,impression,2026-03-31T10:23:11,A13,0.085
U0053,25,impression,2026-02-12T10:11:34,A13,0.039
U0053,25,click,2026-02-12T10:11:40,A13,0.039
U0053,99,impression,2026-02-12T10:11:26,A13,0.571
U0053,99,click,2026-02-12T10:11:51,A13,0.571
U0053,104,impression,2026-02-12T10:07:11,A13,0.019
U0053,60,impression,2026-02-12T10:11:28,A13,0.638
U0053,60,click,2026-02-12T10:11:39,A13,0.638
U0053,59,impression,2026-02-12T10:08:08,A13,0.683
U0053,59,click,2026-02-12T10:08:18,A13,0.683
U0053,59,cart_add,2026-02-12T10:09:15,A13,0.683
U0053,61,impression,2026-02-12T10:10:07,A13,0.48
U0053,72,impression,2026-02-12T10:10:14,A13,0.685
U0053,40,impression,2026-02-12T10:07:00,A13,0.017
U0053,76,impression,2026-02-12T10:11:51,A13,0.031
U0053,93,impression,2026-02-12T10:11:58,A13,0.503
U0053,92,impression,2026-02-12T10:07:49,A13,0.012
U0053,72,impression,2026-03-31T10:13:06,A13,0.653
U0053,83,impression,2026-03-31T10:12:05,A13,0.052
U0053,93,impression,2026-03-31T10:13:45,A13,0.538
U0053,106,impression,2026-03-31T10:09:31,A13,0.016
U0053,66,impression,2026-03-31T10:09:43,A13,0.082
U0053,62,impression,2026-03-31T10:09:11,A13,0.496
U0053,79,impression,2026-03-31T10:11:24,A13,0.023
U0053,74,impression,2026-03-31T10:09:54,A13,0.665
U0053,69,impression,2026-03-31T10:10:21,A13,0.596
U0054,73,impression,2026-03-01T20:47:58,A10,0.069
U0054,83,impression,2026-03-01T20:46:28,A10,0.053
U0054,42,impression,2026-03-01T20:45:54,A10,0.435
U0054,42,click,2026-03-01T20:46:20,A10,0.435
U0054,23,impression,2026-03-01T20:49:44,A10,0.421
U0054,23,click,2026-03-01T20:49:48,A10,0.421
U0054,22,impression,2026-03-01T20:45:13,A10,0.414
U0054,30,impression,2026-03-01T20:48:31,A10,0.484
U0054,34,impression,2026-03-01T20:48:24,A10,0.39
U0054,96,impression,2026-03-01T20:49:10,A10,0.104
U0054,75,impression,2026-03-01T20:49:38,A10,0.062
U0054,75,click,2026-03-01T20:49:42,A10,0.062
U0054,39,impression,2026-03-30T10:10:40,A10,0.427
U0054,39,click,2026-03-30T10:10:59,A10,0.427
U0054,56,impression,2026-03-30T10:12:01,A10,0.096
U0054,79,impression,2026-03-30T10:11:09,A10,0.08
U0054,23,impression,2026-03-30T10:13:47,A10,0.43
U0054,23,click,2026-03-30T10:13:54,A10,0.43
U0054,27,impression,2026-03-30T10:12:26,A10,0.158
U0054,49,impression,2026-03-30T10:12:45,A10,0.491
U0054,77,impression,2026-03-30T10:12:21,A10,0.119
U0054,80,impression,2026-03-30T10:12:00,A10,0.025
U0054,86,impression,2026-03-30T10:10:10,A10,0.702
U0054,22,impression,2026-03-30T10:09:16,A10,0.458
U0054,22,click,2026-03-30T10:09:25,A10,0.458
U0054,33,impression,2026-03-30T10:11:49,A10,0.441
U0054,32,impression,2026-03-30T10:09:34,A10,0.412
U0054,30,impression,2026-03-30T10:13:08,A10,0.415
U0054,65,impression,2026-03-30T10:11:09,A10,-0.028
U0054,70,impression,2026-03-06T18:15:33,A10,0.074
U0054,31,impression,2026-03-06T18:16:01,A10,0.439
U0054,104,impression,2026-03-06T18:19:44,A10,0.528
U0054,42,impression,2026-03-06T18:18:15,A10,0.42
U0054,44,impression,2026-03-06T18:19:08,A10,0.505
U0054,99,impression,2026-03-06T18:19:05,A10,0.015
U0054,48,impression,2026-03-06T18:16:29,A10,0.515
U0054,26,impression,2026-03-06T18:16:47,A10,0.134
U0054,102,impression,2026-03-06T18:17:28,A10,0.507
U0054,105,impression,2026-03-06T18:18:48,A10,0.101
U0054,61,impression,2026-03-06T18:17:15,A10,0.017
U0054,46,impression,2026-03-06T18:16:11,A10,0.128
U0054,46,click,2026-03-06T18:16:26,A10,0.128
U0054,21,impression,2026-03-06T18:16:27,A10,0.5
U0054,21,click,2026-03-06T18:16:41,A10,0.5
U0054,21,save,2026-03-06T18:16:41,A10,0.5
U0054,82,impression,2026-02-04T19:52:01,A10,0.426
U0054,79,impression,2026-02-04T19:54:02,A10,0.098
U0054,51,impression,2026-02-04T19:52:59,A10,0.484
U0054,94,impression,2026-02-04T19:55:19,A10,0.454
U0054,101,impression,2026-02-04T19:55:36,A10,0.503
U0054,101,click,2026-02-04T19:56:02,A10,0.503
U0054,101,save,2026-02-04T19:56:02,A10,0.503
U0054,32,impression,2026-02-04T19:53:43,A10,0.452
U0054,55,impression,2026-02-04T19:52:32,A10,0.019
U0054,33,impression,2026-02-04T19:51:43,A10,0.448
U0054,43,impression,2026-02-04T19:51:43,A10,0.53
U0054,88,impression,2026-02-04T19:55:15,A10,0.006
U0054,25,impression,2026-02-04T19:52:24,A10,0.144
U0054,42,impression,2026-02-04T19:55:18,A10,0.452
U0054,42,click,2026-02-04T19:55:42,A10,0.452
U0054,59,impression,2026-02-04T19:55:04,A10,0.11
U0054,57,impression,2026-02-04T19:51:22,A10,0.015
U0054,91,impression,2026-02-04T19:52:00,A10,0.388
U0054,61,impression,2026-02-12T21:37:23,A10,0.028
U0054,91,impression,2026-02-12T21:39:24,A10,0.458
U0054,50,impression,2026-02-12T21:41:39,A10,0.528
U0054,50,click,2026-02-12T21:41:48,A10,0.528
U0054,34,impression,2026-02-12T21:41:21,A10,0.407
U0054,76,impression,2026-02-12T21:37:05,A10,0.416
U0054,76,click,2026-02-12T21:37:16,A10,0.416
U0054,100,impression,2026-02-12T21:40:02,A10,0.108
U0054,83,impression,2026-02-12T21:40:28,A10,0.034
U0054,42,impression,2026-02-12T21:37:00,A10,0.465
U0054,23,impression,2026-02-12T21:38:53,A10,0.467
U0054,103,impression,2026-02-12T21:41:16,A10,0.05
U0054,68,impression,2026-02-12T21:40:43,A10,0.014
U0055,69,impression,2026-03-23T16:11:54,A10,0.099
U0055,22,impression,2026-03-23T16:11:10,A10,0.435
U0055,92,impression,2026-03-23T16:12:25,A10,0.061
U0055,46,impression,2026-03-23T16:09:11,A10,0.168
U0055,65,impression,2026-03-23T16:11:22,A10,-0.004
U0055,104,impression,2026-03-23T16:11:14,A10,0.54
U0055,104,click,2026-03-23T16:11:18,A10,0.54
U0055,82,impression,2026-03-23T16:11:28,A10,0.497
U0055,32,impression,2026-03-23T16:12:33,A10,0.489
U0055,76,impression,2026-03-23T16:13:07,A10,0.416
U0055,31,impression,2026-03-23T16:09:33,A10,0.473
U0055,63,impression,2026-03-23T16:11:12,A10,0.023
U0055,57,impression,2026-03-23T16:13:39,A10,0.067
U0055,106,impression,2026-03-23T16:09:01,A10,0.465
U0055,67,impression,2026-04-01T22:38:12,A10,0.152
U0055,77,impression,2026-04-01T22:39:35,A10,0.09
U0055,82,impression,2026-04-01T22:39:57,A10,0.502
U0055,32,impression,2026-04-01T22:38:45,A10,0.472
U0055,44,impression,2026-04-01T22:39:50,A10,0.541
U0055,33,impression,2026-04-01T22:35:46,A10,0.499
U0055,85,impression,2026-04-01T22:37:40,A10,0.069
U0055,51,impression,2026-02-07T10:11:56,A10,0.42
U0055,55,impression,2026-02-07T10:07:28,A10,0.047
U0055,42,impression,2026-02-07T10:07:12,A10,0.411
U0055,23,impression,2026-02-07T10:09:34,A10,0.475
U0055,30,impression,2026-02-07T10:11:57,A10,0.44
U0055,78,impression,2026-02-07T10:10:12,A10,0.015
U0055,38,impression,2026-02-07T10:09:20,A10,0.478
U0055,52,impression,2026-02-07T10:11:45,A10,0.484
U0055,72,impression,2026-02-07T10:10:30,A10,0.053
U0055,57,impression,2026-02-07T10:09:14,A10,0.089
U0055,87,impression,2026-02-07T10:09:39,A10,0.527
U0055,35,impression,2026-02-07T10:11:10,A10,0.497
U0055,81,impression,2026-02-07T10:07:14,A10,0.019
U0055,46,impression,2026-02-07T10:09:37,A10,0.163
U0055,74,impression,2026-03-01T12:53:37,A10,0.011
U0055,35,impression,2026-03-01T12:51:29,A10,0.429
U0055,35,click,2026-03-01T12:51:35,A10,0.429
U0055,58,impression,2026-03-01T12:54:04,A10,0.053
U0055,75,impression,2026-03-01T12:53:25,A10,0.057
U0055,97,impression,2026-03-01T12:50:34,A10,0.122
U0055,76,impression,2026-03-01T12:51:30,A10,0.42
U0055,77,impression,2026-03-01T12:50:47,A10,0.133
U0055,43,impression,2026-03-01T12:54:17,A10,0.587
U0055,22,impression,2026-03-01T12:54:24,A10,0.435
U0055,107,impression,2026-03-01T12:50:03,A10,0.589
U0055,42,impression,2026-03-01T12:50:07,A10,0.508
U0055,42,click,2026-03-01T12:50:26,A10,0.508
U0055,61,impression,2026-03-01T12:54:46,A10,0.081
U0055,51,impression,2026-03-01T12:51:28,A10,0.497
U0055,44,impression,2026-03-18T16:59:56,A10,0.498
U0055,105,impression,2026-03-18T17:03:30,A10,0.015
U0055,77,impression,2026-03-18T17:03:05,A10,0.109
U0055,82,impression,2026-03-18T17:02:17,A10,0.453
U0055,35,impression,2026-03-18T17:02:56,A10,0.463
U0055,34,impression,2026-02-22T14:17:39,A10,0.394
U0055,34,click,2026-02-22T14:18:02,A10,0.394
U0055,48,impression,2026-02-22T14:20:11,A10,0.544
U0055,38,impression,2026-02-22T14:16:43,A10,0.472
U0055,73,impression,2026-02-22T14:19:23,A10,0.1
U0055,47,impression,2026-02-22T14:18:30,A10,0.434
U0055,67,impression,2026-02-22T14:17:25,A10,0.128
U0055,35,impression,2026-02-22T14:20:44,A10,0.413
U0055,66,impression,2026-02-22T14:16:37,A10,0.079
U0055,26,impression,2026-02-22T14:16:06,A10,0.125
U0055,94,impression,2026-02-22T14:16:34,A10,0.416
U0055,27,impression,2026-02-22T14:18:06,A10,0.119
U0055,78,impression,2026-02-22T14:17:39,A10,0.035
U0055,41,impression,2026-02-22T14:17:57,A10,0.551
U0055,47,impression,2026-04-11T17:57:18,A10,0.454
U0055,41,impression,2026-04-11T17:56:37,A10,0.581
U0055,49,impression,2026-04-11T17:55:10,A10,0.427
U0055,24,impression,2026-04-11T17:56:04,A10,0.157
U0055,44,impression,2026-04-11T17:57:32,A10,0.533
U0055,44,click,2026-04-11T17:57:50,A10,0.533
U0055,26,impression,2026-04-11T17:54:51,A10,0.138
U0055,103,impression,2026-04-11T17:53:54,A10,0.088
U0055,103,click,2026-04-11T17:54:16,A10,0.088
U0056,87,impression,2026-03-03T19:38:31,A11,0.453
U0056,32,impression,2026-03-03T19:42:06,A11,0.509
U0056,76,impression,2026-03-03T19:42:05,A11,0.423
U0056,76,click,2026-03-03T19:42:32,A11,0.423
U0056,68,impression,2026-03-03T19:38:18,A11,0.048
U0056,90,impression,2026-03-03T19:42:36,A11,0.096
U0056,104,impression,2026-03-03T19:40:09,A11,0.048
U0056,58,impression,2026-02-17T12:53:59,A11,0.022
U0056,94,impression,2026-02-17T12:53:01,A11,0.033
U0056,94,click,2026-02-17T12:53:24,A11,0.033
U0056,38,impression,2026-02-17T12:53:23,A11,0.448
U0056,101,impression,2026-02-17T12:57:45,A11,0.621
U0056,103,impression,2026-02-17T12:56:17,A11,0.078
U0056,59,impression,2026-02-17T12:55:31,A11,0.065
U0056,86,impression,2026-02-17T12:53:47,A11,0.448
U0056,61,impression,2026-02-17T12:55:00,A11,0.102
U0056,33,impression,2026-02-17T12:55:43,A11,0.519
U0056,52,impression,2026-02-17T12:53:43,A11,0.474
U0056,87,impression,2026-02-17T12:57:07,A11,0.441
U0056,37,impression,2026-02-17T12:57:41,A11,0.488
U0056,95,impression,2026-02-17T12:55:38,A11,0.029
U0056,96,impression,2026-04-17T14:55:33,A11,0.102
U0056,83,impression,2026-04-17T14:54:55,A11,0.081
U0056,34,impression,2026-04-17T14:56:48,A11,0.46
U0056,22,impression,2026-04-17T14:55:17,A11,0.42
U0056,69,impression,2026-04-17T14:57:27,A11,0.057
U0056,21,impression,2026-04-17T14:57:47,A11,0.447
U0056,35,impression,2026-04-17T14:57:40,A11,0.453
U0056,35,click,2026-04-17T14:57:58,A11,0.453
U0056,101,impression,2026-04-17T14:56:27,A11,0.627
U0056,101,click,2026-04-17T14:56:47,A11,0.627
U0056,101,cart_add,2026-04-17T14:57:06,A11,0.627
U0056,75,impression,2026-04-17T14:57:26,A11,0.066
U0056,49,impression,2026-04-17T14:57:01,A11,0.467
U0056,73,impression,2026-04-17T14:57:08,A11,0.078
U0056,27,impression,2026-04-17T14:53:15,A11,0.407
U0056,76,impression,2026-04-17T14:54:32,A11,0.469
U0056,23,impression,2026-04-17T14:57:51,A11,0.494
U0056,78,impression,2026-04-17T14:55:01,A11,0.048
U0056,46,impression,2026-02-12T11:28:00,A11,0.182
U0056,86,impression,2026-02-12T11:27:46,A11,0.456
U0056,57,impression,2026-02-12T11:29:31,A11,0.024
U0056,34,impression,2026-02-12T11:27:38,A11,0.478
U0056,34,click,2026-02-12T11:28:00,A11,0.478
U0056,71,impression,2026-02-12T11:27:47,A11,0.024
U0056,91,impression,2026-02-12T11:28:10,A11,0.504
U0056,94,impression,2026-02-12T11:28:12,A11,0.028
U0056,97,impression,2026-02-12T11:31:22,A11,0.458
U0056,48,impression,2026-02-12T11:29:15,A11,0.455
U0056,76,impression,2026-02-12T11:28:07,A11,0.447
U0056,76,click,2026-02-12T11:28:25,A11,0.447
U0056,84,impression,2026-04-04T22:53:00,A11,0.46
U0056,60,impression,2026-04-04T22:53:25,A11,0.012
U0056,43,impression,2026-04-04T22:55:55,A11,0.45
U0056,51,impression,2026-04-04T22:56:55,A11,0.505
U0056,51,click,2026-04-04T22:57:22,A11,0.505
U0056,46,impression,2026-04-04T22:54:30,A11,0.132
U0057,106,impression,2026-03-08T09:03:37,A02,0.109
U0057,34,impression,2026-03-08T09:06:11,A02,0.473
U0057,34,click,2026-03-08T09:06:14,A02,0.473
U0057,34,save,2026-03-08T09:06:14,A02,0.473
U0057,82,impression,2026-03-08T09:03:30,A02,0.466
U0057,82,click,2026-03-08T09:03:49,A02,0.466
U0057,82,cart_add,2026-03-08T09:04:05,A02,0.466
U0057,86,impression,2026-03-08T09:03:55,A02,0.499
U0057,62,impression,2026-03-08T09:05:41,A02,0.076
U0057,68,impression,2026-03-08T09:03:22,A02,0.018
U0057,72,impression,2026-03-02T22:56:12,A02,0.033
U0057,96,impression,2026-03-02T22:58:31,A02,0.062
U0057,35,impression,2026-03-02T22:58:31,A02,0.467
U0057,91,impression,2026-03-02T22:57:22,A02,0.425
U0057,31,impression,2026-03-02T22:58:31,A02,0.457
U0057,76,impression,2026-03-02T22:59:23,A02,0.419
U0057,81,impression,2026-03-02T22:56:43,A02,0.163
U0057,97,impression,2026-03-02T22:55:42,A02,0.491
U0057,97,click,2026-03-02T22:56:07,A02,0.491
U0057,23,impression,2026-03-02T22:55:23,A02,0.436
U0057,23,click,2026-03-02T22:55:48,A02,0.436
U0057,56,impression,2026-03-02T22:56:33,A02,0.032
U0057,105,impression,2026-03-02T22:56:49,A02,0.099
U0057,24,impression,2026-03-02T22:58:04,A02,0.488
U0057,32,impression,2026-04-09T21:58:08,A02,0.509
U0057,50,impression,2026-04-09T22:00:17,A02,0.503
U0057,50,click,2026-04-09T22:00:27,A02,0.503
U0057,93,impression,2026-04-09T21:58:32,A02,0.033
U0057,55,impression,2026-04-09T21:56:24,A02,0.024
U0057,86,impression,2026-04-09T21:59:47,A02,0.415
U0057,79,impression,2026-04-09T21:59:21,A02,0.08
U0057,44,impression,2026-04-09T21:59:00,A02,0.472
U0057,44,click,2026-04-09T21:59:13,A02,0.472
U0057,69,impression,2026-04-09T21:56:04,A02,0.083
U0057,85,impression,2026-04-11T15:00:47,A02,0.08
U0057,82,impression,2026-04-11T14:58:30,A02,0.415
U0057,82,click,2026-04-11T14:58:31,A02,0.415
U0057,42,impression,2026-04-11T14:59:41,A02,0.502
U0057,58,impression,2026-04-11T14:57:42,A02,0.103
U0057,27,impression,2026-04-11T14:57:42,A02,0.5
U0057,107,impression,2026-04-11T14:59:40,A02,0.428
U0057,22,impression,2026-04-11T15:00:02,A02,0.5
U0057,23,impression,2026-04-11T14:58:20,A02,0.416
U0057,66,impression,2026-04-11T14:57:25,A02,0.086
U0057,57,impression,2026-04-11T14:58:49,A02,0.021
U0057,91,impression,2026-02-24T14:52:50,A02,0.461
U0057,52,impression,2026-02-24T14:51:06,A02,0.487
U0057,52,click,2026-02-24T14:51:35,A02,0.487
U0057,52,cart_add,2026-02-24T14:52:02,A02,0.487
U0057,39,impression,2026-02-24T14:52:49,A02,0.413
U0057,23,impression,2026-02-24T14:53:25,A02,0.461
U0057,23,click,2026-02-24T14:53:43,A02,0.461
U0057,41,impression,2026-02-24T14:52:53,A02,0.419
U0057,98,impression,2026-02-24T14:52:29,A02,0.044
U0057,83,impression,2026-02-24T14:53:04,A02,0.046
U0057,44,impression,2026-02-24T14:53:54,A02,0.479
U0057,44,click,2026-02-24T14:54:06,A02,0.479
U0057,44,cart_add,2026-02-24T14:54:37,A02,0.479
U0057,85,impression,2026-02-24T14:55:55,A02,0.067
U0057,85,click,2026-02-24T14:55:56,A02,0.067
U0057,60,impression,2026-02-24T14:55:40,A02,0.101
U0057,58,impression,2026-02-24T14:54:44,A02,0.065
U0057,64,impression,2026-02-24T14:53:03,A02,0.014
U0057,107,impression,2026-02-24T14:52:04,A02,0.46
U0057,101,impression,2026-02-24T14:52:39,A02,0.586
U0057,82,impression,2026-02-24T14:55:57,A02,0.439
U0058,49,impression,2026-03-01T09:03:55,A12,0.439
U0058,70,impression,2026-03-01T09:00:31,A12,0.028
U0058,24,impression,2026-03-01T09:04:53,A12,0.076
U0058,93,impression,2026-03-01T09:01:53,A12,0.025
U0058,102,impression,2026-03-01T09:00:35,A12,0.576
U0058,102,click,2026-03-01T09:01:01,A12,0.576
U0058,102,save,2026-03-01T09:01:01,A12,0.576
U0058,102,cart_add,2026-03-01T09:01:32,A12,0.576
U0058,52,impression,2026-03-01T09:02:05,A12,0.415
U0058,52,click,2026-03-01T09:02:30,A12,0.415
U0058,58,impression,2026-03-01T09:02:09,A12,0.051
U0058,37,impression,2026-03-01T09:00:59,A12,0.425
U0058,37,click,2026-03-01T09:01:12,A12,0.425
U0058,61,impression,2026-03-01T09:00:03,A12,0.072
U0058,91,impression,2026-03-01T09:03:53,A12,0.433
U0058,101,impression,2026-03-01T09:04:48,A12,0.498
U0058,32,impression,2026-04-11T16:23:47,A12,0.41
U0058,32,click,2026-04-11T16:24:13,A12,0.41
U0058,63,impression,2026-04-11T16:24:41,A12,0.081
U0058,63,click,2026-04-11T16:24:48,A12,0.081
U0058,39,impression,2026-04-11T16:21:27,A12,0.42
U0058,39,click,2026-04-11T16:21:57,A12,0.42
U0058,47,impression,2026-04-11T16:24:10,A12,0.462
U0058,86,impression,2026-04-11T16:24:49,A12,0.479
U0058,86,click,2026-04-11T16:24:53,A12,0.479
U0058,24,impression,2026-04-11T16:23:10,A12,0.031
U0058,38,impression,2026-04-11T16:22:40,A12,0.465
U0058,59,impression,2026-04-11T16:24:00,A12,0.056
U0058,62,impression,2026-04-11T16:23:15,A12,0.079
U0058,74,impression,2026-04-11T16:20:25,A12,0.014
U0058,106,impression,2026-04-11T16:22:01,A12,0.647
U0058,22,impression,2026-04-11T16:21:50,A12,0.487
U0058,22,click,2026-04-11T16:22:03,A12,0.487
U0058,37,impression,2026-04-11T16:24:05,A12,0.501
U0058,96,impression,2026-04-11T16:22:21,A12,0.09
U0058,22,impression,2026-03-12T22:07:28,A12,0.483
U0058,21,impression,2026-03-12T22:06:04,A12,0.417
U0058,102,impression,2026-03-12T22:03:05,A12,0.561
U0058,66,impression,2026-03-12T22:03:06,A12,0.084
U0058,32,impression,2026-03-12T22:03:25,A12,0.473
U0058,85,impression,2026-03-12T22:04:16,A12,0.081
U0058,101,impression,2026-03-12T22:06:44,A12,0.423
U0058,94,impression,2026-03-12T22:04:05,A12,0.575
U0058,33,impression,2026-03-12T22:06:10,A12,0.42
U0058,92,impression,2026-03-12T22:04:06,A12,0.014
U0058,56,impression,2026-03-12T22:03:24,A12,0.052
U0058,35,impression,2026-03-12T22:03:01,A12,0.45
U0058,37,impression,2026-03-12T22:05:56,A12,0.492
U0058,84,impression,2026-03-12T22:06:45,A12,0.069
U0058,61,impression,2026-03-12T22:07:59,A12,0.046
U0058,97,impression,2026-04-10T12:09:21,A12,0.096
U0058,103,impression,2026-04-10T12:09:51,A12,0.106
U0058,37,impression,2026-04-10T12:10:14,A12,0.489
U0058,32,impression,2026-04-10T12:12:37,A12,0.507
U0058,74,impression,2026-04-10T12:11:18,A12,0.017
U0058,22,impression,2026-04-10T12:08:41,A12,0.425
U0058,74,impression,2026-02-26T10:30:57,A12,0.016
U0058,71,impression,2026-02-26T10:28:10,A12,0.086
U0058,102,impression,2026-02-26T10:29:40,A12,0.494
U0058,73,impression,2026-02-26T10:28:36,A12,0.03
U0058,44,impression,2026-02-26T10:27:55,A12,0.429
U0058,76,impression,2026-02-26T10:28:34,A12,0.444
U0058,105,impression,2026-02-26T10:29:52,A12,0.048
U0058,30,impression,2026-02-26T10:29:17,A12,0.495
U0058,30,click,2026-02-26T10:29:46,A12,0.495
U0058,78,impression,2026-02-26T10:28:10,A12,0.107
U0058,51,impression,2026-02-26T10:27:10,A12,0.451
U0058,87,impression,2026-02-26T10:30:44,A12,0.679
U0058,21,impression,2026-02-26T10:27:17,A12,0.437
U0058,21,click,2026-02-26T10:27:34,A12,0.437
U0059,105,impression,2026-04-10T20:33:13,A08,0.592
U0059,106,impression,2026-04-10T20:31:17,A08,0.105
U0059,60,impression,2026-04-10T20:31:40,A08,0.034
U0059,96,impression,2026-04-10T20:35:30,A08,0.447
U0059,109,impression,2026-04-10T20:33:16,A08,0.413
U0059,51,impression,2026-04-10T20:34:19,A08,0.057
U0059,48,impression,2026-04-10T20:33:17,A08,0.066
U0059,75,impression,2026-04-10T20:34:25,A08,0.09
U0059,55,impression,2026-04-10T20:33:17,A08,0.739
U0059,100,impression,2026-04-10T20:33:51,A08,0.584
U0059,54,impression,2026-04-10T20:33:02,A08,0.446
U0059,95,impression,2026-04-10T20:33:18,A08,0.626
U0059,90,impression,2026-04-10T20:35:17,A08,0.663
U0059,33,impression,2026-04-10T20:34:40,A08,0.091
U0059,22,impression,2026-03-08T11:06:13,A08,0.086
U0059,53,impression,2026-03-08T11:09:54,A08,0.584
U0059,83,impression,2026-03-08T11:08:48,A08,0.52
U0059,83,click,2026-03-08T11:09:16,A08,0.52
U0059,83,cart_add,2026-03-08T11:10:16,A08,0.52
U0059,90,impression,2026-03-08T11:08:08,A08,0.584
U0059,106,impression,2026-03-08T11:06:00,A08,0.069
U0059,99,impression,2026-03-08T11:07:26,A08,0.048
U0059,109,impression,2026-03-08T11:07:15,A08,0.477
U0059,95,impression,2026-04-16T12:15:09,A08,0.593
U0059,95,click,2026-04-16T12:15:30,A08,0.593
U0059,50,impression,2026-04-16T12:18:02,A08,0.104
U0059,83,impression,2026-04-16T12:16:01,A08,0.504
U0059,83,click,2026-04-16T12:16:25,A08,0.504
U0059,54,impression,2026-04-16T12:17:23,A08,0.503
U0059,30,impression,2026-04-16T12:17:23,A08,0.031
U0059,66,impression,2026-04-16T12:19:18,A08,0.028
U0059,90,impression,2026-04-16T12:19:15,A08,0.596
U0059,90,click,2026-04-16T12:19:31,A08,0.596
U0060,87,impression,2026-04-09T15:50:23,A12,0.67
U0060,97,impression,2026-04-09T15:53:02,A12,0.073
U0060,73,impression,2026-04-09T15:54:34,A12,0.091
U0060,104,impression,2026-04-09T15:53:08,A12,0.663
U0060,104,click,2026-04-09T15:53:25,A12,0.663
U0060,104,cart_add,2026-04-09T15:53:31,A12,0.663
U0060,36,impression,2026-04-09T15:51:31,A12,0.458
U0060,75,impression,2026-04-09T15:51:35,A12,0.017
U0060,41,impression,2026-04-09T15:51:39,A12,0.476
U0060,41,click,2026-04-09T15:51:40,A12,0.476
U0060,91,impression,2026-04-09T15:51:03,A12,0.422
U0060,88,impression,2026-04-09T15:53:23,A12,-0.023
U0060,31,impression,2026-04-09T15:50:44,A12,0.443
U0060,57,impression,2026-02-22T09:13:35,A12,0.07
U0060,39,impression,2026-02-22T09:16:08,A12,0.473
U0060,50,impression,2026-02-22T09:15:11,A12,0.444
U0060,52,impression,2026-02-22T09:13:49,A12,0.445
U0060,70,impression,2026-02-22T09:13:17,A12,0.025
U0060,99,impression,2026-02-22T09:15:46,A12,0.087
U0060,108,impression,2026-02-25T17:42:14,A12,0.049
U0060,45,impression,2026-02-25T17:42:18,A12,0.422
U0060,94,impression,2026-02-25T17:39:42,A12,0.573
U0060,56,impression,2026-02-25T17:42:11,A12,0.02
U0060,62,impression,2026-02-25T17:41:01,A12,0.05
U0060,70,impression,2026-02-25T17:42:43,A12,0.105
U0060,51,impression,2026-02-25T17:42:46,A12,0.506
U0060,82,impression,2026-02-25T17:38:45,A12,0.428
U0060,38,impression,2026-02-25T17:41:42,A12,0.459
U0060,50,impression,2026-02-25T17:42:33,A12,0.486
U0060,109,impression,2026-02-25T17:42:04,A12,0.088
U0060,21,impression,2026-02-25T17:40:14,A12,0.454
U0060,21,click,2026-02-25T17:40:21,A12,0.454
U0060,103,impression,2026-02-25T17:39:18,A12,0.108
U0060,101,impression,2026-02-25T17:42:20,A12,0.426
U0060,101,click,2026-02-25T17:42:24,A12,0.426
U0061,30,impression,2026-03-17T17:44:00,A10,0.438
U0061,30,click,2026-03-17T17:44:22,A10,0.438
U0061,73,impression,2026-03-17T17:43:02,A10,0.105
U0061,27,impression,2026-03-17T17:42:06,A10,0.112
U0061,71,impression,2026-03-17T17:45:17,A10,0.017
U0061,106,impression,2026-03-17T17:46:20,A10,0.476
U0061,36,impression,2026-03-17T17:43:57,A10,0.476
U0061,53,impression,2026-03-17T17:45:07,A10,0.642
U0061,96,impression,2026-03-17T17:44:21,A10,0.041
U0061,38,impression,2026-03-17T17:44:43,A10,0.415
U0061,98,impression,2026-03-17T17:43:29,A10,0.017
U0061,104,impression,2026-03-17T17:45:08,A10,0.556
U0061,104,click,2026-03-17T17:45:32,A10,0.556
U0061,63,impression,2026-03-17T17:44:55,A10,0.087
U0061,50,impression,2026-03-17T17:46:51,A10,0.517
U0061,52,impression,2026-03-17T17:45:12,A10,0.419
U0061,78,impression,2026-02-28T18:24:52,A10,0.104
U0061,30,impression,2026-02-28T18:23:26,A10,0.482
U0061,38,impression,2026-02-28T18:23:52,A10,0.467
U0061,87,impression,2026-02-28T18:24:27,A10,0.502
U0061,21,impression,2026-02-28T18:23:38,A10,0.417
U0061,25,impression,2026-02-28T18:20:40,A10,0.133
U0061,66,impression,2026-02-28T18:21:34,A10,0.109
U0061,58,impression,2026-02-28T18:20:14,A10,0.075
U0061,91,impression,2026-02-28T18:24:55,A10,0.399
U0061,102,impression,2026-02-28T18:24:03,A10,0.463
U0061,60,impression,2026-02-28T18:22:01,A10,0.052
U0061,50,impression,2026-02-28T18:24:52,A10,0.584
U0061,26,impression,2026-03-12T12:09:25,A10,0.17
U0061,59,impression,2026-03-12T12:07:00,A10,0.081
U0061,61,impression,2026-03-12T12:10:57,A10,0.107
U0061,39,impression,2026-03-12T12:10:42,A10,0.441
U0061,49,impression,2026-03-12T12:10:49,A10,0.44
U0061,47,impression,2026-03-12T12:07:45,A10,0.502
U0061,94,impression,2026-03-12T12:09:57,A10,0.43
U0061,104,impression,2026-03-12T12:09:11,A10,0.589
U0061,57,impression,2026-03-12T12:10:28,A10,0.013
U0061,32,impression,2026-03-12T12:08:52,A10,0.441
U0061,22,impression,2026-03-12T12:10:17,A10,0.414
U0061,60,impression,2026-03-12T12:08:35,A10,0.067
U0061,64,impression,2026-03-12T12:07:56,A10,0.054
U0061,52,impression,2026-03-12T12:10:03,A10,0.467
U0061,52,click,2026-03-12T12:10:26,A10,0.467
U0061,86,impression,2026-02-07T20:25:49,A10,0.675
U0061,94,impression,2026-02-07T20:25:29,A10,0.497
U0061,78,impression,2026-02-07T20:25:11,A10,0.041
U0061,37,impression,2026-02-07T20:25:36,A10,0.489
U0061,38,impression,2026-02-07T20:25:05,A10,0.45
U0061,69,impression,2026-02-07T20:25:12,A10,0.034
U0061,100,impression,2026-02-07T20:24:55,A10,0.055
U0061,63,impression,2026-02-07T20:26:29,A10,0.037
U0061,80,impression,2026-02-07T20:27:47,A10,0.063
U0061,50,impression,2026-02-07T20:25:48,A10,0.512
U0061,77,impression,2026-02-07T20:27:04,A10,0.048
U0061,34,impression,2026-02-07T20:27:54,A10,0.402
U0061,21,impression,2026-02-07T20:27:27,A10,0.463
U0061,51,impression,2026-02-07T20:23:51,A10,0.503
U0061,51,click,2026-02-07T20:23:55,A10,0.503
U0061,38,impression,2026-04-15T16:11:31,A10,0.429
U0061,34,impression,2026-04-15T16:12:59,A10,0.427
U0061,34,click,2026-04-15T16:13:24,A10,0.427
U0061,26,impression,2026-04-15T16:10:22,A10,0.094
U0061,81,impression,2026-04-15T16:11:15,A10,0.07
U0061,87,impression,2026-04-15T16:09:54,A10,0.46
U0061,49,impression,2026-02-04T11:57:40,A10,0.507
U0061,35,impression,2026-02-04T11:57:35,A10,0.471
U0061,33,impression,2026-02-04T11:59:32,A10,0.446
U0061,33,click,2026-02-04T11:59:55,A10,0.446
U0061,72,impression,2026-02-04T11:58:54,A10,0.018
U0061,85,impression,2026-02-04T11:57:24,A10,0.065
U0061,86,impression,2026-02-04T11:58:33,A10,0.68
U0061,86,click,2026-02-04T11:58:47,A10,0.68
U0061,34,impression,2026-02-04T11:59:07,A10,0.394
U0061,34,click,2026-02-04T11:59:22,A10,0.394
U0061,40,impression,2026-02-04T11:57:55,A10,0.511
U0061,40,click,2026-02-04T11:58:03,A10,0.511
U0061,75,impression,2026-02-04T12:00:22,A10,0.052
U0061,105,impression,2026-02-04T11:57:14,A10,0.064
U0062,55,impression,2026-02-19T18:56:56,A08,0.656
U0062,34,impression,2026-02-19T18:58:07,A08,0.059
U0062,109,impression,2026-02-19T18:59:46,A08,0.426
U0062,91,impression,2026-02-19T18:58:20,A08,-0.007
U0062,95,impression,2026-02-19T18:57:52,A08,0.615
U0062,63,impression,2026-02-19T18:56:21,A08,0.085
U0062,53,impression,2026-02-19T18:56:18,A08,0.503
U0062,84,impression,2026-02-19T18:56:09,A08,0.033
U0062,84,click,2026-02-19T18:56:20,A08,0.033
U0062,105,impression,2026-02-19T18:55:05,A08,0.592
U0062,105,click,2026-02-19T18:55:13,A08,0.592
U0062,109,impression,2026-03-29T10:48:41,A08,0.485
U0062,22,impression,2026-03-29T10:47:28,A08,0.085
U0062,96,impression,2026-03-29T10:46:28,A08,0.447
U0062,96,click,2026-03-29T10:46:57,A08,0.447
U0062,84,impression,2026-03-29T10:48:12,A08,0.068
U0062,95,impression,2026-03-29T10:46:14,A08,0.587
U0062,95,click,2026-03-29T10:46:37,A08,0.587
U0062,73,impression,2026-03-29T10:50:36,A08,0.015
U0062,39,impression,2026-02-09T21:40:31,A08,0.054
U0062,43,impression,2026-02-09T21:41:39,A08,0.036
U0062,96,impression,2026-02-09T21:37:52,A08,0.488
U0062,54,impression,2026-02-09T21:41:13,A08,0.458
U0062,55,impression,2026-02-09T21:37:54,A08,0.676
U0062,41,impression,2026-02-24T13:07:19,A08,0.081
U0062,70,impression,2026-02-24T13:05:06,A08,0.025
U0062,100,impression,2026-02-24T13:06:51,A08,0.553
U0062,96,impression,2026-02-24T13:04:35,A08,0.504
U0062,96,click,2026-02-24T13:04:38,A08,0.504
U0062,96,save,2026-02-24T13:04:38,A08,0.504
U0062,96,cart_add,2026-02-24T13:05:16,A08,0.504
U0062,93,impression,2026-02-24T13:05:00,A08,0.061
U0062,54,impression,2026-02-24T13:07:43,A08,0.508
U0062,88,impression,2026-02-24T13:03:25,A08,0.047
U0062,90,impression,2026-02-24T13:03:37,A08,0.659
U0062,109,impression,2026-02-24T13:07:08,A08,0.415
U0062,31,impression,2026-02-24T13:04:55,A08,-0.016
U0062,56,impression,2026-02-24T13:08:00,A08,0.445
U0062,36,impression,2026-03-05T20:22:10,A08,0.028
U0062,45,impression,2026-03-05T20:23:13,A08,0.039
U0062,105,impression,2026-03-05T20:24:44,A08,0.588
U0062,90,impression,2026-03-05T20:25:15,A08,0.596
U0062,54,impression,2026-03-05T20:23:39,A08,0.429
U0062,41,impression,2026-03-05T20:26:36,A08,0.01
U0062,96,impression,2026-03-05T20:24:28,A08,0.43
U0063,49,impression,2026-02-03T13:33:47,A10,0.45
U0063,49,click,2026-02-03T13:34:16,A10,0.45
U0063,91,impression,2026-02-03T13:33:34,A10,0.388
U0063,22,impression,2026-02-03T13:34:43,A10,0.46
U0063,44,impression,2026-02-03T13:35:03,A10,0.506
U0063,21,impression,2026-02-03T13:32:41,A10,0.412
U0063,60,impression,2026-02-03T13:32:42,A10,0.045
U0063,100,impression,2026-02-03T13:32:14,A10,0.07
U0063,73,impression,2026-02-03T13:33:20,A10,0.067
U0063,94,impression,2026-02-03T13:32:36,A10,0.439
U0063,86,impression,2026-02-03T13:35:30,A10,0.736
U0063,86,click,2026-02-03T13:35:35,A10,0.736
U0063,96,impression,2026-02-03T13:36:57,A10,0.076
U0063,24,impression,2026-02-03T13:35:57,A10,0.134
U0063,74,impression,2026-02-03T13:35:29,A10,0.091
U0063,76,impression,2026-03-10T19:48:54,A10,0.43
U0063,31,impression,2026-03-10T19:48:20,A10,0.434
U0063,31,click,2026-03-10T19:48:39,A10,0.434
U0063,99,impression,2026-03-10T19:49:20,A10,0.08
U0063,52,impression,2026-03-10T19:49:30,A10,0.474
U0063,23,impression,2026-03-10T19:49:28,A10,0.419
U0063,66,impression,2026-03-10T19:50:31,A10,0.047
U0063,71,impression,2026-03-10T19:48:57,A10,0.101
U0063,24,impression,2026-04-10T11:58:18,A10,0.094
U0063,56,impression,2026-04-10T11:59:14,A10,0.103
U0063,57,impression,2026-04-10T11:57:05,A10,0.062
U0063,54,impression,2026-04-10T11:58:18,A10,0.702
U0063,85,impression,2026-04-10T11:58:24,A10,0.038
U0063,107,impression,2026-04-10T11:56:00,A10,0.568
U0063,91,impression,2026-04-10T11:56:51,A10,0.437
U0063,101,impression,2026-04-10T11:56:12,A10,0.428
U0063,92,impression,2026-04-10T11:56:14,A10,0.054
U0063,53,impression,2026-04-10T11:55:08,A10,0.589
U0063,47,impression,2026-04-10T11:57:25,A10,0.416
U0063,47,click,2026-04-10T11:57:34,A10,0.416
U0063,67,impression,2026-02-15T13:49:36,A10,0.148
U0063,93,impression,2026-02-15T13:47:26,A10,0.084
U0063,77,impression,2026-02-15T13:48:58,A10,0.041
U0063,36,impression,2026-02-15T13:50:36,A10,0.485
U0063,87,impression,2026-02-15T13:47:36,A10,0.499
U0063,82,impression,2026-02-15T13:46:23,A10,0.41
U0063,94,impression,2026-02-15T13:48:05,A10,0.428
U0063,32,impression,2026-02-15T13:50:41,A10,0.5
U0063,34,impression,2026-02-15T13:50:43,A10,0.474
U0063,104,impression,2026-02-15T13:47:27,A10,0.582
U0063,92,impression,2026-02-15T13:46:31,A10,0.066
U0063,96,impression,2026-02-15T13:49:41,A10,0.05
U0063,84,impression,2026-03-31T21:31:37,A10,0.073
U0063,74,impression,2026-03-31T21:30:26,A10,0.085
U0063,102,impression,2026-03-31T21:29:06,A10,0.455
U0063,41,impression,2026-03-31T21:27:55,A10,0.52
U0063,41,click,2026-03-31T21:27:58,A10,0.52
U0063,96,impression,2026-03-31T21:28:42,A10,0.089
U0063,100,impression,2026-03-31T21:28:18,A10,0.082
U0063,38,impression,2026-03-31T21:31:20,A10,0.464
U0063,40,impression,2026-03-31T21:28:35,A10,0.512
U0063,91,impression,2026-02-09T17:30:38,A10,0.39
U0063,53,impression,2026-02-09T17:33:47,A10,0.617
U0063,78,impression,2026-02-09T17:34:17,A10,0.022
U0063,26,impression,2026-02-09T17:33:34,A10,0.125
U0063,98,impression,2026-02-09T17:32:06,A10,0.063
U0063,52,impression,2026-02-09T17:34:14,A10,0.44
U0063,52,click,2026-02-09T17:34:36,A10,0.44
U0063,52,save,2026-02-09T17:34:36,A10,0.44
U0063,97,impression,2026-02-09T17:33:20,A10,0.163
U0063,22,impression,2026-02-09T17:33:24,A10,0.48
U0063,87,impression,2026-02-09T17:33:01,A10,0.521
U0063,33,impression,2026-02-09T17:32:45,A10,0.419
U0063,92,impression,2026-03-12T18:36:47,A10,0.058
U0063,92,click,2026-03-12T18:37:13,A10,0.058
U0063,37,impression,2026-03-12T18:34:10,A10,0.478
U0063,44,impression,2026-03-12T18:36:52,A10,0.559
U0063,48,impression,2026-03-12T18:36:20,A10,0.518
U0063,48,click,2026-03-12T18:36:40,A10,0.518
U0063,104,impression,2026-03-12T18:35:56,A10,0.501
U0063,104,click,2026-03-12T18:36:23,A10,0.501
U0063,69,impression,2026-03-12T18:35:24,A10,0.044
U0063,93,impression,2026-03-12T18:36:33,A10,0.064
U0063,79,impression,2026-03-12T18:36:59,A10,0.048
U0063,76,impression,2026-03-12T18:34:41,A10,0.437
U0063,76,click,2026-03-12T18:35:01,A10,0.437
U0063,49,impression,2026-03-12T18:32:05,A10,0.491
U0063,25,impression,2026-03-12T18:32:16,A10,0.102
U0063,58,impression,2026-03-12T18:35:54,A10,0.024
U0063,41,impression,2026-03-12T18:36:43,A10,0.53
U0063,21,impression,2026-03-12T18:36:38,A10,0.416
U0063,21,click,2026-03-12T18:36:56,A10,0.416
U0063,62,impression,2026-02-14T21:18:36,A10,0.077
U0063,89,impression,2026-02-14T21:18:02,A10,0.037
U0063,101,impression,2026-02-14T21:14:54,A10,0.495
U0063,104,impression,2026-02-14T21:16:01,A10,0.532
U0063,104,click,2026-02-14T21:16:31,A10,0.532
U0063,102,impression,2026-02-14T21:14:24,A10,0.502
U0063,102,click,2026-02-14T21:14:26,A10,0.502
U0064,100,impression,2026-02-14T18:57:44,A08,0.493
U0064,84,impression,2026-02-14T18:57:02,A08,0.099
U0064,84,click,2026-02-14T18:57:11,A08,0.099
U0064,53,impression,2026-02-14T18:57:07,A08,0.587
U0064,55,impression,2026-02-14T18:59:21,A08,0.744
U0064,64,impression,2026-02-14T18:59:36,A08,0.077
U0064,109,impression,2026-02-14T18:59:11,A08,0.503
U0064,109,click,2026-02-14T18:59:13,A08,0.503
U0064,105,impression,2026-02-14T18:58:45,A08,0.583
U0064,56,impression,2026-02-14T18:59:43,A08,0.471
U0064,101,impression,2026-02-14T18:59:37,A08,0.024
U0064,82,impression,2026-02-14T18:57:32,A08,0.028
U0064,104,impression,2026-02-14T18:58:00,A08,0.091
U0064,90,impression,2026-02-14T18:58:30,A08,0.634
U0064,47,impression,2026-02-14T19:00:15,A08,0.013
U0064,96,impression,2026-02-14T18:58:35,A08,0.5
U0064,35,impression,2026-03-14T14:39:51,A08,0.083
U0064,90,impression,2026-03-14T14:38:28,A08,0.64
U0064,90,click,2026-03-14T14:38:36,A08,0.64
U0064,51,impression,2026-03-14T14:38:34,A08,0.105
U0064,95,impression,2026-03-14T14:40:01,A08,0.648
U0064,99,impression,2026-03-14T14:41:57,A08,0.074
U0064,55,impression,2026-03-14T14:40:18,A08,0.693
U0064,105,impression,2026-03-14T14:40:06,A08,0.625
U0064,52,impression,2026-03-14T14:40:44,A08,0.066
U0064,68,impression,2026-02-22T11:38:57,A08,0.037
U0064,53,impression,2026-02-22T11:40:02,A08,0.554
U0064,85,impression,2026-02-22T11:41:30,A08,0.04
U0064,105,impression,2026-02-22T11:39:31,A08,0.655
U0064,105,click,2026-02-22T11:39:57,A08,0.655
U0064,90,impression,2026-02-22T11:41:52,A08,0.628
U0064,93,impression,2026-02-22T11:38:44,A08,0.036
U0064,56,impression,2026-02-22T11:41:21,A08,0.433
U0064,100,impression,2026-02-22T11:38:03,A08,0.512
U0064,74,impression,2026-02-22T11:37:35,A08,0.052
U0064,91,impression,2026-02-22T11:41:26,A08,-0.011
U0064,109,impression,2026-02-22T11:40:38,A08,0.508
U0064,33,impression,2026-02-22T11:41:19,A08,0.061
U0064,96,impression,2026-02-22T11:41:45,A08,0.428
U0064,96,click,2026-02-22T11:42:11,A08,0.428
U0064,83,impression,2026-02-22T11:39:26,A08,0.51
U0064,55,impression,2026-02-22T11:39:41,A08,0.693
U0064,35,impression,2026-03-13T11:10:13,A08,0.054
U0064,104,impression,2026-03-13T11:10:23,A08,0.149
U0064,83,impression,2026-03-13T11:09:38,A08,0.497
U0064,83,click,2026-03-13T11:10:05,A08,0.497
U0064,55,impression,2026-03-13T11:10:12,A08,0.708
U0064,94,impression,2026-03-13T11:09:54,A08,0.053
U0064,27,impression,2026-03-13T11:11:59,A08,0.059
U0064,90,impression,2026-03-13T11:07:57,A08,0.639
U0064,90,click,2026-03-13T11:08:17,A08,0.639
U0064,56,impression,2026-03-13T11:11:32,A08,0.468
U0064,89,impression,2026-03-13T11:09:54,A08,0.058
U0064,54,impression,2026-03-13T11:11:36,A08,0.48
U0064,100,impression,2026-03-13T11:09:28,A08,0.556
U0064,95,impression,2026-03-13T11:09:30,A08,0.587
U0064,74,impression,2026-04-07T21:33:36,A08,0.028
U0064,90,impression,2026-04-07T21:37:35,A08,0.628
U0064,96,impression,2026-04-07T21:33:37,A08,0.5
U0064,105,impression,2026-04-07T21:37:36,A08,0.6
U0064,105,click,2026-04-07T21:37:56,A08,0.6
U0064,109,impression,2026-04-07T21:33:07,A08,0.418
U0064,56,impression,2026-04-07T21:37:30,A08,0.485
U0064,103,impression,2026-04-07T21:35:48,A08,0.107
U0064,91,impression,2026-04-07T21:34:45,A08,0.044
U0064,44,impression,2026-04-07T21:34:21,A08,0.086
U0064,56,impression,2026-03-23T17:10:11,A08,0.471
U0064,93,impression,2026-03-23T17:08:52,A08,0.018
U0064,98,impression,2026-03-23T17:06:11,A08,0.099
U0064,55,impression,2026-03-23T17:10:53,A08,0.712
U0064,49,impression,2026-03-23T17:06:53,A08,0.027
U0064,53,impression,2026-03-23T17:09:09,A08,0.548
U0065,88,impression,2026-03-27T18:14:02,A10,-0.043
U0065,94,impression,2026-03-27T18:17:59,A10,0.434
U0065,94,click,2026-03-27T18:18:07,A10,0.434
U0065,80,impression,2026-03-27T18:17:02,A10,0.095
U0065,32,impression,2026-03-27T18:15:41,A10,0.475
U0065,48,impression,2026-03-27T18:16:38,A10,0.514
U0065,48,click,2026-03-27T18:16:40,A10,0.514
U0065,25,impression,2026-03-27T18:13:51,A10,0.139
U0065,108,impression,2026-03-27T18:13:21,A10,0.082
U0065,51,impression,2026-03-27T18:14:09,A10,0.416
U0065,91,impression,2026-04-01T12:28:25,A10,0.416
U0065,75,impression,2026-04-01T12:27:03,A10,0.031
U0065,74,impression,2026-04-01T12:25:03,A10,0.016
U0065,49,impression,2026-04-01T12:28:40,A10,0.464
U0065,49,click,2026-04-01T12:29:01,A10,0.464
U0065,63,impression,2026-04-01T12:27:51,A10,0.035
U0065,95,impression,2026-04-01T12:27:02,A10,0.572
U0065,42,impression,2026-04-14T11:25:35,A10,0.464
U0065,99,impression,2026-04-14T11:25:29,A10,0.075
U0065,99,click,2026-04-14T11:25:59,A10,0.075
U0065,34,impression,2026-04-14T11:24:10,A10,0.388
U0065,53,impression,2026-04-14T11:25:31,A10,0.652
U0065,53,click,2026-04-14T11:26:00,A10,0.652
U0065,53,save,2026-04-14T11:26:00,A10,0.652
U0065,33,impression,2026-04-14T11:24:45,A10,0.456
U0065,100,impression,2026-04-14T11:26:34,A10,0.03
U0065,96,impression,2026-04-14T11:24:33,A10,0.073
U0065,45,impression,2026-04-14T11:25:11,A10,0.437
U0065,26,impression,2026-04-14T11:26:46,A10,0.094
U0065,52,impression,2026-04-14T11:23:49,A10,0.424
U0065,52,click,2026-04-14T11:23:54,A10,0.424
U0065,92,impression,2026-02-18T22:36:54,A10,0.068
U0065,57,impression,2026-02-18T22:35:25,A10,0.052
U0065,43,impression,2026-02-18T22:32:01,A10,0.566
U0065,86,impression,2026-02-18T22:36:34,A10,0.667
U0065,85,impression,2026-02-18T22:36:20,A10,0.038
U0065,44,impression,2026-02-18T22:34:43,A10,0.517
U0065,86,impression,2026-03-17T10:56:18,A10,0.734
U0065,101,impression,2026-03-17T10:54:17,A10,0.487
U0065,101,click,2026-03-17T10:54:24,A10,0.487
U0065,83,impression,2026-03-17T10:58:19,A10,0.1
U0065,80,impression,2026-03-17T10:57:46,A10,0.065
U0065,67,impression,2026-03-17T10:58:22,A10,0.096
U0065,57,impression,2026-03-17T10:57:27,A10,0.033
U0065,49,impression,2026-03-17T10:54:07,A10,0.457
U0065,35,impression,2026-03-17T10:54:04,A10,0.419
U0065,72,impression,2026-02-15T14:12:28,A10,0.017
U0065,108,impression,2026-02-15T14:14:19,A10,0.059
U0065,35,impression,2026-02-15T14:14:18,A10,0.432
U0065,66,impression,2026-02-15T14:16:42,A10,0.088
U0065,60,impression,2026-02-15T14:16:07,A10,0.016
U0065,102,impression,2026-02-15T14:13:13,A10,0.441
U0065,102,click,2026-02-15T14:13:22,A10,0.441
U0065,46,impression,2026-02-15T14:16:45,A10,0.144
U0065,53,impression,2026-02-15T14:14:10,A10,0.644
U0065,54,impression,2026-02-15T14:13:44,A10,0.707
U0065,54,click,2026-02-15T14:13:56,A10,0.707
U0065,54,save,2026-02-15T14:13:56,A10,0.707
U0065,22,impression,2026-02-15T14:13:13,A10,0.44
U0065,22,click,2026-02-15T14:13:14,A10,0.44
U0065,101,impression,2026-02-15T14:13:49,A10,0.475
U0065,101,click,2026-02-15T14:13:53,A10,0.475
U0065,38,impression,2026-02-15T14:13:38,A10,0.415
U0065,26,impression,2026-02-15T14:12:50,A10,0.143
U0065,103,impression,2026-02-28T09:32:51,A10,0.013
U0065,53,impression,2026-02-28T09:33:32,A10,0.594
U0065,79,impression,2026-02-28T09:33:04,A10,0.017
U0065,36,impression,2026-02-28T09:34:58,A10,0.506
U0065,36,click,2026-02-28T09:35:09,A10,0.506
U0065,101,impression,2026-02-28T09:30:49,A10,0.413
U0065,22,impression,2026-02-18T14:53:09,A10,0.422
U0065,86,impression,2026-02-18T14:53:23,A10,0.742
U0065,105,impression,2026-02-18T14:55:13,A10,0.089
U0065,104,impression,2026-02-18T14:51:35,A10,0.507
U0065,56,impression,2026-02-18T14:53:11,A10,0.011
U0065,32,impression,2026-02-18T14:52:14,A10,0.451
U0065,60,impression,2026-02-18T14:53:30,A10,0.086
U0065,23,impression,2026-02-18T14:52:07,A10,0.503
U0065,23,click,2026-02-18T14:52:12,A10,0.503
U0065,23,save,2026-02-18T14:52:12,A10,0.503
U0065,55,impression,2026-02-18T14:52:32,A10,0.024
U0065,21,impression,2026-02-18T14:51:42,A10,0.469
U0065,21,click,2026-02-18T14:52:06,A10,0.469
U0065,79,impression,2026-02-18T14:53:19,A10,0.012
U0065,39,impression,2026-02-18T14:55:02,A10,0.492
U0065,98,impression,2026-02-18T14:51:11,A10,0.048
U0065,40,impression,2026-02-18T14:54:00,A10,0.508
U0066,91,impression,2026-02-17T16:26:18,A03,0.456
U0066,91,click,2026-02-17T16:26:22,A03,0.456
U0066,47,impression,2026-02-17T16:30:34,A03,0.586
U0066,25,impression,2026-02-17T16:27:27,A03,0.089
U0066,97,impression,2026-02-17T16:29:27,A03,0.064
U0066,56,impression,2026-02-17T16:30:34,A03,0.08
U0066,107,impression,2026-02-17T16:30:44,A03,0.436
U0066,91,impression,2026-04-07T19:30:45,A03,0.489
U0066,24,impression,2026-04-07T19:26:56,A03,0.108
U0066,40,impression,2026-04-07T19:30:50,A03,0.539
U0066,40,click,2026-04-07T19:31:04,A03,0.539
U0066,40,cart_add,2026-04-07T19:31:45,A03,0.539
U0066,81,impression,2026-04-07T19:27:43,A03,0.061
U0066,30,impression,2026-04-07T19:27:05,A03,0.506
U0066,83,impression,2026-04-07T19:27:57,A03,0.089
U0066,52,impression,2026-04-07T19:29:43,A03,0.517
U0067,59,impression,2026-04-06T11:08:15,A03,0.079
U0067,44,impression,2026-04-06T11:09:48,A03,0.526
U0067,44,click,2026-04-06T11:09:55,A03,0.526
U0067,44,cart_add,2026-04-06T11:10:01,A03,0.526
U0067,44,order,2026-04-06T11:27:01,A03,0.526
U0067,48,impression,2026-04-06T11:09:29,A03,0.448
U0067,75,impression,2026-04-06T11:10:52,A03,0.109
U0067,57,impression,2026-04-06T11:07:02,A03,0.021
U0067,57,click,2026-04-06T11:07:19,A03,0.021
U0067,99,impression,2026-04-06T11:08:02,A03,0.11
U0067,82,impression,2026-04-06T11:07:01,A03,0.611
U0067,82,click,2026-04-06T11:07:29,A03,0.611
U0067,104,impression,2026-04-06T11:08:17,A03,0.565
U0068,98,impression,2026-04-05T13:00:00,A01,0.515
U0068,25,impression,2026-04-05T13:01:05,A01,0.477
U0068,83,impression,2026-04-05T12:59:49,A01,0.018
U0068,84,impression,2026-04-05T12:59:47,A01,0.499
U0068,37,impression,2026-04-05T13:02:09,A01,0.066
U0068,74,impression,2026-04-05T13:00:12,A01,0.203
U0068,99,impression,2026-04-05T13:01:38,A01,0.186
U0068,85,impression,2026-04-05T13:01:13,A01,0.572
U0068,103,impression,2026-04-05T12:59:35,A01,0.476
U0068,72,impression,2026-04-05T13:01:02,A01,0.602
U0068,72,click,2026-04-05T13:01:16,A01,0.602
U0068,72,save,2026-04-05T13:01:16,A01,0.602
U0068,79,impression,2026-04-05T13:01:08,A01,0.504
U0068,22,impression,2026-04-05T13:01:19,A01,0.099
U0068,44,impression,2026-03-28T16:10:17,A01,0.079
U0068,66,impression,2026-03-28T16:13:22,A01,0.075
U0068,84,impression,2026-03-28T16:11:27,A01,0.582
U0068,25,impression,2026-03-28T16:12:20,A01,0.42
U0068,25,click,2026-03-28T16:12:37,A01,0.42
U0068,27,impression,2026-03-28T16:11:46,A01,0.45
U0068,59,impression,2026-04-01T12:50:59,A01,0.581
U0068,67,impression,2026-04-01T12:51:30,A01,0.474
U0068,104,impression,2026-04-01T12:52:57,A01,0.107
U0068,23,impression,2026-04-01T12:53:23,A01,0.039
U0068,86,impression,2026-04-01T12:53:57,A01,0.013
U0068,97,impression,2026-04-01T12:52:15,A01,0.432
U0068,22,impression,2026-04-01T12:50:43,A01,0.012
U0068,77,impression,2026-04-01T12:51:13,A01,0.379
U0068,58,impression,2026-04-01T12:51:29,A01,0.413
U0068,58,click,2026-04-01T12:51:58,A01,0.413
U0068,57,impression,2026-04-01T12:53:38,A01,0.583
U0068,57,click,2026-04-01T12:53:41,A01,0.583
U0068,59,impression,2026-03-06T17:45:45,A01,0.581
U0068,24,impression,2026-03-06T17:49:15,A01,0.411
U0068,32,impression,2026-03-06T17:46:44,A01,0.09
U0068,75,impression,2026-03-06T17:46:16,A01,0.201
U0068,80,impression,2026-03-06T17:48:35,A01,0.525
U0068,80,click,2026-03-06T17:48:49,A01,0.525
U0068,65,impression,2026-03-06T17:45:51,A01,-0.008
U0068,97,impression,2026-03-06T17:48:54,A01,0.423
U0068,90,impression,2026-03-06T17:48:51,A01,0.028
U0068,77,impression,2026-03-06T17:48:34,A01,0.406
U0068,68,impression,2026-03-06T17:47:59,A01,0.449
U0068,101,impression,2026-03-24T11:58:56,A01,0.076
U0068,60,impression,2026-03-24T11:54:07,A01,0.511
U0068,60,click,2026-03-24T11:54:37,A01,0.511
U0068,26,impression,2026-03-24T11:58:07,A01,0.46
U0068,79,impression,2026-03-24T11:55:04,A01,0.507
U0068,79,click,2026-03-24T11:55:32,A01,0.507
U0068,92,impression,2026-03-24T11:57:34,A01,0.415
U0068,95,impression,2026-03-24T11:58:40,A01,0.085
U0068,66,impression,2026-03-24T11:54:44,A01,0.021
U0068,103,impression,2026-03-28T22:19:39,A01,0.41
U0068,98,impression,2026-03-28T22:21:00,A01,0.513
U0068,69,impression,2026-03-28T22:20:17,A01,0.06
U0068,78,impression,2026-03-28T22:20:30,A01,0.082
U0068,70,impression,2026-03-28T22:19:34,A01,0.709
U0068,24,impression,2026-03-28T22:19:27,A01,0.509
U0068,85,impression,2026-03-28T22:18:57,A01,0.647
U0068,60,impression,2026-03-28T22:16:22,A01,0.572
U0068,60,click,2026-03-28T22:16:28,A01,0.572
U0068,72,impression,2026-03-28T22:18:22,A01,0.59
U0068,72,click,2026-03-28T22:18:46,A01,0.59
U0068,94,impression,2026-03-28T22:19:25,A01,0.022
U0068,45,impression,2026-03-28T22:20:30,A01,0.071
U0068,32,impression,2026-03-28T22:18:02,A01,0.092
U0068,57,impression,2026-03-28T22:20:18,A01,0.5
U0068,95,impression,2026-03-28T22:17:43,A01,0.109
U0069,25,impression,2026-02-14T18:31:18,A13,0.093
U0069,108,impression,2026-02-14T18:31:01,A13,0.426
U0069,99,impression,2026-02-14T18:28:26,A13,0.552
U0069,65,impression,2026-02-14T18:32:57,A13,-0.014
U0069,59,impression,2026-02-14T18:31:58,A13,0.735
U0069,60,impression,2026-02-14T18:31:06,A13,0.603
U0069,85,impression,2026-02-14T18:28:39,A13,0.713
U0069,85,click,2026-02-14T18:28:54,A13,0.713
U0069,22,impression,2026-02-14T18:29:01,A13,0.027
U0069,49,impression,2026-02-14T18:32:45,A13,0.102
U0069,58,impression,2026-02-14T18:31:47,A13,0.097
U0069,96,impression,2026-02-14T18:29:10,A13,0.01
U0069,93,impression,2026-02-14T18:28:28,A13,0.55
U0069,75,impression,2026-02-14T18:31:32,A13,0.617
U0069,75,click,2026-02-14T18:31:33,A13,0.617
U0069,55,impression,2026-04-02T22:09:20,A13,0.094
U0069,80,impression,2026-04-02T22:09:54,A13,0.612
U0069,97,impression,2026-04-02T22:11:26,A13,0.091
U0069,62,impression,2026-04-02T22:13:41,A13,0.477
U0069,83,impression,2026-04-02T22:13:16,A13,0.045
U0069,108,impression,2026-04-02T22:11:11,A13,0.427
U0069,75,impression,2026-04-02T22:10:09,A13,0.599
U0069,75,click,2026-04-02T22:10:22,A13,0.599
U0069,93,impression,2026-02-16T15:37:10,A13,0.557
U0069,107,impression,2026-02-16T15:40:02,A13,0.134
U0069,107,click,2026-02-16T15:40:22,A13,0.134
U0069,72,impression,2026-02-16T15:40:06,A13,0.735
U0069,82,impression,2026-02-16T15:38:12,A13,0.104
U0069,75,impression,2026-02-16T15:37:59,A13,0.575
U0069,80,impression,2026-03-11T22:09:05,A13,0.592
U0069,60,impression,2026-03-11T22:12:37,A13,0.581
U0069,26,impression,2026-03-11T22:09:07,A13,0.091
U0069,79,impression,2026-03-11T22:10:15,A13,0.033
U0069,73,impression,2026-03-11T22:12:13,A13,0.661
U0069,103,impression,2026-03-11T22:13:41,A13,0.046
U0069,43,impression,2026-03-11T22:12:26,A13,0.08
U0069,56,impression,2026-03-11T22:11:48,A13,0.035
U0069,59,impression,2026-03-11T22:09:47,A13,0.705
U0069,59,click,2026-03-11T22:09:48,A13,0.705
U0069,99,impression,2026-03-11T22:13:15,A13,0.518
U0069,62,impression,2026-03-11T22:10:19,A13,0.487
U0069,107,impression,2026-04-16T21:31:12,A13,0.181
U0069,76,impression,2026-04-16T21:28:59,A13,0.02
U0069,62,impression,2026-04-16T21:31:14,A13,0.487
U0069,73,impression,2026-04-16T21:29:12,A13,0.604
U0069,73,click,2026-04-16T21:29:40,A13,0.604
U0069,73,cart_add,2026-04-16T21:30:27,A13,0.604
U0069,69,impression,2026-04-16T21:28:56,A13,0.616
U0069,70,impression,2026-04-16T21:29:31,A13,0.092
U0069,72,impression,2026-03-28T21:49:14,A13,0.688
U0069,25,impression,2026-03-28T21:48:57,A13,0.053
U0069,61,impression,2026-03-28T21:48:50,A13,0.482
U0069,61,click,2026-03-28T21:49:01,A13,0.482
U0069,73,impression,2026-03-28T21:48:35,A13,0.572
U0069,85,impression,2026-03-28T21:47:37,A13,0.68
U0069,31,impression,2026-03-28T21:49:46,A13,0.03
U0069,91,impression,2026-03-28T21:50:16,A13,0.032
U0069,78,impression,2026-03-28T21:49:50,A13,0.066
U0069,93,impression,2026-03-28T21:51:30,A13,0.565
U0069,67,impression,2026-03-28T21:50:50,A13,0.475
U0069,67,click,2026-03-28T21:51:07,A13,0.475
U0070,71,impression,2026-03-26T15:17:10,A04,0.458
U0070,49,impression,2026-03-26T15:20:30,A04,0.023
U0070,96,impression,2026-03-26T15:20:03,A04,0.06
U0070,90,impression,2026-03-26T15:16:15,A04,0.611
U0070,78,impression,2026-03-26T15:20:27,A04,0.462
U0070,41,impression,2026-03-26T15:17:59,A04,0.069
U0070,57,impression,2026-03-26T15:19:09,A04,0.479
U0070,95,impression,2026-03-06T09:24:47,A04,0.106
U0070,90,impression,2026-03-06T09:24:11,A04,0.615
U0070,83,impression,2026-03-06T09:24:44,A04,0.601
U0070,41,impression,2026-03-06T09:26:02,A04,0.016
U0070,79,impression,2026-03-06T09:26:15,A04,0.738
U0070,57,impression,2026-03-17T13:11:15,A04,0.428
U0070,96,impression,2026-03-17T13:10:38,A04,0.021
U0070,41,impression,2026-03-17T13:14:10,A04,0.093
U0070,103,impression,2026-03-17T13:14:11,A04,0.422
U0070,103,click,2026-03-17T13:14:17,A04,0.422
U0070,103,save,2026-03-17T13:14:17,A04,0.422
U0070,46,impression,2026-03-17T13:14:38,A04,0.067
U0070,58,impression,2026-03-17T13:14:42,A04,0.439
U0070,66,impression,2026-03-17T13:10:16,A04,0.465
U0070,56,impression,2026-03-17T13:13:37,A04,0.104
U0070,83,impression,2026-03-17T13:14:59,A04,0.571
U0070,104,impression,2026-03-17T13:10:15,A04,0.028
U0070,92,impression,2026-03-17T13:14:51,A04,0.485
U0070,71,impression,2026-02-02T10:59:48,A04,0.502
U0070,32,impression,2026-02-02T10:58:55,A04,0.014
U0070,78,impression,2026-02-02T10:58:29,A04,0.504
U0070,87,impression,2026-02-02T10:59:31,A04,-0.014
U0070,107,impression,2026-02-02T10:58:23,A04,0.028
U0070,30,impression,2026-02-02T10:56:57,A04,0.032
U0070,68,impression,2026-02-02T11:00:48,A04,0.454
U0070,90,impression,2026-02-02T10:58:03,A04,0.614
U0070,65,impression,2026-02-02T10:57:53,A04,0.441
U0070,83,impression,2026-02-05T20:29:53,A04,0.586
U0070,83,click,2026-02-05T20:30:06,A04,0.586
U0070,69,impression,2026-02-05T20:29:48,A04,0.04
U0070,68,impression,2026-02-05T20:28:40,A04,0.416
U0070,108,impression,2026-02-05T20:27:49,A04,0.055
U0070,57,impression,2026-02-05T20:26:25,A04,0.455
U0070,90,impression,2026-02-05T20:26:45,A04,0.6
U0070,36,impression,2026-02-05T20:30:00,A04,0.036
U0070,65,impression,2026-02-05T20:25:00,A04,0.485
U0070,70,impression,2026-02-05T20:27:34,A04,0.465
U0070,51,impression,2026-02-05T20:29:13,A04,0.052
U0070,22,impression,2026-03-25T22:55:39,A04,0.027
U0070,65,impression,2026-03-25T22:57:33,A04,0.518
U0070,79,impression,2026-03-25T22:55:16,A04,0.674
U0070,79,click,2026-03-25T22:55:34,A04,0.674
U0070,79,cart_add,2026-03-25T22:55:53,A04,0.674
U0070,57,impression,2026-03-25T22:56:38,A04,0.426
U0070,36,impression,2026-03-25T22:56:25,A04,0.027
U0070,90,impression,2026-02-09T09:11:05,A04,0.632
U0070,90,click,2026-02-09T09:11:11,A04,0.632
U0070,73,impression,2026-02-09T09:12:38,A04,0.102
U0070,61,impression,2026-02-09T09:09:13,A04,0.091
U0070,100,impression,2026-02-09T09:13:35,A04,0.565
U0070,92,impression,2026-02-09T09:10:04,A04,0.433
U0070,51,impression,2026-02-09T09:11:18,A04,0.089
U0070,37,impression,2026-02-09T09:09:29,A04,0.098
U0070,70,impression,2026-02-09T09:12:21,A04,0.443
U0070,105,impression,2026-02-09T09:10:08,A04,0.577
U0070,57,impression,2026-02-09T09:11:04,A04,0.422
U0070,83,impression,2026-03-24T12:04:51,A04,0.64
U0070,78,impression,2026-03-24T12:07:25,A04,0.433
U0070,78,click,2026-03-24T12:07:39,A04,0.433
U0070,58,impression,2026-03-24T12:08:20,A04,0.442
U0070,59,impression,2026-03-24T12:07:16,A04,0.05
U0070,81,impression,2026-03-24T12:04:13,A04,0.076
U0070,34,impression,2026-03-24T12:07:49,A04,0.023
U0070,103,impression,2026-03-24T12:04:02,A04,0.433
U0070,68,impression,2026-03-24T12:08:32,A04,0.426
U0070,65,impression,2026-03-24T12:05:10,A04,0.472
U0070,22,impression,2026-03-24T12:04:54,A04,0.029
U0070,70,impression,2026-03-24T12:06:49,A04,0.479
U0070,46,impression,2026-03-24T12:06:18,A04,0.037
U0071,42,impression,2026-02-13T18:41:04,A02,0.471
U0071,24,impression,2026-02-13T18:41:07,A02,0.484
U0071,24,click,2026-02-13T18:41:10,A02,0.484
U0071,89,impression,2026-02-13T18:42:44,A02,0.057
U0071,38,impression,2026-02-13T18:40:56,A02,0.464
U0071,92,impression,2026-02-13T18:40:03,A02,0.084
U0071,83,impression,2026-02-13T18:44:12,A02,0.064
U0071,36,impression,2026-04-05T19:28:37,A02,0.493
U0071,36,click,2026-04-05T19:29:02,A02,0.493
U0071,27,impression,2026-04-05T19:25:09,A02,0.479
U0071,33,impression,2026-04-05T19:28:20,A02,0.427
U0071,51,impression,2026-04-05T19:28:59,A02,0.458
U0071,99,impression,2026-04-05T19:25:50,A02,0.046
U0071,38,impression,2026-04-05T19:26:43,A02,0.474
U0071,73,impression,2026-04-05T19:28:59,A02,0.018
U0071,35,impression,2026-04-05T19:25:28,A02,0.466
U0071,35,click,2026-04-05T19:25:40,A02,0.466
U0071,35,save,2026-04-05T19:25:40,A02,0.466
U0071,85,impression,2026-04-05T19:27:27,A02,0.028
U0071,45,impression,2026-04-05T19:26:33,A02,0.498
U0071,91,impression,2026-04-05T19:25:36,A02,0.42
U0071,55,impression,2026-04-05T19:25:32,A02,0.035
U0071,74,impression,2026-04-05T19:25:26,A02,0.019
U0071,62,impression,2026-04-05T19:26:20,A02,0.035
U0071,80,impression,2026-04-14T18:11:25,A02,0.071
U0071,46,impression,2026-04-14T18:12:52,A02,0.013
U0071,73,impression,2026-04-14T18:15:35,A02,0.086
U0071,33,impression,2026-04-14T18:13:32,A02,0.423
U0071,21,impression,2026-04-14T18:12:53,A02,0.419
U0071,55,impression,2026-04-14T18:11:23,A02,0.011
U0071,68,impression,2026-04-14T18:15:30,A02,0.012
U0071,31,impression,2026-04-14T18:11:19,A02,0.429
U0071,107,impression,2026-04-14T18:11:56,A02,0.438
U0071,50,impression,2026-04-14T18:11:28,A02,0.485
U0071,49,impression,2026-04-14T18:12:06,A02,0.454
U0071,23,impression,2026-04-14T18:15:29,A02,0.432
U0071,52,impression,2026-04-14T18:11:07,A02,0.445
U0071,79,impression,2026-04-14T18:12:28,A02,0.033
U0071,46,impression,2026-03-27T10:30:27,A02,0.095
U0071,30,impression,2026-03-27T10:31:55,A02,0.485
U0071,30,click,2026-03-27T10:32:11,A02,0.485
U0071,50,impression,2026-03-27T10:31:35,A02,0.446
U0071,36,impression,2026-03-27T10:31:36,A02,0.485
U0071,32,impression,2026-03-27T10:30:08,A02,0.431
U0071,103,impression,2026-03-27T10:28:23,A02,0.028
U0071,99,impression,2026-03-27T10:28:35,A02,0.098
U0071,68,impression,2026-03-27T10:28:51,A02,0.096
U0071,59,impression,2026-03-27T10:28:44,A02,0.054
U0071,37,impression,2026-03-27T10:32:49,A02,0.459
U0071,37,click,2026-03-27T10:32:59,A02,0.459
U0071,37,cart_add,2026-03-27T10:33:14,A02,0.459
U0071,35,impression,2026-03-27T10:30:37,A02,0.432
U0072,64,impression,2026-02-10T21:33:30,A11,0.027
U0072,37,impression,2026-02-10T21:32:55,A11,0.447
U0072,40,impression,2026-02-10T21:34:34,A11,0.486
U0072,45,impression,2026-02-10T21:34:59,A11,0.414
U0072,45,click,2026-02-10T21:35:16,A11,0.414
U0072,73,impression,2026-02-10T21:31:06,A11,0.016
U0072,51,impression,2026-02-10T21:33:53,A11,0.41
U0072,90,impression,2026-02-10T21:33:40,A11,0.097
U0072,43,impression,2026-03-07T11:09:27,A11,0.456
U0072,56,impression,2026-03-07T11:05:26,A11,0.031
U0072,38,impression,2026-03-07T11:09:37,A11,0.448
U0072,68,impression,2026-03-07T11:07:59,A11,0.094
U0072,22,impression,2026-03-07T11:08:32,A11,0.436
U0072,37,impression,2026-03-07T11:08:18,A11,0.423
U0072,105,impression,2026-03-07T11:05:34,A11,0.05
U0072,93,impression,2026-03-07T11:05:44,A11,0.04
U0072,23,impression,2026-03-07T11:09:52,A11,0.492
U0072,23,click,2026-03-07T11:09:54,A11,0.492
U0072,40,impression,2026-03-07T11:09:55,A11,0.48
U0072,88,impression,2026-03-07T11:09:24,A11,-0.044
U0072,22,impression,2026-02-06T20:30:01,A11,0.457
U0072,38,impression,2026-02-06T20:30:33,A11,0.424
U0072,66,impression,2026-02-06T20:33:03,A11,0.099
U0072,48,impression,2026-02-06T20:29:41,A11,0.474
U0072,51,impression,2026-02-06T20:32:51,A11,0.487
U0072,47,impression,2026-02-06T20:31:48,A11,0.461
U0072,47,click,2026-02-06T20:32:13,A11,0.461
U0072,67,impression,2026-02-06T20:32:18,A11,0.063
U0072,83,impression,2026-02-06T20:32:32,A11,0.031
U0072,91,impression,2026-02-06T20:30:26,A11,0.513
U0072,54,impression,2026-02-06T20:33:17,A11,0.079
U0072,41,impression,2026-02-06T20:29:12,A11,0.589
U0072,23,impression,2026-02-06T20:31:45,A11,0.441
U0072,73,impression,2026-02-06T20:31:34,A11,0.094
U0072,50,impression,2026-02-06T20:30:00,A11,0.424
U0072,69,impression,2026-02-06T20:33:47,A11,0.016
U0072,79,impression,2026-02-10T17:59:50,A11,0.077
U0072,62,impression,2026-02-10T17:59:11,A11,0.103
U0072,50,impression,2026-02-10T17:57:45,A11,0.425
U0072,22,impression,2026-02-10T17:56:59,A11,0.487
U0072,34,impression,2026-02-10T17:55:03,A11,0.506
U0072,36,impression,2026-02-10T17:57:37,A11,0.492
U0072,55,impression,2026-02-10T18:00:00,A11,0.027
U0072,49,impression,2026-02-10T17:59:34,A11,0.413
U0072,56,impression,2026-02-10T17:55:44,A11,0.076
U0072,52,impression,2026-02-10T17:57:47,A11,0.434
U0072,95,impression,2026-02-10T17:55:09,A11,0.109
U0072,92,impression,2026-03-18T21:40:17,A11,0.051
U0072,102,impression,2026-03-18T21:39:12,A11,0.411
U0072,46,impression,2026-03-18T21:37:53,A11,0.112
U0072,25,impression,2026-03-18T21:40:30,A11,0.439
U0072,52,impression,2026-03-18T21:36:26,A11,0.486
U0072,52,click,2026-03-18T21:36:47,A11,0.486
U0072,50,impression,2026-03-18T21:37:12,A11,0.468
U0072,44,impression,2026-03-18T21:36:47,A11,0.475
U0072,68,impression,2026-03-18T21:39:49,A11,0.03
U0072,98,impression,2026-03-18T21:36:27,A11,0.021
U0072,75,impression,2026-03-18T21:39:31,A11,0.108
U0072,64,impression,2026-03-18T21:36:24,A11,0.014
U0072,48,impression,2026-03-18T21:40:36,A11,0.461
U0072,48,click,2026-03-18T21:40:57,A11,0.461
U0072,34,impression,2026-03-18T21:37:21,A11,0.467
U0072,22,impression,2026-03-18T21:39:32,A11,0.463
U0073,59,impression,2026-03-11T22:36:17,A12,0.082
U0073,94,impression,2026-03-11T22:37:01,A12,0.507
U0073,91,impression,2026-03-11T22:37:45,A12,0.378
U0073,91,click,2026-03-11T22:37:50,A12,0.378
U0073,88,impression,2026-03-11T22:33:29,A12,-0.033
U0073,22,impression,2026-03-11T22:36:35,A12,0.49
U0073,22,click,2026-03-11T22:37:04,A12,0.49
U0073,78,impression,2026-03-11T22:36:15,A12,0.032
U0073,36,impression,2026-03-11T22:35:09,A12,0.428
U0073,95,impression,2026-03-11T22:37:08,A12,0.062
U0073,107,impression,2026-03-11T22:33:05,A12,0.418
U0073,49,impression,2026-03-11T22:34:13,A12,0.44
U0073,59,impression,2026-03-20T12:28:37,A12,0.023
U0073,91,impression,2026-03-20T12:29:37,A12,0.4
U0073,65,impression,2026-03-20T12:30:32,A12,0.035
U0073,38,impression,2026-03-20T12:28:22,A12,0.489
U0073,36,impression,2026-03-20T12:29:24,A12,0.507
U0073,32,impression,2026-03-20T12:30:21,A12,0.437
U0073,77,impression,2026-03-20T12:30:51,A12,-0.033
U0073,21,impression,2026-03-20T12:30:25,A12,0.46
U0073,34,impression,2026-03-20T12:29:24,A12,0.474
U0073,85,impression,2026-03-20T12:27:05,A12,0.11
U0073,41,impression,2026-03-20T12:29:26,A12,0.414
U0073,22,impression,2026-03-20T12:30:30,A12,0.47
U0073,88,impression,2026-03-20T12:27:06,A12,0.014
U0073,73,impression,2026-03-20T12:30:08,A12,0.041
U0073,59,impression,2026-02-23T11:50:33,A12,0.011
U0073,43,impression,2026-02-23T11:51:51,A12,0.507
U0073,104,impression,2026-02-23T11:49:56,A12,0.588
U0073,72,impression,2026-02-23T11:48:19,A12,0.109
U0073,38,impression,2026-02-23T11:51:40,A12,0.484
U0073,47,impression,2026-03-14T21:39:30,A12,0.43
U0073,24,impression,2026-03-14T21:35:43,A12,0.108
U0073,32,impression,2026-03-14T21:35:05,A12,0.423
U0073,32,click,2026-03-14T21:35:34,A12,0.423
U0073,32,save,2026-03-14T21:35:34,A12,0.423
U0073,67,impression,2026-03-14T21:38:58,A12,0.045
U0073,71,impression,2026-03-14T21:35:34,A12,0.025
U0073,75,impression,2026-03-14T21:36:56,A12,0.04
U0073,76,impression,2026-03-14T21:39:48,A12,0.497
U0073,76,click,2026-03-14T21:39:58,A12,0.497
U0073,91,impression,2026-03-14T21:39:13,A12,0.446
U0073,108,impression,2026-03-14T21:39:38,A12,0.1
U0073,87,impression,2026-03-14T21:39:36,A12,0.608
U0073,101,impression,2026-03-14T21:38:16,A12,0.443
U0073,102,impression,2026-03-14T21:36:09,A12,0.564
U0073,90,impression,2026-02-02T14:42:06,A12,0.057
U0073,80,impression,2026-02-02T14:42:49,A12,0.104
U0073,34,impression,2026-02-02T14:43:29,A12,0.421
U0073,30,impression,2026-02-02T14:43:05,A12,0.443
U0073,30,click,2026-02-02T14:43:30,A12,0.443
U0073,38,impression,2026-02-02T14:41:28,A12,0.506
U0073,75,impression,2026-02-02T14:41:06,A12,0.011
U0073,37,impression,2026-02-02T14:41:11,A12,0.441
U0073,37,click,2026-02-02T14:41:17,A12,0.441
U0073,36,impression,2026-02-02T14:43:06,A12,0.476
U0073,105,impression,2026-02-02T14:42:27,A12,0.042
U0073,104,impression,2026-02-02T14:43:10,A12,0.575
U0073,82,impression,2026-02-02T14:39:37,A12,0.474
U0073,54,impression,2026-02-02T14:39:31,A12,0.107
U0073,21,impression,2026-02-02T14:43:54,A12,0.419
U0073,41,impression,2026-02-02T14:39:23,A12,0.428
U0073,41,click,2026-02-02T14:39:34,A12,0.428
U0073,88,impression,2026-02-02T14:39:36,A12,0.013
U0074,69,impression,2026-02-25T12:29:00,A07,0.625
U0074,46,impression,2026-02-25T12:29:13,A07,0.134
U0074,74,impression,2026-02-25T12:32:32,A07,0.746
U0074,65,impression,2026-02-25T12:31:41,A07,0.037
U0074,80,impression,2026-02-25T12:29:02,A07,0.582
U0074,61,impression,2026-04-02T15:23:00,A07,0.578
U0074,34,impression,2026-04-02T15:20:18,A07,0.077
U0074,75,impression,2026-04-02T15:23:01,A07,0.657
U0074,79,impression,2026-04-02T15:24:38,A07,0.044
U0074,99,impression,2026-04-02T15:20:48,A07,0.723
U0074,99,click,2026-04-02T15:21:15,A07,0.723
U0074,25,impression,2026-04-02T15:23:20,A07,0.085
U0074,60,impression,2026-03-04T18:42:06,A07,0.579
U0074,101,impression,2026-03-04T18:44:39,A07,0.042
U0074,98,impression,2026-03-04T18:42:09,A07,0.038
U0074,21,impression,2026-03-04T18:46:39,A07,0.035
U0074,75,impression,2026-03-04T18:46:36,A07,0.658
U0074,75,click,2026-03-04T18:46:43,A07,0.658
U0074,85,impression,2026-03-04T18:42:20,A07,0.506
U0074,85,click,2026-03-04T18:42:32,A07,0.506
U0074,77,impression,2026-03-24T19:21:17,A07,0.04
U0074,80,impression,2026-03-24T19:20:41,A07,0.58
U0074,34,impression,2026-03-24T19:21:45,A07,0.031
U0074,67,impression,2026-03-24T19:18:26,A07,0.477
U0074,67,click,2026-03-24T19:18:48,A07,0.477
U0074,108,impression,2026-03-24T19:21:36,A07,0.552
U0074,93,impression,2026-03-24T19:19:24,A07,0.652
U0074,59,impression,2026-03-24T19:18:42,A07,0.498
U0074,64,impression,2026-03-24T19:20:19,A07,0.101
U0074,73,impression,2026-03-24T19:21:35,A07,0.66
U0074,73,click,2026-03-24T19:21:46,A07,0.66
U0074,69,impression,2026-03-24T19:19:03,A07,0.65
U0074,69,click,2026-03-24T19:19:07,A07,0.65
U0074,69,save,2026-03-24T19:19:07,A07,0.65
U0074,61,impression,2026-03-24T19:20:52,A07,0.573
U0074,49,impression,2026-03-24T19:18:21,A07,0.077
U0074,83,impression,2026-03-24T19:21:00,A07,0.041
U0074,99,impression,2026-03-24T19:19:19,A07,0.698
U0074,92,impression,2026-03-24T19:21:05,A07,0.038
U0074,85,impression,2026-02-08T22:38:33,A07,0.497
U0074,54,impression,2026-02-08T22:38:08,A07,0.023
U0074,80,impression,2026-02-08T22:34:03,A07,0.581
U0074,80,click,2026-02-08T22:34:16,A07,0.581
U0074,80,cart_add,2026-02-08T22:35:13,A07,0.581
U0074,77,impression,2026-02-08T22:37:22,A07,-0.021
U0074,99,impression,2026-02-08T22:34:04,A07,0.693
U0074,69,impression,2026-02-08T22:38:31,A07,0.583
U0074,57,impression,2026-02-08T22:37:39,A07,0.019
U0074,63,impression,2026-02-08T22:38:39,A07,0.571
U0074,90,impression,2026-02-08T22:35:50,A07,0.011
U0074,93,impression,2026-02-08T22:35:24,A07,0.629
U0074,93,click,2026-02-08T22:35:48,A07,0.629
U0074,93,cart_add,2026-02-08T22:36:16,A07,0.629
U0074,72,impression,2026-02-08T22:36:53,A07,0.551
U0074,72,click,2026-02-08T22:37:00,A07,0.551
U0074,101,impression,2026-02-08T22:37:59,A07,0.047
U0074,84,impression,2026-02-08T22:34:57,A07,0.047
U0074,60,impression,2026-02-08T22:37:20,A07,0.572
U0074,60,click,2026-02-08T22:37:40,A07,0.572
U0074,108,impression,2026-02-08T22:37:57,A07,0.503
U0074,74,impression,2026-04-05T13:44:59,A07,0.685
U0074,64,impression,2026-04-05T13:44:24,A07,0.038
U0074,75,impression,2026-04-05T13:45:27,A07,0.69
U0074,75,click,2026-04-05T13:45:33,A07,0.69
U0074,59,impression,2026-04-05T13:46:12,A07,0.505
U0074,70,impression,2026-04-05T13:45:28,A07,0.095
U0074,73,impression,2026-04-05T13:45:29,A07,0.673
U0074,73,click,2026-04-05T13:45:43,A07,0.673
U0074,61,impression,2026-04-05T13:45:49,A07,0.612
U0074,61,click,2026-04-05T13:46:04,A07,0.612
U0074,51,impression,2026-04-05T13:45:27,A07,0.052
U0074,51,click,2026-04-05T13:45:34,A07,0.052
U0074,108,impression,2026-04-05T13:45:06,A07,0.527
U0074,108,click,2026-04-05T13:45:18,A07,0.527
U0074,76,impression,2026-04-05T13:43:57,A07,0.017
U0074,88,impression,2026-02-12T15:31:38,A07,0.541
U0074,88,click,2026-02-12T15:31:57,A07,0.541
U0074,78,impression,2026-02-12T15:34:12,A07,0.037
U0074,94,impression,2026-02-12T15:34:07,A07,0.083
U0074,59,impression,2026-02-12T15:33:43,A07,0.558
U0074,75,impression,2026-02-12T15:34:59,A07,0.749
U0074,106,impression,2026-02-12T15:34:55,A07,0.042
U0074,38,impression,2026-02-11T21:42:35,A07,0.015
U0074,88,impression,2026-02-11T21:45:04,A07,0.614
U0074,74,impression,2026-02-11T21:41:45,A07,0.73
U0074,80,impression,2026-02-11T21:41:03,A07,0.514
U0074,85,impression,2026-02-11T21:42:35,A07,0.5
U0074,85,click,2026-02-11T21:42:55,A07,0.5
U0074,91,impression,2026-02-11T21:42:13,A07,-0.013
U0074,53,impression,2026-02-11T21:45:05,A07,0.07
U0074,84,impression,2026-02-11T21:42:47,A07,0.078
U0074,93,impression,2026-02-11T21:43:28,A07,0.656
U0074,93,click,2026-02-11T21:43:34,A07,0.656
U0074,50,impression,2026-02-11T21:42:23,A07,0.042
U0074,76,impression,2026-02-11T21:44:55,A07,0.103
U0074,69,impression,2026-02-11T21:42:35,A07,0.656
U0074,69,click,2026-02-11T21:42:50,A07,0.656
U0074,63,impression,2026-02-11T21:42:21,A07,0.663
U0074,63,click,2026-02-11T21:42:39,A07,0.663
U0075,33,impression,2026-02-18T12:44:48,A10,0.439
U0075,46,impression,2026-02-18T12:43:36,A10,0.134
U0075,22,impression,2026-02-18T12:43:04,A10,0.463
U0075,24,impression,2026-02-18T12:45:44,A10,0.138
U0075,104,impression,2026-02-18T12:45:17,A10,0.523
U0075,103,impression,2026-02-18T12:46:19,A10,0.023
U0075,43,impression,2026-02-18T12:45:45,A10,0.583
U0075,34,impression,2026-02-09T12:36:51,A10,0.427
U0075,34,click,2026-02-09T12:36:54,A10,0.427
U0075,100,impression,2026-02-09T12:35:17,A10,0.08
U0075,65,impression,2026-02-09T12:37:32,A10,0.0
U0075,68,impression,2026-02-09T12:38:46,A10,0.013
U0075,68,click,2026-02-09T12:39:04,A10,0.013
U0075,63,impression,2026-02-09T12:37:51,A10,0.09
U0075,53,impression,2026-02-09T12:39:17,A10,0.587
U0075,22,impression,2026-02-09T12:37:27,A10,0.424
U0075,22,click,2026-02-09T12:37:54,A10,0.424
U0075,22,save,2026-02-09T12:37:54,A10,0.424
U0075,21,impression,2026-02-09T12:35:27,A10,0.481
U0075,21,click,2026-02-09T12:35:43,A10,0.481
U0075,90,impression,2026-03-28T16:53:26,A10,0.073
U0075,54,impression,2026-03-28T16:53:30,A10,0.73
U0075,78,impression,2026-03-28T16:53:49,A10,0.038
U0075,73,impression,2026-03-28T16:55:00,A10,0.07
U0075,86,impression,2026-03-28T16:51:51,A10,0.702
U0075,35,impression,2026-03-28T16:54:52,A10,0.48
U0075,37,impression,2026-03-28T16:54:37,A10,0.485
U0075,24,impression,2026-03-28T16:50:39,A10,0.174
U0075,94,impression,2026-03-28T16:54:19,A10,0.501
U0075,76,impression,2026-03-28T16:52:41,A10,0.469
U0075,35,impression,2026-02-02T22:18:08,A10,0.433
U0075,35,click,2026-02-02T22:18:11,A10,0.433
U0075,94,impression,2026-02-02T22:19:23,A10,0.484
U0075,94,click,2026-02-02T22:19:30,A10,0.484
U0075,76,impression,2026-02-02T22:20:35,A10,0.48
U0075,45,impression,2026-02-02T22:19:22,A10,0.44
U0075,66,impression,2026-02-02T22:22:18,A10,0.082
U0075,40,impression,2026-02-02T22:22:22,A10,0.496
U0075,107,impression,2026-02-02T22:19:05,A10,0.543
U0075,107,click,2026-02-02T22:19:22,A10,0.543
U0075,74,impression,2026-02-02T22:22:39,A10,0.016
U0075,92,impression,2026-02-02T22:21:18,A10,0.039
U0075,64,impression,2026-02-02T22:18:39,A10,0.048
U0075,109,impression,2026-02-02T22:20:10,A10,0.11
U0075,56,impression,2026-02-02T22:20:36,A10,0.047
U0075,36,impression,2026-02-02T22:22:34,A10,0.508
U0075,54,impression,2026-02-02T22:21:20,A10,0.747
U0075,54,click,2026-02-02T22:21:42,A10,0.747
U0075,57,impression,2026-03-29T18:20:28,A10,0.078
U0075,82,impression,2026-03-29T18:21:27,A10,0.443
U0075,88,impression,2026-03-29T18:20:03,A10,-0.013
U0075,21,impression,2026-03-29T18:18:28,A10,0.445
U0075,75,impression,2026-03-29T18:17:02,A10,0.053
U0075,75,click,2026-03-29T18:17:15,A10,0.053
U0075,42,impression,2026-03-29T18:20:32,A10,0.489
U0075,106,impression,2026-03-29T18:19:29,A10,0.496
U0075,52,impression,2026-03-29T18:20:32,A10,0.446
U0075,90,impression,2026-03-29T18:17:54,A10,0.036
U0075,27,impression,2026-03-29T18:19:34,A10,0.169
U0075,105,impression,2026-03-29T18:21:01,A10,0.087
U0075,39,impression,2026-03-29T18:18:43,A10,0.41
U0075,39,click,2026-03-29T18:18:57,A10,0.41
U0075,36,impression,2026-03-29T18:18:59,A10,0.412
U0075,101,impression,2026-03-29T18:17:21,A10,0.492
U0076,103,impression,2026-02-03T12:30:33,A05,0.064
U0076,35,impression,2026-02-03T12:28:22,A05,0.108
U0076,45,impression,2026-02-03T12:30:56,A05,0.431
U0076,45,click,2026-02-03T12:31:21,A05,0.431
U0076,47,impression,2026-02-03T12:30:08,A05,0.471
U0076,68,impression,2026-02-03T12:30:54,A05,0.102
U0076,94,impression,2026-02-03T12:28:19,A05,0.583
U0076,22,impression,2026-02-03T12:28:17,A05,0.425
U0076,22,click,2026-02-03T12:28:29,A05,0.425
U0076,39,impression,2026-02-03T12:28:42,A05,0.011
U0076,72,impression,2026-04-01T12:24:08,A05,0.01
U0076,104,impression,2026-04-01T12:22:22,A05,0.555
U0076,109,impression,2026-04-01T12:25:01,A05,0.107
U0076,55,impression,2026-04-01T12:23:11,A05,0.07
U0076,21,impression,2026-04-01T12:22:08,A05,0.438
U0076,67,impression,2026-04-01T12:23:18,A05,0.064
U0076,86,impression,2026-04-01T12:25:45,A05,0.42
U0076,107,impression,2026-04-01T12:26:32,A05,0.457
U0076,87,impression,2026-04-01T12:25:07,A05,0.401
U0076,77,impression,2026-04-01T12:24:38,A05,-0.034
U0076,47,impression,2026-04-01T12:24:16,A05,0.5
U0076,106,impression,2026-04-08T20:11:52,A05,0.426
U0076,106,click,2026-04-08T20:12:21,A05,0.426
U0076,87,impression,2026-04-08T20:14:40,A05,0.401
U0076,55,impression,2026-04-08T20:12:23,A05,0.072
U0076,21,impression,2026-04-08T20:14:06,A05,0.452
U0076,107,impression,2026-04-08T20:10:50,A05,0.462
U0076,34,impression,2026-04-08T20:10:01,A05,0.024
U0076,96,impression,2026-04-08T20:11:49,A05,0.028
U0076,74,impression,2026-04-08T20:10:44,A05,0.074
U0076,82,impression,2026-04-09T21:52:40,A05,0.451
U0076,53,impression,2026-04-09T21:51:35,A05,0.012
U0076,90,impression,2026-04-09T21:51:55,A05,0.034
U0076,87,impression,2026-04-09T21:52:02,A05,0.387
U0076,87,click,2026-04-09T21:52:22,A05,0.387
U0076,35,impression,2026-04-09T21:49:27,A05,0.108
U0076,89,impression,2026-04-09T21:52:53,A05,0.683
U0076,89,click,2026-04-09T21:53:16,A05,0.683
U0076,82,impression,2026-03-27T14:54:40,A05,0.452
U0076,89,impression,2026-03-27T14:52:39,A05,0.674
U0076,99,impression,2026-03-27T14:56:38,A05,0.098
U0076,104,impression,2026-03-27T14:55:51,A05,0.559
U0076,79,impression,2026-03-27T14:52:33,A05,0.056
U0076,101,impression,2026-03-27T14:56:12,A05,0.416
U0076,22,impression,2026-03-27T14:54:34,A05,0.466
U0076,52,impression,2026-03-27T14:55:19,A05,0.109
U0076,71,impression,2026-03-27T14:53:47,A05,0.093
U0076,41,impression,2026-04-12T17:32:40,A05,0.484
U0076,31,impression,2026-04-12T17:29:19,A05,0.035
U0076,35,impression,2026-04-12T17:32:36,A05,0.075
U0076,43,impression,2026-04-12T17:28:50,A05,0.449
U0076,104,impression,2026-04-12T17:28:13,A05,0.503
U0076,73,impression,2026-04-12T17:31:25,A05,0.059
U0076,86,impression,2026-04-12T17:28:18,A05,0.486
U0076,50,impression,2026-04-12T17:33:00,A05,0.015
U0076,21,impression,2026-04-12T17:29:15,A05,0.458
U0076,87,impression,2026-04-12T17:32:43,A05,0.379
U0076,60,impression,2026-04-12T17:30:20,A05,0.033
U0077,66,impression,2026-03-11T18:58:27,A09,0.644
U0077,70,impression,2026-03-11T18:58:51,A09,0.476
U0077,70,click,2026-03-11T18:59:02,A09,0.476
U0077,70,cart_add,2026-03-11T19:00:01,A09,0.476
U0077,57,impression,2026-03-11T18:57:16,A09,0.454
U0077,71,impression,2026-03-11T19:01:28,A09,0.634
U0077,105,impression,2026-03-11T18:58:53,A09,0.47
U0077,93,impression,2026-03-11T18:59:23,A09,0.081
U0077,97,impression,2026-03-11T19:01:20,A09,0.041
U0077,85,impression,2026-03-11T18:57:39,A09,0.02
U0077,103,impression,2026-03-11T19:01:07,A09,0.681
U0077,101,impression,2026-03-11T18:57:52,A09,0.075
U0077,92,impression,2026-03-11T18:59:45,A09,0.664
U0077,69,impression,2026-03-11T19:01:34,A09,0.03
U0077,103,impression,2026-02-15T14:42:30,A09,0.707
U0077,103,click,2026-02-15T14:42:55,A09,0.707
U0077,89,impression,2026-02-15T14:43:38,A09,0.017
U0077,100,impression,2026-02-15T14:40:33,A09,0.491
U0077,91,impression,2026-02-15T14:42:43,A09,0.059
U0077,79,impression,2026-02-15T14:44:19,A09,0.486
U0077,106,impression,2026-02-15T14:43:01,A09,0.097
U0077,41,impression,2026-02-15T14:43:51,A09,0.06
U0077,57,impression,2026-02-15T14:41:15,A09,0.426
U0077,27,impression,2026-02-15T14:44:20,A09,0.023
U0077,58,impression,2026-02-15T14:41:46,A09,0.546
U0077,83,impression,2026-02-15T14:40:45,A09,0.424
U0077,90,impression,2026-03-20T20:42:12,A09,0.49
U0077,100,impression,2026-03-20T20:44:33,A09,0.501
U0077,103,impression,2026-03-20T20:46:01,A09,0.688
U0077,77,impression,2026-03-20T20:43:02,A09,-0.006
U0077,66,impression,2026-03-20T20:45:02,A09,0.633
U0077,34,impression,2026-03-20T20:46:09,A09,0.045
U0077,80,impression,2026-03-20T20:42:58,A09,0.103
U0077,63,impression,2026-03-20T20:44:52,A09,0.054
U0077,63,click,2026-03-20T20:44:58,A09,0.054
U0077,65,impression,2026-03-20T20:45:27,A09,0.506
U0077,58,impression,2026-02-10T19:54:04,A09,0.549
U0077,92,impression,2026-02-10T19:55:03,A09,0.599
U0077,105,impression,2026-02-10T19:53:14,A09,0.487
U0077,66,impression,2026-02-10T19:55:58,A09,0.612
U0077,81,impression,2026-02-10T19:57:54,A09,0.06
U0077,30,impression,2026-02-10T19:54:35,A09,0.069
U0077,96,impression,2026-02-10T19:56:32,A09,0.099
U0077,68,impression,2026-02-10T19:56:13,A09,0.616
U0077,55,impression,2026-02-10T19:53:39,A09,0.051
U0077,55,click,2026-02-10T19:53:50,A09,0.051
U0077,100,impression,2026-03-08T11:54:36,A09,0.483
U0077,51,impression,2026-03-08T11:55:09,A09,0.099
U0077,40,impression,2026-03-08T11:51:48,A09,0.084
U0077,65,impression,2026-03-08T11:51:36,A09,0.485
U0077,105,impression,2026-03-08T11:53:21,A09,0.474
U0077,74,impression,2026-02-16T13:21:42,A09,0.101
U0077,66,impression,2026-02-16T13:21:12,A09,0.584
U0077,65,impression,2026-02-16T13:21:16,A09,0.451
U0077,54,impression,2026-02-16T13:21:14,A09,0.085
U0077,83,impression,2026-02-16T13:21:02,A09,0.467
U0078,67,impression,2026-03-15T14:38:31,A03,-0.02
U0078,52,impression,2026-03-15T14:37:32,A03,0.523
U0078,87,impression,2026-03-15T14:39:18,A03,0.463
U0078,101,impression,2026-03-15T14:39:10,A03,0.503
U0078,53,impression,2026-03-15T14:38:12,A03,0.05
U0078,38,impression,2026-03-15T14:38:57,A03,0.501
U0078,64,impression,2026-03-15T14:39:03,A03,0.04
U0078,44,impression,2026-02-09T14:00:08,A03,0.511
U0078,57,impression,2026-02-09T13:59:07,A03,0.011
U0078,32,impression,2026-02-09T14:02:45,A03,0.519
U0078,89,impression,2026-02-09T13:59:48,A03,0.019
U0078,51,impression,2026-02-09T14:03:30,A03,0.415
U0078,60,impression,2026-02-09T13:59:30,A03,0.06
U0078,36,impression,2026-02-09T14:03:05,A03,0.48
U0078,94,impression,2026-02-09T14:00:45,A03,0.499
U0078,70,impression,2026-02-09T13:59:33,A03,0.042
U0078,52,impression,2026-02-09T14:03:33,A03,0.533
U0078,68,impression,2026-02-14T21:01:41,A03,0.092
U0078,31,impression,2026-02-14T21:00:36,A03,0.541
U0078,49,impression,2026-02-14T21:01:40,A03,0.436
U0078,49,click,2026-02-14T21:01:42,A03,0.436
U0078,49,save,2026-02-14T21:01:42,A03,0.436
U0078,93,impression,2026-02-14T21:04:17,A03,0.029
U0078,75,impression,2026-02-14T21:02:51,A03,0.044
U0078,83,impression,2026-02-14T21:02:47,A03,0.012
U0078,33,impression,2026-02-14T21:02:27,A03,0.424
U0078,107,impression,2026-02-14T21:01:18,A03,0.42
U0078,107,click,2026-02-14T21:01:32,A03,0.42
U0078,73,impression,2026-02-14T21:02:43,A03,0.018
U0078,47,impression,2026-02-14T21:00:09,A03,0.547
U0078,47,click,2026-02-14T21:00:37,A03,0.547
U0078,91,impression,2026-02-14T21:04:25,A03,0.466
U0078,91,click,2026-02-14T21:04:30,A03,0.466
U0078,23,impression,2026-02-14T21:02:43,A03,0.413
U0078,105,impression,2026-04-17T11:11:59,A03,0.106
U0078,92,impression,2026-04-17T11:13:10,A03,0.026
U0078,38,impression,2026-04-17T11:13:25,A03,0.496
U0078,51,impression,2026-04-17T11:12:35,A03,0.432
U0078,48,impression,2026-04-17T11:13:32,A03,0.44
U0078,21,impression,2026-04-17T11:11:02,A03,0.453
U0078,21,click,2026-04-17T11:11:21,A03,0.453
U0078,106,impression,2026-04-17T11:11:27,A03,0.437
U0078,30,impression,2026-04-17T11:14:02,A03,0.468
U0078,103,impression,2026-04-17T11:15:02,A03,0.085
U0078,46,impression,2026-04-17T11:13:04,A03,0.092
U0078,55,impression,2026-04-17T11:14:04,A03,0.067
U0078,49,impression,2026-04-17T11:12:58,A03,0.457
U0078,35,impression,2026-04-17T11:11:47,A03,0.493
U0078,52,impression,2026-04-17T11:14:16,A03,0.508
U0078,26,impression,2026-04-17T11:13:50,A03,0.05
U0079,57,impression,2026-03-07T16:50:18,A01,0.568
U0079,106,impression,2026-03-07T16:50:42,A01,0.049
U0079,40,impression,2026-03-07T16:52:47,A01,0.044
U0079,70,impression,2026-03-07T16:51:28,A01,0.719
U0079,70,click,2026-03-07T16:51:49,A01,0.719
U0079,59,impression,2026-03-07T16:50:07,A01,0.659
U0079,59,click,2026-03-07T16:50:14,A01,0.659
U0079,25,impression,2026-03-07T16:52:12,A01,0.504
U0079,74,impression,2026-03-07T16:48:52,A01,0.185
U0079,96,impression,2026-03-07T16:51:54,A01,0.018
U0079,66,impression,2026-03-07T16:51:34,A01,0.08
U0079,81,impression,2026-03-07T16:52:40,A01,0.619
U0079,77,impression,2026-03-07T16:49:48,A01,0.387
U0079,59,impression,2026-03-09T15:36:54,A01,0.605
U0079,45,impression,2026-03-09T15:35:51,A01,0.06
U0079,77,impression,2026-03-09T15:36:40,A01,0.433
U0079,81,impression,2026-03-09T15:37:05,A01,0.554
U0079,81,click,2026-03-09T15:37:31,A01,0.554
U0079,98,impression,2026-03-09T15:36:25,A01,0.496
U0079,39,impression,2026-03-09T15:35:48,A01,0.167
U0079,24,impression,2026-03-09T15:39:06,A01,0.471
U0079,85,impression,2026-03-09T15:35:09,A01,0.66
U0079,93,impression,2026-03-09T15:37:20,A01,0.024
U0079,73,impression,2026-03-09T15:36:02,A01,0.182
U0079,86,impression,2026-03-23T21:16:53,A01,0.05
U0079,45,impression,2026-03-23T21:12:40,A01,0.095
U0079,67,impression,2026-03-23T21:15:31,A01,0.391
U0079,91,impression,2026-03-23T21:14:29,A01,0.003
U0079,90,impression,2026-03-23T21:15:29,A01,0.019
U0079,68,impression,2026-03-23T21:15:30,A01,0.477
U0079,60,impression,2026-03-23T21:13:51,A01,0.545
U0079,72,impression,2026-03-23T21:12:16,A01,0.63
U0079,72,click,2026-03-23T21:12:29,A01,0.63
U0079,72,save,2026-03-23T21:12:29,A01,0.63
U0079,92,impression,2026-03-23T21:12:14,A01,0.487
U0079,92,click,2026-03-23T21:12:39,A01,0.487
U0079,79,impression,2026-03-23T21:16:59,A01,0.437
U0079,79,click,2026-03-23T21:17:24,A01,0.437
U0079,79,save,2026-03-23T21:17:24,A01,0.437
U0079,96,impression,2026-03-23T21:14:19,A01,0.037
U0079,50,impression,2026-03-23T21:15:34,A01,0.102
U0079,57,impression,2026-03-23T21:13:45,A01,0.556
U0079,46,impression,2026-03-23T21:12:51,A01,0.592
U0079,46,click,2026-03-23T21:13:18,A01,0.592
U0079,77,impression,2026-03-06T10:46:05,A01,0.365
U0079,31,impression,2026-03-06T10:46:42,A01,0.038
U0079,55,impression,2026-03-06T10:48:39,A01,0.015
U0079,80,impression,2026-03-06T10:46:19,A01,0.582
U0079,80,click,2026-03-06T10:46:37,A01,0.582
U0079,26,impression,2026-03-06T10:47:00,A01,0.452
U0079,92,impression,2026-04-11T09:47:30,A01,0.499
U0079,92,click,2026-04-11T09:47:37,A01,0.499
U0079,92,save,2026-04-11T09:47:37,A01,0.499
U0079,73,impression,2026-04-11T09:47:49,A01,0.218
U0079,42,impression,2026-04-11T09:47:51,A01,0.104
U0079,45,impression,2026-04-11T09:47:30,A01,0.064
U0079,59,impression,2026-04-11T09:47:50,A01,0.649
U0079,25,impression,2026-04-11T09:51:13,A01,0.493
U0079,25,click,2026-04-11T09:51:42,A01,0.493
U0080,38,impression,2026-02-03T11:22:08,A07,0.095
U0080,107,impression,2026-02-03T11:22:39,A07,0.039
U0080,60,impression,2026-02-03T11:23:43,A07,0.497
U0080,67,impression,2026-02-03T11:23:15,A07,0.388
U0080,59,impression,2026-02-03T11:22:14,A07,0.587
U0080,59,click,2026-02-03T11:22:33,A07,0.587
U0080,34,impression,2026-02-03T11:20:00,A07,0.044
U0080,73,impression,2026-02-03T11:19:38,A07,0.738
U0080,93,impression,2026-02-03T11:21:51,A07,0.578
U0080,93,click,2026-02-03T11:21:53,A07,0.578
U0080,75,impression,2026-02-03T11:20:34,A07,0.747
U0080,88,impression,2026-02-03T11:21:09,A07,0.556
U0080,39,impression,2026-02-03T11:21:45,A07,0.124
U0080,65,impression,2026-02-03T11:21:39,A07,0.026
U0080,109,impression,2026-02-01T11:42:54,A07,0.047
U0080,105,impression,2026-02-01T11:43:25,A07,0.045
U0080,74,impression,2026-02-01T11:44:18,A07,0.686
U0080,74,click,2026-02-01T11:44:23,A07,0.686
U0080,99,impression,2026-02-01T11:40:44,A07,0.714
U0080,80,impression,2026-02-01T11:41:08,A07,0.529
U0080,60,impression,2026-02-01T11:43:07,A07,0.526
U0080,60,click,2026-02-01T11:43:20,A07,0.526
U0080,85,impression,2026-02-01T11:40:42,A07,0.556
U0080,97,impression,2026-02-01T11:42:20,A07,0.11
U0080,93,impression,2026-02-01T11:43:13,A07,0.592
U0080,58,impression,2026-02-01T11:43:35,A07,0.106
U0080,57,impression,2026-03-06T09:51:13,A07,0.024
U0080,59,impression,2026-03-06T09:54:44,A07,0.508
U0080,59,click,2026-03-06T09:54:45,A07,0.508
U0080,40,impression,2026-03-06T09:54:29,A07,0.097
U0080,75,impression,2026-03-06T09:52:32,A07,0.75
U0080,75,click,2026-03-06T09:52:41,A07,0.75
U0080,75,save,2026-03-06T09:52:41,A07,0.75
U0080,35,impression,2026-03-06T09:53:51,A07,0.065
U0080,88,impression,2026-03-06T09:53:10,A07,0.527
U0080,62,impression,2026-03-06T09:50:59,A07,0.5
U0080,101,impression,2026-03-06T09:50:15,A07,0.045
U0080,69,impression,2026-03-06T09:52:40,A07,0.665
U0080,69,click,2026-03-06T09:53:05,A07,0.665
U0080,89,impression,2026-03-06T09:54:31,A07,-0.009
U0080,93,impression,2026-03-06T09:50:03,A07,0.662
U0080,108,impression,2026-03-06T09:51:00,A07,0.534
U0080,30,impression,2026-03-06T09:53:04,A07,0.104
U0080,66,impression,2026-04-13T09:41:52,A07,0.066
U0080,76,impression,2026-04-13T09:39:05,A07,0.098
U0080,36,impression,2026-04-13T09:42:21,A07,0.028
U0080,24,impression,2026-04-13T09:39:54,A07,0.103
U0080,24,click,2026-04-13T09:40:02,A07,0.103
U0080,108,impression,2026-04-13T09:38:12,A07,0.581
U0080,64,impression,2026-04-13T09:42:45,A07,0.033
U0080,60,impression,2026-04-13T09:39:14,A07,0.502
U0080,60,click,2026-04-13T09:39:41,A07,0.502
U0080,59,impression,2026-04-13T09:40:08,A07,0.562
U0080,93,impression,2026-04-13T09:41:26,A07,0.66
U0080,72,impression,2026-04-13T09:40:49,A07,0.491
U0080,73,impression,2026-04-13T09:42:12,A07,0.746
U0080,61,impression,2026-04-13T09:40:36,A07,0.629
U0080,92,impression,2026-02-03T17:50:03,A07,0.052
U0080,79,impression,2026-02-03T17:51:10,A07,0.086
U0080,59,impression,2026-02-03T17:51:24,A07,0.494
U0080,74,impression,2026-02-03T17:48:47,A07,0.694
U0080,66,impression,2026-02-03T17:52:46,A07,0.052
U0080,69,impression,2026-02-03T17:52:42,A07,0.629
U0080,69,click,2026-02-03T17:52:54,A07,0.629
U0080,69,cart_add,2026-02-03T17:53:16,A07,0.629
U0080,67,impression,2026-02-03T17:49:22,A07,0.452
U0080,27,impression,2026-02-03T17:50:31,A07,0.085
U0080,88,impression,2026-02-03T17:52:15,A07,0.561
U0080,62,impression,2026-02-24T14:53:20,A07,0.567
U0080,62,click,2026-02-24T14:53:43,A07,0.567
U0080,74,impression,2026-02-24T14:53:06,A07,0.683
U0080,41,impression,2026-02-24T14:51:55,A07,0.05
U0080,55,impression,2026-02-24T14:54:54,A07,0.044
U0080,67,impression,2026-02-24T14:51:14,A07,0.476
U0080,53,impression,2026-04-05T18:52:55,A07,0.063
U0080,50,impression,2026-04-05T18:52:11,A07,0.012
U0080,61,impression,2026-04-05T18:51:46,A07,0.609
U0080,63,impression,2026-04-05T18:53:31,A07,0.58
U0080,59,impression,2026-04-05T18:52:07,A07,0.55
U0080,59,click,2026-04-05T18:52:10,A07,0.55
U0080,30,impression,2026-04-05T18:52:01,A07,0.087
U0080,67,impression,2026-04-05T18:52:30,A07,0.404
U0080,41,impression,2026-04-05T18:52:47,A07,0.048
U0080,99,impression,2026-04-05T18:51:02,A07,0.749
U0080,72,impression,2026-04-05T18:54:01,A07,0.589
U0080,51,impression,2026-04-05T18:52:02,A07,0.107
U0081,103,impression,2026-04-06T09:23:57,A09,0.668
U0081,70,impression,2026-04-06T09:22:12,A09,0.453
U0081,70,click,2026-04-06T09:22:39,A09,0.453
U0081,36,impression,2026-04-06T09:23:12,A09,0.078
U0081,53,impression,2026-04-06T09:22:01,A09,0.084
U0081,92,impression,2026-04-06T09:22:50,A09,0.601
U0081,65,impression,2026-04-06T09:20:13,A09,0.502
U0081,65,click,2026-04-06T09:20:23,A09,0.502
U0081,100,impression,2026-04-06T09:20:51,A09,0.49
U0081,100,click,2026-04-06T09:20:59,A09,0.49
U0081,100,save,2026-04-06T09:20:59,A09,0.49
U0081,35,impression,2026-04-06T09:22:58,A09,0.073
U0081,86,impression,2026-04-06T09:19:38,A09,0.063
U0081,54,impression,2026-04-06T09:22:45,A09,0.048
U0081,27,impression,2026-04-06T09:22:47,A09,0.084
U0081,27,click,2026-04-06T09:23:11,A09,0.084
U0081,90,impression,2026-04-06T09:20:40,A09,0.486
U0081,57,impression,2026-04-06T09:19:53,A09,0.48
U0081,86,impression,2026-03-30T16:27:37,A09,0.051
U0081,92,impression,2026-03-30T16:28:19,A09,0.632
U0081,92,click,2026-03-30T16:28:22,A09,0.632
U0081,100,impression,2026-03-30T16:30:46,A09,0.473
U0081,100,click,2026-03-30T16:31:07,A09,0.473
U0081,57,impression,2026-03-30T16:29:05,A09,0.43
U0081,57,click,2026-03-30T16:29:12,A09,0.43
U0081,24,impression,2026-03-30T16:28:19,A09,0.046
U0081,65,impression,2026-03-30T16:31:24,A09,0.454
U0081,95,impression,2026-03-30T16:30:08,A09,0.075
U0081,71,impression,2026-03-30T16:27:42,A09,0.661
U0081,71,click,2026-03-30T16:28:10,A09,0.661
U0081,31,impression,2026-03-30T16:27:14,A09,-0.018
U0081,70,impression,2026-03-30T16:29:52,A09,0.434
U0081,39,impression,2026-03-30T16:31:35,A09,0.035
U0081,68,impression,2026-02-20T22:19:34,A09,0.645
U0081,74,impression,2026-02-20T22:19:43,A09,0.02
U0081,66,impression,2026-02-20T22:18:31,A09,0.638
U0081,65,impression,2026-02-20T22:17:54,A09,0.447
U0081,99,impression,2026-02-20T22:16:11,A09,0.102
U0081,99,click,2026-02-20T22:16:15,A09,0.102
U0081,88,impression,2026-02-20T22:18:18,A09,-0.042
U0081,68,impression,2026-02-21T20:29:13,A09,0.668
U0081,66,impression,2026-02-21T20:30:38,A09,0.621
U0081,66,click,2026-02-21T20:30:47,A09,0.621
U0081,65,impression,2026-02-21T20:28:01,A09,0.511
U0081,65,click,2026-02-21T20:28:15,A09,0.511
U0081,46,impression,2026-02-21T20:31:56,A09,0.101
U0081,31,impression,2026-02-21T20:29:47,A09,0.037
U0081,71,impression,2026-02-21T20:27:56,A09,0.663
U0081,71,click,2026-02-21T20:28:18,A09,0.663
U0081,71,save,2026-02-21T20:28:18,A09,0.663
U0081,41,impression,2026-02-21T20:30:49,A09,0.023
U0081,97,impression,2026-02-21T20:28:31,A09,0.081
U0081,78,impression,2026-02-21T20:29:43,A09,0.593
U0081,60,impression,2026-02-21T20:31:59,A09,0.071
U0081,70,impression,2026-02-21T20:29:17,A09,0.436
U0082,64,impression,2026-02-17T18:11:26,A02,0.022
U0082,47,impression,2026-02-17T18:10:54,A02,0.476
U0082,47,click,2026-02-17T18:11:02,A02,0.476
U0082,89,impression,2026-02-17T18:10:51,A02,-0.016
U0082,32,impression,2026-02-17T18:08:13,A02,0.494
U0082,34,impression,2026-02-17T18:08:19,A02,0.399
U0082,70,impression,2026-02-17T18:09:18,A02,0.103
U0082,21,impression,2026-02-17T18:10:22,A02,0.482
U0082,51,impression,2026-02-17T18:10:47,A02,0.487
U0082,51,click,2026-02-17T18:10:54,A02,0.487
U0082,85,impression,2026-02-17T18:11:26,A02,0.024
U0082,90,impression,2026-02-01T10:07:51,A02,0.052
U0082,70,impression,2026-02-01T10:08:20,A02,0.048
U0082,32,impression,2026-02-01T10:08:36,A02,0.508
U0082,69,impression,2026-02-01T10:04:43,A02,0.06
U0082,24,impression,2026-02-01T10:06:51,A02,0.448
U0082,86,impression,2026-02-01T10:06:26,A02,0.435
U0082,22,impression,2026-02-01T10:05:08,A02,0.498
U0082,22,click,2026-02-01T10:05:20,A02,0.498
U0082,107,impression,2026-02-07T10:55:56,A02,0.439
U0082,39,impression,2026-02-07T10:59:31,A02,0.489
U0082,47,impression,2026-02-07T10:55:30,A02,0.499
U0082,57,impression,2026-02-07T10:59:28,A02,0.015
U0082,75,impression,2026-02-07T10:55:18,A02,0.068
U0082,95,impression,2026-02-07T10:55:31,A02,0.074
U0082,65,impression,2026-02-07T10:55:32,A02,-0.013
U0082,32,impression,2026-02-07T10:59:20,A02,0.448
U0083,99,impression,2026-03-15T12:33:19,A02,0.106
U0083,64,impression,2026-03-15T12:33:52,A02,0.056
U0083,90,impression,2026-03-15T12:37:46,A02,0.071
U0083,84,impression,2026-03-15T12:33:52,A02,0.43
U0083,55,impression,2026-03-15T12:37:24,A02,0.021
U0083,36,impression,2026-03-15T12:37:24,A02,0.452
U0083,100,impression,2026-03-15T12:37:51,A02,0.021
U0083,43,impression,2026-03-15T12:36:17,A02,0.653
U0083,77,impression,2026-03-15T12:37:26,A02,0.493
U0083,77,click,2026-03-15T12:37:33,A02,0.493
U0083,54,impression,2026-03-15T12:35:44,A02,0.097
U0083,42,impression,2026-03-15T12:37:34,A02,0.443
U0083,42,click,2026-03-15T12:37:41,A02,0.443
U0083,45,impression,2026-03-15T12:35:58,A02,0.417
U0083,76,impression,2026-03-15T12:34:16,A02,0.454
U0083,40,impression,2026-03-15T12:35:02,A02,0.435
U0083,27,impression,2026-03-15T12:37:20,A02,0.458
U0083,27,click,2026-03-15T12:37:26,A02,0.458
U0083,89,impression,2026-02-13T17:01:46,A02,0.018
U0083,94,impression,2026-02-13T16:59:42,A02,0.112
U0083,107,impression,2026-02-13T16:57:31,A02,0.447
U0083,107,click,2026-02-13T16:57:36,A02,0.447
U0083,81,impression,2026-02-13T16:57:54,A02,0.095
U0083,98,impression,2026-02-13T17:01:38,A02,0.01
U0083,40,impression,2026-02-13T16:57:03,A02,0.429
U0083,91,impression,2026-02-13T17:01:01,A02,0.421
U0083,91,click,2026-02-13T17:01:25,A02,0.421
U0083,87,impression,2026-02-13T16:58:54,A02,0.442
U0083,23,impression,2026-02-13T16:58:25,A02,0.482
U0083,65,impression,2026-02-13T17:01:00,A02,0.039
U0083,25,impression,2026-02-13T16:57:59,A02,0.48
U0083,25,click,2026-02-13T16:58:24,A02,0.48
U0083,44,impression,2026-02-13T17:01:06,A02,0.423
U0083,52,impression,2026-03-22T12:03:06,A02,0.421
U0083,21,impression,2026-03-22T12:03:24,A02,0.453
U0083,69,impression,2026-03-22T12:02:31,A02,0.056
U0083,107,impression,2026-03-22T12:03:13,A02,0.471
U0083,32,impression,2026-03-22T12:02:27,A02,0.433
U0083,64,impression,2026-03-22T12:03:07,A02,0.012
U0083,70,impression,2026-03-22T12:02:24,A02,0.104
U0083,108,impression,2026-03-22T12:03:14,A02,0.189
U0083,104,impression,2026-03-22T12:03:54,A02,0.046
U0083,25,impression,2026-03-22T12:01:33,A02,0.501
U0083,25,click,2026-03-22T12:01:36,A02,0.501
U0083,24,impression,2026-03-22T12:00:06,A02,0.434
U0083,61,impression,2026-03-22T12:02:25,A02,0.046
U0083,26,impression,2026-03-22T12:00:25,A02,0.434
U0083,91,impression,2026-03-22T12:05:00,A02,0.398
U0083,91,click,2026-03-22T12:05:30,A02,0.398
U0083,91,cart_add,2026-03-22T12:06:19,A02,0.398
U0083,50,impression,2026-02-09T15:47:52,A02,0.494
U0083,84,impression,2026-02-09T15:46:44,A02,0.496
U0083,84,click,2026-02-09T15:46:54,A02,0.496
U0083,79,impression,2026-02-09T15:45:45,A02,0.046
U0083,21,impression,2026-02-09T15:49:52,A02,0.421
U0083,60,impression,2026-02-09T15:47:09,A02,0.067
U0083,54,impression,2026-02-09T15:49:18,A02,0.107
U0083,22,impression,2026-02-09T15:48:18,A02,0.508
U0084,100,impression,2026-02-20T10:00:15,A06,0.109
U0084,26,impression,2026-02-20T09:56:20,A06,0.439
U0084,50,impression,2026-02-20T09:57:12,A06,0.479
U0084,50,click,2026-02-20T09:57:25,A06,0.479
U0084,90,impression,2026-02-20T09:59:13,A06,0.077
U0084,96,impression,2026-02-20T09:56:12,A06,0.042
U0084,30,impression,2026-02-20T09:57:46,A06,0.444
U0084,59,impression,2026-02-20T09:56:58,A06,0.06
U0084,98,impression,2026-02-20T09:56:29,A06,0.475
U0084,43,impression,2026-02-26T12:22:22,A06,0.044
U0084,97,impression,2026-02-26T12:21:32,A06,0.544
U0084,81,impression,2026-02-26T12:21:57,A06,0.39
U0084,81,click,2026-02-26T12:22:06,A06,0.39
U0084,49,impression,2026-02-26T12:20:45,A06,0.052
U0084,38,impression,2026-02-26T12:21:27,A06,0.452
U0084,84,impression,2026-02-26T12:24:22,A06,0.554
U0084,24,impression,2026-02-26T12:21:10,A06,0.418
U0084,71,impression,2026-02-26T12:20:34,A06,0.053
U0084,44,impression,2026-02-26T12:24:52,A06,0.108
U0084,41,impression,2026-02-26T12:22:11,A06,0.056
U0084,32,impression,2026-02-26T12:22:57,A06,0.495
U0084,97,impression,2026-03-01T10:55:28,A06,0.552
U0084,37,impression,2026-03-01T10:57:59,A06,0.419
U0084,25,impression,2026-03-01T10:54:11,A06,0.48
U0084,22,impression,2026-03-01T10:57:02,A06,0.071
U0084,68,impression,2026-03-01T10:56:02,A06,0.083
U0084,72,impression,2026-03-01T10:53:53,A06,0.086
U0084,96,impression,2026-04-04T15:33:23,A06,0.083
U0084,68,impression,2026-04-04T15:31:22,A06,0.088
U0084,51,impression,2026-04-04T15:31:21,A06,0.45
U0084,51,click,2026-04-04T15:31:35,A06,0.45
U0084,38,impression,2026-04-04T15:30:05,A06,0.479
U0084,57,impression,2026-04-04T15:33:49,A06,0.079
U0084,50,impression,2026-04-04T15:33:22,A06,0.419
U0084,84,impression,2026-03-14T11:11:12,A06,0.528
U0084,78,impression,2026-03-14T11:15:45,A06,0.029
U0084,24,impression,2026-03-14T11:11:12,A06,0.484
U0084,43,impression,2026-03-14T11:13:28,A06,0.102
U0084,35,impression,2026-03-14T11:14:18,A06,0.454
U0084,81,impression,2026-03-14T11:12:36,A06,0.44
U0084,97,impression,2026-03-14T11:12:11,A06,0.585
U0084,95,impression,2026-03-14T11:14:00,A06,0.105
U0084,71,impression,2026-03-14T11:11:47,A06,0.045
U0084,61,impression,2026-03-14T11:11:58,A06,0.054
U0084,75,impression,2026-03-14T11:14:39,A06,0.041
U0084,46,impression,2026-03-14T11:14:04,A06,0.492
U0084,52,impression,2026-03-14T11:12:34,A06,0.41
U0084,43,impression,2026-02-24T17:28:11,A06,0.067
U0084,25,impression,2026-02-24T17:30:56,A06,0.469
U0084,25,click,2026-02-24T17:31:02,A06,0.469
U0084,79,impression,2026-02-24T17:29:47,A06,0.051
U0084,46,impression,2026-02-24T17:28:08,A06,0.468
U0084,53,impression,2026-02-24T17:28:06,A06,0.099
U0084,22,impression,2026-02-24T17:29:40,A06,0.06
U0084,22,click,2026-02-24T17:29:45,A06,0.06
U0084,59,impression,2026-02-24T17:31:36,A06,0.1
U0084,24,impression,2026-02-24T17:32:53,A06,0.48
U0084,37,impression,2026-02-24T17:30:27,A06,0.434
U0084,50,impression,2026-02-24T17:30:47,A06,0.48
U0084,33,impression,2026-02-24T17:28:47,A06,0.488
U0084,84,impression,2026-02-24T17:30:36,A06,0.566
U0084,44,impression,2026-02-24T17:31:08,A06,0.076
U0085,100,impression,2026-03-05T09:48:17,A03,0.077
U0085,106,impression,2026-03-05T09:50:47,A03,0.489
U0085,35,impression,2026-03-05T09:49:00,A03,0.433
U0085,40,impression,2026-03-05T09:47:21,A03,0.584
U0085,51,impression,2026-03-05T09:47:50,A03,0.493
U0085,62,impression,2026-03-05T09:48:33,A03,0.049
U0085,69,impression,2026-03-05T09:46:15,A03,0.034
U0085,64,impression,2026-03-05T09:50:02,A03,0.091
U0085,71,impression,2026-03-05T09:50:20,A03,0.057
U0085,47,impression,2026-03-05T09:47:21,A03,0.519
U0085,101,impression,2026-03-05T09:50:47,A03,0.475
U0085,101,click,2026-03-05T09:51:14,A03,0.475
U0085,100,impression,2026-03-28T18:45:28,A03,0.03
U0085,71,impression,2026-03-28T18:45:40,A03,0.086
U0085,37,impression,2026-03-28T18:47:48,A03,0.48
U0085,37,click,2026-03-28T18:48:12,A03,0.48
U0085,106,impression,2026-03-28T18:46:41,A03,0.507
U0085,23,impression,2026-03-28T18:46:56,A03,0.489
U0085,27,impression,2026-03-28T18:44:02,A03,0.097
U0085,22,impression,2026-03-28T18:44:32,A03,0.503
U0085,47,impression,2026-03-28T18:46:59,A03,0.524
U0085,47,click,2026-03-28T18:47:01,A03,0.524
U0085,50,impression,2026-03-28T18:46:33,A03,0.474
U0085,26,impression,2026-03-28T18:45:34,A03,0.012
U0085,31,impression,2026-02-13T13:17:54,A03,0.526
U0085,31,click,2026-02-13T13:18:22,A03,0.526
U0085,35,impression,2026-02-13T13:15:15,A03,0.498
U0085,35,click,2026-02-13T13:15:29,A03,0.498
U0085,62,impression,2026-02-13T13:15:56,A03,0.028
U0085,43,impression,2026-02-13T13:16:06,A03,0.415
U0085,97,impression,2026-02-13T13:17:43,A03,0.063
U0085,105,impression,2026-02-13T13:15:29,A03,0.045
U0085,41,impression,2026-02-13T13:16:40,A03,0.418
U0085,91,impression,2026-02-13T13:13:41,A03,0.525
U0085,52,impression,2026-02-13T13:13:40,A03,0.522
U0085,80,impression,2026-02-13T13:15:35,A03,0.1
U0085,78,impression,2026-03-18T14:51:37,A03,0.027
U0085,41,impression,2026-03-18T14:49:00,A03,0.436
U0085,77,impression,2026-03-18T14:51:46,A03,0.033
U0085,63,impression,2026-03-18T14:48:30,A03,0.011
U0085,74,impression,2026-03-18T14:51:40,A03,0.033
U0085,86,impression,2026-03-18T14:50:00,A03,0.489
U0085,82,impression,2026-03-18T14:48:37,A03,0.63
U0085,54,impression,2026-03-18T14:48:30,A03,0.059
U0085,44,impression,2026-03-18T14:50:48,A03,0.493
U0085,42,impression,2026-03-18T14:52:36,A03,0.492
U0085,42,click,2026-03-18T14:53:03,A03,0.492
U0085,60,impression,2026-03-18T14:51:45,A03,0.082
U0085,23,impression,2026-03-18T14:49:28,A03,0.49
U0085,91,impression,2026-03-18T14:49:57,A03,0.467
U0085,32,impression,2026-03-18T14:52:44,A03,0.543
U0085,35,impression,2026-03-18T14:52:17,A03,0.414
U0086,37,impression,2026-03-10T19:11:01,A06,0.465
U0086,37,click,2026-03-10T19:11:10,A06,0.465
U0086,72,impression,2026-03-10T19:12:13,A06,0.047
U0086,30,impression,2026-03-10T19:09:32,A06,0.471
U0086,30,click,2026-03-10T19:09:43,A06,0.471
U0086,30,cart_add,2026-03-10T19:10:06,A06,0.471
U0086,95,impression,2026-03-10T19:09:43,A06,0.029
U0086,81,impression,2026-03-10T19:11:33,A06,0.456
U0086,61,impression,2026-03-20T13:02:59,A06,0.025
U0086,97,impression,2026-03-20T13:01:59,A06,0.557
U0086,107,impression,2026-03-20T13:00:53,A06,0.049
U0086,84,impression,2026-03-20T12:59:49,A06,0.581
U0086,25,impression,2026-03-20T13:01:38,A06,0.456
U0086,25,click,2026-03-20T13:01:58,A06,0.456
U0086,25,save,2026-03-20T13:01:58,A06,0.456
U0086,25,cart_add,2026-03-20T13:02:35,A06,0.456
U0086,56,impression,2026-03-20T12:59:19,A06,0.092
U0086,32,impression,2026-04-17T17:16:40,A06,0.447
U0086,32,click,2026-04-17T17:16:49,A06,0.447
U0086,32,cart_add,2026-04-17T17:17:05,A06,0.447
U0086,32,order,2026-04-17T17:42:05,A06,0.447
U0086,81,impression,2026-04-17T17:19:26,A06,0.45
U0086,26,impression,2026-04-17T17:15:17,A06,0.459
U0086,89,impression,2026-04-17T17:17:38,A06,0.049
U0086,101,impression,2026-04-17T17:16:27,A06,0.098
U0086,77,impression,2026-04-17T17:18:51,A06,0.485
U0086,46,impression,2026-04-17T17:15:24,A06,0.41
U0086,107,impression,2026-04-17T17:16:45,A06,0.07
U0086,55,impression,2026-04-17T17:18:55,A06,0.078
U0086,40,impression,2026-04-17T17:15:35,A06,0.04
U0086,36,impression,2026-04-17T17:17:02,A06,0.482
U0086,52,impression,2026-04-11T17:08:05,A06,0.42
U0086,103,impression,2026-04-11T17:10:39,A06,0.016
U0086,57,impression,2026-04-11T17:06:50,A06,0.025
U0086,26,impression,2026-04-11T17:07:26,A06,0.476
U0086,33,impression,2026-04-11T17:06:16,A06,0.434
U0086,69,impression,2026-02-26T19:50:05,A06,0.075
U0086,96,impression,2026-02-26T19:46:06,A06,0.084
U0086,51,impression,2026-02-26T19:48:36,A06,0.461
U0086,38,impression,2026-02-26T19:47:34,A06,0.453
U0086,38,click,2026-02-26T19:47:35,A06,0.453
U0086,97,impression,2026-02-26T19:46:51,A06,0.56
U0086,56,impression,2026-02-26T19:46:04,A06,0.107
U0087,22,impression,2026-03-03T13:39:01,A03,0.452
U0087,22,click,2026-03-03T13:39:14,A03,0.452
U0087,33,impression,2026-03-03T13:36:35,A03,0.421
U0087,24,impression,2026-03-03T13:37:00,A03,0.06
U0087,78,impression,2026-03-03T13:35:59,A03,0.083
U0087,102,impression,2026-03-03T13:39:16,A03,0.478
U0087,48,impression,2026-03-03T13:38:37,A03,0.424
U0087,38,impression,2026-03-03T13:35:54,A03,0.445
U0087,38,click,2026-03-03T13:36:07,A03,0.445
U0087,83,impression,2026-03-03T13:39:38,A03,0.088
U0087,71,impression,2026-03-03T13:38:06,A03,0.013
U0087,106,impression,2026-03-03T13:36:40,A03,0.456
U0087,96,impression,2026-04-09T16:47:56,A03,0.01
U0087,35,impression,2026-04-09T16:47:49,A03,0.456
U0087,23,impression,2026-04-09T16:47:52,A03,0.427
U0087,67,impression,2026-04-09T16:48:56,A03,0.01
U0087,46,impression,2026-04-09T16:51:32,A03,0.045
U0087,37,impression,2026-04-09T16:50:32,A03,0.431
U0087,40,impression,2026-04-09T16:49:08,A03,0.493
U0087,72,impression,2026-04-09T16:51:49,A03,0.048
U0087,45,impression,2026-04-09T16:51:07,A03,0.461
U0087,105,impression,2026-02-28T15:35:29,A03,0.058
U0087,44,impression,2026-02-28T15:37:23,A03,0.55
U0087,44,click,2026-02-28T15:37:53,A03,0.55
U0087,90,impression,2026-02-28T15:36:14,A03,0.104
U0087,41,impression,2026-02-28T15:38:51,A03,0.418
U0087,41,click,2026-02-28T15:39:08,A03,0.418
U0087,107,impression,2026-02-28T15:35:10,A03,0.462
U0087,107,click,2026-02-28T15:35:14,A03,0.462
U0087,73,impression,2026-02-28T15:38:25,A03,0.109
U0087,49,impression,2026-02-28T15:39:05,A03,0.495
U0087,95,impression,2026-02-28T15:39:26,A03,0.055
U0087,22,impression,2026-02-28T15:39:04,A03,0.493
U0087,62,impression,2026-02-28T15:38:49,A03,0.068
U0087,42,impression,2026-02-28T15:36:22,A03,0.416
U0087,21,impression,2026-02-28T15:39:11,A03,0.423
U0087,21,click,2026-02-28T15:39:20,A03,0.423
U0087,100,impression,2026-02-28T15:38:33,A03,0.044
U0087,33,impression,2026-02-13T17:41:36,A03,0.42
U0087,101,impression,2026-02-13T17:43:47,A03,0.432
U0087,99,impression,2026-02-13T17:40:48,A03,0.019
U0087,74,impression,2026-02-13T17:43:57,A03,0.079
U0087,63,impression,2026-02-13T17:43:31,A03,0.015
U0087,68,impression,2026-02-13T17:39:24,A03,0.027
U0087,54,impression,2026-02-13T17:39:06,A03,0.031
U0087,107,impression,2026-02-13T17:43:12,A03,0.453
U0087,97,impression,2026-02-13T17:40:27,A03,0.09
U0087,86,impression,2026-02-13T17:40:39,A03,0.432
U0087,21,impression,2026-02-13T17:41:03,A03,0.422
U0087,21,click,2026-02-13T17:41:23,A03,0.422
U0087,31,impression,2026-02-13T17:39:23,A03,0.518
U0087,48,impression,2026-02-13T17:39:28,A03,0.47
U0088,47,impression,2026-03-18T20:19:34,A01,0.017
U0088,107,impression,2026-03-18T20:18:34,A01,0.178
U0088,62,impression,2026-03-18T20:20:10,A01,0.094
U0088,81,impression,2026-03-18T20:19:31,A01,0.632
U0088,77,impression,2026-03-18T20:19:33,A01,0.366
U0088,42,impression,2026-03-18T20:18:19,A01,0.051
U0088,68,impression,2026-03-18T20:19:59,A01,0.464
U0088,103,impression,2026-03-18T20:20:12,A01,0.436
U0088,103,click,2026-03-18T20:20:19,A01,0.436
U0088,59,impression,2026-03-18T20:18:48,A01,0.602
U0088,98,impression,2026-03-18T20:18:26,A01,0.512
U0088,25,impression,2026-02-02T21:55:20,A01,0.447
U0088,25,click,2026-02-02T21:55:49,A01,0.447
U0088,92,impression,2026-02-02T21:54:39,A01,0.457
U0088,77,impression,2026-02-02T21:52:09,A01,0.403
U0088,77,click,2026-02-02T21:52:31,A01,0.403
U0088,31,impression,2026-02-02T21:52:32,A01,-0.019
U0088,88,impression,2026-02-02T21:52:27,A01,0.02
U0088,67,impression,2026-02-02T21:51:48,A01,0.475
U0088,68,impression,2026-02-02T21:52:57,A01,0.463
U0088,72,impression,2026-02-02T21:53:05,A01,0.576
U0088,72,click,2026-02-02T21:53:13,A01,0.576
U0088,81,impression,2026-02-02T21:55:38,A01,0.546
U0088,81,click,2026-02-02T21:56:04,A01,0.546
U0088,69,impression,2026-02-02T21:55:43,A01,0.04
U0088,44,impression,2026-02-02T21:51:15,A01,0.037
U0088,105,impression,2026-02-02T21:54:08,A01,0.038
U0088,105,click,2026-02-02T21:54:28,A01,0.038
U0088,24,impression,2026-02-12T10:42:28,A01,0.509
U0088,103,impression,2026-02-12T10:45:17,A01,0.492
U0088,50,impression,2026-02-12T10:42:36,A01,0.077
U0088,50,click,2026-02-12T10:42:43,A01,0.077
U0088,63,impression,2026-02-12T10:46:55,A01,0.037
U0088,60,impression,2026-02-12T10:43:29,A01,0.508
U0088,60,click,2026-02-12T10:43:42,A01,0.508
U0088,26,impression,2026-02-12T10:45:36,A01,0.476
U0088,77,impression,2026-02-12T10:46:51,A01,0.433
U0088,71,impression,2026-02-12T10:45:16,A01,0.033
U0088,68,impression,2026-02-12T10:42:33,A01,0.435
U0088,98,impression,2026-02-12T10:43:38,A01,0.544
U0088,39,impression,2026-02-12T10:43:58,A01,0.092
U0088,33,impression,2026-02-12T10:44:23,A01,0.041
U0088,47,impression,2026-02-12T10:44:30,A01,0.096
U0088,47,click,2026-02-12T10:44:44,A01,0.096
U0088,62,impression,2026-02-25T13:30:19,A01,0.083
U0088,64,impression,2026-02-25T13:28:27,A01,0.091
U0088,67,impression,2026-02-25T13:30:47,A01,0.405
U0088,67,click,2026-02-25T13:31:07,A01,0.405
U0088,81,impression,2026-02-25T13:29:50,A01,0.579
U0088,81,click,2026-02-25T13:30:01,A01,0.579
U0088,81,cart_add,2026-02-25T13:31:01,A01,0.579
U0088,61,impression,2026-02-25T13:30:46,A01,0.187
U0088,58,impression,2026-02-25T13:29:11,A01,0.504
U0088,98,impression,2026-02-25T13:30:05,A01,0.578
U0088,54,impression,2026-02-25T13:28:07,A01,0.097
U0088,80,impression,2026-03-27T13:22:54,A01,0.566
U0088,80,click,2026-03-27T13:23:12,A01,0.566
U0088,27,impression,2026-03-27T13:22:25,A01,0.493
U0088,32,impression,2026-03-27T13:23:25,A01,0.071
U0088,92,impression,2026-03-27T13:23:42,A01,0.462
U0088,82,impression,2026-03-27T13:24:56,A01,0.069
U0088,94,impression,2026-03-27T13:20:54,A01,0.012
U0088,68,impression,2026-03-27T13:20:11,A01,0.495
U0088,65,impression,2026-03-27T13:23:41,A01,0.047
U0088,103,impression,2026-02-11T22:18:29,A01,0.448
U0088,98,impression,2026-02-11T22:17:32,A01,0.579
U0088,98,click,2026-02-11T22:17:55,A01,0.579
U0088,49,impression,2026-02-11T22:19:42,A01,0.071
U0088,24,impression,2026-02-11T22:18:22,A01,0.443
U0088,96,impression,2026-02-11T22:18:51,A01,0.101
U0088,40,impression,2026-02-11T22:20:55,A01,0.051
U0088,58,impression,2026-02-11T22:18:55,A01,0.433
U0088,26,impression,2026-02-11T22:18:15,A01,0.424
U0088,53,impression,2026-02-11T22:19:42,A01,0.09
U0088,79,impression,2026-02-11T22:20:34,A01,0.493
U0088,81,impression,2026-02-11T22:19:48,A01,0.635
U0088,81,click,2026-02-11T22:19:50,A01,0.635
U0088,62,impression,2026-02-11T22:18:03,A01,0.108
U0088,50,impression,2026-02-11T22:20:11,A01,0.097
U0088,60,impression,2026-02-11T22:19:12,A01,0.507
U0089,41,impression,2026-04-07T21:08:10,A02,0.425
U0089,74,impression,2026-04-07T21:08:03,A02,0.062
U0089,90,impression,2026-04-07T21:06:47,A02,0.032
U0089,72,impression,2026-04-07T21:05:39,A02,0.015
U0089,53,impression,2026-04-07T21:06:35,A02,0.032
U0089,102,impression,2026-04-07T21:06:12,A02,0.431
U0089,57,impression,2026-04-07T21:07:13,A02,0.088
U0089,107,impression,2026-04-07T21:05:59,A02,0.482
U0089,107,click,2026-04-07T21:06:02,A02,0.482
U0089,24,impression,2026-04-07T21:07:45,A02,0.432
U0089,35,impression,2026-04-07T21:04:24,A02,0.419
U0089,48,impression,2026-04-07T21:05:03,A02,0.432
U0089,86,impression,2026-04-07T21:07:02,A02,0.44
U0089,38,impression,2026-04-07T21:05:28,A02,0.499
U0089,66,impression,2026-04-07T21:07:18,A02,0.099
U0089,50,impression,2026-04-07T21:08:35,A02,0.449
U0089,82,impression,2026-02-06T17:42:58,A02,0.458
U0089,101,impression,2026-02-06T17:39:12,A02,0.538
U0089,101,click,2026-02-06T17:39:17,A02,0.538
U0089,101,save,2026-02-06T17:39:17,A02,0.538
U0089,102,impression,2026-02-06T17:42:01,A02,0.452
U0089,102,click,2026-02-06T17:42:21,A02,0.452
U0089,67,impression,2026-02-06T17:41:42,A02,-0.011
U0089,40,impression,2026-02-06T17:40:46,A02,0.487
U0089,40,click,2026-02-06T17:41:05,A02,0.487
U0089,40,save,2026-02-06T17:41:05,A02,0.487
U0089,40,cart_add,2026-02-06T17:41:55,A02,0.487
U0089,70,impression,2026-02-06T17:39:17,A02,0.095
U0089,105,impression,2026-02-06T17:42:02,A02,0.047
U0089,39,impression,2026-02-06T17:41:28,A02,0.425
U0089,90,impression,2026-02-06T17:43:28,A02,0.044
U0089,103,impression,2026-02-06T17:42:36,A02,0.09
U0089,107,impression,2026-02-06T17:40:32,A02,0.444
U0089,47,impression,2026-02-06T17:40:06,A02,0.496
U0089,108,impression,2026-02-06T17:39:16,A02,0.133
U0089,97,impression,2026-02-02T22:02:52,A02,0.419
U0089,96,impression,2026-02-02T22:03:50,A02,0.042
U0089,22,impression,2026-02-02T22:04:21,A02,0.455
U0089,26,impression,2026-02-02T22:04:36,A02,0.418
U0089,25,impression,2026-02-02T22:02:47,A02,0.448
U0089,71,impression,2026-02-02T22:05:29,A02,0.086
U0089,76,impression,2026-02-02T22:04:23,A02,0.477
U0089,67,impression,2026-02-02T22:05:30,A02,0.053
U0089,55,impression,2026-02-02T22:05:16,A02,0.075
U0089,31,impression,2026-02-19T20:40:24,A02,0.408
U0089,73,impression,2026-02-19T20:39:01,A02,0.079
U0089,47,impression,2026-02-19T20:40:35,A02,0.467
U0089,49,impression,2026-02-19T20:39:08,A02,0.501
U0089,98,impression,2026-02-19T20:41:03,A02,0.094
U0089,57,impression,2026-03-27T12:00:04,A02,0.041
U0089,24,impression,2026-03-27T11:58:46,A02,0.469
U0089,39,impression,2026-03-27T12:02:16,A02,0.483
U0089,25,impression,2026-03-27T12:00:33,A02,0.431
U0089,65,impression,2026-03-27T11:58:01,A02,0.043
U0089,45,impression,2026-03-27T12:00:24,A02,0.471
U0089,45,click,2026-03-27T12:00:54,A02,0.471
U0089,56,impression,2026-03-27T11:59:55,A02,0.027
U0090,92,impression,2026-03-01T22:25:07,A09,0.667
U0090,92,click,2026-03-01T22:25:29,A09,0.667
U0090,64,impression,2026-03-01T22:23:40,A09,0.061
U0090,98,impression,2026-03-01T22:25:34,A09,0.104
U0090,79,impression,2026-03-01T22:22:40,A09,0.463
U0090,90,impression,2026-03-01T22:26:29,A09,0.505
U0090,85,impression,2026-03-01T22:23:25,A09,0.046
U0090,63,impression,2026-04-04T17:39:31,A09,0.086
U0090,44,impression,2026-04-04T17:38:49,A09,0.031
U0090,83,impression,2026-04-04T17:42:52,A09,0.441
U0090,83,click,2026-04-04T17:43:21,A09,0.441
U0090,83,cart_add,2026-04-04T17:43:29,A09,0.441
U0090,103,impression,2026-04-04T17:38:33,A09,0.746
U0090,70,impression,2026-04-04T17:39:36,A09,0.497
U0090,57,impression,2026-04-04T17:39:28,A09,0.48
U0090,100,impression,2026-04-04T17:41:09,A09,0.426
U0090,92,impression,2026-04-04T17:40:03,A09,0.644
U0090,102,impression,2026-04-04T17:43:00,A09,0.095
U0090,32,impression,2026-04-04T17:38:32,A09,0.02
U0090,54,impression,2026-02-20T16:59:44,A09,0.105
U0090,105,impression,2026-02-20T16:59:37,A09,0.429
U0090,68,impression,2026-02-20T17:01:32,A09,0.615
U0090,68,click,2026-02-20T17:01:55,A09,0.615
U0090,68,save,2026-02-20T17:01:55,A09,0.615
U0090,68,cart_add,2026-02-20T17:02:47,A09,0.615
U0090,84,impression,2026-02-20T16:59:35,A09,0.071
U0090,48,impression,2026-02-20T17:00:53,A09,0.041
U0090,34,impression,2026-02-20T17:00:41,A09,0.064
U0090,103,impression,2026-02-20T16:59:46,A09,0.73
U0090,58,impression,2026-02-20T17:01:45,A09,0.52
U0090,71,impression,2026-02-24T18:37:52,A09,0.663
U0090,71,click,2026-02-24T18:37:56,A09,0.663
U0090,42,impression,2026-02-24T18:40:14,A09,0.108
U0090,73,impression,2026-02-24T18:37:30,A09,0.019
U0090,83,impression,2026-02-24T18:41:29,A09,0.499
U0090,59,impression,2026-02-24T18:39:08,A09,0.026
U0090,65,impression,2026-02-24T18:40:27,A09,0.514
U0090,84,impression,2026-03-26T22:34:18,A09,0.063
U0090,58,impression,2026-03-26T22:32:44,A09,0.57
U0090,65,impression,2026-03-26T22:36:51,A09,0.441
U0090,98,impression,2026-03-26T22:35:00,A09,0.076
U0090,103,impression,2026-03-26T22:36:42,A09,0.726
U0090,75,impression,2026-03-26T22:33:43,A09,0.015
U0090,90,impression,2026-03-26T22:35:57,A09,0.413
U0090,58,impression,2026-03-07T17:21:14,A09,0.519
U0090,58,click,2026-03-07T17:21:44,A09,0.519
U0090,105,impression,2026-03-07T17:24:03,A09,0.452
U0090,92,impression,2026-03-07T17:23:14,A09,0.659
U0090,74,impression,2026-03-07T17:23:54,A09,0.09
U0090,74,click,2026-03-07T17:24:13,A09,0.09
U0090,68,impression,2026-03-07T17:25:59,A09,0.633
U0090,66,impression,2026-03-07T17:23:12,A09,0.614
U0090,66,click,2026-03-07T17:23:16,A09,0.614
U0090,34,impression,2026-03-07T17:24:40,A09,0.064
U0090,65,impression,2026-03-07T17:25:46,A09,0.462
U0090,46,impression,2026-03-07T17:25:21,A09,0.056
U0090,41,impression,2026-03-07T17:23:57,A09,0.098
U0090,79,impression,2026-03-07T17:23:01,A09,0.508
U0090,79,click,2026-03-07T17:23:14,A09,0.508
U0090,79,cart_add,2026-03-07T17:24:00,A09,0.508
U0090,78,impression,2026-03-07T17:21:11,A09,0.663
U0090,72,impression,2026-03-07T17:22:39,A09,0.109
U0090,62,impression,2026-03-07T17:23:23,A09,0.011
U0091,55,impression,2026-03-30T10:48:47,A08,0.709
U0091,103,impression,2026-03-30T10:49:50,A08,0.051
U0091,97,impression,2026-03-30T10:50:49,A08,0.092
U0091,109,impression,2026-03-30T10:51:21,A08,0.423
U0091,96,impression,2026-03-30T10:50:10,A08,0.491
U0091,58,impression,2026-03-30T10:51:26,A08,0.086
U0091,56,impression,2026-03-30T10:51:31,A08,0.463
U0091,105,impression,2026-03-30T10:49:16,A08,0.603
U0091,90,impression,2026-03-30T10:52:33,A08,0.587
U0091,64,impression,2026-03-30T10:49:21,A08,0.097
U0091,44,impression,2026-03-30T10:52:34,A08,0.026
U0091,68,impression,2026-03-30T10:48:56,A08,0.086
U0091,53,impression,2026-03-30T10:51:11,A08,0.505
U0091,53,click,2026-03-30T10:51:25,A08,0.505
U0091,54,impression,2026-03-30T10:50:32,A08,0.453
U0091,62,impression,2026-03-27T17:02:04,A08,0.018
U0091,51,impression,2026-03-27T17:00:48,A08,0.044
U0091,53,impression,2026-03-27T17:02:17,A08,0.506
U0091,102,impression,2026-03-27T17:02:35,A08,0.059
U0091,109,impression,2026-03-27T16:58:44,A08,0.507
U0091,96,impression,2026-03-27T17:00:29,A08,0.416
U0091,100,impression,2026-03-27T16:59:20,A08,0.529
U0091,68,impression,2026-03-27T16:59:01,A08,0.042
U0091,56,impression,2026-03-27T17:02:12,A08,0.475
U0091,89,impression,2026-03-27T17:00:17,A08,0.008
U0091,83,impression,2026-03-27T17:00:42,A08,0.526
U0091,83,click,2026-03-27T17:00:54,A08,0.526
U0091,93,impression,2026-02-15T18:27:23,A08,0.027
U0091,71,impression,2026-02-15T18:29:37,A08,0.062
U0091,90,impression,2026-02-15T18:26:25,A08,0.591
U0091,49,impression,2026-02-15T18:25:24,A08,0.051
U0091,95,impression,2026-02-15T18:27:10,A08,0.622
U0091,53,impression,2026-02-15T18:25:42,A08,0.559
U0091,104,impression,2026-02-15T18:25:17,A08,0.177
U0091,46,impression,2026-02-15T18:26:40,A08,0.084
U0091,56,impression,2026-02-15T18:25:36,A08,0.465
U0091,109,impression,2026-02-15T18:26:52,A08,0.443
U0091,105,impression,2026-02-15T18:29:29,A08,0.594
U0091,100,impression,2026-02-15T18:29:08,A08,0.589
U0091,100,click,2026-02-15T18:29:20,A08,0.589
U0091,55,impression,2026-02-03T14:16:18,A08,0.724
U0091,105,impression,2026-02-03T14:15:21,A08,0.606
U0091,105,click,2026-02-03T14:15:24,A08,0.606
U0091,96,impression,2026-02-03T14:16:51,A08,0.507
U0091,53,impression,2026-02-03T14:19:14,A08,0.576
U0091,54,impression,2026-02-03T14:19:41,A08,0.497
U0091,54,click,2026-02-03T14:20:11,A08,0.497
U0091,109,impression,2026-02-03T14:18:09,A08,0.436
U0091,77,impression,2026-02-03T14:17:16,A08,0.099
U0091,92,impression,2026-02-03T14:18:48,A08,0.05
U0091,95,impression,2026-02-03T14:15:11,A08,0.648
U0091,27,impression,2026-02-03T14:15:42,A08,0.083
U0091,40,impression,2026-02-03T14:19:51,A08,0.099
U0091,56,impression,2026-02-03T14:15:33,A08,0.471
U0091,49,impression,2026-02-03T14:15:35,A08,0.047
U0091,69,impression,2026-02-03T14:17:21,A08,0.078
U0091,90,impression,2026-03-12T18:52:47,A08,0.597
U0091,45,impression,2026-03-12T18:51:43,A08,0.048
U0091,95,impression,2026-03-12T18:49:09,A08,0.574
U0091,54,impression,2026-03-12T18:51:14,A08,0.44
U0091,56,impression,2026-03-12T18:51:36,A08,0.481
U0091,56,click,2026-03-12T18:52:01,A08,0.481
U0091,101,impression,2026-03-12T18:51:52,A08,0.059
U0091,62,impression,2026-03-12T18:50:29,A08,0.09
U0092,96,impression,2026-04-16T13:51:14,A02,0.092
U0092,45,impression,2026-04-16T13:50:28,A02,0.458
U0092,59,impression,2026-04-16T13:53:16,A02,0.047
U0092,75,impression,2026-04-16T13:50:54,A02,0.035
U0092,49,impression,2026-04-16T13:53:09,A02,0.475
U0092,55,impression,2026-04-16T13:51:48,A02,0.049
U0092,38,impression,2026-04-16T13:50:49,A02,0.447
U0092,36,impression,2026-04-16T13:51:01,A02,0.441
U0092,42,impression,2026-04-16T13:52:10,A02,0.464
U0092,30,impression,2026-04-16T13:53:58,A02,0.412
U0092,106,impression,2026-04-16T13:53:08,A02,0.094
U0092,82,impression,2026-04-16T13:53:09,A02,0.44
U0092,24,impression,2026-04-16T13:52:29,A02,0.46
U0092,85,impression,2026-04-16T13:53:31,A02,0.026
U0092,65,impression,2026-03-06T19:40:52,A02,-0.038
U0092,50,impression,2026-03-06T19:43:47,A02,0.491
U0092,35,impression,2026-03-06T19:44:12,A02,0.42
U0092,67,impression,2026-03-06T19:42:05,A02,0.029
U0092,33,impression,2026-03-06T19:42:58,A02,0.422
U0092,103,impression,2026-03-06T19:40:21,A02,0.067
U0092,30,impression,2026-02-28T16:21:16,A02,0.485
U0092,53,impression,2026-02-28T16:20:18,A02,0.089
U0092,76,impression,2026-02-28T16:21:41,A02,0.459
U0092,98,impression,2026-02-28T16:22:30,A02,0.028
U0092,49,impression,2026-02-28T16:21:23,A02,0.478
U0092,58,impression,2026-02-28T16:21:06,A02,0.026
U0092,22,impression,2026-02-28T16:22:41,A02,0.488
U0092,35,impression,2026-02-28T16:21:37,A02,0.502
U0092,78,impression,2026-02-28T16:21:00,A02,0.078
U0092,23,impression,2026-02-28T16:22:09,A02,0.489
U0093,54,impression,2026-03-18T20:34:56,A08,0.474
U0093,52,impression,2026-03-18T20:34:55,A08,0.095
U0093,90,impression,2026-03-18T20:37:50,A08,0.641
U0093,96,impression,2026-03-18T20:33:32,A08,0.487
U0093,83,impression,2026-03-18T20:33:11,A08,0.517
U0093,83,click,2026-03-18T20:33:36,A08,0.517
U0093,61,impression,2026-03-18T20:33:26,A08,0.011
U0093,50,impression,2026-03-18T20:34:56,A08,0.077
U0093,36,impression,2026-03-18T20:36:43,A08,0.087
U0093,56,impression,2026-03-18T20:34:18,A08,0.466
U0093,53,impression,2026-03-18T20:34:29,A08,0.493
U0093,95,impression,2026-03-18T20:36:32,A08,0.604
U0093,95,click,2026-03-18T20:36:56,A08,0.604
U0093,33,impression,2026-03-18T20:33:34,A08,0.036
U0093,105,impression,2026-03-18T20:37:27,A08,0.621
U0093,71,impression,2026-03-18T20:33:53,A08,0.104
U0093,55,impression,2026-02-17T19:10:43,A08,0.689
U0093,83,impression,2026-02-17T19:10:19,A08,0.516
U0093,43,impression,2026-02-17T19:09:49,A08,0.047
U0093,33,impression,2026-02-17T19:10:42,A08,0.079
U0093,75,impression,2026-02-17T19:08:56,A08,0.102
U0093,109,impression,2026-02-17T19:12:32,A08,0.49
U0093,68,impression,2026-02-17T19:10:55,A08,0.086
U0093,54,impression,2026-02-17T19:11:50,A08,0.448
U0093,54,click,2026-02-17T19:11:51,A08,0.448
U0093,90,impression,2026-02-27T17:55:46,A08,0.581
U0093,90,click,2026-02-27T17:55:53,A08,0.581
U0093,90,cart_add,2026-02-27T17:55:58,A08,0.581
U0093,55,impression,2026-02-27T17:55:22,A08,0.738
U0093,92,impression,2026-02-27T17:56:07,A08,0.057
U0093,99,impression,2026-02-27T17:55:35,A08,0.067
U0093,33,impression,2026-02-27T17:52:55,A08,0.058
U0093,95,impression,2026-02-27T17:55:58,A08,0.594
U0093,75,impression,2026-02-27T17:55:11,A08,0.084
U0093,75,click,2026-02-27T17:55:25,A08,0.084
U0093,56,impression,2026-02-27T17:55:33,A08,0.417
U0093,56,click,2026-02-27T17:55:37,A08,0.417
U0093,56,cart_add,2026-02-27T17:56:16,A08,0.417
U0093,53,impression,2026-02-27T17:56:47,A08,0.542
U0093,53,click,2026-02-27T17:56:57,A08,0.542
U0093,53,save,2026-02-27T17:56:57,A08,0.542
U0093,96,impression,2026-02-27T17:52:22,A08,0.467
U0093,96,click,2026-02-27T17:52:49,A08,0.467
U0093,100,impression,2026-02-27T17:54:48,A08,0.52
U0093,109,impression,2026-02-27T17:55:39,A08,0.436
U0093,60,impression,2026-02-27T17:52:42,A08,0.021
U0093,54,impression,2026-02-27T17:53:58,A08,0.442
U0093,62,impression,2026-02-27T17:54:08,A08,0.012
U0093,56,impression,2026-04-14T09:37:29,A08,0.456
U0093,56,click,2026-04-14T09:37:40,A08,0.456
U0093,109,impression,2026-04-14T09:39:23,A08,0.435
U0093,102,impression,2026-04-14T09:38:54,A08,0.088
U0093,105,impression,2026-04-14T09:36:01,A08,0.61
U0093,105,click,2026-04-14T09:36:05,A08,0.61
U0093,38,impression,2026-04-14T09:40:41,A08,0.086
U0093,54,impression,2026-04-14T09:38:21,A08,0.456
U0093,85,impression,2026-04-14T09:37:58,A08,0.024
U0093,83,impression,2026-04-14T09:40:39,A08,0.589
U0093,83,click,2026-04-14T09:40:56,A08,0.589
U0093,53,impression,2026-04-14T09:36:42,A08,0.574
U0093,53,click,2026-04-14T09:36:54,A08,0.574
U0093,27,impression,2026-04-14T09:36:43,A08,0.033
U0093,55,impression,2026-04-14T09:38:09,A08,0.684
U0093,31,impression,2026-04-14T09:38:56,A08,0.002
U0093,34,impression,2026-02-21T20:09:12,A08,-0.01
U0093,55,impression,2026-02-21T20:05:13,A08,0.699
U0093,55,click,2026-02-21T20:05:25,A08,0.699
U0093,56,impression,2026-02-21T20:09:53,A08,0.416
U0093,54,impression,2026-02-21T20:08:15,A08,0.423
U0093,54,click,2026-02-21T20:08:18,A08,0.423
U0093,53,impression,2026-02-21T20:09:44,A08,0.571
U0093,106,impression,2026-02-21T20:08:49,A08,0.031
U0093,105,impression,2026-02-21T20:09:45,A08,0.596
U0093,69,impression,2026-02-21T20:08:54,A08,0.093
U0093,74,impression,2026-02-21T20:05:31,A08,0.077
U0093,74,click,2026-02-21T20:05:40,A08,0.077
U0094,75,impression,2026-03-02T22:08:18,A13,0.669
U0094,75,click,2026-03-02T22:08:29,A13,0.669
U0094,85,impression,2026-03-02T22:09:58,A13,0.655
U0094,61,impression,2026-03-02T22:09:56,A13,0.446
U0094,76,impression,2026-03-02T22:09:04,A13,0.04
U0094,62,impression,2026-03-02T22:05:55,A13,0.422
U0094,62,click,2026-03-02T22:06:14,A13,0.422
U0094,108,impression,2026-03-02T22:07:28,A13,0.455
U0094,88,impression,2026-03-02T22:07:54,A13,0.07
U0094,56,impression,2026-03-02T22:08:53,A13,0.061
U0094,92,impression,2026-03-02T22:09:55,A13,0.049
U0094,71,impression,2026-03-02T22:07:17,A13,0.141
U0094,99,impression,2026-03-02T22:06:44,A13,0.558
U0094,59,impression,2026-03-02T22:07:12,A13,0.711
U0094,93,impression,2026-03-02T22:07:58,A13,0.528
U0094,100,impression,2026-03-02T22:08:42,A13,0.011
U0094,73,impression,2026-03-02T22:06:33,A13,0.629
U0094,59,impression,2026-03-25T10:16:47,A13,0.738
U0094,59,click,2026-03-25T10:17:13,A13,0.738
U0094,59,save,2026-03-25T10:17:13,A13,0.738
U0094,61,impression,2026-03-25T10:16:03,A13,0.486
U0094,61,click,2026-03-25T10:16:21,A13,0.486
U0094,91,impression,2026-03-25T10:13:16,A13,0.031
U0094,73,impression,2026-03-25T10:14:25,A13,0.667
U0094,73,click,2026-03-25T10:14:31,A13,0.667
U0094,94,impression,2026-03-25T10:13:26,A13,0.088
U0094,72,impression,2026-03-25T10:14:57,A13,0.672
U0094,72,click,2026-03-25T10:15:10,A13,0.672
U0094,72,save,2026-03-25T10:15:10,A13,0.672
U0094,95,impression,2026-03-25T10:13:14,A13,0.081
U0094,93,impression,2026-03-25T10:16:13,A13,0.585
U0094,80,impression,2026-03-25T10:14:56,A13,0.667
U0094,109,impression,2026-03-25T10:15:56,A13,0.01
U0094,74,impression,2026-03-25T10:16:44,A13,0.589
U0094,81,impression,2026-03-25T10:14:11,A13,0.024
U0094,26,impression,2026-03-25T10:17:18,A13,0.019
U0094,59,impression,2026-04-03T20:55:54,A13,0.728
U0094,59,click,2026-04-03T20:55:58,A13,0.728
U0094,56,impression,2026-04-03T20:57:26,A13,0.086
U0094,93,impression,2026-04-03T20:56:05,A13,0.516
U0094,72,impression,2026-04-03T20:54:13,A13,0.681
U0094,55,impression,2026-04-03T20:55:06,A13,0.011
U0094,108,impression,2026-03-25T21:20:06,A13,0.414
U0094,108,click,2026-03-25T21:20:14,A13,0.414
U0094,93,impression,2026-03-25T21:19:47,A13,0.493
U0094,69,impression,2026-03-25T21:21:46,A13,0.642
U0094,109,impression,2026-03-25T21:20:46,A13,0.106
U0094,59,impression,2026-03-25T21:20:07,A13,0.728
U0094,89,impression,2026-03-25T21:23:28,A13,0.022
U0094,97,impression,2026-03-25T21:23:25,A13,0.106
U0094,93,impression,2026-02-10T13:51:04,A13,0.501
U0094,93,click,2026-02-10T13:51:29,A13,0.501
U0094,75,impression,2026-02-10T13:51:02,A13,0.571
U0094,75,click,2026-02-10T13:51:05,A13,0.571
U0094,67,impression,2026-02-10T13:53:53,A13,0.509
U0094,37,impression,2026-02-10T13:51:10,A13,0.025
U0094,87,impression,2026-02-10T13:51:01,A13,-0.019
U0094,45,impression,2026-02-10T13:54:04,A13,0.099
U0094,69,impression,2026-02-10T13:51:34,A13,0.665
U0094,57,impression,2026-04-09T16:42:02,A13,0.088
U0094,80,impression,2026-04-09T16:43:52,A13,0.638
U0094,30,impression,2026-04-09T16:39:26,A13,0.038
U0094,85,impression,2026-04-09T16:39:28,A13,0.722
U0094,86,impression,2026-04-09T16:41:54,A13,0.101
U0094,99,impression,2026-04-09T16:40:36,A13,0.544
U0094,99,click,2026-04-09T16:40:55,A13,0.544
U0094,60,impression,2026-04-09T16:41:01,A13,0.619
U0094,67,impression,2026-02-28T15:34:14,A13,0.527
U0094,73,impression,2026-02-28T15:38:52,A13,0.605
U0094,73,click,2026-02-28T15:38:56,A13,0.605
U0094,57,impression,2026-02-28T15:37:00,A13,0.082
U0094,60,impression,2026-02-28T15:35:16,A13,0.593
U0094,69,impression,2026-02-28T15:34:01,A13,0.615
U0094,76,impression,2026-02-28T15:35:41,A13,0.068
U0094,108,impression,2026-02-28T15:38:18,A13,0.469
U0094,108,click,2026-02-28T15:38:48,A13,0.469
U0094,32,impression,2026-02-28T15:37:10,A13,0.104
U0094,59,impression,2026-02-28T15:34:39,A13,0.731
U0094,61,impression,2026-02-28T15:37:47,A13,0.431
U0094,61,click,2026-02-28T15:38:07,A13,0.431
U0094,61,cart_add,2026-02-28T15:39:02,A13,0.431
U0094,86,impression,2026-02-28T15:37:55,A13,0.093
U0094,40,impression,2026-02-28T15:36:38,A13,0.096
U0094,72,impression,2026-02-28T15:37:59,A13,0.68
U0094,98,impression,2026-02-28T15:35:21,A13,0.148
U0094,85,impression,2026-02-28T15:34:40,A13,0.685
U0094,80,impression,2026-04-11T12:46:12,A13,0.658
U0094,80,click,2026-04-11T12:46:33,A13,0.658
U0094,61,impression,2026-04-11T12:46:35,A13,0.444
U0094,67,impression,2026-04-11T12:48:13,A13,0.506
U0094,67,click,2026-04-11T12:48:41,A13,0.506
U0094,92,impression,2026-04-11T12:47:27,A13,0.044
U0094,96,impression,2026-04-11T12:45:54,A13,0.095
U0094,53,impression,2026-04-11T12:44:22,A13,0.097
U0095,22,impression,2026-03-01T14:00:10,A09,0.048
U0095,65,impression,2026-03-01T14:00:18,A09,0.466
U0095,90,impression,2026-03-01T14:00:58,A09,0.432
U0095,90,click,2026-03-01T14:01:23,A09,0.432
U0095,90,save,2026-03-01T14:01:23,A09,0.432
U0095,105,impression,2026-03-01T13:59:30,A09,0.502
U0095,61,impression,2026-03-01T14:00:15,A09,0.078
U0095,108,impression,2026-03-01T13:59:58,A09,0.021
U0095,27,impression,2026-03-01T14:00:33,A09,0.018
U0095,68,impression,2026-03-01T14:01:12,A09,0.661
U0095,86,impression,2026-03-01T14:02:35,A09,0.097
U0095,92,impression,2026-03-01T13:59:05,A09,0.649
U0095,78,impression,2026-03-01T14:00:04,A09,0.622
U0095,57,impression,2026-03-01T14:00:51,A09,0.49
U0095,24,impression,2026-03-01T14:01:19,A09,0.071
U0095,33,impression,2026-03-12T11:11:13,A09,0.082
U0095,96,impression,2026-03-12T11:10:19,A09,0.012
U0095,79,impression,2026-03-12T11:13:41,A09,0.474
U0095,109,impression,2026-03-12T11:10:34,A09,0.055
U0095,103,impression,2026-03-12T11:12:34,A09,0.714
U0095,103,click,2026-03-12T11:12:51,A09,0.714
U0095,90,impression,2026-03-12T11:12:42,A09,0.481
U0095,83,impression,2026-03-12T11:12:25,A09,0.504
U0095,83,click,2026-03-12T11:12:33,A09,0.504
U0095,105,impression,2026-03-12T11:10:31,A09,0.47
U0095,70,impression,2026-03-12T11:13:06,A09,0.454
U0095,75,impression,2026-03-12T11:14:52,A09,0.037
U0095,71,impression,2026-03-12T11:11:58,A09,0.59
U0095,23,impression,2026-03-12T11:10:09,A09,0.05
U0095,66,impression,2026-03-12T11:11:33,A09,0.655
U0095,54,impression,2026-03-12T11:11:29,A09,0.079
U0095,52,impression,2026-04-13T20:14:51,A09,0.052
U0095,103,impression,2026-04-13T20:18:03,A09,0.665
U0095,23,impression,2026-04-13T20:18:51,A09,0.012
U0095,78,impression,2026-04-13T20:17:54,A09,0.589
U0095,78,click,2026-04-13T20:18:02,A09,0.589
U0095,78,cart_add,2026-04-13T20:18:11,A09,0.589
U0095,66,impression,2026-04-13T20:15:07,A09,0.583
U0095,54,impression,2026-04-13T20:18:09,A09,0.092
U0095,96,impression,2026-04-13T20:17:02,A09,0.047
U0095,79,impression,2026-04-13T20:14:27,A09,0.496
U0095,100,impression,2026-04-13T20:16:16,A09,0.506
U0095,58,impression,2026-04-13T20:16:19,A09,0.56
U0095,58,click,2026-04-13T20:16:48,A09,0.56
U0096,48,impression,2026-03-16T15:23:24,A01,0.104
U0096,26,impression,2026-03-16T15:21:07,A01,0.419
U0096,89,impression,2026-03-16T15:21:56,A01,0.128
U0096,38,impression,2026-03-16T15:20:54,A01,0.045
U0096,92,impression,2026-03-16T15:21:10,A01,0.441
U0096,85,impression,2026-03-16T15:23:00,A01,0.667
U0096,85,click,2026-03-16T15:23:23,A01,0.667
U0096,46,impression,2026-03-18T16:07:00,A01,0.652
U0096,42,impression,2026-03-18T16:09:40,A01,0.104
U0096,42,click,2026-03-18T16:09:45,A01,0.104
U0096,77,impression,2026-03-18T16:11:16,A01,0.421
U0096,100,impression,2026-03-18T16:10:35,A01,0.077
U0096,23,impression,2026-03-18T16:07:39,A01,0.056
U0096,81,impression,2026-03-18T16:10:36,A01,0.614
U0096,81,click,2026-03-18T16:11:06,A01,0.614
U0096,63,impression,2026-03-18T16:07:55,A01,0.069
U0096,60,impression,2026-03-18T16:10:33,A01,0.582
U0096,59,impression,2026-03-18T16:08:50,A01,0.655
U0096,57,impression,2026-03-18T16:11:22,A01,0.539
U0096,95,impression,2026-03-18T16:11:35,A01,0.066
U0096,84,impression,2026-02-05T13:55:34,A01,0.566
U0096,38,impression,2026-02-05T13:52:30,A01,0.048
U0096,27,impression,2026-02-05T13:52:19,A01,0.401
U0096,59,impression,2026-02-05T13:51:00,A01,0.586
U0096,95,impression,2026-02-05T13:51:57,A01,0.108
U0096,87,impression,2026-02-05T13:53:28,A01,0.059
U0096,72,impression,2026-02-05T13:54:54,A01,0.633
U0096,72,click,2026-02-05T13:55:08,A01,0.633
U0096,98,impression,2026-02-05T13:51:14,A01,0.512
U0096,41,impression,2026-02-05T13:54:24,A01,0.032
U0096,81,impression,2026-02-05T13:55:26,A01,0.64
U0096,106,impression,2026-02-05T13:55:51,A01,0.068
U0096,71,impression,2026-03-05T14:21:01,A01,0.052
U0096,55,impression,2026-03-05T14:21:07,A01,0.045
U0096,84,impression,2026-03-05T14:20:35,A01,0.511
U0096,84,click,2026-03-05T14:21:00,A01,0.511
U0096,84,save,2026-03-05T14:21:00,A01,0.511
U0096,84,cart_add,2026-03-05T14:21:45,A01,0.511
U0096,79,impression,2026-03-05T14:19:15,A01,0.431
U0096,79,click,2026-03-05T14:19:17,A01,0.431
U0096,77,impression,2026-03-05T14:21:39,A01,0.451
U0096,26,impression,2026-03-05T14:20:02,A01,0.489
U0096,23,impression,2026-03-05T14:22:06,A01,0.08
U0096,58,impression,2026-03-05T14:19:42,A01,0.412
U0096,58,click,2026-03-05T14:19:58,A01,0.412
U0096,60,impression,2026-03-05T14:19:22,A01,0.549
U0096,80,impression,2026-03-05T14:20:24,A01,0.501
U0096,72,impression,2026-03-05T14:18:06,A01,0.637
U0096,106,impression,2026-03-05T14:18:29,A01,0.024
U0096,52,impression,2026-03-05T14:20:28,A01,0.047
U0096,65,impression,2026-03-05T14:18:29,A01,-0.038
U0096,42,impression,2026-03-10T18:02:30,A01,0.087
U0096,42,click,2026-03-10T18:02:49,A01,0.087
U0096,97,impression,2026-03-10T18:04:37,A01,0.426
U0096,58,impression,2026-03-10T18:02:09,A01,0.433
U0096,65,impression,2026-03-10T18:04:22,A01,0.057
U0096,64,impression,2026-03-10T18:06:49,A01,0.109
U0096,25,impression,2026-03-10T18:04:18,A01,0.446
U0096,76,impression,2026-03-10T18:06:22,A01,0.049
U0096,61,impression,2026-03-10T18:05:03,A01,0.159
U0096,98,impression,2026-03-10T18:05:13,A01,0.551
U0096,98,click,2026-03-10T18:05:24,A01,0.551
U0096,80,impression,2026-03-10T18:02:28,A01,0.553
U0096,80,click,2026-03-10T18:02:33,A01,0.553
U0096,84,impression,2026-03-10T18:04:26,A01,0.58
U0096,84,click,2026-03-10T18:04:39,A01,0.58
U0096,85,impression,2026-03-10T18:02:52,A01,0.655
U0096,85,click,2026-03-10T18:02:55,A01,0.655
U0096,94,impression,2026-03-10T18:04:14,A01,0.084
U0096,24,impression,2026-04-08T22:44:09,A01,0.468
U0096,68,impression,2026-04-08T22:42:21,A01,0.439
U0096,26,impression,2026-04-08T22:44:58,A01,0.471
U0096,100,impression,2026-04-08T22:43:33,A01,0.09
U0096,95,impression,2026-04-08T22:43:20,A01,0.024
U0096,94,impression,2026-04-08T22:42:24,A01,0.093
U0096,81,impression,2026-04-08T22:41:14,A01,0.561
U0096,81,click,2026-04-08T22:41:23,A01,0.561
U0096,36,impression,2026-04-10T17:54:02,A01,0.102
U0096,74,impression,2026-04-10T17:57:53,A01,0.195
U0096,59,impression,2026-04-10T17:53:12,A01,0.608
U0096,59,click,2026-04-10T17:53:42,A01,0.608
U0096,97,impression,2026-04-10T17:54:03,A01,0.46
U0096,79,impression,2026-04-10T17:54:04,A01,0.491
U0096,32,impression,2026-04-10T17:56:13,A01,0.095
U0096,92,impression,2026-04-10T17:54:13,A01,0.478
U0096,58,impression,2026-04-10T17:56:29,A01,0.483
U0096,88,impression,2026-04-10T17:54:48,A01,0.022
U0096,56,impression,2026-04-10T17:54:52,A01,0.107
U0096,26,impression,2026-04-10T17:54:41,A01,0.438
U0097,53,impression,2026-02-15T22:58:17,A08,0.5
U0097,37,impression,2026-02-15T22:54:11,A08,0.031
U0097,54,impression,2026-02-15T22:57:01,A08,0.436
U0097,21,impression,2026-02-15T22:56:41,A08,0.049
U0097,83,impression,2026-02-15T22:55:18,A08,0.585
U0097,66,impression,2026-02-15T22:58:01,A08,0.076
U0097,84,impression,2026-02-15T22:57:52,A08,0.089
U0097,105,impression,2026-02-15T22:55:49,A08,0.573
U0097,96,impression,2026-02-15T22:56:15,A08,0.504
U0097,67,impression,2026-02-15T22:58:28,A08,0.043
U0097,109,impression,2026-02-15T22:55:57,A08,0.47
U0097,43,impression,2026-02-15T22:55:57,A08,0.021
U0097,55,impression,2026-02-15T22:56:27,A08,0.747
U0097,55,click,2026-02-15T22:56:54,A08,0.747
U0097,55,impression,2026-02-10T09:55:31,A08,0.714
U0097,56,impression,2026-02-10T09:55:44,A08,0.419
U0097,103,impression,2026-02-10T09:55:27,A08,0.014
U0097,96,impression,2026-02-10T09:55:28,A08,0.438
U0097,31,impression,2026-02-10T09:55:33,A08,0.02
U0097,26,impression,2026-02-10T09:57:58,A08,0.048
U0097,53,impression,2026-02-10T09:57:20,A08,0.549
U0097,53,click,2026-02-10T09:57:23,A08,0.549
U0097,95,impression,2026-02-10T09:53:54,A08,0.595
U0097,95,click,2026-02-10T09:53:56,A08,0.595
U0097,71,impression,2026-02-10T09:53:36,A08,0.057
U0097,52,impression,2026-02-10T09:54:53,A08,0.105
U0097,105,impression,2026-02-10T09:55:38,A08,0.601
U0097,32,impression,2026-02-26T22:59:18,A08,0.093
U0097,100,impression,2026-02-26T22:59:47,A08,0.492
U0097,54,impression,2026-02-26T23:02:02,A08,0.439
U0097,96,impression,2026-02-26T23:02:49,A08,0.469
U0097,37,impression,2026-02-26T23:03:25,A08,0.033
U0098,109,impression,2026-03-16T14:11:49,A11,0.108
U0098,65,impression,2026-03-16T14:14:04,A11,0.032
U0098,75,impression,2026-03-16T14:10:53,A11,0.056
U0098,27,impression,2026-03-16T14:14:50,A11,0.422
U0098,77,impression,2026-03-16T14:11:19,A11,0.431
U0098,66,impression,2026-03-16T14:11:17,A11,0.06
U0098,97,impression,2026-03-16T14:14:46,A11,0.43
U0098,22,impression,2026-03-16T14:13:12,A11,0.495
U0098,104,impression,2026-03-04T22:43:06,A11,0.089
U0098,68,impression,2026-03-04T22:39:17,A11,0.049
U0098,76,impression,2026-03-04T22:43:46,A11,0.447
U0098,91,impression,2026-03-04T22:40:57,A11,0.493
U0098,48,impression,2026-03-04T22:40:04,A11,0.456
U0098,48,click,2026-03-04T22:40:27,A11,0.456
U0098,77,impression,2026-03-04T22:44:00,A11,0.357
U0098,57,impression,2026-03-04T22:42:09,A11,0.029
U0098,104,impression,2026-03-23T13:26:07,A11,0.035
U0098,46,impression,2026-03-23T13:25:50,A11,0.169
U0098,70,impression,2026-03-23T13:28:23,A11,0.109
U0098,87,impression,2026-03-23T13:26:17,A11,0.423
U0098,101,impression,2026-03-23T13:25:28,A11,0.583
U0098,52,impression,2026-03-23T13:26:28,A11,0.472
U0098,102,impression,2026-03-23T13:25:24,A11,0.415
U0098,58,impression,2026-03-23T13:25:56,A11,0.088
U0098,35,impression,2026-02-08T10:53:38,A11,0.476
U0098,102,impression,2026-02-08T10:55:12,A11,0.44
U0098,68,impression,2026-02-08T10:56:47,A11,0.072
U0098,76,impression,2026-02-08T10:53:40,A11,0.458
U0098,94,impression,2026-02-08T10:52:31,A11,0.032
U0098,100,impression,2026-02-08T10:53:03,A11,0.036
U0098,51,impression,2026-02-08T10:55:58,A11,0.499
U0098,50,impression,2026-02-08T10:55:31,A11,0.435
U0098,25,impression,2026-02-08T10:54:42,A11,0.499
U0098,99,impression,2026-02-08T10:53:10,A11,0.017
U0098,26,impression,2026-02-10T21:36:36,A11,0.471
U0098,86,impression,2026-02-10T21:33:33,A11,0.442
U0098,36,impression,2026-02-10T21:35:20,A11,0.456
U0098,36,click,2026-02-10T21:35:28,A11,0.456
U0098,79,impression,2026-02-10T21:37:52,A11,0.077
U0098,109,impression,2026-02-10T21:35:55,A11,0.076
U0098,70,impression,2026-02-10T21:34:16,A11,0.1
U0098,78,impression,2026-02-10T21:36:25,A11,0.074
U0098,22,impression,2026-02-10T21:34:29,A11,0.501
U0098,31,impression,2026-02-10T21:36:56,A11,0.44
U0098,50,impression,2026-02-10T21:37:50,A11,0.471
U0098,88,impression,2026-02-10T21:34:35,A11,0.041
U0098,59,impression,2026-02-10T21:36:32,A11,0.101
U0098,107,impression,2026-02-10T21:37:26,A11,0.436
U0098,54,impression,2026-03-04T22:01:18,A11,0.087
U0098,68,impression,2026-03-04T22:02:06,A11,0.027
U0098,84,impression,2026-03-04T21:58:26,A11,0.503
U0098,84,click,2026-03-04T21:58:38,A11,0.503
U0098,30,impression,2026-03-04T22:00:16,A11,0.492
U0098,98,impression,2026-03-04T22:01:59,A11,0.105
U0098,107,impression,2026-03-04T22:01:23,A11,0.451
U0098,25,impression,2026-03-04T21:59:14,A11,0.407
U0098,25,click,2026-03-04T21:59:31,A11,0.407
U0098,87,impression,2026-03-04T22:00:43,A11,0.366
U0098,66,impression,2026-03-04T22:02:50,A11,0.072
U0098,42,impression,2026-03-04T21:59:56,A11,0.457
U0098,53,impression,2026-03-04T22:02:52,A11,0.107
U0098,91,impression,2026-03-04T22:02:10,A11,0.528
U0098,51,impression,2026-03-04T22:00:57,A11,0.442
U0098,51,click,2026-03-04T22:01:18,A11,0.442
U0098,37,impression,2026-03-04T21:58:43,A11,0.455
U0098,37,click,2026-03-04T21:58:59,A11,0.455
U0098,81,impression,2026-03-04T22:01:53,A11,0.081
U0098,81,click,2026-03-04T22:02:16,A11,0.081
U0099,67,impression,2026-03-23T19:33:46,A06,0.079
U0099,40,impression,2026-03-23T19:30:27,A06,0.057
U0099,31,impression,2026-03-23T19:33:01,A06,0.384
U0099,22,impression,2026-03-23T19:30:43,A06,0.062
U0099,98,impression,2026-03-23T19:30:57,A06,0.474
U0099,52,impression,2026-03-23T19:31:28,A06,0.508
U0099,42,impression,2026-03-23T19:29:01,A06,0.025
U0099,27,impression,2026-03-23T19:32:49,A06,0.401
U0099,37,impression,2026-03-23T19:30:10,A06,0.465
U0099,61,impression,2026-03-23T19:29:35,A06,0.035
U0099,35,impression,2026-03-23T19:33:10,A06,0.482
U0099,36,impression,2026-03-28T21:56:58,A06,0.413
U0099,26,impression,2026-03-28T21:58:11,A06,0.479
U0099,86,impression,2026-03-28T21:57:28,A06,0.023
U0099,61,impression,2026-03-28T21:57:47,A06,0.015
U0099,84,impression,2026-03-28T21:57:08,A06,0.59
U0099,84,click,2026-03-28T21:57:19,A06,0.59
U0099,84,save,2026-03-28T21:57:19,A06,0.59
U0099,89,impression,2026-03-28T21:56:01,A06,0.028
U0099,85,impression,2026-03-28T21:58:19,A06,0.029
U0099,38,impression,2026-03-28T21:58:20,A06,0.498
U0099,38,click,2026-03-28T21:58:35,A06,0.498
U0099,39,impression,2026-02-15T15:49:09,A06,0.416
U0099,99,impression,2026-02-15T15:51:15,A06,0.054
U0099,94,impression,2026-02-15T15:53:39,A06,0.01
U0099,108,impression,2026-02-15T15:51:49,A06,0.089
U0099,24,impression,2026-02-15T15:49:48,A06,0.42
U0099,103,impression,2026-02-15T15:53:57,A06,0.04
U0099,52,impression,2026-02-15T15:50:27,A06,0.493
U0099,81,impression,2026-02-15T15:51:31,A06,0.444
U0099,81,click,2026-02-15T15:51:43,A06,0.444
U0099,81,save,2026-02-15T15:51:43,A06,0.444
U0099,30,impression,2026-02-15T15:52:28,A06,0.475
U0099,27,impression,2026-02-15T15:52:32,A06,0.498
U0099,27,click,2026-02-15T15:52:56,A06,0.498
U0099,33,impression,2026-02-15T15:51:49,A06,0.494
U0099,56,impression,2026-02-15T15:50:23,A06,0.08
U0099,38,impression,2026-02-15T15:53:42,A06,0.489
U0099,68,impression,2026-02-15T15:53:40,A06,0.042
U0099,25,impression,2026-03-31T19:32:38,A06,0.45
U0099,87,impression,2026-03-31T19:28:20,A06,-0.017
U0099,53,impression,2026-03-31T19:30:21,A06,0.108
U0099,34,impression,2026-03-31T19:30:01,A06,0.382
U0099,34,click,2026-03-31T19:30:31,A06,0.382
U0099,26,impression,2026-03-31T19:32:19,A06,0.463
U0099,26,click,2026-03-31T19:32:44,A06,0.463
U0099,38,impression,2026-03-31T19:28:34,A06,0.464
U0099,50,impression,2026-03-31T19:30:38,A06,0.495
U0099,37,impression,2026-03-31T19:29:52,A06,0.423
U0099,80,impression,2026-03-31T19:30:31,A06,0.08
U0099,91,impression,2026-03-31T19:29:32,A06,0.001
U0099,101,impression,2026-03-31T19:31:00,A06,0.084
U0099,33,impression,2026-03-31T19:31:47,A06,0.454
U0099,109,impression,2026-03-31T19:28:45,A06,0.071
U0099,35,impression,2026-03-31T19:31:49,A06,0.429
U0099,98,impression,2026-03-31T19:29:54,A06,0.49
U0099,98,click,2026-03-31T19:30:04,A06,0.49
U0099,38,impression,2026-02-19T16:59:27,A06,0.448
U0099,27,impression,2026-02-19T16:55:03,A06,0.438
U0099,26,impression,2026-02-19T16:58:54,A06,0.43
U0099,36,impression,2026-02-19T16:56:06,A06,0.485
U0099,89,impression,2026-02-19T16:59:24,A06,0.039
U0099,41,impression,2026-02-19T16:55:03,A06,0.082
U0099,105,impression,2026-02-19T16:57:23,A06,0.102
U0099,21,impression,2026-02-19T16:55:59,A06,0.021
U0099,97,impression,2026-02-19T16:59:52,A06,0.563
U0099,36,impression,2026-04-03T18:58:04,A06,0.45
U0099,36,click,2026-04-03T18:58:34,A06,0.45
U0099,36,cart_add,2026-04-03T18:58:39,A06,0.45
U0099,46,impression,2026-04-03T18:58:25,A06,0.455
U0099,32,impression,2026-04-03T18:58:32,A06,0.508
U0099,74,impression,2026-04-03T18:58:09,A06,0.041
U0099,30,impression,2026-04-03T18:56:56,A06,0.441
U0099,75,impression,2026-04-03T18:59:26,A06,0.014
U0099,38,impression,2026-04-03T18:59:38,A06,0.493
U0099,38,click,2026-04-03T18:59:59,A06,0.493
U0099,33,impression,2026-04-03T18:58:32,A06,0.475
U0099,91,impression,2026-04-03T19:00:50,A06,0.048
U0099,102,impression,2026-04-03T18:58:12,A06,0.049
U0099,87,impression,2026-04-03T19:00:23,A06,0.023
U0099,108,impression,2026-04-03T18:58:48,A06,0.071
U0099,27,impression,2026-04-03T19:00:50,A06,0.464
U0099,25,impression,2026-04-03T19:00:53,A06,0.451
U0099,33,impression,2026-03-19T17:57:58,A06,0.491
U0099,47,impression,2026-03-19T17:55:38,A06,0.049
U0099,107,impression,2026-03-19T17:54:01,A06,0.013
U0099,92,impression,2026-03-19T17:57:18,A06,0.063
U0099,51,impression,2026-03-19T17:55:41,A06,0.425
U0099,39,impression,2026-03-19T17:56:24,A06,0.46
U0099,39,click,2026-03-19T17:56:53,A06,0.46
U0099,82,impression,2026-03-19T17:55:06,A06,0.07
U0099,46,impression,2026-03-19T17:54:22,A06,0.438
U0099,36,impression,2026-03-19T17:55:10,A06,0.432
U0099,50,impression,2026-03-19T17:57:21,A06,0.478
U0100,84,impression,2026-03-31T12:20:21,A06,0.589
U0100,71,impression,2026-03-31T12:20:20,A06,0.025
U0100,109,impression,2026-03-31T12:20:37,A06,0.057
U0100,56,impression,2026-03-31T12:22:15,A06,0.107
U0100,45,impression,2026-03-31T12:24:48,A06,0.089
U0100,27,impression,2026-03-31T12:23:20,A06,0.447
U0100,27,click,2026-03-31T12:23:26,A06,0.447
U0100,107,impression,2026-03-31T12:20:47,A06,0.103
U0100,35,impression,2026-03-31T12:20:07,A06,0.425
U0100,98,impression,2026-03-31T12:23:44,A06,0.442
U0100,30,impression,2026-03-31T12:21:18,A06,0.42
U0100,30,click,2026-03-31T12:21:23,A06,0.42
U0100,58,impression,2026-03-31T12:20:13,A06,0.034
U0100,34,impression,2026-03-31T12:23:34,A06,0.41
U0100,46,impression,2026-03-31T12:20:02,A06,0.44
U0100,36,impression,2026-03-31T12:22:45,A06,0.447
U0100,25,impression,2026-03-31T12:22:50,A06,0.439
U0100,25,click,2026-03-31T12:23:04,A06,0.439
U0100,96,impression,2026-02-01T16:32:34,A06,0.028
U0100,41,impression,2026-02-01T16:34:11,A06,0.066
U0100,44,impression,2026-02-01T16:34:25,A06,0.078
U0100,30,impression,2026-02-01T16:31:19,A06,0.487
U0100,81,impression,2026-02-01T16:34:56,A06,0.479
U0100,81,click,2026-02-01T16:35:20,A06,0.479
U0100,81,save,2026-02-01T16:35:20,A06,0.479
U0100,74,impression,2026-02-01T16:31:19,A06,0.021
U0100,33,impression,2026-02-01T16:32:46,A06,0.468
U0100,50,impression,2026-02-01T16:34:54,A06,0.471
U0100,32,impression,2026-02-01T16:32:23,A06,0.458
U0100,35,impression,2026-02-01T16:31:37,A06,0.448
U0100,65,impression,2026-02-01T16:33:01,A06,-0.021
U0100,52,impression,2026-02-01T16:31:37,A06,0.492
U0100,40,impression,2026-02-21T19:00:23,A06,0.054
U0100,27,impression,2026-02-21T19:00:41,A06,0.478
U0100,61,impression,2026-02-21T19:02:11,A06,0.066
U0100,48,impression,2026-02-21T19:01:47,A06,0.064
U0100,36,impression,2026-02-21T18:59:14,A06,0.499
U0100,36,click,2026-02-21T18:59:21,A06,0.499
U0100,81,impression,2026-02-21T18:58:13,A06,0.437
U0100,24,impression,2026-02-21T18:59:25,A06,0.508
U0100,107,impression,2026-02-21T18:58:27,A06,0.068
U0100,84,impression,2026-02-21T19:01:34,A06,0.516
U0100,69,impression,2026-02-21T18:59:10,A06,0.068
U0100,30,impression,2026-02-21T19:01:29,A06,0.437
U0100,30,click,2026-02-21T19:01:48,A06,0.437
U0100,46,impression,2026-02-03T19:27:01,A06,0.406
U0100,63,impression,2026-02-03T19:29:19,A06,0.08
U0100,30,impression,2026-02-03T19:30:54,A06,0.458
U0100,87,impression,2026-02-03T19:30:42,A06,-0.03
U0100,98,impression,2026-02-03T19:31:23,A06,0.5
U0100,105,impression,2026-02-03T19:28:18,A06,0.055
U0100,34,impression,2026-02-03T19:31:27,A06,0.396
U0100,34,click,2026-02-03T19:31:47,A06,0.396
U0100,90,impression,2026-02-03T19:30:25,A06,0.025
U0100,84,impression,2026-02-03T19:30:13,A06,0.497
U0100,94,impression,2026-03-29T09:04:58,A06,0.024
U0100,32,impression,2026-03-29T09:01:29,A06,0.5
U0100,39,impression,2026-03-29T09:01:08,A06,0.51
U0100,25,impression,2026-03-29T09:03:11,A06,0.441
U0100,93,impression,2026-03-29T09:03:24,A06,0.037
U0100,26,impression,2026-03-29T09:00:43,A06,0.418
U0100,22,impression,2026-03-29T09:02:13,A06,0.066
U0100,86,impression,2026-03-29T09:00:01,A06,0.062
U0100,50,impression,2026-03-29T09:00:00,A06,0.422
U0100,51,impression,2026-03-29T09:03:24,A06,0.488
U0100,44,impression,2026-02-14T14:13:37,A06,0.033
U0100,46,impression,2026-02-14T14:13:46,A06,0.463
U0100,50,impression,2026-02-14T14:11:17,A06,0.455
U0100,84,impression,2026-02-14T14:10:42,A06,0.519
U0100,54,impression,2026-02-14T14:10:34,A06,0.043
U0101,100,impression,2026-02-07T19:32:27,A08,0.505
U0101,73,impression,2026-02-07T19:31:57,A08,0.026
U0101,24,impression,2026-02-07T19:30:16,A08,0.072
U0101,54,impression,2026-02-07T19:31:28,A08,0.509
U0101,96,impression,2026-02-07T19:33:06,A08,0.499
U0101,83,impression,2026-04-02T13:42:48,A08,0.525
U0101,59,impression,2026-04-02T13:44:07,A08,0.014
U0101,90,impression,2026-04-02T13:42:36,A08,0.66
U0101,90,click,2026-04-02T13:43:06,A08,0.66
U0101,95,impression,2026-04-02T13:44:47,A08,0.593
U0101,42,impression,2026-04-02T13:44:22,A08,0.09
U0101,66,impression,2026-04-02T13:44:49,A08,0.087
U0101,109,impression,2026-04-02T13:44:12,A08,0.422
U0101,56,impression,2026-04-02T13:45:31,A08,0.41
U0101,55,impression,2026-04-02T13:41:45,A08,0.7
U0101,44,impression,2026-04-02T13:41:23,A08,0.056
U0101,71,impression,2026-04-02T13:44:20,A08,0.062
U0101,100,impression,2026-04-02T13:43:19,A08,0.498
U0101,100,impression,2026-02-05T17:05:04,A08,0.516
U0101,26,impression,2026-02-05T17:03:55,A08,0.107
U0101,84,impression,2026-02-05T17:03:29,A08,0.022
U0101,55,impression,2026-02-05T17:03:36,A08,0.702
U0101,90,impression,2026-02-05T17:06:37,A08,0.595
U0101,72,impression,2026-02-05T17:05:44,A08,0.071
U0101,95,impression,2026-02-05T17:03:39,A08,0.652
U0101,95,click,2026-02-05T17:04:06,A08,0.652
U0101,63,impression,2026-02-05T17:03:26,A08,0.077
U0102,67,impression,2026-02-26T19:19:10,A05,0.027
U0102,104,impression,2026-02-26T19:20:48,A05,0.544
U0102,34,impression,2026-02-26T19:18:29,A05,-0.02
U0102,22,impression,2026-02-26T19:17:53,A05,0.504
U0102,21,impression,2026-02-26T19:19:09,A05,0.465
U0102,79,impression,2026-02-26T19:18:32,A05,0.109
U0102,102,impression,2026-02-26T19:20:54,A05,0.453
U0102,102,click,2026-02-26T19:21:05,A05,0.453
U0102,57,impression,2026-02-26T19:18:13,A05,0.044
U0102,41,impression,2026-02-26T19:20:36,A05,0.5
U0102,75,impression,2026-02-26T19:20:39,A05,0.104
U0102,76,impression,2026-02-26T19:20:52,A05,0.46
U0102,24,impression,2026-02-26T19:20:56,A05,0.064
U0102,45,impression,2026-02-26T19:19:22,A05,0.443
U0102,40,impression,2026-03-06T16:48:32,A05,0.443
U0102,44,impression,2026-03-06T16:50:08,A05,0.468
U0102,105,impression,2026-03-06T16:48:13,A05,0.035
U0102,34,impression,2026-03-06T16:52:30,A05,0.064
U0102,45,impression,2026-03-06T16:50:04,A05,0.439
U0102,103,impression,2026-03-06T16:50:58,A05,0.089
U0102,23,impression,2026-03-06T16:48:35,A05,0.502
U0102,75,impression,2026-03-06T16:51:25,A05,0.051
U0102,21,impression,2026-03-06T16:50:02,A05,0.423
U0102,48,impression,2026-02-08T21:29:17,A05,0.42
U0102,48,click,2026-02-08T21:29:22,A05,0.42
U0102,75,impression,2026-02-08T21:29:27,A05,0.034
U0102,76,impression,2026-02-08T21:30:30,A05,0.454
U0102,102,impression,2026-02-08T21:33:11,A05,0.501
U0102,102,click,2026-02-08T21:33:25,A05,0.501
U0102,51,impression,2026-02-08T21:32:00,A05,0.04
U0102,81,impression,2026-02-09T21:51:24,A05,0.039
U0102,70,impression,2026-02-09T21:53:43,A05,0.052
U0102,23,impression,2026-02-09T21:55:21,A05,0.44
U0102,101,impression,2026-02-09T21:52:58,A05,0.45
U0102,39,impression,2026-02-09T21:53:31,A05,0.043
U0102,41,impression,2026-02-09T21:52:24,A05,0.503
U0102,41,impression,2026-04-12T19:35:41,A05,0.501
U0102,48,impression,2026-04-12T19:36:19,A05,0.471
U0102,23,impression,2026-04-12T19:37:29,A05,0.481
U0102,69,impression,2026-04-12T19:37:16,A05,0.028
U0102,42,impression,2026-04-12T19:37:32,A05,0.509
U0102,103,impression,2026-04-12T19:33:18,A05,0.055
U0102,79,impression,2026-04-12T19:33:40,A05,0.014
U0102,102,impression,2026-02-22T22:42:56,A05,0.424
U0102,62,impression,2026-02-22T22:41:04,A05,0.108
U0102,89,impression,2026-02-22T22:43:07,A05,0.666
U0102,69,impression,2026-02-22T22:41:17,A05,0.033
U0102,105,impression,2026-02-22T22:39:03,A05,0.018
U0102,42,impression,2026-02-22T22:40:56,A05,0.477
U0102,82,impression,2026-02-22T22:41:57,A05,0.437
U0102,21,impression,2026-02-22T22:42:08,A05,0.485
U0102,98,impression,2026-02-22T22:42:37,A05,0.044
U0102,59,impression,2026-02-22T22:40:06,A05,0.105
U0102,39,impression,2026-02-22T22:42:51,A05,0.095
U0102,23,impression,2026-02-22T22:39:18,A05,0.481
U0102,23,click,2026-02-22T22:39:29,A05,0.481
U0102,43,impression,2026-02-22T22:43:00,A05,0.481
U0102,43,click,2026-02-22T22:43:05,A05,0.481
U0103,73,impression,2026-02-22T17:24:26,A01,0.234
U0103,57,impression,2026-02-22T17:23:59,A01,0.554
U0103,102,impression,2026-02-22T17:24:55,A01,0.174
U0103,68,impression,2026-02-22T17:24:22,A01,0.411
U0103,46,impression,2026-02-22T17:24:15,A01,0.658
U0103,60,impression,2026-02-22T17:23:56,A01,0.533
U0103,60,click,2026-02-22T17:24:19,A01,0.533
U0103,95,impression,2026-02-22T17:23:23,A01,0.106
U0103,67,impression,2026-02-22T17:25:00,A01,0.44
U0103,25,impression,2026-02-22T17:25:44,A01,0.497
U0103,25,click,2026-02-22T17:26:06,A01,0.497
U0103,24,impression,2026-02-22T17:24:14,A01,0.434
U0103,56,impression,2026-02-22T17:24:22,A01,0.068
U0103,83,impression,2026-02-22T17:22:16,A01,0.052
U0103,42,impression,2026-02-04T19:35:08,A01,0.014
U0103,97,impression,2026-02-04T19:36:51,A01,0.447
U0103,97,click,2026-02-04T19:37:00,A01,0.447
U0103,88,impression,2026-02-04T19:35:10,A01,-0.005
U0103,68,impression,2026-02-04T19:39:11,A01,0.476
U0103,68,click,2026-02-04T19:39:36,A01,0.476
U0103,46,impression,2026-02-04T19:38:07,A01,0.658
U0103,64,impression,2026-02-04T19:38:08,A01,0.076
U0103,34,impression,2026-02-04T19:37:31,A01,0.072
U0103,86,impression,2026-02-04T19:39:50,A01,0.059
U0103,26,impression,2026-02-04T19:38:08,A01,0.467
U0103,26,click,2026-02-04T19:38:19,A01,0.467
U0103,30,impression,2026-02-04T19:38:18,A01,0.079
U0103,25,impression,2026-02-04T19:35:42,A01,0.476
U0103,59,impression,2026-02-04T19:38:06,A01,0.6
U0103,58,impression,2026-02-04T19:37:26,A01,0.506
U0103,81,impression,2026-02-04T19:37:56,A01,0.601
U0103,79,impression,2026-03-13T11:50:17,A01,0.457
U0103,57,impression,2026-03-13T11:50:57,A01,0.578
U0103,57,click,2026-03-13T11:51:14,A01,0.578
U0103,76,impression,2026-03-13T11:47:29,A01,0.04
U0103,33,impression,2026-03-13T11:49:03,A01,0.083
U0103,70,impression,2026-03-13T11:48:26,A01,0.744
U0103,31,impression,2026-03-13T11:49:26,A01,0.008
U0103,75,impression,2026-03-13T11:51:58,A01,0.24
U0103,58,impression,2026-03-13T11:48:59,A01,0.487
U0103,109,impression,2026-03-13T11:47:11,A01,0.094
U0103,26,impression,2026-03-13T11:47:45,A01,0.419
U0103,85,impression,2026-03-13T11:50:05,A01,0.66
U0103,81,impression,2026-03-13T11:50:01,A01,0.611
U0103,46,impression,2026-03-13T11:51:50,A01,0.597
U0103,46,click,2026-03-13T11:51:51,A01,0.597
U0103,25,impression,2026-03-13T11:49:09,A01,0.466
U0103,25,click,2026-03-13T11:49:35,A01,0.466
U0103,100,impression,2026-03-13T11:49:34,A01,0.025
U0103,91,impression,2026-02-12T17:57:59,A01,-0.023
U0103,74,impression,2026-02-12T17:57:44,A01,0.247
U0103,59,impression,2026-02-12T18:01:17,A01,0.641
U0103,59,click,2026-02-12T18:01:25,A01,0.641
U0103,59,save,2026-02-12T18:01:25,A01,0.641
U0103,60,impression,2026-02-12T18:01:46,A01,0.576
U0103,60,click,2026-02-12T18:02:06,A01,0.576
U0103,67,impression,2026-02-12T18:01:30,A01,0.436
U0103,27,impression,2026-02-12T18:00:31,A01,0.458
U0103,26,impression,2026-02-12T17:58:36,A01,0.446
U0103,26,click,2026-02-12T17:58:55,A01,0.446
U0103,106,impression,2026-02-12T18:01:22,A01,0.069
U0103,40,impression,2026-02-12T17:58:38,A01,0.077
U0103,70,impression,2026-02-12T17:58:45,A01,0.746
U0103,70,click,2026-02-12T17:58:50,A01,0.746
U0103,58,impression,2026-02-12T18:00:24,A01,0.496
U0103,81,impression,2026-02-12T17:57:35,A01,0.644
U0103,31,impression,2026-02-12T17:58:51,A01,-0.011
U0103,39,impression,2026-02-12T17:57:47,A01,0.18
U0103,65,impression,2026-04-06T21:52:13,A01,-0.034
U0103,66,impression,2026-04-06T21:49:18,A01,0.085
U0103,25,impression,2026-04-06T21:51:55,A01,0.491
U0103,25,click,2026-04-06T21:51:58,A01,0.491
U0103,24,impression,2026-04-06T21:51:21,A01,0.431
U0103,24,click,2026-04-06T21:51:28,A01,0.431
U0103,27,impression,2026-04-06T21:48:39,A01,0.45
U0103,27,click,2026-04-06T21:49:07,A01,0.45
U0103,68,impression,2026-04-06T21:51:45,A01,0.415
U0103,23,impression,2026-04-06T21:49:36,A01,0.107
U0103,48,impression,2026-04-06T21:51:14,A01,0.067
U0103,67,impression,2026-04-06T21:51:37,A01,0.401
U0103,58,impression,2026-04-06T21:48:06,A01,0.456
U0103,59,impression,2026-04-06T21:51:26,A01,0.631
U0103,63,impression,2026-04-06T21:51:23,A01,0.096
U0103,34,impression,2026-03-04T22:45:33,A01,0.067
U0103,58,impression,2026-03-04T22:48:35,A01,0.415
U0103,58,click,2026-03-04T22:48:41,A01,0.415
U0103,79,impression,2026-03-04T22:48:27,A01,0.413
U0103,109,impression,2026-03-04T22:49:11,A01,0.063
U0103,103,impression,2026-03-04T22:49:37,A01,0.498
U0103,30,impression,2026-03-04T22:46:27,A01,0.065
U0103,59,impression,2026-03-04T22:45:02,A01,0.604
U0104,58,impression,2026-02-24T11:37:25,A13,0.102
U0104,85,impression,2026-02-24T11:35:00,A13,0.728
U0104,78,impression,2026-02-24T11:34:45,A13,0.064
U0104,76,impression,2026-02-24T11:36:22,A13,0.059
U0104,107,impression,2026-02-24T11:34:38,A13,0.174
U0104,108,impression,2026-02-24T11:33:08,A13,0.434
U0104,108,click,2026-02-24T11:33:31,A13,0.434
U0104,80,impression,2026-02-24T11:35:39,A13,0.606
U0104,61,impression,2026-02-24T11:35:20,A13,0.5
U0104,74,impression,2026-02-24T11:35:16,A13,0.644
U0104,74,click,2026-02-24T11:35:24,A13,0.644
U0104,69,impression,2026-02-24T11:34:56,A13,0.574
U0104,69,click,2026-02-24T11:35:07,A13,0.574
U0104,69,impression,2026-03-29T16:25:40,A13,0.595
U0104,67,impression,2026-03-29T16:25:57,A13,0.478
U0104,102,impression,2026-03-29T16:28:14,A13,0.161
U0104,65,impression,2026-03-29T16:29:35,A13,-0.033
U0104,60,impression,2026-03-29T16:28:17,A13,0.58
U0104,74,impression,2026-02-26T15:05:29,A13,0.661
U0104,86,impression,2026-02-26T15:06:06,A13,0.06
U0104,75,impression,2026-02-26T15:05:58,A13,0.645
U0104,23,impression,2026-02-26T15:06:16,A13,0.019
U0104,71,impression,2026-02-26T15:06:19,A13,0.11
U0104,61,impression,2026-02-26T15:06:53,A13,0.441
U0104,100,impression,2026-03-18T19:30:31,A13,0.049
U0104,51,impression,2026-03-18T19:26:28,A13,0.047
U0104,62,impression,2026-03-18T19:29:50,A13,0.442
U0104,62,click,2026-03-18T19:30:16,A13,0.442
U0104,99,impression,2026-03-18T19:30:53,A13,0.568
U0104,99,click,2026-03-18T19:31:15,A13,0.568
U0104,59,impression,2026-03-18T19:26:35,A13,0.704
U0104,59,click,2026-03-18T19:27:01,A13,0.704
U0104,108,impression,2026-03-18T19:26:09,A13,0.499
U0104,108,click,2026-03-18T19:26:36,A13,0.499
U0104,80,impression,2026-03-18T19:30:02,A13,0.597
U0104,60,impression,2026-03-18T19:29:35,A13,0.573
U0104,60,click,2026-03-18T19:29:51,A13,0.573
U0104,40,impression,2026-03-18T19:28:51,A13,0.076
U0104,87,impression,2026-03-18T19:27:32,A13,-0.023
U0104,42,impression,2026-03-18T19:28:25,A13,0.046
U0104,73,impression,2026-03-22T15:38:36,A13,0.59
U0104,61,impression,2026-03-22T15:38:25,A13,0.476
U0104,76,impression,2026-03-22T15:37:34,A13,0.042
U0104,69,impression,2026-03-22T15:39:29,A13,0.637
U0104,85,impression,2026-03-22T15:37:23,A13,0.705
U0104,90,impression,2026-03-22T15:40:23,A13,0.101
U0104,39,impression,2026-03-22T15:36:23,A13,0.082
U0104,67,impression,2026-03-22T15:39:58,A13,0.504
U0104,96,impression,2026-03-22T15:37:04,A13,0.105
U0104,60,impression,2026-03-22T15:38:52,A13,0.632
U0104,59,impression,2026-02-10T20:51:37,A13,0.727
U0104,59,click,2026-02-10T20:51:44,A13,0.727
U0104,34,impression,2026-02-10T20:50:03,A13,0.061
U0104,75,impression,2026-02-10T20:51:53,A13,0.636
U0104,67,impression,2026-02-10T20:48:46,A13,0.472
U0104,67,click,2026-02-10T20:48:51,A13,0.472
U0104,63,impression,2026-02-10T20:50:53,A13,0.117
U0104,109,impression,2026-02-10T20:47:42,A13,0.057
U0104,99,impression,2026-02-10T20:47:33,A13,0.546
U0104,65,impression,2026-02-10T20:50:59,A13,0.047
U0104,85,impression,2026-04-08T21:42:55,A13,0.656
U0104,38,impression,2026-04-08T21:39:28,A13,0.09
U0104,32,impression,2026-04-08T21:42:10,A13,0.04
U0104,60,impression,2026-04-08T21:42:24,A13,0.643
U0104,73,impression,2026-04-08T21:40:52,A13,0.656
U0104,88,impression,2026-04-08T21:42:14,A13,0.053
U0104,59,impression,2026-04-08T21:40:29,A13,0.717
U0104,37,impression,2026-04-08T21:42:13,A13,0.094
U0104,75,impression,2026-04-08T21:42:46,A13,0.576
U0104,85,impression,2026-02-16T19:09:09,A13,0.691
U0104,85,click,2026-02-16T19:09:23,A13,0.691
U0104,61,impression,2026-02-16T19:10:50,A13,0.43
U0104,43,impression,2026-02-16T19:12:04,A13,0.075
U0104,60,impression,2026-02-16T19:12:26,A13,0.611
U0104,62,impression,2026-02-16T19:10:08,A13,0.477
U0104,107,impression,2026-02-16T19:09:00,A13,0.167
U0104,99,impression,2026-02-16T19:13:01,A13,0.509
U0104,99,click,2026-02-16T19:13:26,A13,0.509
U0104,24,impression,2026-02-16T19:09:23,A13,0.012
U0104,109,impression,2026-02-16T19:09:31,A13,0.059
U0104,69,impression,2026-02-16T19:12:33,A13,0.621
U0105,78,impression,2026-04-16T12:13:42,A04,0.469
U0105,101,impression,2026-04-16T12:13:45,A04,0.04
U0105,25,impression,2026-04-16T12:11:30,A04,0.098
U0105,103,impression,2026-04-16T12:14:03,A04,0.445
U0105,100,impression,2026-04-16T12:12:17,A04,0.557
U0105,34,impression,2026-03-23T14:32:55,A04,0.03
U0105,101,impression,2026-03-23T14:28:20,A04,0.096
U0105,105,impression,2026-03-23T14:29:07,A04,0.523
U0105,70,impression,2026-03-23T14:31:43,A04,0.416
U0105,71,impression,2026-03-23T14:29:55,A04,0.45
U0105,71,click,2026-03-23T14:30:00,A04,0.45
U0105,60,impression,2026-03-23T14:30:10,A04,0.105
U0105,78,impression,2026-03-23T14:31:10,A04,0.505
U0105,101,impression,2026-03-01T12:04:54,A04,0.058
U0105,68,impression,2026-03-01T12:03:03,A04,0.412
U0105,57,impression,2026-03-01T12:03:24,A04,0.498
U0105,52,impression,2026-03-01T12:01:46,A04,0.087
U0105,92,impression,2026-03-01T12:01:58,A04,0.459
U0105,92,click,2026-03-01T12:02:07,A04,0.459
U0105,105,impression,2026-03-01T12:03:24,A04,0.525
U0105,105,click,2026-03-01T12:03:49,A04,0.525
U0105,88,impression,2026-03-01T12:01:52,A04,0.045
U0105,72,impression,2026-03-01T12:02:52,A04,0.028
U0105,103,impression,2026-03-01T12:00:18,A04,0.431
U0105,71,impression,2026-03-01T12:04:01,A04,0.433
U0105,78,impression,2026-03-01T12:00:27,A04,0.483
U0105,78,click,2026-03-01T12:00:50,A04,0.483
U0105,73,impression,2026-03-01T12:00:17,A04,0.031
U0105,34,impression,2026-03-01T12:02:16,A04,0.025
U0105,100,impression,2026-03-01T12:01:40,A04,0.513
U0105,76,impression,2026-04-10T21:32:58,A04,0.085
U0105,33,impression,2026-04-10T21:35:17,A04,0.052
U0105,97,impression,2026-04-10T21:35:17,A04,0.099
U0105,39,impression,2026-04-10T21:35:02,A04,0.094
U0105,68,impression,2026-04-10T21:33:13,A04,0.483
U0105,68,click,2026-04-10T21:33:29,A04,0.483
U0105,71,impression,2026-04-10T21:33:20,A04,0.432
U0105,70,impression,2026-04-10T21:33:45,A04,0.413
U0105,79,impression,2026-04-10T21:35:50,A04,0.713
U0105,79,click,2026-04-10T21:36:10,A04,0.713
U0105,51,impression,2026-02-27T13:49:10,A04,0.018
U0105,79,impression,2026-02-27T13:50:21,A04,0.666
U0105,66,impression,2026-02-27T13:49:35,A04,0.468
U0105,105,impression,2026-02-27T13:46:41,A04,0.57
U0105,90,impression,2026-02-27T13:47:05,A04,0.643
U0105,93,impression,2026-02-27T13:49:42,A04,0.05
U0105,25,impression,2026-02-27T13:50:28,A04,0.079
U0105,41,impression,2026-02-05T15:44:15,A04,0.096
U0105,106,impression,2026-02-05T15:44:00,A04,0.02
U0105,71,impression,2026-02-05T15:44:46,A04,0.45
U0105,103,impression,2026-02-05T15:44:32,A04,0.467
U0105,103,click,2026-02-05T15:44:52,A04,0.467
U0105,78,impression,2026-02-05T15:41:03,A04,0.47
U0105,78,click,2026-02-05T15:41:22,A04,0.47
U0105,100,impression,2026-02-05T15:44:05,A04,0.519
U0105,87,impression,2026-02-05T15:44:08,A04,0.031
U0105,66,impression,2026-02-05T15:45:22,A04,0.457
U0105,68,impression,2026-02-05T15:42:16,A04,0.413
U0105,109,impression,2026-02-05T15:42:14,A04,0.019
U0105,58,impression,2026-02-05T15:42:44,A04,0.504
U0105,54,impression,2026-02-05T15:42:25,A04,0.048
U0105,65,impression,2026-03-22T19:50:11,A04,0.48
U0105,103,impression,2026-03-22T19:51:18,A04,0.431
U0105,99,impression,2026-03-22T19:53:49,A04,0.04
U0105,59,impression,2026-03-22T19:54:52,A04,0.066
U0105,105,impression,2026-03-22T19:54:00,A04,0.51
U0105,91,impression,2026-03-22T19:52:23,A04,0.026
U0105,100,impression,2026-03-22T19:50:29,A04,0.589
U0105,92,impression,2026-03-22T19:50:11,A04,0.472
U0105,66,impression,2026-03-22T19:53:32,A04,0.46
U0105,31,impression,2026-03-22T19:53:07,A04,0.074
U0105,50,impression,2026-03-22T19:50:07,A04,0.066
U0105,68,impression,2026-03-22T19:52:06,A04,0.485
U0105,30,impression,2026-03-26T15:36:44,A04,0.044
U0105,66,impression,2026-03-26T15:38:35,A04,0.454
U0105,78,impression,2026-03-26T15:40:30,A04,0.454
U0105,108,impression,2026-03-26T15:38:01,A04,0.064
U0105,68,impression,2026-03-26T15:38:15,A04,0.437
U0105,89,impression,2026-03-26T15:39:26,A04,0.036
U0105,92,impression,2026-03-26T15:40:17,A04,0.472
U0105,92,click,2026-03-26T15:40:23,A04,0.472
U0105,100,impression,2026-03-26T15:40:21,A04,0.514
U0105,107,impression,2026-03-26T15:39:19,A04,0.074
U0106,37,impression,2026-03-06T12:23:26,A08,0.016
U0106,46,impression,2026-03-06T12:21:38,A08,0.026
U0106,69,impression,2026-03-06T12:22:38,A08,0.039
U0106,69,click,2026-03-06T12:22:48,A08,0.039
U0106,90,impression,2026-03-06T12:21:12,A08,0.618
U0106,95,impression,2026-03-06T12:23:58,A08,0.616
U0106,95,click,2026-03-06T12:24:22,A08,0.616
U0106,100,impression,2026-03-06T12:19:59,A08,0.509
U0106,45,impression,2026-03-06T12:21:01,A08,0.014
U0106,83,impression,2026-03-06T12:22:27,A08,0.572
U0106,54,impression,2026-03-17T17:52:41,A08,0.462
U0106,97,impression,2026-03-17T17:50:13,A08,0.087
U0106,95,impression,2026-03-17T17:54:06,A08,0.604
U0106,95,click,2026-03-17T17:54:23,A08,0.604
U0106,95,save,2026-03-17T17:54:23,A08,0.604
U0106,100,impression,2026-03-17T17:50:35,A08,0.578
U0106,100,click,2026-03-17T17:50:45,A08,0.578
U0106,50,impression,2026-03-17T17:54:37,A08,0.019
U0106,67,impression,2026-03-17T17:50:28,A08,0.017
U0106,51,impression,2026-03-17T17:50:46,A08,0.101
U0106,38,impression,2026-03-17T17:54:56,A08,0.071
U0106,53,impression,2026-03-17T17:53:11,A08,0.581
U0106,53,click,2026-03-17T17:53:23,A08,0.581
U0106,55,impression,2026-03-17T17:51:53,A08,0.717
U0106,109,impression,2026-03-17T17:54:32,A08,0.468
U0106,83,impression,2026-04-06T15:51:09,A08,0.506
U0106,83,click,2026-04-06T15:51:37,A08,0.506
U0106,95,impression,2026-04-06T15:50:26,A08,0.597
U0106,105,impression,2026-04-06T15:54:04,A08,0.653
U0106,100,impression,2026-04-06T15:54:01,A08,0.497
U0106,96,impression,2026-04-06T15:52:58,A08,0.462
U0106,43,impression,2026-04-06T15:52:10,A08,0.082
U0106,23,impression,2026-04-06T15:50:54,A08,0.049
U0106,53,impression,2026-04-06T15:51:32,A08,0.582
U0106,109,impression,2026-04-06T15:51:07,A08,0.489
U0106,73,impression,2026-04-06T15:50:30,A08,0.075
U0106,55,impression,2026-04-06T15:53:09,A08,0.709
U0106,49,impression,2026-04-06T15:54:11,A08,0.053
U0106,54,impression,2026-04-06T15:51:00,A08,0.427
U0106,103,impression,2026-04-06T15:50:32,A08,0.015
U0106,91,impression,2026-04-06T15:51:07,A08,0.055
U0106,100,impression,2026-03-02T22:46:27,A08,0.547
U0106,40,impression,2026-03-02T22:45:27,A08,0.015
U0106,109,impression,2026-03-02T22:43:45,A08,0.444
U0106,109,click,2026-03-02T22:44:10,A08,0.444
U0106,109,save,2026-03-02T22:44:10,A08,0.444
U0106,53,impression,2026-03-02T22:47:25,A08,0.532
U0106,53,click,2026-03-02T22:47:51,A08,0.532
U0106,81,impression,2026-03-02T22:47:45,A08,0.054
U0106,105,impression,2026-03-02T22:46:28,A08,0.595
U0106,107,impression,2026-03-02T22:43:38,A08,0.098
U0106,51,impression,2026-03-02T22:43:52,A08,0.06
U0106,90,impression,2026-03-02T22:47:42,A08,0.65
U0106,55,impression,2026-03-02T22:47:48,A08,0.677
U0106,55,click,2026-03-02T22:47:57,A08,0.677
U0106,30,impression,2026-03-02T22:43:05,A08,0.092
U0106,54,impression,2026-03-02T22:45:50,A08,0.491
U0106,42,impression,2026-03-02T22:43:17,A08,0.101
U0106,56,impression,2026-03-02T22:46:53,A08,0.423
U0107,83,impression,2026-03-28T18:38:03,A09,0.439
U0107,79,impression,2026-03-28T18:38:46,A09,0.496
U0107,97,impression,2026-03-28T18:36:37,A09,0.028
U0107,26,impression,2026-03-28T18:37:27,A09,0.073
U0107,90,impression,2026-03-28T18:35:43,A09,0.485
U0107,56,impression,2026-03-28T18:36:39,A09,0.091
U0107,56,click,2026-03-28T18:36:52,A09,0.091
U0107,74,impression,2026-03-28T18:39:28,A09,0.06
U0107,105,impression,2026-03-28T18:39:00,A09,0.45
U0107,84,impression,2026-03-21T17:23:09,A09,0.022
U0107,40,impression,2026-03-21T17:24:11,A09,0.094
U0107,57,impression,2026-03-21T17:21:20,A09,0.44
U0107,57,click,2026-03-21T17:21:32,A09,0.44
U0107,100,impression,2026-03-21T17:20:44,A09,0.423
U0107,81,impression,2026-03-21T17:21:15,A09,-0.0
U0107,107,impression,2026-03-21T17:22:54,A09,0.106
U0107,92,impression,2026-03-21T17:23:19,A09,0.653
U0107,65,impression,2026-03-21T17:22:44,A09,0.44
U0107,33,impression,2026-03-21T17:22:38,A09,0.062
U0107,38,impression,2026-03-21T17:23:51,A09,0.098
U0107,71,impression,2026-03-21T17:20:28,A09,0.606
U0107,90,impression,2026-03-21T17:23:04,A09,0.425
U0107,105,impression,2026-03-21T17:22:49,A09,0.5
U0107,105,click,2026-03-21T17:22:52,A09,0.5
U0107,78,impression,2026-03-21T17:23:31,A09,0.597
U0107,78,click,2026-03-21T17:23:51,A09,0.597
U0107,33,impression,2026-03-09T19:09:15,A09,0.038
U0107,100,impression,2026-03-09T19:13:08,A09,0.464
U0107,41,impression,2026-03-09T19:10:40,A09,0.037
U0107,65,impression,2026-03-09T19:13:06,A09,0.504
U0107,105,impression,2026-03-09T19:11:35,A09,0.464
U0107,105,click,2026-03-09T19:11:40,A09,0.464
U0107,21,impression,2026-03-09T19:10:15,A09,0.103
U0107,92,impression,2026-03-09T19:13:49,A09,0.592
U0107,38,impression,2026-03-09T19:13:24,A09,0.1
U0107,100,impression,2026-02-14T19:04:25,A09,0.509
U0107,42,impression,2026-02-14T19:03:42,A09,0.085
U0107,81,impression,2026-02-14T19:03:05,A09,0.053
U0107,90,impression,2026-02-14T19:02:24,A09,0.455
U0107,83,impression,2026-02-14T19:01:05,A09,0.497
U0107,70,impression,2026-03-11T17:34:57,A09,0.444
U0107,39,impression,2026-03-11T17:37:21,A09,0.063
U0107,78,impression,2026-03-11T17:35:14,A09,0.586
U0107,48,impression,2026-03-11T17:36:14,A09,0.057
U0107,46,impression,2026-03-11T17:37:32,A09,0.076
U0107,65,impression,2026-03-11T17:37:13,A09,0.495
U0107,90,impression,2026-03-11T17:37:16,A09,0.481
U0107,92,impression,2026-03-11T17:34:06,A09,0.642
U0107,92,click,2026-03-11T17:34:22,A09,0.642
U0107,92,cart_add,2026-03-11T17:35:20,A09,0.642
U0107,62,impression,2026-03-11T17:36:19,A09,0.082
U0107,64,impression,2026-03-11T17:33:52,A09,0.07
U0107,69,impression,2026-03-11T17:34:09,A09,0.085
U0107,66,impression,2026-03-11T17:33:17,A09,0.58
U0107,105,impression,2026-03-11T17:33:42,A09,0.44
U0107,94,impression,2026-03-06T12:04:57,A09,0.099
U0107,105,impression,2026-03-06T12:03:41,A09,0.426
U0107,68,impression,2026-03-06T12:00:47,A09,0.617
U0107,68,click,2026-03-06T12:00:49,A09,0.617
U0107,90,impression,2026-03-06T12:02:30,A09,0.44
U0107,57,impression,2026-03-06T12:03:06,A09,0.47
U0107,103,impression,2026-03-06T12:03:02,A09,0.704
U0107,83,impression,2026-03-06T12:00:35,A09,0.482
U0107,75,impression,2026-03-06T12:00:47,A09,0.062
U0107,70,impression,2026-03-06T12:03:26,A09,0.458
U0107,70,click,2026-03-06T12:03:49,A09,0.458
U0107,64,impression,2026-03-06T12:03:07,A09,0.023
U0107,80,impression,2026-03-06T12:02:10,A09,0.025
U0107,58,impression,2026-03-06T12:01:52,A09,0.534
U0107,108,impression,2026-03-06T12:02:27,A09,0.059
U0107,71,impression,2026-03-06T12:01:47,A09,0.575
U0107,71,click,2026-03-06T12:01:53,A09,0.575
U0107,59,impression,2026-03-06T12:02:15,A09,0.07
U0108,68,impression,2026-02-02T13:31:26,A06,0.012
U0108,27,impression,2026-02-02T13:31:00,A06,0.486
U0108,97,impression,2026-02-02T13:31:50,A06,0.49
U0108,35,impression,2026-02-02T13:29:22,A06,0.482
U0108,105,impression,2026-02-02T13:29:19,A06,0.065
U0108,94,impression,2026-02-02T13:32:35,A06,0.107
U0108,51,impression,2026-02-02T13:29:48,A06,0.468
U0108,82,impression,2026-02-02T13:32:35,A06,0.06
U0108,101,impression,2026-04-13T21:18:15,A06,0.035
U0108,77,impression,2026-04-13T21:18:21,A06,0.469
U0108,32,impression,2026-04-13T21:16:46,A06,0.51
U0108,32,click,2026-04-13T21:17:03,A06,0.51
U0108,90,impression,2026-04-13T21:18:59,A06,0.09
U0108,39,impression,2026-04-13T21:17:32,A06,0.507
U0108,39,click,2026-04-13T21:18:00,A06,0.507
U0108,34,impression,2026-04-13T21:16:45,A06,0.436
U0108,80,impression,2026-04-13T21:18:37,A06,0.081
U0108,81,impression,2026-04-13T21:17:55,A06,0.458
U0108,30,impression,2026-04-13T21:20:30,A06,0.435
U0108,30,click,2026-04-13T21:20:53,A06,0.435
U0108,62,impression,2026-04-13T21:19:05,A06,0.045
U0108,41,impression,2026-04-13T21:19:10,A06,0.092
U0108,24,impression,2026-04-13T21:16:37,A06,0.436
U0108,27,impression,2026-04-05T18:49:47,A06,0.437
U0108,39,impression,2026-04-05T18:48:36,A06,0.466
U0108,39,click,2026-04-05T18:49:01,A06,0.466
U0108,32,impression,2026-04-05T18:48:37,A06,0.51
U0108,94,impression,2026-04-05T18:52:44,A06,0.032
U0108,87,impression,2026-04-05T18:52:38,A06,0.02
U0108,109,impression,2026-04-05T18:52:11,A06,0.028
U0108,98,impression,2026-04-05T18:48:06,A06,0.429
U0108,63,impression,2026-04-05T18:51:27,A06,0.059
U0108,54,impression,2026-02-04T09:09:31,A06,0.085
U0108,82,impression,2026-02-04T09:07:20,A06,0.06
U0108,33,impression,2026-02-04T09:10:59,A06,0.436
U0108,81,impression,2026-02-04T09:10:28,A06,0.394
U0108,26,impression,2026-02-04T09:09:16,A06,0.42
U0108,86,impression,2026-02-04T09:08:08,A06,0.101
U0108,70,impression,2026-02-03T13:54:28,A06,0.041
U0108,36,impression,2026-02-03T13:56:18,A06,0.461
U0108,32,impression,2026-02-03T13:54:21,A06,0.454
U0108,65,impression,2026-02-03T13:57:00,A06,0.051
U0108,50,impression,2026-02-03T13:56:06,A06,0.494
U0108,106,impression,2026-02-03T13:54:40,A06,0.078
U0108,104,impression,2026-02-03T13:56:59,A06,0.098
U0108,104,click,2026-02-03T13:57:03,A06,0.098
U0108,81,impression,2026-02-03T13:56:58,A06,0.447
U0108,78,impression,2026-02-03T13:54:33,A06,0.031
U0108,97,impression,2026-02-03T13:53:02,A06,0.575
U0108,77,impression,2026-02-03T13:57:20,A06,0.494
U0108,24,impression,2026-02-03T13:57:34,A06,0.461
U0108,33,impression,2026-02-03T13:56:35,A06,0.479
U0108,26,impression,2026-02-03T13:57:28,A06,0.413
U0108,82,impression,2026-02-03T13:54:42,A06,0.07
U0108,35,impression,2026-04-06T15:32:12,A06,0.449
U0108,32,impression,2026-04-06T15:33:46,A06,0.473
U0108,62,impression,2026-04-06T15:32:02,A06,0.045
U0108,39,impression,2026-04-06T15:32:09,A06,0.454
U0108,72,impression,2026-04-06T15:31:06,A06,0.075
U0108,97,impression,2026-04-06T15:32:03,A06,0.567
U0108,65,impression,2026-04-06T15:30:02,A06,-0.023
U0108,34,impression,2026-04-06T15:34:28,A06,0.407
U0108,47,impression,2026-04-06T15:31:56,A06,0.041
U0108,77,impression,2026-04-06T15:30:13,A06,0.461
U0108,50,impression,2026-04-06T15:32:58,A06,0.49
U0108,53,impression,2026-04-06T15:30:16,A06,0.097
U0108,25,impression,2026-04-06T15:30:03,A06,0.453
U0108,66,impression,2026-04-06T15:31:41,A06,0.063
U0108,27,impression,2026-03-20T15:39:20,A06,0.406
U0108,27,click,2026-03-20T15:39:21,A06,0.406
U0108,92,impression,2026-03-20T15:39:11,A06,0.028
U0108,42,impression,2026-03-20T15:37:23,A06,0.041
U0108,81,impression,2026-03-20T15:40:28,A06,0.473
U0108,33,impression,2026-03-20T15:41:32,A06,0.433
U0108,31,impression,2026-03-20T15:38:45,A06,0.438
U0108,31,click,2026-03-20T15:38:55,A06,0.438
U0108,80,impression,2026-03-20T15:39:16,A06,0.075
U0108,96,impression,2026-03-20T15:40:21,A06,0.11
U0108,81,impression,2026-02-05T12:13:35,A06,0.467
U0108,81,click,2026-02-05T12:13:38,A06,0.467
U0108,81,save,2026-02-05T12:13:38,A06,0.467
U0108,74,impression,2026-02-05T12:17:07,A06,0.054
U0108,55,impression,2026-02-05T12:15:47,A06,0.021
U0108,50,impression,2026-02-05T12:17:25,A06,0.44
U0108,32,impression,2026-02-05T12:17:03,A06,0.498
U0108,106,impression,2026-02-05T12:17:25,A06,0.057
U0108,77,impression,2026-02-05T12:13:11,A06,0.459
U0109,68,impression,2026-03-05T13:00:00,A09,0.656
U0109,23,impression,2026-03-05T12:56:30,A09,0.086
U0109,73,impression,2026-03-05T13:00:37,A09,0.074
U0109,49,impression,2026-03-05T12:57:21,A09,0.022
U0109,70,impression,2026-03-05T12:59:24,A09,0.434
U0109,103,impression,2026-03-05T13:00:51,A09,0.736
U0109,103,click,2026-03-05T13:00:58,A09,0.736
U0109,78,impression,2026-03-05T13:00:26,A09,0.63
U0109,104,impression,2026-03-05T12:56:52,A09,0.106
U0109,90,impression,2026-03-05T12:58:07,A09,0.507
U0109,105,impression,2026-03-05T12:59:48,A09,0.504
U0109,105,click,2026-03-05T13:00:18,A09,0.504
U0109,76,impression,2026-02-02T16:40:52,A09,0.014
U0109,57,impression,2026-02-02T16:39:34,A09,0.486
U0109,38,impression,2026-02-02T16:41:22,A09,0.083
U0109,90,impression,2026-02-02T16:38:56,A09,0.491
U0109,84,impression,2026-02-02T16:39:59,A09,0.094
U0109,100,impression,2026-02-02T16:39:48,A09,0.453
U0109,65,impression,2026-02-01T22:22:25,A09,0.483
U0109,79,impression,2026-02-01T22:20:16,A09,0.472
U0109,83,impression,2026-02-01T22:18:21,A09,0.509
U0109,78,impression,2026-02-01T22:20:41,A09,0.636
U0109,38,impression,2026-02-01T22:18:12,A09,0.069
U0109,30,impression,2026-02-01T22:18:17,A09,0.029
U0109,22,impression,2026-02-01T22:21:43,A09,0.099
U0109,22,click,2026-02-01T22:22:06,A09,0.099
U0109,103,impression,2026-02-01T22:18:27,A09,0.712
U0109,103,click,2026-02-01T22:18:39,A09,0.712
U0109,47,impression,2026-02-01T22:19:06,A09,0.075
U0109,84,impression,2026-03-24T15:12:30,A09,0.091
U0109,65,impression,2026-03-24T15:13:46,A09,0.508
U0109,83,impression,2026-03-24T15:13:14,A09,0.413
U0109,56,impression,2026-03-24T15:15:02,A09,0.073
U0109,75,impression,2026-03-24T15:14:47,A09,0.066
U0109,75,click,2026-03-24T15:14:57,A09,0.066
U0109,21,impression,2026-03-24T15:13:11,A09,0.105
U0109,57,impression,2026-03-24T15:15:16,A09,0.486
U0109,66,impression,2026-03-24T15:12:28,A09,0.583
U0109,83,impression,2026-02-16T21:48:24,A09,0.432
U0109,66,impression,2026-02-16T21:48:08,A09,0.646
U0109,74,impression,2026-02-16T21:49:00,A09,0.098
U0109,57,impression,2026-02-16T21:45:16,A09,0.504
U0109,63,impression,2026-02-16T21:46:47,A09,0.082
U0110,73,impression,2026-03-20T22:07:04,A07,0.709
U0110,73,click,2026-03-20T22:07:21,A07,0.709
U0110,73,save,2026-03-20T22:07:21,A07,0.709
U0110,39,impression,2026-03-20T22:07:48,A07,0.163
U0110,99,impression,2026-03-20T22:09:16,A07,0.676
U0110,67,impression,2026-03-20T22:07:53,A07,0.39
U0110,67,click,2026-03-20T22:08:16,A07,0.39
U0110,75,impression,2026-03-20T22:05:58,A07,0.678
U0110,88,impression,2026-03-20T22:05:15,A07,0.6
U0110,35,impression,2026-03-20T22:07:10,A07,0.024
U0110,40,impression,2026-03-20T22:05:21,A07,0.081
U0110,58,impression,2026-03-20T22:08:47,A07,0.043
U0110,79,impression,2026-03-20T22:08:04,A07,0.051
U0110,61,impression,2026-03-20T22:06:47,A07,0.605
U0110,62,impression,2026-03-20T22:09:21,A07,0.523
U0110,62,click,2026-03-20T22:09:23,A07,0.523
U0110,92,impression,2026-03-20T22:08:48,A07,0.076
U0110,50,impression,2026-03-15T13:30:25,A07,0.016
U0110,108,impression,2026-03-15T13:30:25,A07,0.579
U0110,61,impression,2026-03-15T13:31:33,A07,0.601
U0110,99,impression,2026-03-15T13:28:54,A07,0.677
U0110,88,impression,2026-03-15T13:32:48,A07,0.528
U0110,38,impression,2026-03-15T13:32:10,A07,0.052
U0110,39,impression,2026-03-15T13:33:00,A07,0.123
U0110,104,impression,2026-03-15T13:29:26,A07,0.1
U0110,67,impression,2026-03-15T13:30:14,A07,0.423
U0110,74,impression,2026-03-15T13:31:12,A07,0.729
U0110,74,click,2026-03-15T13:31:38,A07,0.729
U0110,63,impression,2026-03-15T13:29:15,A07,0.585
U0110,64,impression,2026-03-15T13:29:41,A07,0.05
U0110,102,impression,2026-03-09T22:26:00,A07,0.089
U0110,69,impression,2026-03-09T22:26:06,A07,0.666
U0110,73,impression,2026-03-09T22:24:02,A07,0.73
U0110,27,impression,2026-03-09T22:24:49,A07,0.056
U0110,30,impression,2026-03-09T22:27:07,A07,0.089
U0110,60,impression,2026-03-09T22:26:32,A07,0.576
U0110,90,impression,2026-02-07T17:56:44,A07,0.032
U0110,108,impression,2026-02-07T17:54:04,A07,0.495
U0110,63,impression,2026-02-07T17:55:35,A07,0.637
U0110,63,click,2026-02-07T17:55:54,A07,0.637
U0110,85,impression,2026-02-07T17:56:39,A07,0.588
U0110,80,impression,2026-02-07T17:52:45,A07,0.558
U0110,80,click,2026-02-07T17:52:57,A07,0.558
U0110,48,impression,2026-02-07T17:52:47,A07,0.07
U0110,60,impression,2026-02-07T17:53:28,A07,0.574
U0110,60,click,2026-02-07T17:53:41,A07,0.574
U0110,60,cart_add,2026-02-07T17:54:31,A07,0.574
U0110,27,impression,2026-02-07T17:54:01,A07,0.068
U0110,103,impression,2026-02-07T17:55:41,A07,0.104
U0110,33,impression,2026-02-07T17:53:34,A07,0.069
U0110,65,impression,2026-02-07T17:54:00,A07,0.027
U0110,74,impression,2026-02-07T17:56:25,A07,0.714
U0110,74,click,2026-02-07T17:56:46,A07,0.714
U0110,74,cart_add,2026-02-07T17:57:25,A07,0.714
U0110,59,impression,2026-02-07T17:54:25,A07,0.543
U0110,99,impression,2026-02-07T17:52:50,A07,0.695
U0110,85,impression,2026-03-25T21:31:31,A07,0.505
U0110,52,impression,2026-03-25T21:30:11,A07,0.095
U0110,104,impression,2026-03-25T21:29:25,A07,0.066
U0110,109,impression,2026-03-25T21:31:42,A07,0.07
U0110,22,impression,2026-03-25T21:30:47,A07,0.054
U0110,63,impression,2026-03-25T21:32:41,A07,0.638
U0110,61,impression,2026-03-25T21:30:34,A07,0.652
U0110,61,click,2026-03-25T21:30:53,A07,0.652
U0110,66,impression,2026-03-25T21:28:45,A07,0.055
U0110,108,impression,2026-03-25T21:31:16,A07,0.585
U0110,80,impression,2026-03-25T21:32:51,A07,0.512
U0110,72,impression,2026-03-25T21:28:47,A07,0.523
U0111,55,impression,2026-03-28T15:20:10,A08,0.706
U0111,55,click,2026-03-28T15:20:12,A08,0.706
U0111,96,impression,2026-03-28T15:23:45,A08,0.459
U0111,53,impression,2026-03-28T15:22:18,A08,0.495
U0111,105,impression,2026-03-28T15:23:23,A08,0.576
U0111,90,impression,2026-03-28T15:23:26,A08,0.662
U0111,80,impression,2026-03-28T15:21:05,A08,0.06
U0111,54,impression,2026-03-28T15:21:48,A08,0.437
U0111,104,impression,2026-03-28T15:21:46,A08,0.129
U0111,83,impression,2026-03-28T15:22:24,A08,0.535
U0111,108,impression,2026-03-28T15:22:10,A08,0.077
U0111,61,impression,2026-03-28T15:22:17,A08,0.056
U0111,56,impression,2026-03-28T15:22:00,A08,0.41
U0111,109,impression,2026-03-28T15:20:07,A08,0.495
U0111,76,impression,2026-03-28T15:23:05,A08,0.074
U0111,75,impression,2026-03-28T15:21:10,A08,0.036
U0111,90,impression,2026-03-06T12:26:44,A08,0.599
U0111,79,impression,2026-03-06T12:29:46,A08,0.061
U0111,55,impression,2026-03-06T12:29:08,A08,0.722
U0111,55,click,2026-03-06T12:29:16,A08,0.722
U0111,59,impression,2026-03-06T12:30:30,A08,0.019
U0111,82,impression,2026-03-06T12:26:11,A08,0.104
U0111,53,impression,2026-03-06T12:26:51,A08,0.531
U0111,53,click,2026-03-06T12:27:02,A08,0.531
U0111,96,impression,2026-03-06T12:26:44,A08,0.415
U0111,36,impression,2026-03-06T12:27:35,A08,0.109
U0111,56,impression,2026-04-14T17:55:41,A08,0.423
U0111,39,impression,2026-04-14T17:57:31,A08,0.045
U0111,27,impression,2026-04-14T17:58:05,A08,0.077
U0111,105,impression,2026-04-14T17:56:07,A08,0.572
U0111,62,impression,2026-04-14T17:57:59,A08,0.08
U0111,55,impression,2026-04-14T17:55:57,A08,0.693
U0111,100,impression,2026-04-14T17:59:17,A08,0.512
U0111,102,impression,2026-04-14T17:55:03,A08,0.014
U0111,49,impression,2026-04-14T17:58:07,A08,0.058
U0111,83,impression,2026-04-14T17:55:39,A08,0.494
U0111,83,click,2026-04-14T17:56:04,A08,0.494
U0111,95,impression,2026-04-14T17:58:25,A08,0.584
U0111,109,impression,2026-04-14T17:57:53,A08,0.456
U0111,26,impression,2026-02-26T22:29:44,A08,0.035
U0111,56,impression,2026-02-26T22:31:59,A08,0.452
U0111,42,impression,2026-02-26T22:30:53,A08,0.014
U0111,63,impression,2026-02-26T22:32:31,A08,0.019
U0111,83,impression,2026-02-26T22:29:11,A08,0.524
U0111,96,impression,2026-02-26T22:32:52,A08,0.425
U0111,37,impression,2026-03-16T11:26:36,A08,0.106
U0111,56,impression,2026-03-16T11:30:27,A08,0.418
U0111,56,click,2026-03-16T11:30:40,A08,0.418
U0111,53,impression,2026-03-16T11:27:32,A08,0.51
U0111,67,impression,2026-03-16T11:27:36,A08,0.016
U0111,90,impression,2026-03-16T11:27:58,A08,0.593
U0111,90,click,2026-03-16T11:28:26,A08,0.593
U0111,95,impression,2026-03-16T11:28:43,A08,0.643
U0111,21,impression,2026-03-16T11:29:34,A08,0.097
U0111,41,impression,2026-03-16T11:29:46,A08,0.092
U0111,86,impression,2026-03-16T11:26:55,A08,0.029
U0111,105,impression,2026-03-16T11:27:15,A08,0.593
U0111,105,click,2026-03-16T11:27:28,A08,0.593
U0111,100,impression,2026-03-16T11:28:51,A08,0.543
U0111,55,impression,2026-03-16T11:26:56,A08,0.718
U0112,64,impression,2026-02-05T13:04:27,A06,0.08
U0112,64,click,2026-02-05T13:04:54,A06,0.08
U0112,36,impression,2026-02-05T13:06:14,A06,0.451
U0112,24,impression,2026-02-05T13:04:16,A06,0.503
U0112,51,impression,2026-02-05T13:07:56,A06,0.425
U0112,51,click,2026-02-05T13:08:20,A06,0.425
U0112,35,impression,2026-02-05T13:06:54,A06,0.492
U0112,27,impression,2026-02-05T13:05:26,A06,0.487
U0112,69,impression,2026-02-05T13:05:54,A06,0.078
U0112,25,impression,2026-02-05T13:08:49,A06,0.497
U0112,26,impression,2026-02-05T13:08:36,A06,0.419
U0112,53,impression,2026-02-05T13:07:52,A06,0.063
U0112,66,impression,2026-02-05T13:04:18,A06,0.054
U0112,97,impression,2026-02-05T13:06:01,A06,0.499
U0112,93,impression,2026-02-05T13:06:02,A06,0.087
U0112,93,click,2026-02-05T13:06:25,A06,0.087
U0112,52,impression,2026-02-05T13:07:05,A06,0.445
U0112,59,impression,2026-02-05T13:07:13,A06,0.069
U0112,97,impression,2026-04-12T12:18:15,A06,0.575
U0112,24,impression,2026-04-12T12:17:13,A06,0.411
U0112,26,impression,2026-04-12T12:19:00,A06,0.497
U0112,32,impression,2026-04-12T12:18:37,A06,0.475
U0112,32,click,2026-04-12T12:19:01,A06,0.475
U0112,34,impression,2026-04-12T12:16:21,A06,0.446
U0112,50,impression,2026-04-12T12:18:16,A06,0.486
U0112,65,impression,2026-04-12T12:15:33,A06,0.042
U0112,73,impression,2026-04-12T12:15:10,A06,0.054
U0112,77,impression,2026-04-12T12:16:52,A06,0.438
U0112,35,impression,2026-04-12T12:15:34,A06,0.41
U0112,38,impression,2026-04-12T12:15:01,A06,0.494
U0112,90,impression,2026-04-12T12:18:59,A06,0.017
U0112,23,impression,2026-04-12T12:16:09,A06,0.097
U0112,63,impression,2026-04-12T12:16:26,A06,0.051
U0112,60,impression,2026-04-12T12:19:28,A06,0.044
U0112,58,impression,2026-04-04T22:34:38,A06,0.066
U0112,97,impression,2026-04-04T22:34:25,A06,0.567
U0112,26,impression,2026-04-04T22:35:11,A06,0.413
U0112,34,impression,2026-04-04T22:34:05,A06,0.444
U0112,105,impression,2026-04-04T22:31:57,A06,0.09
U0112,78,impression,2026-02-22T11:03:36,A06,0.074
U0112,32,impression,2026-02-22T11:03:06,A06,0.422
U0112,33,impression,2026-02-22T11:06:14,A06,0.459
U0112,37,impression,2026-02-22T11:04:24,A06,0.455
U0112,89,impression,2026-02-22T11:05:11,A06,0.036
U0112,38,impression,2026-02-22T11:04:50,A06,0.471
U0112,42,impression,2026-02-22T11:06:34,A06,0.041
U0112,46,impression,2026-02-22T11:06:56,A06,0.444
U0112,63,impression,2026-02-22T11:03:30,A06,0.085
U0112,27,impression,2026-02-22T11:02:41,A06,0.477
U0112,30,impression,2026-02-08T20:28:44,A06,0.435
U0112,92,impression,2026-02-08T20:26:44,A06,0.032
U0112,55,impression,2026-02-08T20:28:23,A06,0.063
U0112,39,impression,2026-02-08T20:28:04,A06,0.482
U0112,49,impression,2026-02-08T20:26:49,A06,0.034
U0112,77,impression,2026-02-08T20:24:27,A06,0.504
U0112,77,click,2026-02-08T20:24:49,A06,0.504
U0112,84,impression,2026-02-08T20:28:05,A06,0.539
U0112,27,impression,2026-02-08T20:28:45,A06,0.411
U0112,27,click,2026-02-08T20:29:04,A06,0.411
U0112,108,impression,2026-02-08T20:27:08,A06,0.039
U0112,104,impression,2026-03-02T18:10:28,A06,0.047
U0112,102,impression,2026-03-02T18:14:13,A06,0.107
U0112,26,impression,2026-03-02T18:14:48,A06,0.488
U0112,26,click,2026-03-02T18:14:58,A06,0.488
U0112,101,impression,2026-03-02T18:11:48,A06,0.077
U0112,77,impression,2026-03-02T18:12:59,A06,0.467
U0112,30,impression,2026-03-02T18:10:39,A06,0.502
U0112,30,click,2026-03-02T18:10:50,A06,0.502
U0112,30,cart_add,2026-03-02T18:11:32,A06,0.502
U0112,33,impression,2026-03-02T18:11:20,A06,0.507
U0112,33,click,2026-03-02T18:11:29,A06,0.507
U0113,38,impression,2026-03-21T18:46:19,A10,0.45
U0113,77,impression,2026-03-21T18:46:19,A10,0.127
U0113,50,impression,2026-03-21T18:44:34,A10,0.501
U0113,50,click,2026-03-21T18:44:39,A10,0.501
U0113,54,impression,2026-03-21T18:46:13,A10,0.709
U0113,39,impression,2026-03-21T18:48:59,A10,0.445
U0113,39,click,2026-03-21T18:49:29,A10,0.445
U0113,43,impression,2026-03-21T18:44:36,A10,0.542
U0113,82,impression,2026-03-21T18:47:32,A10,0.498
U0113,90,impression,2026-03-21T18:44:58,A10,0.104
U0113,62,impression,2026-03-21T18:49:00,A10,0.026
U0113,56,impression,2026-03-21T18:46:44,A10,0.055
U0113,41,impression,2026-03-12T21:33:58,A10,0.586
U0113,47,impression,2026-03-12T21:35:19,A10,0.435
U0113,31,impression,2026-03-12T21:33:13,A10,0.45
U0113,33,impression,2026-03-12T21:32:02,A10,0.467
U0113,48,impression,2026-03-12T21:35:47,A10,0.576
U0113,48,click,2026-03-12T21:35:57,A10,0.576
U0113,98,impression,2026-03-12T21:34:54,A10,0.101
U0113,73,impression,2026-03-12T21:32:25,A10,0.036
U0113,23,impression,2026-03-12T21:32:25,A10,0.415
U0113,77,impression,2026-03-12T21:36:52,A10,0.06
U0113,27,impression,2026-03-12T21:32:26,A10,0.179
U0113,39,impression,2026-03-12T21:35:03,A10,0.51
U0113,39,click,2026-03-12T21:35:10,A10,0.51
U0113,32,impression,2026-03-12T21:32:43,A10,0.473
U0113,75,impression,2026-03-12T21:33:27,A10,0.01
U0113,55,impression,2026-03-12T21:36:09,A10,0.073
U0113,91,impression,2026-03-12T21:36:23,A10,0.372
U0113,91,click,2026-03-12T21:36:43,A10,0.372
U0113,73,impression,2026-02-11T17:49:44,A10,0.065
U0113,34,impression,2026-02-11T17:49:11,A10,0.39
U0113,75,impression,2026-02-11T17:50:49,A10,0.065
U0113,40,impression,2026-02-11T17:48:35,A10,0.523
U0113,24,impression,2026-02-11T17:50:59,A10,0.107
U0113,44,impression,2026-02-11T17:46:52,A10,0.554
U0113,104,impression,2026-02-11T17:50:58,A10,0.506
U0113,76,impression,2026-02-11T17:46:57,A10,0.437
U0113,108,impression,2026-02-11T17:46:43,A10,0.038
U0113,39,impression,2026-02-11T17:49:05,A10,0.461
U0113,37,impression,2026-03-23T18:38:17,A10,0.499
U0113,37,click,2026-03-23T18:38:46,A10,0.499
U0113,45,impression,2026-03-23T18:41:17,A10,0.441
U0113,70,impression,2026-03-23T18:40:26,A10,0.062
U0113,77,impression,2026-03-23T18:37:37,A10,0.065
U0113,106,impression,2026-03-23T18:38:35,A10,0.425
U0113,24,impression,2026-03-23T18:39:06,A10,0.15
U0113,59,impression,2026-03-23T18:39:47,A10,0.056
U0113,34,impression,2026-03-23T18:40:33,A10,0.475
U0113,70,impression,2026-03-07T20:42:08,A10,0.025
U0113,85,impression,2026-03-07T20:44:04,A10,0.104
U0113,58,impression,2026-03-07T20:41:20,A10,0.073
U0113,58,click,2026-03-07T20:41:25,A10,0.073
U0113,34,impression,2026-03-07T20:42:09,A10,0.477
U0113,34,click,2026-03-07T20:42:27,A10,0.477
U0113,27,impression,2026-03-07T20:44:02,A10,0.161
U0113,94,impression,2026-03-07T20:41:08,A10,0.441
U0113,63,impression,2026-03-07T20:44:34,A10,0.083
U0113,107,impression,2026-03-07T20:43:38,A10,0.561
U0113,36,impression,2026-03-07T20:42:34,A10,0.501
U0113,36,click,2026-03-07T20:42:52,A10,0.501
U0113,39,impression,2026-03-07T20:41:08,A10,0.46
U0113,39,click,2026-03-07T20:41:23,A10,0.46
U0113,62,impression,2026-03-07T20:40:26,A10,0.039
U0113,33,impression,2026-03-07T20:40:18,A10,0.493
U0113,22,impression,2026-03-07T20:40:37,A10,0.447
U0113,22,click,2026-03-07T20:40:59,A10,0.447
U0113,48,impression,2026-03-07T20:44:12,A10,0.561
U0113,76,impression,2026-02-19T13:51:52,A10,0.432
U0113,35,impression,2026-02-19T13:55:21,A10,0.427
U0113,106,impression,2026-02-19T13:52:38,A10,0.501
U0113,78,impression,2026-02-19T13:54:55,A10,0.073
U0113,50,impression,2026-02-19T13:51:10,A10,0.533
U0113,88,impression,2026-02-19T13:51:20,A10,0.053
U0113,45,impression,2026-02-19T13:52:58,A10,0.475
U0113,46,impression,2026-02-19T13:52:58,A10,0.176
U0113,46,click,2026-02-19T13:53:18,A10,0.176
U0113,44,impression,2026-02-19T13:51:41,A10,0.497
U0113,38,impression,2026-02-19T13:52:35,A10,0.478
U0113,99,impression,2026-02-19T13:53:43,A10,0.075
U0113,109,impression,2026-02-19T13:51:29,A10,0.161
U0114,76,impression,2026-02-01T16:32:11,A12,0.417
U0114,78,impression,2026-02-01T16:32:22,A12,0.084
U0114,39,impression,2026-02-01T16:33:09,A12,0.426
U0114,102,impression,2026-02-01T16:31:40,A12,0.524
U0114,47,impression,2026-02-01T16:30:17,A12,0.492
U0114,21,impression,2026-02-01T16:32:59,A12,0.471
U0114,72,impression,2026-02-01T16:31:46,A12,0.068
U0114,45,impression,2026-02-01T16:30:50,A12,0.445
U0114,45,click,2026-02-01T16:31:04,A12,0.445
U0114,81,impression,2026-02-01T16:33:39,A12,0.052
U0114,70,impression,2026-02-01T16:30:05,A12,0.086
U0114,36,impression,2026-03-15T20:01:41,A12,0.424
U0114,42,impression,2026-03-15T20:05:29,A12,0.499
U0114,56,impression,2026-03-15T20:05:51,A12,0.075
U0114,43,impression,2026-03-15T20:03:37,A12,0.445
U0114,101,impression,2026-03-15T20:03:43,A12,0.484
U0114,31,impression,2026-03-15T20:02:01,A12,0.475
U0114,31,click,2026-03-15T20:02:07,A12,0.475
U0114,74,impression,2026-03-15T20:03:05,A12,0.068
U0114,98,impression,2026-03-15T20:02:51,A12,0.14
U0114,80,impression,2026-03-15T20:02:45,A12,0.041
U0114,97,impression,2026-02-14T09:34:22,A12,0.078
U0114,64,impression,2026-02-14T09:36:35,A12,0.06
U0114,52,impression,2026-02-14T09:38:38,A12,0.435
U0114,52,click,2026-02-14T09:38:40,A12,0.435
U0114,86,impression,2026-02-14T09:37:37,A12,0.452
U0114,42,impression,2026-02-14T09:37:48,A12,0.457
U0114,69,impression,2026-02-14T09:35:34,A12,0.073
U0114,51,impression,2026-02-14T09:38:53,A12,0.438
U0114,100,impression,2026-02-14T09:34:05,A12,0.101
U0114,76,impression,2026-02-14T09:34:10,A12,0.423
U0114,25,impression,2026-02-14T09:38:13,A12,0.069
U0114,37,impression,2026-02-14T09:36:37,A12,0.482
U0114,89,impression,2026-02-14T09:37:30,A12,-0.015
U0114,30,impression,2026-02-14T09:34:10,A12,0.497
U0114,45,impression,2026-03-23T09:05:08,A12,0.467
U0114,45,click,2026-03-23T09:05:24,A12,0.467
U0114,55,impression,2026-03-23T09:05:05,A12,0.078
U0114,34,impression,2026-03-23T09:07:02,A12,0.44
U0114,63,impression,2026-03-23T09:07:57,A12,0.096
U0114,39,impression,2026-03-23T09:07:13,A12,0.419
U0114,42,impression,2026-02-10T20:37:19,A12,0.414
U0114,107,impression,2026-02-10T20:36:04,A12,0.414
U0114,107,click,2026-02-10T20:36:13,A12,0.414
U0114,81,impression,2026-02-10T20:37:21,A12,0.026
U0114,78,impression,2026-02-10T20:36:53,A12,0.018
U0114,41,impression,2026-02-10T20:33:58,A12,0.432
U0114,51,impression,2026-02-10T20:33:15,A12,0.5
U0114,86,impression,2026-02-10T20:36:26,A12,0.507
U0114,79,impression,2026-02-10T20:33:20,A12,0.083
U0114,71,impression,2026-02-10T20:33:54,A12,0.073
U0114,46,impression,2026-02-10T20:35:43,A12,0.053
U0114,106,impression,2026-02-10T20:37:51,A12,0.632
U0114,106,click,2026-02-10T20:38:09,A12,0.632
U0114,91,impression,2026-02-10T20:34:11,A12,0.404
U0114,91,click,2026-02-10T20:34:40,A12,0.404
U0114,101,impression,2026-02-10T20:35:00,A12,0.429
U0114,61,impression,2026-02-10T20:37:48,A12,0.055
U0114,21,impression,2026-02-04T15:14:18,A12,0.437
U0114,82,impression,2026-02-04T15:18:24,A12,0.504
U0114,109,impression,2026-02-04T15:17:53,A12,0.078
U0114,60,impression,2026-02-04T15:18:29,A12,0.107
U0114,51,impression,2026-02-04T15:15:24,A12,0.49
U0114,78,impression,2026-02-04T15:15:09,A12,0.1
U0114,46,impression,2026-02-04T15:14:16,A12,0.085
U0114,22,impression,2026-02-04T15:15:11,A12,0.456
U0114,48,impression,2026-02-04T15:16:21,A12,0.411
U0114,48,click,2026-02-04T15:16:46,A12,0.411
U0114,91,impression,2026-02-04T15:15:03,A12,0.462
U0114,35,impression,2026-02-04T15:14:54,A12,0.44
U0114,70,impression,2026-02-04T15:18:11,A12,0.047
U0114,93,impression,2026-02-04T15:16:23,A12,0.012
U0115,100,impression,2026-03-12T17:27:07,A08,0.537
U0115,100,click,2026-03-12T17:27:13,A08,0.537
U0115,54,impression,2026-03-12T17:29:30,A08,0.479
U0115,54,click,2026-03-12T17:29:55,A08,0.479
U0115,54,save,2026-03-12T17:29:55,A08,0.479
U0115,65,impression,2026-03-12T17:30:12,A08,-0.009
U0115,39,impression,2026-03-12T17:31:49,A08,0.087
U0115,109,impression,2026-03-12T17:29:11,A08,0.497
U0115,64,impression,2026-03-12T17:27:30,A08,0.091
U0115,95,impression,2026-03-12T17:27:29,A08,0.634
U0115,95,click,2026-03-12T17:27:37,A08,0.634
U0115,42,impression,2026-03-12T17:31:16,A08,0.056
U0115,55,impression,2026-03-12T17:29:13,A08,0.707
U0115,96,impression,2026-03-12T17:29:25,A08,0.467
U0115,82,impression,2026-03-12T17:31:30,A08,0.038
U0115,55,impression,2026-02-25T09:06:19,A08,0.677
U0115,54,impression,2026-02-25T09:09:00,A08,0.448
U0115,35,impression,2026-02-25T09:07:49,A08,0.107
U0115,38,impression,2026-02-25T09:05:46,A08,0.024
U0115,75,impression,2026-02-25T09:06:45,A08,0.077
U0115,96,impression,2026-02-25T09:07:12,A08,0.492
U0115,96,click,2026-02-25T09:07:15,A08,0.492
U0115,95,impression,2026-02-25T09:06:10,A08,0.66
U0115,95,click,2026-02-25T09:06:11,A08,0.66
U0115,94,impression,2026-02-25T09:09:58,A08,0.05
U0115,83,impression,2026-02-25T09:08:04,A08,0.568
U0115,74,impression,2026-02-25T09:07:38,A08,0.028
U0115,53,impression,2026-02-25T09:08:37,A08,0.555
U0115,72,impression,2026-02-25T09:07:05,A08,0.054
U0115,56,impression,2026-02-25T09:06:42,A08,0.447
U0115,66,impression,2026-02-18T14:50:05,A08,0.05
U0115,54,impression,2026-02-18T14:49:30,A08,0.472
U0115,41,impression,2026-02-18T14:53:57,A08,0.037
U0115,106,impression,2026-02-18T14:49:16,A08,0.076
U0115,105,impression,2026-02-18T14:50:39,A08,0.589
U0115,79,impression,2026-02-18T14:50:57,A08,0.047
U0115,95,impression,2026-02-18T14:50:45,A08,0.621
U0115,55,impression,2026-02-18T14:51:50,A08,0.724
U0115,90,impression,2026-02-18T14:53:25,A08,0.587
U0115,90,click,2026-02-18T14:53:26,A08,0.587
U0115,61,impression,2026-02-18T14:53:14,A08,0.015
U0115,109,impression,2026-02-18T14:53:59,A08,0.461
U0116,44,impression,2026-02-28T14:16:27,A10,0.518
U0116,44,click,2026-02-28T14:16:28,A10,0.518
U0116,66,impression,2026-02-28T14:17:09,A10,0.061
U0116,83,impression,2026-02-28T14:17:04,A10,0.065
U0116,35,impression,2026-02-28T14:19:06,A10,0.477
U0116,50,impression,2026-02-28T14:20:14,A10,0.57
U0116,68,impression,2026-02-28T14:20:47,A10,0.033
U0116,38,impression,2026-02-28T14:18:28,A10,0.475
U0116,81,impression,2026-02-28T14:20:58,A10,0.023
U0116,87,impression,2026-02-28T14:18:10,A10,0.457
U0116,87,click,2026-02-28T14:18:16,A10,0.457
U0116,90,impression,2026-03-18T20:13:58,A10,0.047
U0116,75,impression,2026-03-18T20:16:59,A10,0.108
U0116,80,impression,2026-03-18T20:16:20,A10,0.077
U0116,36,impression,2026-03-18T20:14:16,A10,0.436
U0116,25,impression,2026-03-18T20:16:53,A10,0.131
U0116,59,impression,2026-03-18T20:14:04,A10,0.079
U0116,76,impression,2026-03-18T20:16:15,A10,0.489
U0116,107,impression,2026-03-18T20:15:32,A10,0.516
U0116,30,impression,2026-03-18T20:14:36,A10,0.444
U0116,43,impression,2026-03-18T20:15:01,A10,0.565
U0116,23,impression,2026-03-18T20:15:53,A10,0.445
U0116,79,impression,2026-03-18T20:13:28,A10,0.098
U0116,41,impression,2026-03-18T20:12:55,A10,0.509
U0116,32,impression,2026-03-18T20:13:13,A10,0.497
U0116,22,impression,2026-02-14T17:16:18,A10,0.456
U0116,36,impression,2026-02-14T17:16:21,A10,0.487
U0116,63,impression,2026-02-14T17:17:19,A10,0.038
U0116,37,impression,2026-02-14T17:14:41,A10,0.447
U0116,37,click,2026-02-14T17:14:54,A10,0.447
U0116,44,impression,2026-02-14T17:14:08,A10,0.502
U0116,93,impression,2026-02-14T17:15:07,A10,0.104
U0116,75,impression,2026-02-14T17:14:19,A10,0.07
U0116,35,impression,2026-03-10T19:41:08,A10,0.429
U0116,83,impression,2026-03-10T19:41:50,A10,0.062
U0116,106,impression,2026-03-10T19:44:56,A10,0.487
U0116,106,click,2026-03-10T19:45:23,A10,0.487
U0116,50,impression,2026-03-10T19:43:14,A10,0.491
U0116,50,click,2026-03-10T19:43:29,A10,0.491
U0116,77,impression,2026-03-10T19:42:08,A10,0.054
U0116,82,impression,2026-03-10T19:43:17,A10,0.48
U0116,67,impression,2026-03-10T19:43:15,A10,0.117
U0116,81,impression,2026-03-10T19:42:55,A10,0.078
U0116,95,impression,2026-03-10T19:43:04,A10,0.54
U0116,37,impression,2026-03-10T19:40:57,A10,0.458
U0116,39,impression,2026-03-18T11:04:24,A10,0.484
U0116,104,impression,2026-03-18T11:01:21,A10,0.579
U0116,41,impression,2026-03-18T11:03:11,A10,0.535
U0116,22,impression,2026-03-18T11:00:13,A10,0.493
U0116,90,impression,2026-03-18T11:00:09,A10,0.051
U0116,90,click,2026-03-18T11:00:11,A10,0.051
U0116,86,impression,2026-03-18T11:04:04,A10,0.706
U0116,86,click,2026-03-18T11:04:10,A10,0.706
U0116,73,impression,2026-03-18T11:02:22,A10,0.068
U0116,102,impression,2026-03-18T11:02:45,A10,0.435
U0116,81,impression,2026-03-18T11:01:07,A10,0.062
U0116,27,impression,2026-03-18T11:02:47,A10,0.088
U0116,99,impression,2026-03-18T11:04:24,A10,0.101
U0116,96,impression,2026-03-18T11:00:58,A10,0.105
U0116,31,impression,2026-03-18T11:00:15,A10,0.425
U0116,31,click,2026-03-18T11:00:22,A10,0.425
U0116,31,save,2026-03-18T11:00:22,A10,0.425
U0116,57,impression,2026-04-09T17:05:53,A10,0.078
U0116,49,impression,2026-04-09T17:05:53,A10,0.41
U0116,45,impression,2026-04-09T17:05:51,A10,0.42
U0116,45,click,2026-04-09T17:06:11,A10,0.42
U0116,67,impression,2026-04-09T17:06:20,A10,0.15
U0116,31,impression,2026-04-09T17:06:21,A10,0.409
U0116,31,click,2026-04-09T17:06:27,A10,0.409
U0116,107,impression,2026-04-09T17:04:03,A10,0.5
U0116,86,impression,2026-04-09T17:03:20,A10,0.719
U0116,86,click,2026-04-09T17:03:50,A10,0.719
U0116,60,impression,2026-04-09T17:05:45,A10,0.087
U0116,108,impression,2026-04-09T17:05:12,A10,0.078
U0116,64,impression,2026-04-09T17:07:09,A10,0.025
U0116,21,impression,2026-04-09T17:04:39,A10,0.436
U0116,33,impression,2026-02-26T22:36:44,A10,0.472
U0116,33,click,2026-02-26T22:37:05,A10,0.472
U0116,82,impression,2026-02-26T22:39:39,A10,0.474
U0116,76,impression,2026-02-26T22:39:49,A10,0.419
U0116,26,impression,2026-02-26T22:39:50,A10,0.155
U0116,52,impression,2026-02-26T22:37:50,A10,0.499
U0116,89,impression,2026-02-26T22:37:21,A10,-0.02
U0116,43,impression,2026-02-26T22:36:56,A10,0.511
U0116,79,impression,2026-02-26T22:40:27,A10,0.037
U0116,100,impression,2026-02-26T22:38:12,A10,0.103
U0116,74,impression,2026-03-29T17:01:11,A10,0.109
U0116,82,impression,2026-03-29T17:01:52,A10,0.493
U0116,62,impression,2026-03-29T17:01:21,A10,0.105
U0116,45,impression,2026-03-29T17:02:55,A10,0.431
U0116,23,impression,2026-03-29T17:03:06,A10,0.422
U0116,87,impression,2026-03-29T17:01:34,A10,0.493
U0116,92,impression,2026-03-29T17:02:07,A10,0.025
U0116,92,click,2026-03-29T17:02:25,A10,0.025
U0116,21,impression,2026-03-29T17:04:54,A10,0.461
U0116,97,impression,2026-03-29T17:03:08,A10,0.149
U0117,97,impression,2026-02-24T14:53:23,A01,0.423
U0117,82,impression,2026-02-24T14:53:34,A01,0.083
U0117,108,impression,2026-02-24T14:52:47,A01,0.099
U0117,98,impression,2026-02-24T14:49:14,A01,0.57
U0117,55,impression,2026-02-24T14:52:38,A01,0.09
U0117,55,click,2026-02-24T14:52:54,A01,0.09
U0117,24,impression,2026-02-24T14:51:02,A01,0.493
U0117,95,impression,2026-02-24T14:49:26,A01,0.055
U0117,84,impression,2026-02-24T14:49:40,A01,0.563
U0117,32,impression,2026-02-24T14:51:38,A01,0.076
U0117,72,impression,2026-02-24T14:52:18,A01,0.598
U0117,85,impression,2026-02-24T14:52:15,A01,0.578
U0117,85,click,2026-02-24T14:52:45,A01,0.578
U0117,70,impression,2026-02-11T15:01:17,A01,0.675
U0117,60,impression,2026-02-11T14:58:46,A01,0.507
U0117,103,impression,2026-02-11T14:58:28,A01,0.479
U0117,103,click,2026-02-11T14:58:34,A01,0.479
U0117,67,impression,2026-02-11T15:01:59,A01,0.438
U0117,47,impression,2026-02-11T14:58:21,A01,0.062
U0117,24,impression,2026-02-11T14:57:12,A01,0.466
U0117,24,click,2026-02-11T14:57:35,A01,0.466
U0117,73,impression,2026-02-11T14:57:03,A01,0.267
U0117,42,impression,2026-02-11T15:01:21,A01,0.037
U0117,80,impression,2026-02-11T15:00:34,A01,0.568
U0117,68,impression,2026-02-11T14:57:36,A01,0.49
U0117,100,impression,2026-02-11T14:59:16,A01,0.093
U0117,99,impression,2026-02-11T15:00:14,A01,0.185
U0117,85,impression,2026-03-10T14:26:23,A01,0.667
U0117,103,impression,2026-03-10T14:30:16,A01,0.423
U0117,59,impression,2026-03-10T14:27:11,A01,0.663
U0117,27,impression,2026-03-10T14:28:44,A01,0.431
U0117,78,impression,2026-03-10T14:29:06,A01,0.017
U0117,26,impression,2026-03-10T14:30:35,A01,0.467
U0117,56,impression,2026-03-10T14:30:45,A01,0.063
U0117,63,impression,2026-03-10T14:29:59,A01,0.11
U0117,72,impression,2026-03-10T14:27:12,A01,0.644
U0117,72,click,2026-03-10T14:27:26,A01,0.644
U0117,72,save,2026-03-10T14:27:26,A01,0.644
U0117,67,impression,2026-03-10T14:26:20,A01,0.416
U0117,89,impression,2026-03-10T14:30:34,A01,0.116
U0117,53,impression,2026-03-10T14:30:29,A01,0.078
U0117,104,impression,2026-03-10T14:26:17,A01,0.079
U0117,85,impression,2026-04-03T11:22:25,A01,0.637
U0117,38,impression,2026-04-03T11:21:45,A01,0.06
U0117,64,impression,2026-04-03T11:22:10,A01,0.06
U0117,59,impression,2026-04-03T11:20:18,A01,0.599
U0117,57,impression,2026-04-03T11:19:38,A01,0.5
U0117,77,impression,2026-04-03T11:22:54,A01,0.396
U0117,52,impression,2026-04-03T11:23:27,A01,0.045
U0117,34,impression,2026-04-03T11:22:51,A01,-0.013
U0117,25,impression,2026-04-03T11:20:42,A01,0.493
U0117,63,impression,2026-04-03T11:19:45,A01,0.056
U0117,58,impression,2026-04-03T11:22:23,A01,0.443
U0117,103,impression,2026-03-28T12:46:58,A01,0.47
U0117,100,impression,2026-03-28T12:45:41,A01,0.087
U0117,35,impression,2026-03-28T12:44:36,A01,0.096
U0117,84,impression,2026-03-28T12:43:26,A01,0.532
U0117,70,impression,2026-03-28T12:46:34,A01,0.689
U0117,70,click,2026-03-28T12:46:48,A01,0.689
U0117,64,impression,2026-03-28T12:45:54,A01,0.022
U0117,105,impression,2026-03-28T12:42:24,A01,0.058
U0117,85,impression,2026-03-28T12:43:07,A01,0.658
U0117,48,impression,2026-04-05T22:05:33,A01,0.052
U0117,58,impression,2026-04-05T22:06:52,A01,0.419
U0117,79,impression,2026-04-05T22:06:00,A01,0.432
U0117,33,impression,2026-04-05T22:07:00,A01,0.109
U0117,33,click,2026-04-05T22:07:05,A01,0.109
U0117,68,impression,2026-04-05T22:06:45,A01,0.448
U0117,35,impression,2026-04-05T22:06:21,A01,0.064
U0117,35,click,2026-04-05T22:06:23,A01,0.064
U0117,92,impression,2026-04-05T22:08:29,A01,0.504
U0117,46,impression,2026-04-05T22:06:20,A01,0.572
U0117,25,impression,2026-04-05T22:06:24,A01,0.411
U0117,98,impression,2026-04-05T22:06:57,A01,0.509
U0117,98,click,2026-04-05T22:07:06,A01,0.509
U0117,104,impression,2026-04-05T22:05:48,A01,0.085
U0117,24,impression,2026-04-05T22:05:34,A01,0.435
U0117,34,impression,2026-04-05T22:08:49,A01,0.065
U0117,91,impression,2026-04-05T22:05:11,A01,0.012
U0117,26,impression,2026-02-01T14:00:52,A01,0.473
U0117,92,impression,2026-02-01T14:01:11,A01,0.445
U0117,79,impression,2026-02-01T14:00:05,A01,0.416
U0117,107,impression,2026-02-01T14:00:55,A01,0.138
U0117,24,impression,2026-02-01T13:59:54,A01,0.441
U0117,50,impression,2026-02-01T14:00:32,A01,0.104
U0117,62,impression,2026-02-01T13:59:54,A01,0.051
U0117,39,impression,2026-02-01T14:03:57,A01,0.158
U0118,50,impression,2026-03-07T11:33:51,A12,0.474
U0118,50,click,2026-03-07T11:33:57,A12,0.474
U0118,95,impression,2026-03-07T11:31:49,A12,0.064
U0118,27,impression,2026-03-07T11:32:48,A12,0.089
U0118,31,impression,2026-03-07T11:33:49,A12,0.402
U0118,31,click,2026-03-07T11:33:54,A12,0.402
U0118,35,impression,2026-03-07T11:32:50,A12,0.414
U0118,53,impression,2026-02-15T11:30:21,A12,0.015
U0118,94,impression,2026-02-15T11:30:08,A12,0.509
U0118,32,impression,2026-02-15T11:30:28,A12,0.449
U0118,59,impression,2026-02-15T11:32:48,A12,0.092
U0118,91,impression,2026-02-15T11:28:47,A12,0.407
U0118,42,impression,2026-02-15T11:28:03,A12,0.426
U0118,109,impression,2026-02-15T11:29:16,A12,0.056
U0118,48,impression,2026-02-15T11:31:46,A12,0.499
U0118,66,impression,2026-02-15T11:30:43,A12,0.06
U0118,51,impression,2026-02-15T11:32:19,A12,0.461
U0118,94,impression,2026-03-30T17:23:31,A12,0.527
U0118,94,click,2026-03-30T17:23:37,A12,0.527
U0118,39,impression,2026-03-30T17:20:14,A12,0.456
U0118,33,impression,2026-03-30T17:23:35,A12,0.437
U0118,109,impression,2026-03-30T17:22:26,A12,0.032
U0118,38,impression,2026-03-30T17:23:31,A12,0.445
U0118,89,impression,2026-03-30T17:20:33,A12,0.028
U0118,26,impression,2026-03-30T17:21:42,A12,0.085
U0118,105,impression,2026-03-30T17:24:13,A12,0.057
U0118,106,impression,2026-03-30T17:20:34,A12,0.667
U0118,44,impression,2026-03-30T17:20:55,A12,0.461
U0118,30,impression,2026-03-30T17:24:15,A12,0.494
U0118,27,impression,2026-03-30T17:23:03,A12,0.067
U0118,40,impression,2026-03-30T17:24:56,A12,0.467
U0118,52,impression,2026-03-30T17:20:06,A12,0.489
U0118,52,click,2026-03-30T17:20:36,A12,0.489
U0118,24,impression,2026-03-30T17:21:52,A12,0.103
U0118,76,impression,2026-03-13T11:11:35,A12,0.415
U0118,104,impression,2026-03-13T11:13:37,A12,0.664
U0118,104,click,2026-03-13T11:13:43,A12,0.664
U0118,35,impression,2026-03-13T11:12:52,A12,0.465
U0118,58,impression,2026-03-13T11:15:46,A12,0.026
U0118,21,impression,2026-03-13T11:12:42,A12,0.412
U0118,44,impression,2026-03-13T11:13:39,A12,0.486
U0118,56,impression,2026-03-13T11:12:18,A12,0.077
U0118,68,impression,2026-03-13T11:11:16,A12,0.074
U0118,43,impression,2026-03-13T11:13:36,A12,0.509
U0118,53,impression,2026-03-13T11:15:45,A12,0.1
U0118,59,impression,2026-03-13T11:14:41,A12,0.056
U0118,45,impression,2026-03-13T11:13:48,A12,0.477
U0118,45,click,2026-03-13T11:13:50,A12,0.477
U0118,64,impression,2026-03-13T11:13:30,A12,0.103
U0118,23,impression,2026-03-13T11:11:12,A12,0.45
U0118,23,click,2026-03-13T11:11:27,A12,0.45
U0119,50,impression,2026-03-28T15:27:13,A01,0.089
U0119,24,impression,2026-03-28T15:25:14,A01,0.485
U0119,24,click,2026-03-28T15:25:44,A01,0.485
U0119,102,impression,2026-03-28T15:25:21,A01,0.163
U0119,84,impression,2026-03-28T15:26:35,A01,0.553
U0119,77,impression,2026-03-28T15:28:36,A01,0.443
U0119,92,impression,2026-03-28T15:25:24,A01,0.471
U0119,58,impression,2026-03-28T15:26:18,A01,0.415
U0119,101,impression,2026-03-28T15:26:03,A01,0.029
U0119,59,impression,2026-03-28T15:27:40,A01,0.595
U0119,83,impression,2026-03-28T15:27:00,A01,0.021
U0119,103,impression,2026-03-28T15:27:17,A01,0.506
U0119,103,click,2026-03-28T15:27:19,A01,0.506
U0119,48,impression,2026-03-28T15:28:17,A01,0.05
U0119,67,impression,2026-03-28T15:28:26,A01,0.419
U0119,89,impression,2026-03-28T15:25:26,A01,0.151
U0119,78,impression,2026-03-05T18:59:00,A01,0.08
U0119,97,impression,2026-03-05T19:01:38,A01,0.464
U0119,97,click,2026-03-05T19:01:51,A01,0.464
U0119,24,impression,2026-03-05T19:01:59,A01,0.457
U0119,24,click,2026-03-05T19:02:04,A01,0.457
U0119,92,impression,2026-03-05T19:01:12,A01,0.43
U0119,98,impression,2026-03-05T19:01:42,A01,0.569
U0119,88,impression,2026-03-05T18:58:20,A01,-0.036
U0119,99,impression,2026-03-05T18:57:39,A01,0.17
U0119,59,impression,2026-03-05T19:00:07,A01,0.58
U0119,59,click,2026-03-05T19:00:08,A01,0.58
U0119,37,impression,2026-03-05T18:58:17,A01,0.02
U0119,32,impression,2026-02-25T12:54:05,A01,0.07
U0119,24,impression,2026-02-25T12:56:08,A01,0.487
U0119,37,impression,2026-02-25T12:56:54,A01,0.05
U0119,67,impression,2026-02-25T12:52:02,A01,0.381
U0119,97,impression,2026-02-25T12:52:40,A01,0.476
U0119,49,impression,2026-02-25T12:54:55,A01,0.048
U0119,108,impression,2026-02-25T12:53:29,A01,0.098
U0119,50,impression,2026-02-25T12:56:31,A01,0.095
U0119,98,impression,2026-02-25T12:56:21,A01,0.589
U0119,26,impression,2026-02-25T12:55:10,A01,0.458
U0119,58,impression,2026-02-25T12:56:12,A01,0.441
U0119,84,impression,2026-02-15T10:32:14,A01,0.507
U0119,85,impression,2026-02-15T10:32:11,A01,0.571
U0119,57,impression,2026-02-15T10:30:49,A01,0.577
U0119,57,click,2026-02-15T10:31:12,A01,0.577
U0119,57,save,2026-02-15T10:31:12,A01,0.577
U0119,31,impression,2026-02-15T10:31:59,A01,0.048
U0119,46,impression,2026-02-15T10:30:22,A01,0.61
U0119,80,impression,2026-02-15T10:29:21,A01,0.556
U0119,79,impression,2026-02-15T10:29:57,A01,0.419
U0119,79,click,2026-02-15T10:30:12,A01,0.419
U0119,75,impression,2026-02-15T10:30:50,A01,0.187
U0119,23,impression,2026-02-15T10:29:13,A01,0.049
U0119,25,impression,2026-02-15T10:32:25,A01,0.481
U0119,97,impression,2026-02-15T10:32:41,A01,0.421
U0119,30,impression,2026-02-15T10:33:34,A01,0.057
U0119,43,impression,2026-02-15T10:29:03,A01,0.024
U0119,99,impression,2026-02-15T10:30:36,A01,0.1
U0119,24,impression,2026-02-15T10:30:26,A01,0.497
U0119,107,impression,2026-03-02T21:02:41,A01,0.126
U0119,85,impression,2026-03-02T21:01:38,A01,0.622
U0119,85,click,2026-03-02T21:01:49,A01,0.622
U0119,85,save,2026-03-02T21:01:49,A01,0.622
U0119,74,impression,2026-03-02T21:05:30,A01,0.202
U0119,57,impression,2026-03-02T21:05:40,A01,0.522
U0119,25,impression,2026-03-02T21:04:48,A01,0.498
U0119,25,click,2026-03-02T21:05:14,A01,0.498
U0119,92,impression,2026-03-02T21:05:11,A01,0.455
U0119,92,click,2026-03-02T21:05:12,A01,0.455
U0119,37,impression,2026-03-02T21:04:50,A01,0.11
U0119,101,impression,2026-03-10T22:06:40,A01,0.022
U0119,81,impression,2026-03-10T22:05:04,A01,0.558
U0119,81,click,2026-03-10T22:05:29,A01,0.558
U0119,68,impression,2026-03-10T22:05:38,A01,0.436
U0119,109,impression,2026-03-10T22:06:33,A01,0.095
U0119,109,click,2026-03-10T22:07:02,A01,0.095
U0119,24,impression,2026-03-10T22:04:35,A01,0.413
U0119,24,click,2026-03-10T22:04:46,A01,0.413
U0119,24,save,2026-03-10T22:04:46,A01,0.413
U0119,59,impression,2026-03-10T22:04:19,A01,0.634
U0119,26,impression,2026-03-10T22:02:39,A01,0.457
U0119,97,impression,2026-03-10T22:05:21,A01,0.456
U0119,49,impression,2026-03-10T22:05:45,A01,0.045
U0119,48,impression,2026-03-10T22:06:44,A01,0.101
U0119,60,impression,2026-02-25T19:43:03,A01,0.548
U0119,60,click,2026-02-25T19:43:28,A01,0.548
U0119,30,impression,2026-02-25T19:45:28,A01,0.101
U0119,102,impression,2026-02-25T19:45:57,A01,0.16
U0119,57,impression,2026-02-25T19:46:59,A01,0.58
U0119,25,impression,2026-02-25T19:46:49,A01,0.418
U0119,75,impression,2026-02-25T19:46:07,A01,0.173
U0119,75,click,2026-02-25T19:46:12,A01,0.173
U0119,97,impression,2026-03-12T14:05:33,A01,0.474
U0119,58,impression,2026-03-12T14:08:44,A01,0.462
U0119,24,impression,2026-03-12T14:08:17,A01,0.434
U0119,79,impression,2026-03-12T14:05:27,A01,0.508
U0119,84,impression,2026-03-12T14:05:37,A01,0.578
U0119,84,click,2026-03-12T14:06:01,A01,0.578
U0119,25,impression,2026-03-12T14:04:08,A01,0.473
U0119,25,click,2026-03-12T14:04:37,A01,0.473
U0119,102,impression,2026-03-12T14:08:54,A01,0.151
U0119,75,impression,2026-03-12T14:05:40,A01,0.237
U0119,61,impression,2026-03-12T14:06:37,A01,0.17
U0119,64,impression,2026-03-12T14:06:26,A01,0.039
U0119,46,impression,2026-03-12T14:06:07,A01,0.633
U0119,86,impression,2026-03-12T14:07:21,A01,0.033
U0120,56,impression,2026-02-17T20:16:08,A06,0.022
U0120,106,impression,2026-02-17T20:16:40,A06,0.05
U0120,38,impression,2026-02-17T20:17:55,A06,0.479
U0120,38,click,2026-02-17T20:18:23,A06,0.479
U0120,55,impression,2026-02-17T20:19:30,A06,0.09
U0120,30,impression,2026-02-17T20:16:51,A06,0.428
U0120,30,click,2026-02-17T20:17:06,A06,0.428
U0120,30,save,2026-02-17T20:17:06,A06,0.428
U0120,62,impression,2026-02-17T20:16:00,A06,0.046
U0120,99,impression,2026-02-17T20:17:36,A06,0.098
U0120,52,impression,2026-02-17T20:16:15,A06,0.497
U0120,52,click,2026-02-17T20:16:19,A06,0.497
U0120,101,impression,2026-02-17T20:17:30,A06,0.068
U0120,97,impression,2026-02-17T20:17:27,A06,0.523
U0120,97,click,2026-02-17T20:17:54,A06,0.523
U0120,97,save,2026-02-17T20:17:54,A06,0.523
U0120,31,impression,2026-02-17T20:16:31,A06,0.452
U0120,26,impression,2026-02-17T20:18:13,A06,0.487
U0120,26,click,2026-02-17T20:18:17,A06,0.487
U0120,46,impression,2026-02-17T20:16:02,A06,0.467
U0120,39,impression,2026-02-17T20:19:11,A06,0.451
U0120,63,impression,2026-02-23T13:42:31,A06,0.095
U0120,85,impression,2026-02-23T13:44:13,A06,0.091
U0120,31,impression,2026-02-23T13:42:38,A06,0.474
U0120,35,impression,2026-02-23T13:44:22,A06,0.432
U0120,51,impression,2026-02-23T13:44:00,A06,0.467
U0120,51,click,2026-02-23T13:44:15,A06,0.467
U0120,46,impression,2026-02-23T13:43:40,A06,0.431
U0120,77,impression,2026-02-23T13:46:17,A06,0.438
U0120,77,click,2026-02-23T13:46:26,A06,0.438
U0120,73,impression,2026-02-23T13:46:04,A06,0.105
U0120,102,impression,2026-02-23T13:45:16,A06,0.078
U0120,67,impression,2026-02-23T13:42:24,A06,0.011
U0120,81,impression,2026-02-23T13:44:17,A06,0.449
U0120,39,impression,2026-02-02T15:30:57,A06,0.418
U0120,39,click,2026-02-02T15:31:01,A06,0.418
U0120,95,impression,2026-02-02T15:27:37,A06,0.024
U0120,100,impression,2026-02-02T15:28:10,A06,0.014
U0120,33,impression,2026-02-02T15:30:06,A06,0.429
U0120,33,click,2026-02-02T15:30:36,A06,0.429
U0120,98,impression,2026-02-02T15:30:21,A06,0.489
U0120,47,impression,2026-02-02T15:26:57,A06,0.074
U0120,24,impression,2026-02-02T15:29:20,A06,0.416
U0120,46,impression,2026-02-02T15:30:40,A06,0.431
U0120,38,impression,2026-02-02T15:29:56,A06,0.447
U0120,102,impression,2026-02-02T15:29:51,A06,0.086
U0120,35,impression,2026-02-02T15:26:16,A06,0.436
U0120,54,impression,2026-02-02T15:28:26,A06,0.075
U0120,27,impression,2026-02-02T15:27:09,A06,0.484
U0120,107,impression,2026-02-02T15:30:03,A06,0.011
U0120,89,impression,2026-04-04T11:17:40,A06,-0.022
U0120,39,impression,2026-04-04T11:19:33,A06,0.467
U0120,37,impression,2026-04-04T11:18:47,A06,0.431
U0120,26,impression,2026-04-04T11:15:51,A06,0.457
U0120,26,click,2026-04-04T11:16:10,A06,0.457
U0120,107,impression,2026-04-04T11:15:52,A06,0.077
U0120,80,impression,2026-04-04T11:16:57,A06,0.087
U0120,91,impression,2026-04-04T11:17:54,A06,0.063
U0120,77,impression,2026-04-04T11:15:13,A06,0.478
U0120,51,impression,2026-04-04T11:19:42,A06,0.463
U0120,101,impression,2026-04-04T11:18:16,A06,0.072
U0120,31,impression,2026-04-04T11:18:34,A06,0.382
U0120,85,impression,2026-04-04T11:18:59,A06,0.041
U0120,84,impression,2026-04-04T11:19:08,A06,0.529
U0120,25,impression,2026-02-11T21:14:29,A06,0.496
U0120,25,click,2026-02-11T21:14:55,A06,0.496
U0120,51,impression,2026-02-11T21:10:31,A06,0.468
U0120,57,impression,2026-02-11T21:11:59,A06,0.108
U0120,79,impression,2026-02-11T21:12:52,A06,0.047
U0120,93,impression,2026-02-11T21:12:05,A06,0.038
U0120,26,impression,2026-02-11T21:12:49,A06,0.455
U0120,26,click,2026-02-11T21:13:04,A06,0.455
U0120,62,impression,2026-03-19T21:50:26,A06,0.091
U0120,33,impression,2026-03-19T21:50:29,A06,0.495
U0120,47,impression,2026-03-19T21:52:39,A06,0.066
U0120,46,impression,2026-03-19T21:52:23,A06,0.421
U0120,86,impression,2026-03-19T21:53:59,A06,0.078
U0120,60,impression,2026-03-19T21:49:27,A06,0.066
U0120,34,impression,2026-03-19T21:53:24,A06,0.462
U0120,52,impression,2026-03-19T21:49:00,A06,0.414
U0120,52,click,2026-03-19T21:49:09,A06,0.414
U0120,37,impression,2026-03-19T21:50:05,A06,0.481
U0120,50,impression,2026-03-19T21:51:43,A06,0.451
U0120,38,impression,2026-03-13T12:54:44,A06,0.489
U0120,81,impression,2026-03-13T12:53:35,A06,0.426
U0120,59,impression,2026-03-13T12:57:13,A06,0.06
U0120,26,impression,2026-03-13T12:54:31,A06,0.424
U0120,82,impression,2026-03-13T12:54:36,A06,0.1
U0120,86,impression,2026-03-13T12:53:21,A06,0.079
U0120,48,impression,2026-03-13T12:53:33,A06,0.081
U0120,41,impression,2026-03-13T12:56:16,A06,0.09
U0120,36,impression,2026-03-13T12:54:58,A06,0.435
U0120,36,click,2026-03-13T12:55:25,A06,0.435
U0120,67,impression,2026-03-13T12:55:34,A06,0.033
U0120,33,impression,2026-03-13T12:56:40,A06,0.475
U0120,33,click,2026-03-13T12:56:46,A06,0.475
U0120,32,impression,2026-03-13T12:53:44,A06,0.502
U0120,32,click,2026-03-13T12:54:14,A06,0.502
U0120,32,cart_add,2026-03-13T12:54:29,A06,0.502
U0120,50,impression,2026-03-13T12:57:57,A06,0.417
U0121,101,impression,2026-04-04T20:48:08,A11,0.651
U0121,101,click,2026-04-04T20:48:33,A11,0.651
U0121,73,impression,2026-04-04T20:47:11,A11,0.1
U0121,78,impression,2026-04-04T20:48:41,A11,0.03
U0121,85,impression,2026-04-04T20:46:25,A11,0.034
U0121,71,impression,2026-04-04T20:47:09,A11,0.083
U0121,102,impression,2026-04-04T20:46:42,A11,0.435
U0121,102,click,2026-04-04T20:47:04,A11,0.435
U0121,76,impression,2026-04-04T20:50:26,A11,0.507
U0121,82,impression,2026-04-04T20:46:14,A11,0.485
U0121,74,impression,2026-04-04T20:48:08,A11,0.024
U0121,38,impression,2026-04-04T20:49:36,A11,0.424
U0121,38,click,2026-04-04T20:49:51,A11,0.424
U0121,50,impression,2026-04-04T20:47:03,A11,0.473
U0121,41,impression,2026-03-11T13:52:17,A11,0.507
U0121,41,click,2026-03-11T13:52:41,A11,0.507
U0121,51,impression,2026-03-11T13:53:45,A11,0.461
U0121,68,impression,2026-03-11T13:53:22,A11,0.087
U0121,38,impression,2026-03-11T13:54:15,A11,0.428
U0121,85,impression,2026-03-11T13:52:43,A11,0.087
U0121,104,impression,2026-03-11T13:54:33,A11,0.099
U0121,105,impression,2026-03-11T13:52:42,A11,0.046
U0121,96,impression,2026-03-11T13:56:58,A11,0.083
U0121,50,impression,2026-03-11T13:56:58,A11,0.481
U0121,60,impression,2026-03-11T13:55:21,A11,0.094
U0121,33,impression,2026-03-11T13:54:32,A11,0.519
U0121,77,impression,2026-03-11T13:53:13,A11,0.432
U0121,27,impression,2026-03-11T13:52:15,A11,0.458
U0121,75,impression,2026-03-20T11:20:03,A11,0.086
U0121,82,impression,2026-03-20T11:22:51,A11,0.44
U0121,48,impression,2026-03-20T11:20:56,A11,0.485
U0121,68,impression,2026-03-20T11:21:55,A11,0.024
U0121,73,impression,2026-03-20T11:23:17,A11,0.084
U0121,86,impression,2026-03-20T11:21:38,A11,0.416
U0121,87,impression,2026-03-20T11:19:16,A11,0.411
U0121,101,impression,2026-04-05T12:18:31,A11,0.605
U0121,46,impression,2026-04-05T12:18:43,A11,0.156
U0121,23,impression,2026-04-05T12:20:24,A11,0.486
U0121,37,impression,2026-04-05T12:19:53,A11,0.5
U0121,50,impression,2026-04-05T12:17:26,A11,0.506
U0121,71,impression,2026-04-05T12:21:26,A11,0.098
U0121,96,impression,2026-04-05T12:20:03,A11,0.017
U0121,104,impression,2026-04-05T12:19:46,A11,0.021
U0121,38,impression,2026-04-05T12:20:33,A11,0.452
U0121,38,click,2026-04-05T12:20:47,A11,0.452
U0121,27,impression,2026-04-05T12:17:22,A11,0.489
U0121,89,impression,2026-04-05T12:19:02,A11,0.017
U0121,96,impression,2026-03-25T19:03:26,A11,0.047
U0121,66,impression,2026-03-25T19:01:14,A11,0.023
U0121,97,impression,2026-03-25T19:04:50,A11,0.453
U0121,50,impression,2026-03-25T19:02:39,A11,0.484
U0121,43,impression,2026-03-25T19:03:18,A11,0.486
U0121,65,impression,2026-03-25T19:04:29,A11,0.015
U0121,47,impression,2026-03-25T19:04:19,A11,0.485
U0121,30,impression,2026-03-25T19:01:41,A11,0.589
U0121,30,click,2026-03-25T19:01:55,A11,0.589
U0121,30,cart_add,2026-03-25T19:02:10,A11,0.589
U0121,56,impression,2026-03-25T19:01:44,A11,0.015
U0121,107,impression,2026-03-25T19:01:33,A11,0.498
U0121,107,click,2026-03-25T19:01:45,A11,0.498
U0121,70,impression,2026-03-27T13:12:17,A11,0.067
U0121,31,impression,2026-03-27T13:08:08,A11,0.404
U0121,96,impression,2026-03-27T13:10:57,A11,0.046
U0121,30,impression,2026-03-27T13:11:35,A11,0.529
U0121,79,impression,2026-03-27T13:08:06,A11,0.027
U0121,77,impression,2026-03-27T13:12:00,A11,0.39
U0121,108,impression,2026-03-27T13:12:11,A11,0.084
U0121,21,impression,2026-03-27T13:10:28,A11,0.449
U0121,21,click,2026-03-27T13:10:48,A11,0.449
U0122,42,impression,2026-03-11T09:54:29,A05,0.487
U0122,66,impression,2026-03-11T09:56:15,A05,0.04
U0122,39,impression,2026-03-11T09:54:05,A05,0.089
U0122,106,impression,2026-03-11T09:55:54,A05,0.433
U0122,43,impression,2026-03-11T09:57:45,A05,0.418
U0122,30,impression,2026-02-20T09:15:15,A05,0.09
U0122,76,impression,2026-02-20T09:18:20,A05,0.431
U0122,87,impression,2026-02-20T09:18:20,A05,0.404
U0122,21,impression,2026-02-20T09:17:35,A05,0.504
U0122,91,impression,2026-02-20T09:17:06,A05,0.496
U0122,91,click,2026-02-20T09:17:34,A05,0.496
U0122,79,impression,2026-02-20T09:16:38,A05,0.044
U0122,71,impression,2026-02-20T09:15:25,A05,0.078
U0122,61,impression,2026-02-20T09:17:22,A05,0.077
U0122,34,impression,2026-02-20T09:16:55,A05,-0.017
U0122,102,impression,2026-02-20T09:16:41,A05,0.432
U0122,109,impression,2026-02-20T09:16:42,A05,0.021
U0122,106,impression,2026-02-20T09:17:55,A05,0.435
U0122,106,click,2026-02-20T09:18:18,A05,0.435
U0122,48,impression,2026-02-20T09:15:50,A05,0.451
U0122,65,impression,2026-03-16T09:54:29,A05,0.045
U0122,27,impression,2026-03-16T09:56:16,A05,0.06
U0122,22,impression,2026-03-16T09:56:18,A05,0.49
U0122,22,click,2026-03-16T09:56:35,A05,0.49
U0122,64,impression,2026-03-16T09:52:37,A05,0.741
U0122,64,click,2026-03-16T09:52:46,A05,0.741
U0122,87,impression,2026-03-16T09:56:54,A05,0.406
U0122,87,click,2026-03-16T09:57:07,A05,0.406
U0122,71,impression,2026-03-16T09:55:31,A05,0.045
U0122,92,impression,2026-03-16T09:53:25,A05,0.024
U0122,49,impression,2026-03-16T09:55:18,A05,0.48
U0122,49,click,2026-03-16T09:55:37,A05,0.48
U0123,105,impression,2026-02-17T18:21:57,A08,0.64
U0123,32,impression,2026-02-17T18:23:23,A08,0.084
U0123,89,impression,2026-02-17T18:23:48,A08,0.07
U0123,90,impression,2026-02-17T18:22:06,A08,0.667
U0123,83,impression,2026-02-17T18:20:36,A08,0.566
U0123,109,impression,2026-02-17T18:19:59,A08,0.412
U0123,67,impression,2026-02-17T18:20:18,A08,0.008
U0123,95,impression,2026-02-17T18:22:16,A08,0.573
U0123,95,click,2026-02-17T18:22:41,A08,0.573
U0123,55,impression,2026-02-17T18:23:31,A08,0.653
U0123,79,impression,2026-02-17T18:22:44,A08,0.014
U0123,86,impression,2026-02-17T18:19:14,A08,0.077
U0123,56,impression,2026-02-17T18:20:49,A08,0.5
U0123,77,impression,2026-02-17T18:19:34,A08,0.09
U0123,95,impression,2026-04-15T18:27:01,A08,0.628
U0123,54,impression,2026-04-15T18:29:46,A08,0.476
U0123,56,impression,2026-04-15T18:28:39,A08,0.439
U0123,84,impression,2026-04-15T18:27:17,A08,0.059
U0123,96,impression,2026-04-15T18:30:50,A08,0.449
U0123,96,click,2026-04-15T18:30:58,A08,0.449
U0123,96,save,2026-04-15T18:30:58,A08,0.449
U0123,59,impression,2026-04-15T18:29:54,A08,0.07
U0123,64,impression,2026-04-15T18:31:41,A08,0.053
U0123,53,impression,2026-04-15T18:29:03,A08,0.54
U0123,48,impression,2026-04-15T18:30:01,A08,0.015
U0123,109,impression,2026-04-15T18:31:33,A08,0.46
U0123,109,click,2026-04-15T18:32:01,A08,0.46
U0123,51,impression,2026-04-15T18:28:30,A08,0.019
U0123,83,impression,2026-03-26T11:20:06,A08,0.567
U0123,83,click,2026-03-26T11:20:09,A08,0.567
U0123,68,impression,2026-03-26T11:20:17,A08,0.107
U0123,27,impression,2026-03-26T11:22:43,A08,0.052
U0123,66,impression,2026-03-26T11:21:58,A08,0.054
U0123,105,impression,2026-03-26T11:22:24,A08,0.643
U0123,105,click,2026-03-26T11:22:37,A08,0.643
U0123,53,impression,2026-03-26T11:20:16,A08,0.547
U0123,97,impression,2026-03-26T11:21:47,A08,0.038
U0123,100,impression,2026-03-26T11:24:54,A08,0.543
U0123,96,impression,2026-03-26T11:21:52,A08,0.417
U0123,96,click,2026-03-26T11:21:59,A08,0.417
U0124,22,impression,2026-04-11T19:17:11,A09,0.086
U0124,70,impression,2026-04-11T19:19:49,A09,0.464
U0124,63,impression,2026-04-11T19:19:19,A09,0.109
U0124,100,impression,2026-04-11T19:19:18,A09,0.414
U0124,68,impression,2026-04-11T19:20:28,A09,0.654
U0124,83,impression,2026-04-11T19:16:36,A09,0.442
U0124,75,impression,2026-04-11T19:18:38,A09,0.088
U0124,75,click,2026-04-11T19:18:45,A09,0.088
U0124,79,impression,2026-04-11T19:17:51,A09,0.457
U0124,58,impression,2026-04-11T19:17:39,A09,0.519
U0124,58,click,2026-04-11T19:17:43,A09,0.519
U0124,62,impression,2026-04-11T19:20:51,A09,0.026
U0124,92,impression,2026-04-11T19:19:49,A09,0.633
U0124,90,impression,2026-04-11T19:19:15,A09,0.428
U0124,26,impression,2026-04-11T19:16:02,A09,0.027
U0124,48,impression,2026-04-11T19:18:38,A09,0.045
U0124,65,impression,2026-04-11T19:17:00,A09,0.495
U0124,65,click,2026-04-11T19:17:27,A09,0.495
U0124,78,impression,2026-04-02T17:30:46,A09,0.669
U0124,91,impression,2026-04-02T17:26:17,A09,-0.022
U0124,103,impression,2026-04-02T17:27:19,A09,0.656
U0124,70,impression,2026-04-02T17:29:47,A09,0.508
U0124,84,impression,2026-04-02T17:26:17,A09,0.054
U0124,71,impression,2026-02-24T12:47:01,A09,0.597
U0124,57,impression,2026-02-24T12:45:45,A09,0.427
U0124,66,impression,2026-02-24T12:43:32,A09,0.658
U0124,66,click,2026-02-24T12:43:45,A09,0.658
U0124,89,impression,2026-02-24T12:45:12,A09,0.023
U0124,80,impression,2026-02-24T12:45:38,A09,0.019
U0124,63,impression,2026-03-30T14:52:26,A09,0.081
U0124,70,impression,2026-03-30T14:48:52,A09,0.42
U0124,102,impression,2026-03-30T14:51:41,A09,0.041
U0124,68,impression,2026-03-30T14:49:58,A09,0.595
U0124,106,impression,2026-03-30T14:50:43,A09,0.044
U0124,92,impression,2026-03-30T14:51:35,A09,0.599
U0124,78,impression,2026-03-30T14:51:08,A09,0.574
U0124,78,click,2026-03-30T14:51:22,A09,0.574
U0125,91,impression,2026-04-11T12:34:33,A05,0.537
U0125,62,impression,2026-04-11T12:35:12,A05,0.1
U0125,23,impression,2026-04-11T12:33:45,A05,0.434
U0125,55,impression,2026-04-11T12:34:05,A05,0.068
U0125,27,impression,2026-04-11T12:35:04,A05,0.097
U0125,45,impression,2026-04-11T12:35:51,A05,0.487
U0125,45,click,2026-04-11T12:35:54,A05,0.487
U0125,81,impression,2026-04-11T12:36:00,A05,0.019
U0125,44,impression,2026-04-11T12:33:08,A05,0.504
U0125,43,impression,2026-04-10T17:04:44,A05,0.412
U0125,82,impression,2026-04-10T17:04:00,A05,0.509
U0125,90,impression,2026-04-10T17:01:34,A05,0.054
U0125,109,impression,2026-04-10T17:01:36,A05,0.02
U0125,42,impression,2026-04-10T17:01:19,A05,0.49
U0125,42,click,2026-04-10T17:01:38,A05,0.49
U0125,79,impression,2026-04-10T17:01:29,A05,0.089
U0125,102,impression,2026-04-10T17:01:11,A05,0.48
U0125,41,impression,2026-04-10T17:03:20,A05,0.48
U0125,41,click,2026-04-10T17:03:28,A05,0.48
U0125,64,impression,2026-04-10T17:04:16,A05,0.723
U0125,64,click,2026-04-10T17:04:27,A05,0.723
U0125,64,cart_add,2026-04-10T17:05:06,A05,0.723
U0125,23,impression,2026-04-10T17:04:31,A05,0.442
U0125,69,impression,2026-04-10T17:00:43,A05,0.102
U0125,40,impression,2026-04-10T17:01:58,A05,0.41
U0125,59,impression,2026-04-10T17:01:43,A05,0.032
U0125,85,impression,2026-04-10T17:01:17,A05,0.026
U0125,45,impression,2026-04-10T17:02:35,A05,0.429
U0125,83,impression,2026-02-02T13:29:47,A05,0.106
U0125,62,impression,2026-02-02T13:32:28,A05,0.049
U0125,87,impression,2026-02-02T13:29:29,A05,0.459
U0125,87,click,2026-02-02T13:29:48,A05,0.459
U0125,34,impression,2026-02-02T13:32:26,A05,0.024
U0125,31,impression,2026-02-02T13:30:28,A05,0.045
U0125,82,impression,2026-02-02T13:29:49,A05,0.503
U0125,89,impression,2026-02-02T13:29:43,A05,0.623
U0125,89,click,2026-02-02T13:30:11,A05,0.623
U0125,76,impression,2026-02-02T13:29:20,A05,0.42
U0125,73,impression,2026-02-02T13:29:17,A05,0.107
U0125,107,impression,2026-02-02T13:29:46,A05,0.411
U0125,40,impression,2026-02-02T13:28:25,A05,0.451
U0125,78,impression,2026-02-02T13:32:15,A05,0.091
U0125,64,impression,2026-02-02T13:28:46,A05,0.658
U0125,49,impression,2026-02-02T13:30:10,A05,0.51
U0126,105,impression,2026-02-05T12:08:42,A08,0.606
U0126,75,impression,2026-02-05T12:06:01,A08,0.039
U0126,54,impression,2026-02-05T12:09:13,A08,0.443
U0126,54,click,2026-02-05T12:09:42,A08,0.443
U0126,95,impression,2026-02-05T12:06:00,A08,0.654
U0126,57,impression,2026-02-05T12:06:40,A08,0.063
U0126,56,impression,2026-03-26T20:04:27,A08,0.465
U0126,60,impression,2026-03-26T20:03:53,A08,0.057
U0126,69,impression,2026-03-26T20:02:38,A08,0.025
U0126,96,impression,2026-03-26T20:03:30,A08,0.416
U0126,109,impression,2026-03-26T20:03:48,A08,0.437
U0126,94,impression,2026-03-26T20:04:57,A08,0.067
U0126,53,impression,2026-03-26T20:02:07,A08,0.515
U0126,100,impression,2026-03-26T20:02:07,A08,0.57
U0126,105,impression,2026-03-26T20:06:24,A08,0.646
U0126,95,impression,2026-03-26T20:02:13,A08,0.587
U0126,83,impression,2026-03-26T20:02:15,A08,0.554
U0126,55,impression,2026-03-26T20:02:48,A08,0.693
U0126,55,click,2026-03-26T20:02:59,A08,0.693
U0126,36,impression,2026-03-26T20:03:02,A08,0.03
U0126,84,impression,2026-03-26T20:05:53,A08,0.018
U0126,48,impression,2026-03-26T20:04:10,A08,0.042
U0126,32,impression,2026-02-09T11:39:40,A08,0.052
U0126,94,impression,2026-02-09T11:38:47,A08,0.106
U0126,27,impression,2026-02-09T11:37:56,A08,0.048
U0126,55,impression,2026-02-09T11:36:32,A08,0.664
U0126,55,click,2026-02-09T11:36:52,A08,0.664
U0126,55,cart_add,2026-02-09T11:37:49,A08,0.664
U0126,53,impression,2026-02-09T11:39:07,A08,0.565
U0126,53,click,2026-02-09T11:39:32,A08,0.565
U0126,100,impression,2026-02-09T11:37:17,A08,0.53
U0126,105,impression,2026-02-09T11:37:57,A08,0.594
U0126,102,impression,2026-02-09T11:36:24,A08,0.038
U0126,83,impression,2026-02-09T11:37:58,A08,0.583
U0126,109,impression,2026-02-09T11:38:11,A08,0.449
U0126,109,click,2026-02-09T11:38:30,A08,0.449
U0126,54,impression,2026-02-09T11:39:02,A08,0.483
U0126,46,impression,2026-02-09T11:37:55,A08,0.007
U0126,72,impression,2026-02-09T11:38:10,A08,0.062
U0126,100,impression,2026-03-09T17:30:53,A08,0.516
U0126,24,impression,2026-03-09T17:26:36,A08,0.067
U0126,94,impression,2026-03-09T17:28:08,A08,0.058
U0126,36,impression,2026-03-09T17:27:42,A08,0.011
U0126,105,impression,2026-03-09T17:30:30,A08,0.606
U0126,95,impression,2026-03-09T17:28:21,A08,0.62
U0126,56,impression,2026-03-09T17:28:48,A08,0.463
U0126,67,impression,2026-03-09T17:27:46,A08,0.029
U0126,69,impression,2026-03-09T17:29:13,A08,0.088
U0126,92,impression,2026-03-09T17:29:46,A08,0.105
U0126,96,impression,2026-03-09T17:26:29,A08,0.449
U0126,90,impression,2026-03-09T17:30:00,A08,0.655
U0126,90,click,2026-03-09T17:30:05,A08,0.655
U0126,90,save,2026-03-09T17:30:05,A08,0.655
U0126,53,impression,2026-03-09T17:29:43,A08,0.49
U0126,54,impression,2026-03-09T17:27:18,A08,0.431
U0126,55,impression,2026-03-09T17:30:33,A08,0.736
U0127,78,impression,2026-02-01T13:17:43,A10,0.025
U0127,34,impression,2026-02-01T13:17:09,A10,0.414
U0127,49,impression,2026-02-01T13:17:23,A10,0.437
U0127,73,impression,2026-02-01T13:13:05,A10,0.071
U0127,35,impression,2026-02-01T13:16:03,A10,0.472
U0127,79,impression,2026-02-01T13:16:23,A10,0.047
U0127,58,impression,2026-02-01T13:15:57,A10,0.075
U0127,102,impression,2026-02-01T13:17:46,A10,0.47
U0127,51,impression,2026-02-01T13:15:28,A10,0.498
U0127,53,impression,2026-02-01T13:13:43,A10,0.573
U0127,53,click,2026-02-01T13:14:09,A10,0.573
U0127,42,impression,2026-02-01T13:15:48,A10,0.44
U0127,77,impression,2026-02-01T13:16:50,A10,0.084
U0127,22,impression,2026-02-01T13:13:20,A10,0.414
U0127,81,impression,2026-02-01T13:17:33,A10,0.027
U0127,56,impression,2026-03-12T14:52:56,A10,0.039
U0127,87,impression,2026-03-12T14:54:40,A10,0.495
U0127,99,impression,2026-03-12T14:53:49,A10,0.074
U0127,99,click,2026-03-12T14:54:17,A10,0.074
U0127,62,impression,2026-03-12T14:56:17,A10,0.02
U0127,100,impression,2026-03-12T14:55:52,A10,0.061
U0127,82,impression,2026-03-12T14:55:37,A10,0.478
U0127,104,impression,2026-03-12T14:52:51,A10,0.548
U0127,26,impression,2026-03-12T14:53:32,A10,0.141
U0127,52,impression,2026-03-12T14:52:35,A10,0.435
U0127,52,click,2026-03-12T14:52:44,A10,0.435
U0127,49,impression,2026-03-12T14:55:34,A10,0.51
U0127,41,impression,2026-03-12T14:53:14,A10,0.581
U0127,34,impression,2026-04-03T20:11:56,A10,0.427
U0127,34,click,2026-04-03T20:12:22,A10,0.427
U0127,66,impression,2026-04-03T20:11:03,A10,0.052
U0127,92,impression,2026-04-03T20:13:26,A10,0.047
U0127,73,impression,2026-04-03T20:11:03,A10,0.012
U0127,36,impression,2026-04-03T20:12:10,A10,0.472
U0127,91,impression,2026-04-03T20:10:48,A10,0.436
U0127,90,impression,2026-04-03T20:10:02,A10,0.041
U0127,37,impression,2026-04-03T20:10:18,A10,0.483
U0127,98,impression,2026-04-03T20:10:23,A10,0.047
U0127,31,impression,2026-04-03T20:11:02,A10,0.457
U0127,31,click,2026-04-03T20:11:16,A10,0.457
U0127,94,impression,2026-04-03T20:14:08,A10,0.454
U0127,94,click,2026-04-03T20:14:22,A10,0.454
U0127,60,impression,2026-04-03T20:14:17,A10,0.083
U0127,102,impression,2026-04-03T20:12:36,A10,0.443
U0127,102,click,2026-04-03T20:13:06,A10,0.443
U0127,70,impression,2026-04-17T20:31:28,A10,0.045
U0127,54,impression,2026-04-17T20:35:13,A10,0.719
U0127,87,impression,2026-04-17T20:32:39,A10,0.501
U0127,79,impression,2026-04-17T20:31:54,A10,0.01
U0127,51,impression,2026-04-17T20:31:10,A10,0.503
U0127,39,impression,2026-04-17T20:32:20,A10,0.506
U0127,107,impression,2026-04-17T20:31:30,A10,0.585
U0127,107,click,2026-04-17T20:31:34,A10,0.585
U0127,36,impression,2026-04-17T20:35:13,A10,0.478
U0127,73,impression,2026-04-17T20:31:00,A10,0.025
U0127,34,impression,2026-04-17T20:34:49,A10,0.479
U0127,67,impression,2026-04-17T20:34:59,A10,0.131
U0127,97,impression,2026-04-17T20:33:46,A10,0.133
U0127,97,click,2026-04-17T20:34:14,A10,0.133
U0127,94,impression,2026-04-17T20:34:54,A10,0.51
U0127,94,click,2026-04-17T20:35:18,A10,0.51
U0127,94,cart_add,2026-04-17T20:35:41,A10,0.51
U0127,84,impression,2026-04-17T20:31:51,A10,0.065
U0127,109,impression,2026-03-25T16:27:38,A10,0.122
U0127,72,impression,2026-03-25T16:29:07,A10,0.037
U0127,23,impression,2026-03-25T16:27:24,A10,0.452
U0127,69,impression,2026-03-25T16:29:22,A10,0.057
U0127,36,impression,2026-03-25T16:26:44,A10,0.475
U0127,37,impression,2026-03-25T16:25:55,A10,0.412
U0127,82,impression,2026-03-25T16:27:59,A10,0.49
U0127,82,click,2026-03-25T16:28:26,A10,0.49
U0127,79,impression,2026-03-03T13:02:54,A10,0.032
U0127,41,impression,2026-03-03T13:05:16,A10,0.585
U0127,52,impression,2026-03-03T13:04:58,A10,0.501
U0127,70,impression,2026-03-03T13:05:43,A10,0.011
U0127,98,impression,2026-03-03T13:05:25,A10,0.034
U0127,76,impression,2026-03-03T13:02:54,A10,0.443
U0127,76,click,2026-03-03T13:03:02,A10,0.443
U0127,68,impression,2026-03-03T13:05:46,A10,0.096
U0127,78,impression,2026-03-03T13:04:10,A10,0.046
U0127,36,impression,2026-03-03T13:02:01,A10,0.421
U0127,36,click,2026-03-03T13:02:02,A10,0.421
U0127,32,impression,2026-03-03T13:05:14,A10,0.447
U0127,32,click,2026-03-03T13:05:20,A10,0.447
U0127,75,impression,2026-03-03T13:05:32,A10,0.066
U0127,35,impression,2026-03-03T13:03:28,A10,0.49
U0127,35,click,2026-03-03T13:03:53,A10,0.49
U0127,30,impression,2026-03-03T13:05:39,A10,0.469
U0127,87,impression,2026-03-03T13:03:42,A10,0.511
U0127,74,impression,2026-02-20T22:28:05,A10,0.079
U0127,76,impression,2026-02-20T22:29:03,A10,0.469
U0127,71,impression,2026-02-20T22:27:51,A10,0.035
U0127,23,impression,2026-02-20T22:26:28,A10,0.494
U0127,61,impression,2026-02-20T22:27:08,A10,0.03
U0127,22,impression,2026-02-20T22:25:10,A10,0.443
U0127,48,impression,2026-02-20T22:29:12,A10,0.552
U0127,98,impression,2026-02-20T22:26:41,A10,0.026
U0128,97,impression,2026-02-12T15:21:45,A01,0.417
U0128,45,impression,2026-02-12T15:21:44,A01,0.014
U0128,46,impression,2026-02-12T15:19:08,A01,0.662
U0128,46,click,2026-02-12T15:19:33,A01,0.662
U0128,59,impression,2026-02-12T15:18:01,A01,0.637
U0128,77,impression,2026-02-12T15:21:23,A01,0.444
U0128,77,click,2026-02-12T15:21:48,A01,0.444
U0128,68,impression,2026-02-12T15:21:26,A01,0.483
U0128,93,impression,2026-02-12T15:21:37,A01,0.042
U0128,99,impression,2026-02-12T15:17:06,A01,0.151
U0128,26,impression,2026-02-12T15:21:20,A01,0.475
U0128,26,click,2026-02-12T15:21:24,A01,0.475
U0128,103,impression,2026-02-12T15:17:12,A01,0.438
U0128,35,impression,2026-02-12T15:17:57,A01,0.013
U0128,72,impression,2026-02-12T15:19:53,A01,0.659
U0128,92,impression,2026-02-12T15:18:53,A01,0.505
U0128,83,impression,2026-02-12T15:20:41,A01,0.074
U0128,43,impression,2026-02-12T15:17:19,A01,0.069
U0128,74,impression,2026-02-14T21:18:36,A01,0.266
U0128,103,impression,2026-02-14T21:15:58,A01,0.424
U0128,103,click,2026-02-14T21:16:20,A01,0.424
U0128,96,impression,2026-02-14T21:16:37,A01,0.062
U0128,23,impression,2026-02-14T21:18:54,A01,0.026
U0128,27,impression,2026-02-14T21:19:20,A01,0.427
U0128,77,impression,2026-02-14T21:17:14,A01,0.433
U0128,56,impression,2026-03-14T18:07:01,A01,0.107
U0128,21,impression,2026-03-14T18:05:01,A01,0.1
U0128,24,impression,2026-03-14T18:08:11,A01,0.449
U0128,46,impression,2026-03-14T18:04:49,A01,0.657
U0128,46,click,2026-03-14T18:04:59,A01,0.657
U0128,85,impression,2026-03-14T18:06:35,A01,0.655
U0128,85,click,2026-03-14T18:06:52,A01,0.655
U0128,63,impression,2026-03-14T18:04:51,A01,0.039
U0128,72,impression,2026-03-14T18:08:30,A01,0.605
U0128,66,impression,2026-04-14T14:16:51,A01,0.099
U0128,45,impression,2026-04-14T14:15:05,A01,0.094
U0128,108,impression,2026-04-14T14:15:23,A01,0.042
U0128,59,impression,2026-04-14T14:14:45,A01,0.645
U0128,46,impression,2026-04-14T14:14:05,A01,0.585
U0128,24,impression,2026-04-14T14:16:25,A01,0.506
U0128,24,click,2026-04-14T14:16:34,A01,0.506
U0128,80,impression,2026-04-14T14:16:02,A01,0.574
U0128,77,impression,2026-03-18T18:35:58,A01,0.402
U0128,82,impression,2026-03-18T18:35:45,A01,0.022
U0128,27,impression,2026-03-18T18:36:56,A01,0.461
U0128,72,impression,2026-03-18T18:38:00,A01,0.633
U0128,24,impression,2026-03-18T18:34:16,A01,0.492
U0128,24,click,2026-03-18T18:34:42,A01,0.492
U0128,75,impression,2026-03-18T18:38:23,A01,0.183
U0128,75,click,2026-03-18T18:38:51,A01,0.183
U0128,85,impression,2026-03-18T18:37:35,A01,0.667
U0128,85,click,2026-03-18T18:37:45,A01,0.667
U0128,38,impression,2026-03-18T18:37:17,A01,0.023
U0128,51,impression,2026-03-18T18:36:16,A01,0.067
U0128,90,impression,2026-03-18T18:35:49,A01,0.088
U0128,57,impression,2026-03-18T18:36:24,A01,0.589
U0128,70,impression,2026-03-18T18:34:15,A01,0.712
U0128,39,impression,2026-03-18T18:36:02,A01,0.109
U0128,108,impression,2026-02-16T22:35:06,A01,0.061
U0128,85,impression,2026-02-16T22:34:28,A01,0.655
U0128,25,impression,2026-02-16T22:37:39,A01,0.484
U0128,106,impression,2026-02-16T22:35:57,A01,0.081
U0128,99,impression,2026-02-16T22:35:24,A01,0.109
U0128,103,impression,2026-02-16T22:34:55,A01,0.442
U0128,64,impression,2026-02-16T22:35:15,A01,0.023
U0128,77,impression,2026-02-16T22:37:12,A01,0.444
U0128,98,impression,2026-02-16T22:36:53,A01,0.567
U0128,79,impression,2026-02-16T22:35:53,A01,0.446
U0128,79,click,2026-02-16T22:35:57,A01,0.446
U0128,107,impression,2026-02-16T22:34:35,A01,0.178
U0128,25,impression,2026-03-09T17:23:03,A01,0.45
U0128,25,click,2026-03-09T17:23:16,A01,0.45
U0128,72,impression,2026-03-09T17:20:30,A01,0.653
U0128,58,impression,2026-03-09T17:19:27,A01,0.434
U0128,58,click,2026-03-09T17:19:57,A01,0.434
U0128,59,impression,2026-03-09T17:23:02,A01,0.655
U0128,50,impression,2026-03-09T17:22:47,A01,0.039
U0128,93,impression,2026-03-09T17:19:34,A01,0.063
U0128,74,impression,2026-03-09T17:23:24,A01,0.246
U0128,98,impression,2026-03-09T17:22:32,A01,0.512
U0128,108,impression,2026-03-09T17:20:55,A01,0.018
U0128,81,impression,2026-03-09T17:21:28,A01,0.578
U0128,23,impression,2026-03-09T17:23:59,A01,0.043
U0128,68,impression,2026-02-09T10:49:05,A01,0.467
U0128,79,impression,2026-02-09T10:46:09,A01,0.473
U0128,79,click,2026-02-09T10:46:27,A01,0.473
U0128,103,impression,2026-02-09T10:45:49,A01,0.489
U0128,40,impression,2026-02-09T10:48:28,A01,0.028
U0128,25,impression,2026-02-09T10:48:22,A01,0.465
U0128,25,click,2026-02-09T10:48:25,A01,0.465
U0128,106,impression,2026-02-09T10:47:09,A01,0.044
U0128,69,impression,2026-02-09T10:45:21,A01,0.087
U0128,63,impression,2026-02-09T10:45:50,A01,0.05
U0128,61,impression,2026-02-09T10:45:07,A01,0.168
U0128,59,impression,2026-02-09T10:47:15,A01,0.571
U0128,71,impression,2026-02-09T10:49:07,A01,0.045
U0128,57,impression,2026-02-09T10:46:29,A01,0.517
U0128,26,impression,2026-02-09T10:47:30,A01,0.477
U0129,35,impression,2026-03-27T14:46:06,A10,0.431
U0129,92,impression,2026-03-27T14:47:51,A10,0.093
U0129,47,impression,2026-03-27T14:45:24,A10,0.458
U0129,47,click,2026-03-27T14:45:27,A10,0.458
U0129,47,save,2026-03-27T14:45:27,A10,0.458
U0129,71,impression,2026-03-27T14:45:47,A10,0.069
U0129,86,impression,2026-03-27T14:49:04,A10,0.697
U0129,86,click,2026-03-27T14:49:33,A10,0.697
U0129,95,impression,2026-03-27T14:48:31,A10,0.541
U0129,95,click,2026-03-27T14:48:53,A10,0.541
U0129,30,impression,2026-03-27T14:47:15,A10,0.458
U0129,34,impression,2026-03-27T14:48:31,A10,0.419
U0129,61,impression,2026-03-27T14:47:19,A10,0.06
U0129,50,impression,2026-03-27T14:45:46,A10,0.569
U0129,59,impression,2026-03-27T14:46:27,A10,0.085
U0129,46,impression,2026-03-27T14:48:19,A10,0.108
U0129,23,impression,2026-03-27T14:47:05,A10,0.476
U0129,39,impression,2026-03-27T14:46:51,A10,0.484
U0129,39,click,2026-03-27T14:47:16,A10,0.484
U0129,80,impression,2026-03-27T14:49:53,A10,0.095
U0129,52,impression,2026-02-19T14:23:13,A10,0.428
U0129,52,click,2026-02-19T14:23:33,A10,0.428
U0129,82,impression,2026-02-19T14:23:27,A10,0.43
U0129,61,impression,2026-02-19T14:24:53,A10,0.034
U0129,21,impression,2026-02-19T14:23:45,A10,0.496
U0129,91,impression,2026-02-19T14:22:10,A10,0.435
U0129,99,impression,2026-02-19T14:20:19,A10,0.097
U0129,87,impression,2026-02-19T14:22:52,A10,0.451
U0129,89,impression,2026-02-19T14:21:51,A10,0.074
U0129,48,impression,2026-02-19T14:23:21,A10,0.496
U0129,48,click,2026-02-19T14:23:26,A10,0.496
U0129,27,impression,2026-02-19T14:23:03,A10,0.179
U0129,40,impression,2026-02-19T14:20:28,A10,0.529
U0129,83,impression,2026-02-19T14:20:28,A10,0.056
U0129,55,impression,2026-02-19T14:24:16,A10,0.094
U0129,51,impression,2026-02-27T20:45:59,A10,0.44
U0129,42,impression,2026-02-27T20:41:45,A10,0.414
U0129,87,impression,2026-02-27T20:44:16,A10,0.514
U0129,39,impression,2026-02-27T20:41:49,A10,0.47
U0129,93,impression,2026-02-27T20:42:33,A10,0.08
U0129,97,impression,2026-02-27T20:41:04,A10,0.184
U0129,97,click,2026-02-27T20:41:09,A10,0.184
U0129,54,impression,2026-02-27T20:41:53,A10,0.72
U0129,54,click,2026-02-27T20:41:58,A10,0.72
U0129,81,impression,2026-02-27T20:43:14,A10,0.032
U0129,60,impression,2026-02-27T20:43:07,A10,0.026
U0129,37,impression,2026-02-27T20:45:34,A10,0.465
U0129,85,impression,2026-03-19T16:30:43,A10,0.09
U0129,107,impression,2026-03-19T16:33:06,A10,0.557
U0129,67,impression,2026-03-19T16:31:19,A10,0.12
U0129,35,impression,2026-03-19T16:31:06,A10,0.447
U0129,31,impression,2026-03-19T16:34:11,A10,0.412
U0129,61,impression,2026-03-19T16:33:43,A10,0.097
U0129,38,impression,2026-02-20T21:11:44,A10,0.478
U0129,38,click,2026-02-20T21:12:06,A10,0.478
U0129,72,impression,2026-02-20T21:09:05,A10,0.02
U0129,41,impression,2026-02-20T21:13:41,A10,0.502
U0129,62,impression,2026-02-20T21:09:25,A10,0.083
U0129,50,impression,2026-02-20T21:13:36,A10,0.495
U0129,82,impression,2026-02-20T21:11:38,A10,0.45
U0129,73,impression,2026-02-20T21:09:13,A10,0.104
U0129,93,impression,2026-02-20T21:09:56,A10,0.044
U0129,98,impression,2026-02-20T21:09:05,A10,0.042
U0129,42,impression,2026-02-20T21:13:44,A10,0.466
U0129,56,impression,2026-02-20T21:13:09,A10,0.092
U0129,36,impression,2026-02-20T21:11:13,A10,0.49
U0129,91,impression,2026-02-20T21:10:48,A10,0.409
U0129,49,impression,2026-04-12T15:25:27,A10,0.502
U0129,64,impression,2026-04-12T15:24:38,A10,0.072
U0129,52,impression,2026-04-12T15:28:08,A10,0.428
U0129,69,impression,2026-04-12T15:28:15,A10,0.065
U0129,42,impression,2026-04-12T15:24:25,A10,0.509
U0129,67,impression,2026-04-12T15:26:28,A10,0.076
U0129,67,click,2026-04-12T15:26:58,A10,0.076
U0129,45,impression,2026-04-12T15:27:33,A10,0.423
U0129,45,click,2026-04-12T15:27:49,A10,0.423
U0129,79,impression,2026-04-12T15:24:38,A10,0.053
U0129,109,impression,2026-04-17T16:29:58,A10,0.188
U0129,22,impression,2026-04-17T16:31:45,A10,0.446
U0129,92,impression,2026-04-17T16:32:28,A10,0.063
U0129,104,impression,2026-04-17T16:30:57,A10,0.52
U0129,54,impression,2026-04-17T16:31:51,A10,0.737
U0129,54,click,2026-04-17T16:31:55,A10,0.737
U0129,70,impression,2026-04-17T16:30:14,A10,0.035
U0129,88,impression,2026-04-17T16:31:19,A10,0.034
U0129,52,impression,2026-04-17T16:32:49,A10,0.454
U0129,87,impression,2026-03-16T16:20:35,A10,0.494
U0129,44,impression,2026-03-16T16:17:35,A10,0.512
U0129,80,impression,2026-03-16T16:16:14,A10,0.014
U0129,42,impression,2026-03-16T16:16:06,A10,0.442
U0129,67,impression,2026-03-16T16:16:58,A10,0.095
U0129,84,impression,2026-03-16T16:20:41,A10,0.048
U0129,82,impression,2026-03-16T16:20:50,A10,0.413
U0129,82,click,2026-03-16T16:20:58,A10,0.413
U0129,64,impression,2026-03-16T16:17:04,A10,0.039
U0129,107,impression,2026-03-16T16:20:00,A10,0.564
U0129,107,click,2026-03-16T16:20:05,A10,0.564
U0129,32,impression,2026-03-16T16:16:28,A10,0.504
U0129,37,impression,2026-03-16T16:18:52,A10,0.486
U0129,37,click,2026-03-16T16:19:04,A10,0.486
U0129,59,impression,2026-03-16T16:20:01,A10,0.081
U0130,38,impression,2026-04-15T15:55:03,A03,0.488
U0130,102,impression,2026-04-15T15:54:37,A03,0.457
U0130,80,impression,2026-04-15T15:55:00,A03,0.069
U0130,83,impression,2026-04-15T15:55:23,A03,0.068
U0130,34,impression,2026-04-15T15:54:17,A03,0.467
U0130,76,impression,2026-04-15T15:55:51,A03,0.627
U0130,24,impression,2026-04-15T15:53:46,A03,0.06
U0131,49,impression,2026-02-08T19:42:15,A05,0.481
U0131,82,impression,2026-02-08T19:45:24,A05,0.425
U0131,82,click,2026-02-08T19:45:34,A05,0.425
U0131,82,cart_add,2026-02-08T19:46:18,A05,0.425
U0131,60,impression,2026-02-08T19:43:59,A05,0.018
U0131,22,impression,2026-02-08T19:44:54,A05,0.422
U0131,34,impression,2026-02-08T19:45:42,A05,0.0
U0131,74,impression,2026-02-08T19:44:46,A05,0.106
U0131,83,impression,2026-02-08T19:43:41,A05,0.09
U0131,45,impression,2026-02-08T19:45:43,A05,0.482
U0131,102,impression,2026-02-08T19:45:19,A05,0.413
U0131,38,impression,2026-03-11T09:31:12,A05,0.084
U0131,49,impression,2026-03-11T09:31:23,A05,0.49
U0131,104,impression,2026-03-11T09:32:33,A05,0.532
U0131,104,click,2026-03-11T09:32:38,A05,0.532
U0131,60,impression,2026-03-11T09:35:43,A05,0.065
U0131,48,impression,2026-03-11T09:32:33,A05,0.413
U0131,21,impression,2026-03-11T09:33:50,A05,0.504
U0131,21,click,2026-03-11T09:34:09,A05,0.504
U0131,89,impression,2026-03-11T09:33:27,A05,0.631
U0131,43,impression,2026-03-11T09:32:27,A05,0.483
U0131,85,impression,2026-03-11T09:31:52,A05,0.032
U0131,56,impression,2026-03-11T09:34:38,A05,0.01
U0131,49,impression,2026-04-14T09:56:24,A05,0.415
U0131,98,impression,2026-04-14T09:55:59,A05,0.047
U0131,68,impression,2026-04-14T09:55:04,A05,0.055
U0131,89,impression,2026-04-14T09:55:47,A05,0.69
U0131,89,click,2026-04-14T09:56:13,A05,0.69
U0131,89,save,2026-04-14T09:56:13,A05,0.69
U0131,22,impression,2026-04-14T09:56:46,A05,0.486
U0131,76,impression,2026-04-14T09:56:01,A05,0.476
U0131,39,impression,2026-04-14T09:54:31,A05,0.039
U0131,43,impression,2026-04-14T09:57:32,A05,0.493
U0131,80,impression,2026-04-14T09:57:40,A05,0.084
U0131,45,impression,2026-04-14T09:55:43,A05,0.473
U0131,87,impression,2026-04-14T09:54:17,A05,0.418
U0131,103,impression,2026-04-14T09:55:29,A05,0.058
U0131,62,impression,2026-04-14T09:54:16,A05,0.088
U0132,85,impression,2026-02-20T13:11:27,A11,0.048
U0132,55,impression,2026-02-20T13:07:58,A11,0.053
U0132,41,impression,2026-02-20T13:10:15,A11,0.554
U0132,26,impression,2026-02-20T13:09:25,A11,0.419
U0132,26,click,2026-02-20T13:09:34,A11,0.419
U0132,47,impression,2026-02-20T13:07:21,A11,0.415
U0132,99,impression,2026-03-12T14:39:19,A11,0.075
U0132,53,impression,2026-03-12T14:36:55,A11,0.102
U0132,31,impression,2026-03-12T14:39:47,A11,0.419
U0132,91,impression,2026-03-12T14:36:11,A11,0.474
U0132,95,impression,2026-03-12T14:37:46,A11,0.04
U0132,77,impression,2026-03-12T14:35:49,A11,0.447
U0132,101,impression,2026-03-12T14:36:53,A11,0.622
U0132,101,click,2026-03-12T14:36:56,A11,0.622
U0132,79,impression,2026-03-12T14:36:34,A11,0.097
U0132,23,impression,2026-03-12T14:38:28,A11,0.475
U0132,65,impression,2026-03-04T19:39:24,A11,0.01
U0132,45,impression,2026-03-04T19:38:05,A11,0.42
U0132,39,impression,2026-03-04T19:41:44,A11,0.608
U0132,39,click,2026-03-04T19:42:03,A11,0.608
U0132,23,impression,2026-03-04T19:38:07,A11,0.417
U0132,96,impression,2026-03-04T19:38:59,A11,0.06
U0133,74,impression,2026-04-10T17:08:13,A05,0.035
U0133,44,impression,2026-04-10T17:07:18,A05,0.449
U0133,89,impression,2026-04-10T17:07:19,A05,0.638
U0133,59,impression,2026-04-10T17:06:55,A05,0.032
U0133,32,impression,2026-04-10T17:10:16,A05,0.05
U0133,21,impression,2026-04-10T17:07:22,A05,0.427
U0133,53,impression,2026-04-10T17:10:59,A05,0.104
U0133,101,impression,2026-04-10T17:10:59,A05,0.46
U0133,101,impression,2026-04-04T13:24:52,A05,0.5
U0133,101,click,2026-04-04T13:25:03,A05,0.5
U0133,22,impression,2026-04-04T13:25:22,A05,0.452
U0133,22,click,2026-04-04T13:25:49,A05,0.452
U0133,22,save,2026-04-04T13:25:49,A05,0.452
U0133,89,impression,2026-04-04T13:26:49,A05,0.692
U0133,89,click,2026-04-04T13:27:03,A05,0.692
U0133,72,impression,2026-04-04T13:23:53,A05,0.036
U0133,78,impression,2026-04-04T13:25:25,A05,0.053
U0133,106,impression,2026-04-06T20:42:10,A05,0.466
U0133,76,impression,2026-04-06T20:43:39,A05,0.459
U0133,76,click,2026-04-06T20:43:59,A05,0.459
U0133,47,impression,2026-04-06T20:42:06,A05,0.429
U0133,51,impression,2026-04-06T20:41:24,A05,0.103
U0133,84,impression,2026-04-06T20:44:03,A05,0.027
U0133,58,impression,2026-04-06T20:44:08,A05,0.01
U0133,94,impression,2026-04-06T20:42:39,A05,0.638
U0133,43,impression,2026-03-07T09:51:13,A05,0.466
U0133,76,impression,2026-03-07T09:51:18,A05,0.453
U0133,53,impression,2026-03-07T09:52:10,A05,0.031
U0133,57,impression,2026-03-07T09:53:04,A05,0.096
U0133,38,impression,2026-03-07T09:54:54,A05,0.094
U0133,40,impression,2026-03-07T09:51:07,A05,0.437
U0133,104,impression,2026-03-07T09:51:12,A05,0.553
U0133,69,impression,2026-03-16T09:24:34,A05,0.013
U0133,106,impression,2026-03-16T09:27:31,A05,0.431
U0133,78,impression,2026-03-16T09:25:07,A05,0.083
U0133,45,impression,2026-03-16T09:26:51,A05,0.457
U0133,22,impression,2026-03-16T09:26:29,A05,0.425
U0133,22,click,2026-03-16T09:26:44,A05,0.425
U0133,87,impression,2026-03-16T09:25:51,A05,0.394
U0133,37,impression,2026-03-16T09:24:03,A05,0.089
U0133,105,impression,2026-03-16T09:26:17,A05,0.094
U0133,101,impression,2026-03-16T09:26:54,A05,0.455
U0133,99,impression,2026-03-16T09:24:17,A05,0.068
U0133,89,impression,2026-03-16T09:24:39,A05,0.644
U0133,86,impression,2026-02-26T15:31:16,A05,0.486
U0133,86,click,2026-02-26T15:31:29,A05,0.486
U0133,74,impression,2026-02-26T15:31:54,A05,0.088
U0133,42,impression,2026-02-26T15:33:54,A05,0.47
U0133,76,impression,2026-02-26T15:32:46,A05,0.414
U0133,51,impression,2026-02-26T15:32:36,A05,0.063
U0133,95,impression,2026-02-26T15:31:49,A05,0.075
U0133,83,impression,2026-02-26T15:34:26,A05,0.021
U0133,64,impression,2026-02-26T15:32:20,A05,0.732
U0133,64,click,2026-02-26T15:32:25,A05,0.732
U0133,87,impression,2026-02-26T15:32:53,A05,0.452
U0133,101,impression,2026-02-26T15:34:07,A05,0.494
U0134,67,impression,2026-02-15T14:19:39,A08,0.061
U0134,55,impression,2026-02-15T14:18:07,A08,0.699
U0134,55,click,2026-02-15T14:18:37,A08,0.699
U0134,75,impression,2026-02-15T14:18:14,A08,0.088
U0134,105,impression,2026-02-15T14:17:50,A08,0.659
U0134,95,impression,2026-02-15T14:19:52,A08,0.648
U0134,95,click,2026-02-15T14:20:06,A08,0.648
U0134,95,save,2026-02-15T14:20:06,A08,0.648
U0134,95,cart_add,2026-02-15T14:20:29,A08,0.648
U0134,95,order,2026-02-15T14:31:29,A08,0.648
U0134,107,impression,2026-02-15T14:21:57,A08,0.097
U0134,33,impression,2026-02-15T14:20:22,A08,0.075
U0134,81,impression,2026-02-15T14:21:28,A08,0.047
U0134,109,impression,2026-02-15T14:21:04,A08,0.466
U0134,23,impression,2026-02-15T14:20:36,A08,0.028
U0134,54,impression,2026-02-15T14:20:11,A08,0.452
U0134,54,click,2026-02-15T14:20:29,A08,0.452
U0134,96,impression,2026-02-15T14:21:45,A08,0.486
U0134,100,impression,2026-02-15T14:18:23,A08,0.557
U0134,100,click,2026-02-15T14:18:25,A08,0.557
U0134,53,impression,2026-02-15T14:17:27,A08,0.589
U0134,56,impression,2026-02-15T14:17:42,A08,0.507
U0134,53,impression,2026-02-26T18:03:25,A08,0.588
U0134,27,impression,2026-02-26T18:03:47,A08,0.051
U0134,55,impression,2026-02-26T18:05:27,A08,0.695
U0134,70,impression,2026-02-26T18:02:27,A08,0.094
U0134,109,impression,2026-02-26T18:02:56,A08,0.427
U0134,105,impression,2026-02-26T18:02:29,A08,0.659
U0134,105,click,2026-02-26T18:02:55,A08,0.659
U0134,45,impression,2026-02-26T18:02:29,A08,0.067
U0134,77,impression,2026-02-26T18:01:19,A08,0.068
U0134,73,impression,2026-04-17T19:58:27,A08,0.109
U0134,90,impression,2026-04-17T19:57:04,A08,0.654
U0134,66,impression,2026-04-17T19:54:08,A08,0.075
U0134,100,impression,2026-04-17T19:58:38,A08,0.582
U0134,100,click,2026-04-17T19:58:54,A08,0.582
U0134,100,cart_add,2026-04-17T19:59:46,A08,0.582
U0134,96,impression,2026-04-17T19:54:16,A08,0.456
U0134,99,impression,2026-04-17T19:55:36,A08,0.015
U0134,55,impression,2026-04-17T19:54:48,A08,0.729
U0134,83,impression,2026-04-17T19:55:56,A08,0.498
U0134,78,impression,2026-04-17T19:58:16,A08,0.109
U0134,78,click,2026-04-17T19:58:23,A08,0.109
U0134,93,impression,2026-04-17T19:57:35,A08,0.086
U0134,56,impression,2026-04-17T19:54:59,A08,0.436
U0134,56,click,2026-04-17T19:55:09,A08,0.436
U0134,105,impression,2026-04-17T19:55:42,A08,0.632
U0134,54,impression,2026-04-17T19:56:47,A08,0.502
U0134,54,click,2026-04-17T19:57:15,A08,0.502
U0134,95,impression,2026-04-17T19:57:16,A08,0.587
U0134,95,click,2026-04-17T19:57:35,A08,0.587
U0134,33,impression,2026-04-17T19:55:06,A08,0.084
U0135,79,impression,2026-03-02T12:11:53,A03,0.07
U0135,24,impression,2026-03-02T12:07:05,A03,0.065
U0135,24,click,2026-03-02T12:07:32,A03,0.065
U0135,53,impression,2026-03-02T12:08:59,A03,0.087
U0135,33,impression,2026-03-02T12:10:33,A03,0.426
U0135,30,impression,2026-03-02T12:10:08,A03,0.446
U0135,30,click,2026-03-02T12:10:34,A03,0.446
U0135,98,impression,2026-03-02T12:09:02,A03,0.036
U0135,36,impression,2026-03-02T12:08:35,A03,0.413
U0135,104,impression,2026-03-02T12:10:12,A03,0.587
U0135,39,impression,2026-03-02T12:10:23,A03,0.42
U0135,45,impression,2026-03-02T12:07:11,A03,0.484
U0135,45,click,2026-03-02T12:07:30,A03,0.484
U0135,46,impression,2026-03-02T12:10:45,A03,0.093
U0135,51,impression,2026-02-11T19:23:43,A03,0.45
U0135,92,impression,2026-02-11T19:19:54,A03,0.02
U0135,99,impression,2026-02-11T19:19:47,A03,0.106
U0135,32,impression,2026-02-11T19:21:14,A03,0.506
U0135,32,click,2026-02-11T19:21:24,A03,0.506
U0135,101,impression,2026-02-11T19:21:36,A03,0.509
U0135,56,impression,2026-02-11T19:19:38,A03,0.054
U0135,23,impression,2026-02-11T19:22:47,A03,0.504
U0135,23,click,2026-02-11T19:23:11,A03,0.504
U0135,33,impression,2026-02-11T19:19:47,A03,0.481
U0135,94,impression,2026-02-11T19:22:29,A03,0.582
U0135,37,impression,2026-02-11T19:21:42,A03,0.442
U0135,80,impression,2026-02-11T19:23:03,A03,0.064
U0135,97,impression,2026-02-11T19:21:10,A03,0.01
U0135,31,impression,2026-02-11T19:19:46,A03,0.472
U0135,100,impression,2026-02-11T19:19:45,A03,0.05
U0135,34,impression,2026-03-22T10:15:42,A03,0.437
U0135,87,impression,2026-03-22T10:16:24,A03,0.378
U0135,53,impression,2026-03-22T10:16:44,A03,0.081
U0135,93,impression,2026-03-22T10:15:28,A03,0.106
U0135,95,impression,2026-03-22T10:15:23,A03,0.052
U0135,83,impression,2026-03-22T10:14:28,A03,0.086
U0135,86,impression,2026-03-22T10:13:35,A03,0.476
U0135,96,impression,2026-03-22T10:17:02,A03,0.035
U0135,44,impression,2026-03-22T10:16:22,A03,0.519
U0135,109,impression,2026-03-22T10:17:30,A03,0.024
U0135,104,impression,2026-03-22T10:13:31,A03,0.513
U0135,35,impression,2026-03-22T10:15:30,A03,0.499
U0135,35,click,2026-03-22T10:15:33,A03,0.499
U0135,23,impression,2026-03-22T10:16:24,A03,0.461
U0135,23,click,2026-03-22T10:16:41,A03,0.461
U0135,33,impression,2026-03-22T10:13:50,A03,0.491
U0135,106,impression,2026-03-22T10:14:16,A03,0.444
U0135,64,impression,2026-03-27T15:20:17,A03,0.011
U0135,45,impression,2026-03-27T15:22:27,A03,0.475
U0135,45,click,2026-03-27T15:22:50,A03,0.475
U0135,68,impression,2026-03-27T15:20:53,A03,0.11
U0135,86,impression,2026-03-27T15:22:28,A03,0.474
U0135,31,impression,2026-03-27T15:22:03,A03,0.534
U0135,101,impression,2026-03-27T15:20:06,A03,0.486
U0135,60,impression,2026-03-27T15:20:23,A03,0.064
U0136,58,impression,2026-04-15T22:46:10,A11,0.08
U0136,46,impression,2026-04-15T22:47:00,A11,0.168
U0136,52,impression,2026-04-15T22:47:04,A11,0.486
U0136,52,click,2026-04-15T22:47:26,A11,0.486
U0136,48,impression,2026-04-15T22:46:05,A11,0.426
U0136,66,impression,2026-04-15T22:47:07,A11,0.018
U0136,24,impression,2026-04-15T22:45:10,A11,0.442
U0136,30,impression,2026-04-15T22:44:49,A11,0.57
U0136,69,impression,2026-04-15T22:43:59,A11,0.018
U0136,91,impression,2026-04-15T22:47:45,A11,0.507
U0136,86,impression,2026-04-15T22:43:09,A11,0.455
U0136,74,impression,2026-03-18T11:39:48,A11,0.063
U0136,43,impression,2026-03-18T11:40:18,A11,0.449
U0136,43,click,2026-03-18T11:40:25,A11,0.449
U0136,23,impression,2026-03-18T11:37:28,A11,0.474
U0136,45,impression,2026-03-18T11:36:48,A11,0.453
U0136,45,click,2026-03-18T11:37:00,A11,0.453
U0136,45,cart_add,2026-03-18T11:37:49,A11,0.453
U0136,98,impression,2026-03-18T11:39:15,A11,0.102
U0136,96,impression,2026-04-04T17:43:57,A11,0.06
U0136,96,click,2026-04-04T17:44:20,A11,0.06
U0136,26,impression,2026-04-04T17:44:39,A11,0.495
U0136,26,click,2026-04-04T17:44:45,A11,0.495
U0136,49,impression,2026-04-04T17:43:13,A11,0.506
U0136,49,click,2026-04-04T17:43:22,A11,0.506
U0136,104,impression,2026-04-04T17:42:36,A11,0.081
U0136,35,impression,2026-04-04T17:45:11,A11,0.442
U0136,22,impression,2026-04-04T17:43:10,A11,0.459
U0136,22,click,2026-04-04T17:43:36,A11,0.459
U0136,84,impression,2026-04-04T17:41:06,A11,0.482
U0136,24,impression,2026-04-04T17:44:44,A11,0.429
U0136,85,impression,2026-04-04T17:43:13,A11,0.1
U0136,109,impression,2026-04-04T17:44:53,A11,0.075
U0136,59,impression,2026-04-04T17:43:27,A11,0.081
U0136,87,impression,2026-04-04T17:43:48,A11,0.37
U0136,61,impression,2026-04-04T17:43:48,A11,0.024
U0136,102,impression,2026-04-04T17:41:01,A11,0.497
U0136,41,impression,2026-04-15T14:23:46,A11,0.514
U0136,41,click,2026-04-15T14:23:47,A11,0.514
U0136,49,impression,2026-04-15T14:22:22,A11,0.505
U0136,49,click,2026-04-15T14:22:31,A11,0.505
U0136,37,impression,2026-04-15T14:24:27,A11,0.505
U0136,109,impression,2026-04-15T14:23:27,A11,0.098
U0136,101,impression,2026-04-15T14:23:04,A11,0.652
U0136,101,click,2026-04-15T14:23:32,A11,0.652
U0136,101,cart_add,2026-04-15T14:24:07,A11,0.652
U0136,85,impression,2026-04-15T14:24:44,A11,0.062
U0136,91,impression,2026-04-15T14:26:02,A11,0.531
U0136,91,click,2026-04-15T14:26:27,A11,0.531
U0136,66,impression,2026-04-15T14:26:59,A11,0.04
U0136,102,impression,2026-04-15T14:26:05,A11,0.42
U0136,102,click,2026-04-15T14:26:22,A11,0.42
U0136,61,impression,2026-04-15T14:26:25,A11,0.054
U0136,34,impression,2026-04-15T14:23:03,A11,0.522
U0136,34,click,2026-04-15T14:23:07,A11,0.522
U0136,82,impression,2026-04-15T14:23:11,A11,0.465
U0136,96,impression,2026-04-15T14:22:03,A11,0.015
U0136,74,impression,2026-04-15T14:23:47,A11,0.091
U0136,36,impression,2026-04-15T14:23:58,A11,0.447
U0136,36,click,2026-04-15T14:24:13,A11,0.447
U0136,35,impression,2026-04-11T17:52:08,A11,0.416
U0136,83,impression,2026-04-11T17:52:36,A11,0.05
U0136,103,impression,2026-04-11T17:50:15,A11,0.041
U0136,21,impression,2026-04-11T17:50:07,A11,0.459
U0136,21,click,2026-04-11T17:50:37,A11,0.459
U0136,69,impression,2026-04-11T17:54:19,A11,0.075
U0136,87,impression,2026-04-11T17:52:15,A11,0.45
U0136,100,impression,2026-04-11T17:51:03,A11,0.02
U0136,52,impression,2026-04-11T17:54:44,A11,0.413
U0136,86,impression,2026-04-14T19:48:52,A11,0.484
U0136,93,impression,2026-04-14T19:50:38,A11,0.109
U0136,31,impression,2026-04-14T19:49:00,A11,0.39
U0136,24,impression,2026-04-14T19:47:08,A11,0.413
U0136,43,impression,2026-04-14T19:51:12,A11,0.452
U0136,43,click,2026-04-14T19:51:41,A11,0.452
U0136,69,impression,2026-04-14T19:48:59,A11,0.087
U0136,109,impression,2026-04-14T19:47:35,A11,0.067
U0136,89,impression,2026-04-14T19:47:53,A11,0.045
U0137,86,impression,2026-03-16T20:18:12,A05,0.433
U0137,84,impression,2026-03-16T20:14:04,A05,0.107
U0137,39,impression,2026-03-16T20:18:52,A05,0.031
U0137,44,impression,2026-03-16T20:17:32,A05,0.431
U0137,44,click,2026-03-16T20:17:50,A05,0.431
U0137,94,impression,2026-03-16T20:16:26,A05,0.66
U0137,86,impression,2026-03-20T17:11:40,A05,0.423
U0137,41,impression,2026-03-20T17:10:04,A05,0.503
U0137,41,click,2026-03-20T17:10:33,A05,0.503
U0137,37,impression,2026-03-20T17:10:48,A05,0.087
U0137,60,impression,2026-03-20T17:08:12,A05,0.068
U0137,40,impression,2026-03-20T17:11:16,A05,0.499
U0137,36,impression,2026-03-29T18:42:40,A05,0.095
U0137,103,impression,2026-03-29T18:40:05,A05,0.08
U0137,21,impression,2026-03-29T18:44:51,A05,0.464
U0137,82,impression,2026-03-29T18:43:32,A05,0.49
U0137,41,impression,2026-03-29T18:42:14,A05,0.49
U0137,100,impression,2026-03-29T18:43:48,A05,0.054
U0137,22,impression,2026-04-10T21:09:15,A05,0.483
U0137,77,impression,2026-04-10T21:07:04,A05,0.015
U0137,48,impression,2026-04-10T21:05:36,A05,0.508
U0137,48,click,2026-04-10T21:05:45,A05,0.508
U0137,100,impression,2026-04-10T21:07:58,A05,0.097
U0137,45,impression,2026-04-10T21:08:18,A05,0.464
U0137,42,impression,2026-04-10T21:05:36,A05,0.412
U0137,109,impression,2026-04-10T21:07:19,A05,0.088
U0137,105,impression,2026-04-10T21:09:25,A05,0.046
U0137,102,impression,2026-04-10T21:05:06,A05,0.508
U0137,102,click,2026-04-10T21:05:16,A05,0.508
U0137,102,save,2026-04-10T21:05:16,A05,0.508
U0137,58,impression,2026-04-10T21:08:03,A05,0.051
U0137,107,impression,2026-04-10T21:09:30,A05,0.456
U0137,47,impression,2026-04-10T21:09:34,A05,0.44
U0137,91,impression,2026-03-17T11:23:40,A05,0.505
U0137,91,click,2026-03-17T11:23:57,A05,0.505
U0137,34,impression,2026-03-17T11:26:16,A05,-0.009
U0137,89,impression,2026-03-17T11:26:10,A05,0.683
U0137,89,click,2026-03-17T11:26:32,A05,0.683
U0137,89,save,2026-03-17T11:26:32,A05,0.683
U0137,60,impression,2026-03-17T11:25:37,A05,0.07
U0137,94,impression,2026-03-17T11:23:11,A05,0.604
U0137,47,impression,2026-03-17T11:23:36,A05,0.494
U0137,62,impression,2026-03-17T11:26:41,A05,0.036
U0137,21,impression,2026-03-17T11:27:07,A05,0.458
U0137,98,impression,2026-03-17T11:26:18,A05,0.107
U0137,53,impression,2026-03-17T11:23:51,A05,0.092
U0137,41,impression,2026-03-17T11:24:57,A05,0.479
U0138,49,impression,2026-03-04T10:41:37,A02,0.418
U0138,80,impression,2026-03-04T10:37:34,A02,0.061
U0138,33,impression,2026-03-04T10:39:03,A02,0.496
U0138,77,impression,2026-03-04T10:39:19,A02,0.498
U0138,58,impression,2026-03-04T10:39:22,A02,0.078
U0138,42,impression,2026-03-04T10:38:20,A02,0.503
U0138,24,impression,2026-03-04T10:39:46,A02,0.456
U0138,70,impression,2026-03-04T10:39:16,A02,0.019
U0138,68,impression,2026-03-04T10:41:31,A02,0.04
U0138,90,impression,2026-03-04T10:39:36,A02,0.068
U0138,90,click,2026-03-04T10:39:37,A02,0.068
U0138,48,impression,2026-03-04T10:41:38,A02,0.444
U0138,47,impression,2026-03-04T10:41:56,A02,0.451
U0138,47,click,2026-03-04T10:42:20,A02,0.451
U0138,77,impression,2026-04-06T16:38:51,A02,0.528
U0138,49,impression,2026-04-06T16:37:20,A02,0.442
U0138,38,impression,2026-04-06T16:39:48,A02,0.445
U0138,38,click,2026-04-06T16:40:06,A02,0.445
U0138,100,impression,2026-04-06T16:39:52,A02,0.095
U0138,104,impression,2026-04-06T16:38:54,A02,0.054
U0138,33,impression,2026-03-24T21:06:11,A02,0.413
U0138,60,impression,2026-03-24T21:04:48,A02,0.054
U0138,103,impression,2026-03-24T21:06:32,A02,0.083
U0138,95,impression,2026-03-24T21:05:22,A02,0.076
U0138,99,impression,2026-03-24T21:07:06,A02,0.058
U0138,30,impression,2026-03-24T21:05:19,A02,0.509
U0138,30,click,2026-03-24T21:05:45,A02,0.509
U0138,47,impression,2026-03-24T21:03:28,A02,0.504
U0138,47,click,2026-03-24T21:03:40,A02,0.504
U0138,26,impression,2026-03-24T21:06:04,A02,0.48
U0138,104,impression,2026-03-24T21:05:24,A02,0.038
U0138,73,impression,2026-03-24T21:07:35,A02,0.093
U0138,48,impression,2026-03-24T21:04:07,A02,0.491
U0138,39,impression,2026-03-24T21:04:50,A02,0.509
U0138,101,impression,2026-03-24T21:05:16,A02,0.585
U0138,35,impression,2026-03-24T21:06:02,A02,0.465
U0138,109,impression,2026-03-16T20:46:44,A02,0.077
U0138,21,impression,2026-03-16T20:46:44,A02,0.505
U0138,40,impression,2026-03-16T20:43:20,A02,0.437
U0138,36,impression,2026-03-16T20:45:38,A02,0.475
U0138,48,impression,2026-03-16T20:45:29,A02,0.412
U0138,44,impression,2026-03-16T20:46:36,A02,0.491
U0138,44,click,2026-03-16T20:46:57,A02,0.491
U0138,38,impression,2026-03-16T20:44:36,A02,0.478
U0138,65,impression,2026-03-16T20:44:26,A02,-0.023
U0138,108,impression,2026-03-16T20:42:28,A02,0.126
U0138,53,impression,2026-03-16T20:45:23,A02,0.07
U0138,50,impression,2026-03-16T20:43:54,A02,0.453
U0138,34,impression,2026-03-16T20:45:59,A02,0.467
U0138,73,impression,2026-03-16T20:44:22,A02,0.036
U0138,77,impression,2026-03-16T20:44:27,A02,0.477
U0138,95,impression,2026-03-16T20:42:57,A02,0.016
U0139,38,impression,2026-04-16T14:03:37,A12,0.485
U0139,70,impression,2026-04-16T14:02:12,A12,0.068
U0139,92,impression,2026-04-16T14:03:33,A12,0.087
U0139,50,impression,2026-04-16T14:04:41,A12,0.493
U0139,30,impression,2026-04-16T14:03:22,A12,0.482
U0139,75,impression,2026-04-16T14:01:01,A12,0.02
U0139,22,impression,2026-04-16T14:05:55,A12,0.448
U0139,79,impression,2026-04-16T14:02:00,A12,0.101
U0139,83,impression,2026-04-16T14:05:53,A12,0.079
U0139,106,impression,2026-04-16T14:03:14,A12,0.612
U0139,106,click,2026-04-16T14:03:17,A12,0.612
U0139,49,impression,2026-04-16T14:01:48,A12,0.465
U0139,47,impression,2026-04-16T14:03:58,A12,0.501
U0139,47,click,2026-04-16T14:04:01,A12,0.501
U0139,47,cart_add,2026-04-16T14:04:18,A12,0.501
U0139,46,impression,2026-04-16T14:01:30,A12,0.061
U0139,39,impression,2026-04-16T14:04:17,A12,0.47
U0139,94,impression,2026-04-16T14:05:56,A12,0.558
U0139,94,click,2026-04-16T14:06:03,A12,0.558
U0139,94,impression,2026-02-25T17:45:04,A12,0.495
U0139,94,click,2026-02-25T17:45:28,A12,0.495
U0139,45,impression,2026-02-25T17:43:40,A12,0.489
U0139,83,impression,2026-02-25T17:43:38,A12,0.068
U0139,50,impression,2026-02-25T17:45:48,A12,0.446
U0139,67,impression,2026-02-25T17:46:47,A12,-0.004
U0139,81,impression,2026-02-25T17:45:36,A12,-0.0
U0139,72,impression,2026-02-25T17:45:05,A12,0.08
U0139,37,impression,2026-02-25T17:47:45,A12,0.424
U0139,102,impression,2026-04-04T18:56:42,A12,0.582
U0139,102,click,2026-04-04T18:56:43,A12,0.582
U0139,75,impression,2026-04-04T18:57:24,A12,0.096
U0139,104,impression,2026-04-04T18:59:15,A12,0.657
U0139,104,click,2026-04-04T18:59:42,A12,0.657
U0139,77,impression,2026-04-04T18:57:52,A12,-0.013
U0139,83,impression,2026-04-04T18:57:12,A12,0.061
U0139,83,click,2026-04-04T18:57:13,A12,0.061
U0139,32,impression,2026-04-04T18:56:52,A12,0.411
U0139,58,impression,2026-04-04T18:58:23,A12,0.023
U0139,44,impression,2026-04-04T18:59:53,A12,0.479
U0139,44,click,2026-04-04T19:00:23,A12,0.479
U0139,50,impression,2026-04-09T10:18:33,A12,0.479
U0139,61,impression,2026-04-09T10:20:20,A12,0.079
U0139,33,impression,2026-04-09T10:21:50,A12,0.419
U0139,46,impression,2026-04-09T10:22:15,A12,0.1
U0139,76,impression,2026-04-09T10:18:53,A12,0.411
U0139,25,impression,2026-04-09T10:21:47,A12,0.075
U0139,48,impression,2026-04-09T10:22:06,A12,0.431
U0139,45,impression,2026-04-09T10:18:42,A12,0.476
U0139,53,impression,2026-04-09T10:18:50,A12,0.097
U0139,22,impression,2026-04-09T10:22:49,A12,0.504
U0139,22,click,2026-04-09T10:22:55,A12,0.504
U0139,22,save,2026-04-09T10:22:55,A12,0.504
U0139,71,impression,2026-04-09T10:19:20,A12,0.065
U0139,23,impression,2026-04-09T10:20:13,A12,0.426
U0139,23,click,2026-04-09T10:20:14,A12,0.426
U0139,96,impression,2026-04-09T10:20:18,A12,0.048
U0139,41,impression,2026-04-09T10:21:26,A12,0.469
U0139,41,click,2026-04-09T10:21:56,A12,0.469
U0139,94,impression,2026-03-07T12:22:37,A12,0.531
U0139,25,impression,2026-03-07T12:23:20,A12,0.075
U0139,106,impression,2026-03-07T12:25:13,A12,0.668
U0139,23,impression,2026-03-07T12:24:33,A12,0.471
U0139,23,click,2026-03-07T12:24:44,A12,0.471
U0139,67,impression,2026-03-07T12:24:12,A12,0.069
U0139,99,impression,2026-03-07T12:21:04,A12,0.057
U0139,31,impression,2026-03-07T12:23:38,A12,0.397
U0139,69,impression,2026-03-07T12:21:29,A12,0.036
U0139,26,impression,2026-03-07T12:25:16,A12,0.098
U0139,27,impression,2026-03-07T12:25:11,A12,0.011
U0139,32,impression,2026-03-07T12:21:54,A12,0.436
U0139,82,impression,2026-03-07T12:25:15,A12,0.426
U0139,82,click,2026-03-07T12:25:19,A12,0.426
U0139,44,impression,2026-03-07T12:24:15,A12,0.489
U0139,44,click,2026-03-07T12:24:33,A12,0.489
U0139,44,save,2026-03-07T12:24:33,A12,0.489
U0139,37,impression,2026-04-05T19:52:13,A12,0.472
U0139,85,impression,2026-04-05T19:54:12,A12,0.085
U0139,101,impression,2026-04-05T19:54:35,A12,0.412
U0139,101,click,2026-04-05T19:54:47,A12,0.412
U0139,103,impression,2026-04-05T19:51:56,A12,0.092
U0139,68,impression,2026-04-05T19:53:32,A12,0.061
U0139,23,impression,2026-04-05T19:53:30,A12,0.498
U0139,42,impression,2026-04-05T19:53:47,A12,0.498
U0139,42,click,2026-04-05T19:53:52,A12,0.498
U0139,72,impression,2026-04-05T19:54:18,A12,0.066
U0139,76,impression,2026-04-05T19:50:02,A12,0.425
U0139,50,impression,2026-04-05T19:54:35,A12,0.448
U0139,50,click,2026-04-05T19:54:56,A12,0.448
U0139,50,save,2026-04-05T19:54:56,A12,0.448
U0140,78,impression,2026-03-06T12:30:41,A09,0.65
U0140,78,click,2026-03-06T12:31:04,A09,0.65
U0140,85,impression,2026-03-06T12:27:56,A09,0.086
U0140,82,impression,2026-03-06T12:27:03,A09,0.064
U0140,82,click,2026-03-06T12:27:18,A09,0.064
U0140,65,impression,2026-03-06T12:29:25,A09,0.458
U0140,94,impression,2026-03-06T12:30:43,A09,0.046
U0140,90,impression,2026-03-06T12:31:07,A09,0.473
U0140,36,impression,2026-03-06T12:30:39,A09,0.015
U0140,66,impression,2026-03-06T12:28:21,A09,0.639
U0140,105,impression,2026-03-06T12:28:59,A09,0.428
U0140,83,impression,2026-03-06T12:29:12,A09,0.496
U0140,83,click,2026-03-06T12:29:33,A09,0.496
U0140,70,impression,2026-03-19T11:28:23,A09,0.427
U0140,51,impression,2026-03-19T11:30:17,A09,0.068
U0140,106,impression,2026-03-19T11:31:20,A09,0.079
U0140,92,impression,2026-03-19T11:32:36,A09,0.655
U0140,92,click,2026-03-19T11:32:42,A09,0.655
U0140,83,impression,2026-03-19T11:29:06,A09,0.486
U0140,83,click,2026-03-19T11:29:13,A09,0.486
U0140,48,impression,2026-03-19T11:32:36,A09,0.096
U0140,48,click,2026-03-19T11:32:48,A09,0.096
U0140,78,impression,2026-03-19T11:31:26,A09,0.649
U0140,67,impression,2026-02-22T20:03:27,A09,0.019
U0140,71,impression,2026-02-22T20:06:12,A09,0.606
U0140,100,impression,2026-02-22T20:04:13,A09,0.429
U0140,78,impression,2026-02-22T20:04:31,A09,0.632
U0140,57,impression,2026-02-22T20:03:23,A09,0.438
U0140,68,impression,2026-02-22T20:03:10,A09,0.669
U0140,79,impression,2026-02-22T20:06:44,A09,0.437
U0140,75,impression,2026-02-22T20:04:44,A09,0.103
U0140,66,impression,2026-02-22T20:07:46,A09,0.661
U0140,36,impression,2026-02-22T20:07:34,A09,0.02
U0140,82,impression,2026-02-22T20:05:27,A09,0.074
U0140,92,impression,2026-02-22T20:03:26,A09,0.645
U0140,38,impression,2026-02-22T20:05:45,A09,0.054
U0140,70,impression,2026-02-22T20:05:03,A09,0.462
U0140,89,impression,2026-02-22T20:07:48,A09,0.051
U0141,82,impression,2026-02-01T13:29:05,A12,0.438
U0141,48,impression,2026-02-01T13:27:02,A12,0.472
U0141,41,impression,2026-02-01T13:27:26,A12,0.457
U0141,24,impression,2026-02-01T13:31:43,A12,0.105
U0141,99,impression,2026-02-01T13:31:00,A12,0.016
U0141,27,impression,2026-04-04T19:35:37,A12,0.018
U0141,43,impression,2026-04-04T19:34:24,A12,0.426
U0141,30,impression,2026-04-04T19:36:47,A12,0.488
U0141,30,click,2026-04-04T19:36:58,A12,0.488
U0141,30,cart_add,2026-04-04T19:37:47,A12,0.488
U0141,22,impression,2026-04-04T19:33:37,A12,0.464
U0141,93,impression,2026-04-04T19:33:28,A12,0.047
U0141,86,impression,2026-04-04T19:35:09,A12,0.443
U0141,91,impression,2026-04-04T19:36:44,A12,0.374
U0141,68,impression,2026-04-04T19:35:56,A12,0.057
U0141,68,click,2026-04-04T19:36:08,A12,0.057
U0141,33,impression,2026-04-04T19:34:01,A12,0.472
U0141,38,impression,2026-04-04T19:33:44,A12,0.474
U0141,24,impression,2026-04-04T19:33:47,A12,0.046
U0141,97,impression,2026-04-04T19:33:11,A12,0.02
U0141,37,impression,2026-04-04T19:33:01,A12,0.504
U0141,105,impression,2026-04-04T19:33:21,A12,0.073
U0141,50,impression,2026-03-20T10:22:31,A12,0.477
U0141,36,impression,2026-03-20T10:24:12,A12,0.47
U0141,40,impression,2026-03-20T10:22:41,A12,0.447
U0141,92,impression,2026-03-20T10:21:41,A12,0.015
U0141,94,impression,2026-03-20T10:22:03,A12,0.573
U0141,94,click,2026-03-20T10:22:10,A12,0.573
U0141,72,impression,2026-03-20T10:23:40,A12,0.019
U0141,107,impression,2026-03-20T10:25:50,A12,0.491
U0141,107,click,2026-03-20T10:26:04,A12,0.491
U0141,57,impression,2026-03-20T10:23:32,A12,0.029
U0141,82,impression,2026-03-20T10:22:39,A12,0.453
U0141,82,click,2026-03-20T10:22:49,A12,0.453
U0141,108,impression,2026-03-20T10:23:23,A12,0.079
U0141,109,impression,2026-03-20T10:22:00,A12,0.052
U0142,80,impression,2026-02-14T13:25:47,A02,0.038
U0142,52,impression,2026-02-14T13:28:25,A02,0.432
U0142,94,impression,2026-02-14T13:24:53,A02,0.166
U0142,88,impression,2026-02-14T13:25:14,A02,-0.006
U0142,27,impression,2026-02-14T13:25:18,A02,0.461
U0142,96,impression,2026-02-14T13:24:12,A02,0.036
U0142,87,impression,2026-02-14T13:28:39,A02,0.39
U0142,107,impression,2026-02-14T13:27:39,A02,0.503
U0142,76,impression,2026-04-01T09:51:22,A02,0.43
U0142,109,impression,2026-04-01T09:55:57,A02,0.013
U0142,23,impression,2026-04-01T09:55:15,A02,0.439
U0142,23,click,2026-04-01T09:55:37,A02,0.439
U0142,98,impression,2026-04-01T09:54:22,A02,0.079
U0142,80,impression,2026-04-01T09:55:19,A02,0.01
U0142,81,impression,2026-04-01T09:54:31,A02,0.153
U0142,48,impression,2026-04-01T09:55:30,A02,0.45
U0142,43,impression,2026-04-01T09:55:18,A02,0.639
U0142,32,impression,2026-04-01T09:54:36,A02,0.417
U0142,90,impression,2026-04-01T09:51:05,A02,0.067
U0142,90,click,2026-04-01T09:51:30,A02,0.067
U0142,77,impression,2026-04-01T09:55:28,A02,0.514
U0142,77,click,2026-04-01T09:55:58,A02,0.514
U0142,33,impression,2026-04-01T09:52:23,A02,0.441
U0142,25,impression,2026-04-11T19:21:31,A02,0.461
U0142,25,click,2026-04-11T19:21:49,A02,0.461
U0142,22,impression,2026-04-11T19:19:57,A02,0.501
U0142,105,impression,2026-04-11T19:21:31,A02,0.036
U0142,98,impression,2026-04-11T19:17:22,A02,0.065
U0142,43,impression,2026-04-11T19:19:19,A02,0.65
U0142,51,impression,2026-04-11T19:18:38,A02,0.463
U0142,60,impression,2026-04-11T19:19:42,A02,0.1
U0142,83,impression,2026-04-11T19:20:54,A02,0.102
U0142,84,impression,2026-04-11T19:20:18,A02,0.473
U0142,84,click,2026-04-11T19:20:22,A02,0.473
U0142,87,impression,2026-04-11T19:17:15,A02,0.415
U0142,62,impression,2026-04-11T19:20:32,A02,0.052
U0142,86,impression,2026-03-13T19:38:50,A02,0.464
U0142,22,impression,2026-03-13T19:39:42,A02,0.483
U0142,73,impression,2026-03-13T19:39:25,A02,0.038
U0142,82,impression,2026-03-13T19:42:04,A02,0.422
U0142,63,impression,2026-03-13T19:39:10,A02,0.049
U0142,103,impression,2026-03-13T19:40:21,A02,0.069
U0142,77,impression,2026-03-13T19:39:40,A02,0.46
U0142,67,impression,2026-03-13T19:42:38,A02,0.03
U0142,92,impression,2026-03-13T19:38:19,A02,0.033
U0142,83,impression,2026-03-13T19:42:04,A02,0.096
U0142,21,impression,2026-03-13T19:42:30,A02,0.423
U0142,37,impression,2026-03-13T19:41:45,A02,0.411
U0142,42,impression,2026-03-13T19:41:25,A02,0.481
U0142,36,impression,2026-03-13T19:38:58,A02,0.411
U0142,30,impression,2026-03-30T13:26:28,A02,0.467
U0142,72,impression,2026-03-30T13:29:35,A02,0.026
U0142,31,impression,2026-03-30T13:29:41,A02,0.407
U0142,73,impression,2026-03-30T13:28:13,A02,0.02
U0142,100,impression,2026-03-30T13:29:44,A02,0.062
U0142,84,impression,2026-03-30T13:30:45,A02,0.503
U0142,60,impression,2026-03-30T13:27:51,A02,0.064
U0142,51,impression,2026-03-30T13:27:43,A02,0.472
U0142,104,impression,2026-03-30T13:30:28,A02,0.077
U0142,82,impression,2026-03-30T13:28:09,A02,0.426
U0142,43,impression,2026-03-30T13:29:35,A02,0.62
U0142,43,click,2026-03-30T13:29:49,A02,0.62
U0143,85,impression,2026-03-02T14:25:39,A13,0.653
U0143,85,click,2026-03-02T14:25:53,A13,0.653
U0143,33,impression,2026-03-02T14:25:18,A13,0.049
U0143,73,impression,2026-03-02T14:27:25,A13,0.613
U0143,98,impression,2026-03-02T14:25:42,A13,0.094
U0143,98,click,2026-03-02T14:26:02,A13,0.094
U0143,48,impression,2026-03-02T14:27:45,A13,0.093
U0143,74,impression,2026-03-02T14:27:07,A13,0.664
U0143,74,click,2026-03-02T14:27:11,A13,0.664
U0143,67,impression,2026-03-02T14:28:24,A13,0.487
U0143,67,click,2026-03-02T14:28:48,A13,0.487
U0143,66,impression,2026-03-02T14:26:20,A13,0.096
U0143,80,impression,2026-03-02T14:27:41,A13,0.57
U0143,80,click,2026-03-02T14:28:04,A13,0.57
U0143,59,impression,2026-03-02T14:29:19,A13,0.705
U0143,93,impression,2026-03-31T20:03:32,A13,0.496
U0143,73,impression,2026-03-31T19:59:33,A13,0.61
U0143,84,impression,2026-03-31T19:59:47,A13,0.171
U0143,59,impression,2026-03-31T19:59:00,A13,0.741
U0143,43,impression,2026-03-31T19:59:11,A13,0.046
U0143,62,impression,2026-03-31T20:02:54,A13,0.428
U0143,87,impression,2026-03-31T20:01:11,A13,0.056
U0143,36,impression,2026-03-31T20:01:36,A13,0.093
U0143,59,impression,2026-03-25T14:12:47,A13,0.684
U0143,33,impression,2026-03-25T14:09:35,A13,0.042
U0143,98,impression,2026-03-25T14:10:56,A13,0.162
U0143,62,impression,2026-03-25T14:12:31,A13,0.426
U0143,56,impression,2026-03-25T14:09:24,A13,0.094
U0143,100,impression,2026-03-25T14:08:50,A13,0.015
U0143,93,impression,2026-03-25T14:09:58,A13,0.584
U0143,93,click,2026-03-25T14:10:20,A13,0.584
U0143,69,impression,2026-03-25T14:12:13,A13,0.583
U0143,80,impression,2026-03-25T14:10:27,A13,0.598
U0143,80,click,2026-03-25T14:10:52,A13,0.598
U0143,63,impression,2026-03-25T14:10:56,A13,0.16
U0143,108,impression,2026-03-25T14:12:15,A13,0.463
U0143,97,impression,2026-03-09T20:03:38,A13,0.153
U0143,97,click,2026-03-09T20:03:58,A13,0.153
U0143,58,impression,2026-03-09T20:04:28,A13,0.039
U0143,73,impression,2026-03-09T20:07:51,A13,0.587
U0143,73,click,2026-03-09T20:08:04,A13,0.587
U0143,67,impression,2026-03-09T20:04:04,A13,0.473
U0143,99,impression,2026-03-09T20:07:00,A13,0.541
U0143,108,impression,2026-03-09T20:04:32,A13,0.415
U0143,84,impression,2026-03-09T20:03:00,A13,0.149
U0143,61,impression,2026-03-09T20:07:48,A13,0.446
U0143,42,impression,2026-03-09T20:07:30,A13,0.019
U0143,69,impression,2026-03-02T13:45:02,A13,0.577
U0143,60,impression,2026-03-02T13:45:29,A13,0.631
U0143,60,click,2026-03-02T13:45:59,A13,0.631
U0143,72,impression,2026-03-02T13:45:17,A13,0.716
U0143,51,impression,2026-03-02T13:47:01,A13,0.072
U0143,56,impression,2026-03-02T13:44:03,A13,0.079
U0143,49,impression,2026-03-02T13:43:51,A13,0.026
U0143,61,impression,2026-03-02T13:45:37,A13,0.428
U0143,63,impression,2026-03-02T13:47:21,A13,0.099
U0143,108,impression,2026-03-02T13:47:13,A13,0.436
U0143,80,impression,2026-03-02T13:44:51,A13,0.621
U0144,67,impression,2026-02-07T16:04:18,A07,0.413
U0144,67,click,2026-02-07T16:04:43,A07,0.413
U0144,23,impression,2026-02-07T16:07:11,A07,0.036
U0144,59,impression,2026-02-07T16:05:03,A07,0.541
U0144,75,impression,2026-02-07T16:07:15,A07,0.742
U0144,39,impression,2026-02-07T16:04:37,A07,0.123
U0144,93,impression,2026-02-07T16:04:39,A07,0.632
U0144,84,impression,2026-02-07T16:07:25,A07,0.091
U0144,87,impression,2026-02-07T16:03:55,A07,-0.007
U0144,108,impression,2026-02-07T16:07:39,A07,0.571
U0144,74,impression,2026-02-07T16:06:05,A07,0.748
U0144,23,impression,2026-04-14T11:35:25,A07,0.027
U0144,63,impression,2026-04-14T11:37:12,A07,0.65
U0144,74,impression,2026-04-14T11:35:49,A07,0.686
U0144,35,impression,2026-04-14T11:34:44,A07,0.029
U0144,85,impression,2026-04-14T11:37:53,A07,0.555
U0144,80,impression,2026-04-14T11:34:49,A07,0.513
U0144,90,impression,2026-04-14T11:35:48,A07,0.092
U0144,62,impression,2026-02-09T18:53:02,A07,0.496
U0144,93,impression,2026-02-09T18:55:46,A07,0.634
U0144,93,click,2026-02-09T18:56:15,A07,0.634
U0144,67,impression,2026-02-09T18:54:38,A07,0.459
U0144,67,click,2026-02-09T18:55:01,A07,0.459
U0144,67,save,2026-02-09T18:55:01,A07,0.459
U0144,69,impression,2026-02-09T18:56:16,A07,0.659
U0144,26,impression,2026-02-09T18:57:44,A07,0.031
U0144,44,impression,2026-02-09T18:54:25,A07,0.068
U0144,59,impression,2026-02-09T18:57:14,A07,0.583
U0144,59,click,2026-02-09T18:57:41,A07,0.583
U0144,75,impression,2026-02-09T18:57:23,A07,0.668
U0144,41,impression,2026-02-09T18:54:39,A07,0.058
U0144,23,impression,2026-02-09T18:55:58,A07,0.085
U0144,37,impression,2026-02-09T18:54:45,A07,0.036
U0144,93,impression,2026-02-18T22:42:58,A07,0.651
U0144,47,impression,2026-02-18T22:44:18,A07,0.066
U0144,75,impression,2026-02-18T22:45:16,A07,0.718
U0144,75,click,2026-02-18T22:45:25,A07,0.718
U0144,35,impression,2026-02-18T22:46:54,A07,0.011
U0144,72,impression,2026-02-18T22:43:12,A07,0.562
U0144,94,impression,2026-03-30T19:07:42,A07,0.075
U0144,76,impression,2026-03-30T19:08:04,A07,0.11
U0144,108,impression,2026-03-30T19:06:22,A07,0.501
U0144,69,impression,2026-03-30T19:07:39,A07,0.607
U0144,30,impression,2026-03-30T19:07:28,A07,0.018
U0144,93,impression,2026-03-30T19:07:12,A07,0.643
U0144,21,impression,2026-03-30T19:06:50,A07,0.107
U0144,75,impression,2026-03-30T19:06:19,A07,0.677
U0144,72,impression,2026-03-30T19:04:00,A07,0.567
U0144,73,impression,2026-03-30T19:07:10,A07,0.689
U0144,73,click,2026-03-30T19:07:23,A07,0.689
U0144,62,impression,2026-03-26T22:43:32,A07,0.551
U0144,99,impression,2026-03-26T22:42:35,A07,0.693
U0144,99,click,2026-03-26T22:42:58,A07,0.693
U0144,99,cart_add,2026-03-26T22:43:29,A07,0.693
U0144,66,impression,2026-03-26T22:43:51,A07,0.094
U0144,30,impression,2026-03-26T22:44:56,A07,0.094
U0144,93,impression,2026-03-26T22:41:06,A07,0.654
U0144,93,click,2026-03-26T22:41:31,A07,0.654
U0144,77,impression,2026-03-26T22:41:00,A07,0.009
U0144,108,impression,2026-03-26T22:41:35,A07,0.561
U0144,61,impression,2026-03-26T22:42:16,A07,0.653
U0144,33,impression,2026-03-26T22:45:54,A07,0.016
U0144,100,impression,2026-03-26T22:44:00,A07,0.048
U0144,80,impression,2026-03-26T22:41:25,A07,0.538
U0144,30,impression,2026-02-16T15:42:53,A07,0.022
U0144,96,impression,2026-02-16T15:41:46,A07,0.078
U0144,88,impression,2026-02-16T15:38:53,A07,0.582
U0144,72,impression,2026-02-16T15:41:31,A07,0.588
U0144,99,impression,2026-02-16T15:41:18,A07,0.707
U0144,88,impression,2026-04-12T16:20:20,A07,0.614
U0144,74,impression,2026-04-12T16:18:30,A07,0.693
U0144,98,impression,2026-04-12T16:21:17,A07,0.035
U0144,68,impression,2026-04-12T16:17:06,A07,0.08
U0144,99,impression,2026-04-12T16:21:51,A07,0.745
U0144,61,impression,2026-04-12T16:19:46,A07,0.576
U0144,61,click,2026-04-12T16:20:13,A07,0.576
U0144,73,impression,2026-04-12T16:18:39,A07,0.652
U0144,93,impression,2026-04-12T16:18:50,A07,0.65
U0144,108,impression,2026-04-12T16:17:44,A07,0.576
U0144,108,click,2026-04-12T16:17:55,A07,0.576
U0144,101,impression,2026-04-12T16:17:33,A07,0.062
U0144,105,impression,2026-04-12T16:21:33,A07,0.064
U0144,23,impression,2026-04-12T16:20:27,A07,0.039
U0144,104,impression,2026-04-12T16:18:00,A07,0.071
U0144,62,impression,2026-04-12T16:20:35,A07,0.535
U0145,82,impression,2026-04-14T13:44:24,A12,0.483
U0145,46,impression,2026-04-14T13:44:57,A12,0.011
U0145,62,impression,2026-04-14T13:44:48,A12,0.065
U0145,95,impression,2026-04-14T13:44:10,A12,0.086
U0145,53,impression,2026-04-14T13:46:49,A12,0.059
U0145,33,impression,2026-04-14T13:42:37,A12,0.51
U0145,42,impression,2026-04-14T13:45:42,A12,0.479
U0145,37,impression,2026-04-14T13:42:27,A12,0.463
U0145,37,click,2026-04-14T13:42:44,A12,0.463
U0145,34,impression,2026-04-14T13:45:36,A12,0.448
U0145,51,impression,2026-04-14T13:44:29,A12,0.462
U0145,92,impression,2026-04-14T13:45:38,A12,0.018
U0145,55,impression,2026-04-14T13:42:52,A12,0.049
U0145,44,impression,2026-04-14T13:43:17,A12,0.457
U0145,40,impression,2026-04-14T13:42:01,A12,0.438
U0145,48,impression,2026-04-14T13:42:25,A12,0.497
U0145,99,impression,2026-02-04T14:51:26,A12,0.016
U0145,21,impression,2026-02-04T14:49:57,A12,0.419
U0145,80,impression,2026-02-04T14:48:31,A12,0.071
U0145,98,impression,2026-02-04T14:49:35,A12,0.159
U0145,48,impression,2026-02-04T14:49:15,A12,0.457
U0145,36,impression,2026-02-04T14:49:18,A12,0.42
U0145,97,impression,2026-02-04T14:51:19,A12,0.094
U0145,50,impression,2026-02-04T14:50:05,A12,0.428
U0145,50,click,2026-02-04T14:50:24,A12,0.428
U0145,50,save,2026-02-04T14:50:24,A12,0.428
U0145,50,cart_add,2026-02-04T14:51:24,A12,0.428
U0145,43,impression,2026-02-04T14:48:48,A12,0.45
U0145,44,impression,2026-02-04T14:48:08,A12,0.472
U0145,79,impression,2026-02-04T14:51:08,A12,0.054
U0145,89,impression,2026-02-04T14:51:32,A12,0.022
U0145,47,impression,2026-02-04T14:48:24,A12,0.441
U0145,32,impression,2026-02-23T12:41:07,A12,0.508
U0145,32,click,2026-02-23T12:41:37,A12,0.508
U0145,39,impression,2026-02-23T12:40:50,A12,0.46
U0145,53,impression,2026-02-23T12:42:56,A12,0.034
U0145,93,impression,2026-02-23T12:41:43,A12,0.027
U0145,51,impression,2026-02-23T12:40:52,A12,0.508
U0145,51,click,2026-02-23T12:41:00,A12,0.508
U0145,43,impression,2026-02-23T12:43:51,A12,0.484
U0145,83,impression,2026-02-23T12:43:54,A12,0.084
U0145,55,impression,2026-02-23T12:42:43,A12,0.043
U0145,44,impression,2026-02-23T12:40:41,A12,0.411
U0145,101,impression,2026-02-23T12:39:06,A12,0.447
U0145,76,impression,2026-02-23T12:41:46,A12,0.436
U0145,24,impression,2026-02-23T12:39:22,A12,0.082
U0145,63,impression,2026-02-23T12:43:25,A12,0.04
U0145,35,impression,2026-02-23T12:39:21,A12,0.499
U0145,107,impression,2026-02-23T12:40:21,A12,0.478
U0146,51,impression,2026-03-19T20:23:43,A01,0.052
U0146,64,impression,2026-03-19T20:25:29,A01,0.076
U0146,24,impression,2026-03-19T20:22:10,A01,0.447
U0146,24,click,2026-03-19T20:22:22,A01,0.447
U0146,57,impression,2026-03-19T20:22:12,A01,0.584
U0146,103,impression,2026-03-19T20:24:33,A01,0.432
U0146,108,impression,2026-03-19T20:24:26,A01,0.093
U0146,85,impression,2026-03-19T20:24:52,A01,0.614
U0146,76,impression,2026-03-19T20:26:38,A01,0.095
U0146,79,impression,2026-03-19T20:23:48,A01,0.478
U0146,77,impression,2026-03-19T20:25:45,A01,0.364
U0146,58,impression,2026-03-19T20:26:01,A01,0.469
U0146,58,click,2026-03-19T20:26:02,A01,0.469
U0146,100,impression,2026-03-19T20:24:07,A01,0.095
U0146,48,impression,2026-03-19T20:26:58,A01,0.064
U0146,97,impression,2026-02-10T21:14:19,A01,0.489
U0146,92,impression,2026-02-10T21:11:58,A01,0.439
U0146,92,click,2026-02-10T21:12:09,A01,0.439
U0146,91,impression,2026-02-10T21:11:06,A01,-0.018
U0146,59,impression,2026-02-10T21:12:45,A01,0.658
U0146,98,impression,2026-02-10T21:13:11,A01,0.567
U0146,102,impression,2026-02-10T21:12:07,A01,0.17
U0146,82,impression,2026-02-10T21:14:17,A01,0.079
U0146,32,impression,2026-04-08T09:31:16,A01,0.014
U0146,84,impression,2026-04-08T09:32:25,A01,0.543
U0146,98,impression,2026-04-08T09:28:36,A01,0.552
U0146,72,impression,2026-04-08T09:32:24,A01,0.667
U0146,53,impression,2026-04-08T09:30:36,A01,0.048
U0146,100,impression,2026-04-08T09:31:11,A01,0.058
U0146,88,impression,2026-02-14T21:04:49,A01,-0.038
U0146,97,impression,2026-02-14T21:07:39,A01,0.465
U0146,82,impression,2026-02-14T21:03:00,A01,0.078
U0146,24,impression,2026-02-14T21:07:23,A01,0.504
U0146,77,impression,2026-02-14T21:06:16,A01,0.407
U0146,90,impression,2026-02-14T21:03:46,A01,0.063
U0146,96,impression,2026-02-14T21:03:50,A01,0.01
U0146,58,impression,2026-02-14T21:04:44,A01,0.484
U0146,65,impression,2026-02-04T12:50:54,A01,0.046
U0146,81,impression,2026-02-04T12:54:00,A01,0.552
U0146,81,click,2026-02-04T12:54:30,A01,0.552
U0146,54,impression,2026-02-04T12:51:32,A01,0.033
U0146,84,impression,2026-02-04T12:53:00,A01,0.495
U0146,71,impression,2026-02-04T12:52:12,A01,0.059
U0146,97,impression,2026-02-04T12:50:30,A01,0.489
U0146,97,click,2026-02-04T12:50:34,A01,0.489
U0146,66,impression,2026-02-04T12:53:29,A01,0.017
U0146,108,impression,2026-02-04T12:52:56,A01,0.057
U0146,68,impression,2026-02-04T12:50:56,A01,0.419
U0146,68,click,2026-02-04T12:51:02,A01,0.419
U0146,24,impression,2026-02-04T12:51:38,A01,0.479
U0146,103,impression,2026-02-04T12:50:07,A01,0.432
U0146,59,impression,2026-02-14T11:07:52,A01,0.604
U0146,59,click,2026-02-14T11:08:05,A01,0.604
U0146,59,save,2026-02-14T11:08:05,A01,0.604
U0146,38,impression,2026-02-14T11:08:54,A01,0.02
U0146,67,impression,2026-02-14T11:04:21,A01,0.39
U0146,67,click,2026-02-14T11:04:50,A01,0.39
U0146,37,impression,2026-02-14T11:05:32,A01,0.076
U0146,44,impression,2026-02-14T11:07:23,A01,0.016
U0146,27,impression,2026-02-14T11:05:39,A01,0.417
U0146,24,impression,2026-02-14T11:05:50,A01,0.412
U0146,81,impression,2026-02-14T11:05:30,A01,0.64
U0146,81,click,2026-02-14T11:05:49,A01,0.64
U0146,79,impression,2026-02-14T11:06:39,A01,0.495
U0146,79,click,2026-02-14T11:07:07,A01,0.495
U0146,76,impression,2026-02-14T11:04:42,A01,0.072
U0146,57,impression,2026-02-14T11:07:26,A01,0.514
U0146,57,click,2026-02-14T11:07:41,A01,0.514
U0146,109,impression,2026-02-14T11:06:24,A01,0.026
U0147,70,impression,2026-03-28T20:53:18,A01,0.747
U0147,70,click,2026-03-28T20:53:45,A01,0.747
U0147,62,impression,2026-03-28T20:55:05,A01,0.022
U0147,103,impression,2026-03-28T20:53:38,A01,0.499
U0147,88,impression,2026-03-28T20:53:51,A01,0.05
U0147,30,impression,2026-03-28T20:53:15,A01,0.076
U0147,54,impression,2026-03-28T20:53:28,A01,0.054
U0147,59,impression,2026-03-28T20:54:16,A01,0.663
U0147,59,click,2026-03-28T20:54:17,A01,0.663
U0147,98,impression,2026-03-28T20:55:53,A01,0.574
U0147,107,impression,2026-03-26T15:21:14,A01,0.16
U0147,88,impression,2026-03-26T15:24:20,A01,-0.015
U0147,69,impression,2026-03-26T15:24:04,A01,0.048
U0147,25,impression,2026-03-26T15:24:40,A01,0.476
U0147,59,impression,2026-03-26T15:23:17,A01,0.635
U0147,56,impression,2026-03-26T15:21:09,A01,0.011
U0147,85,impression,2026-03-26T15:24:09,A01,0.596
U0147,72,impression,2026-03-26T15:23:28,A01,0.606
U0147,23,impression,2026-03-09T19:12:58,A01,0.048
U0147,97,impression,2026-03-09T19:10:03,A01,0.462
U0147,27,impression,2026-03-09T19:10:57,A01,0.402
U0147,44,impression,2026-03-09T19:10:16,A01,0.087
U0147,81,impression,2026-03-09T19:14:56,A01,0.579
U0147,97,impression,2026-03-22T22:57:01,A01,0.424
U0147,70,impression,2026-03-22T23:01:44,A01,0.747
U0147,80,impression,2026-03-22T22:57:15,A01,0.498
U0147,24,impression,2026-03-22T22:59:53,A01,0.448
U0147,93,impression,2026-03-22T22:59:31,A01,0.059
U0147,48,impression,2026-03-22T22:58:13,A01,0.039
U0147,60,impression,2026-03-22T23:01:00,A01,0.561
U0147,60,click,2026-03-22T23:01:30,A01,0.561
U0147,71,impression,2026-03-22T22:58:51,A01,0.04
U0147,72,impression,2026-03-22T23:01:57,A01,0.6
U0147,27,impression,2026-03-22T23:01:46,A01,0.402
U0147,45,impression,2026-03-22T22:57:09,A01,0.015
U0147,53,impression,2026-03-22T22:59:59,A01,0.082
U0147,85,impression,2026-02-26T14:30:46,A01,0.637
U0147,85,click,2026-02-26T14:31:13,A01,0.637
U0147,85,cart_add,2026-02-26T14:31:36,A01,0.637
U0147,54,impression,2026-02-26T14:30:39,A01,0.016
U0147,79,impression,2026-02-26T14:28:26,A01,0.427
U0147,60,impression,2026-02-26T14:28:43,A01,0.581
U0147,31,impression,2026-02-26T14:29:10,A01,-0.012
U0147,95,impression,2026-02-26T14:28:35,A01,0.055
U0147,38,impression,2026-02-26T14:31:54,A01,0.065
U0147,103,impression,2026-02-26T14:31:11,A01,0.503
U0147,46,impression,2026-02-26T14:27:49,A01,0.633
U0148,82,impression,2026-02-05T14:49:31,A05,0.424
U0148,39,impression,2026-02-05T14:51:25,A05,0.104
U0148,88,impression,2026-02-05T14:53:05,A05,0.027
U0148,75,impression,2026-02-05T14:52:02,A05,0.056
U0148,106,impression,2026-02-05T14:49:24,A05,0.443
U0148,40,impression,2026-02-05T14:49:29,A05,0.502
U0148,109,impression,2026-02-05T14:51:36,A05,0.018
U0148,42,impression,2026-02-05T14:53:53,A05,0.508
U0148,45,impression,2026-02-05T14:52:59,A05,0.426
U0148,89,impression,2026-02-05T14:53:56,A05,0.703
U0148,108,impression,2026-02-05T14:50:01,A05,0.061
U0148,108,click,2026-02-05T14:50:18,A05,0.061
U0148,43,impression,2026-02-05T14:51:08,A05,0.493
U0148,43,click,2026-02-05T14:51:30,A05,0.493
U0148,97,impression,2026-02-05T14:49:05,A05,0.043
U0148,37,impression,2026-04-11T21:26:07,A05,0.032
U0148,87,impression,2026-04-11T21:26:27,A05,0.419
U0148,107,impression,2026-04-11T21:28:28,A05,0.5
U0148,107,click,2026-04-11T21:28:52,A05,0.5
U0148,90,impression,2026-04-11T21:27:12,A05,0.089
U0148,40,impression,2026-04-11T21:30:57,A05,0.497
U0148,89,impression,2026-04-11T21:26:08,A05,0.627
U0148,26,impression,2026-04-11T21:26:51,A05,0.094
U0148,91,impression,2026-04-11T21:29:01,A05,0.449
U0148,106,impression,2026-04-11T21:28:36,A05,0.439
U0148,57,impression,2026-04-11T21:26:12,A05,0.081
U0148,44,impression,2026-04-17T10:58:41,A05,0.452
U0148,54,impression,2026-04-17T10:57:23,A05,0.056
U0148,78,impression,2026-04-17T10:59:29,A05,0.028
U0148,86,impression,2026-04-17T10:57:51,A05,0.482
U0148,86,click,2026-04-17T10:58:00,A05,0.482
U0148,82,impression,2026-04-17T10:56:40,A05,0.414
U0148,39,impression,2026-04-17T10:58:47,A05,0.109
U0148,71,impression,2026-04-17T10:56:55,A05,0.086
U0148,87,impression,2026-04-17T10:57:59,A05,0.392
U0148,76,impression,2026-04-17T10:59:49,A05,0.412
U0148,31,impression,2026-03-02T11:37:50,A05,0.053
U0148,57,impression,2026-03-02T11:36:34,A05,0.063
U0148,84,impression,2026-03-02T11:38:14,A05,0.018
U0148,76,impression,2026-03-02T11:38:56,A05,0.418
U0148,89,impression,2026-03-02T11:37:01,A05,0.663
U0148,22,impression,2026-03-02T11:37:13,A05,0.485
U0148,77,impression,2026-03-02T11:38:26,A05,-0.038
U0148,23,impression,2026-03-02T11:37:27,A05,0.503
U0148,23,click,2026-03-02T11:37:34,A05,0.503
U0148,104,impression,2026-03-02T11:37:57,A05,0.579
U0148,82,impression,2026-03-02T11:38:23,A05,0.441
U0148,105,impression,2026-03-02T11:38:58,A05,0.042
U0148,64,impression,2026-03-02T11:38:36,A05,0.692
U0148,93,impression,2026-03-02T11:37:39,A05,0.104
U0148,66,impression,2026-02-13T21:28:41,A05,0.05
U0148,66,click,2026-02-13T21:28:58,A05,0.05
U0148,101,impression,2026-02-13T21:27:15,A05,0.489
U0148,48,impression,2026-02-13T21:25:19,A05,0.461
U0148,70,impression,2026-02-13T21:27:24,A05,0.077
U0148,91,impression,2026-02-13T21:26:34,A05,0.485
U0148,44,impression,2026-02-13T21:28:41,A05,0.488
U0148,44,click,2026-02-13T21:28:48,A05,0.488
U0148,89,impression,2026-02-13T21:29:39,A05,0.708
U0148,24,impression,2026-02-13T21:28:42,A05,0.086
U0148,42,impression,2026-02-13T21:29:48,A05,0.418
U0148,42,click,2026-02-13T21:29:51,A05,0.418
U0148,64,impression,2026-02-13T21:26:17,A05,0.741
U0148,84,impression,2026-02-13T21:25:03,A05,0.03
U0148,77,impression,2026-02-13T21:26:57,A05,-0.044
U0148,25,impression,2026-02-13T21:29:28,A05,0.095
U0148,101,impression,2026-03-02T13:39:28,A05,0.43
U0148,53,impression,2026-03-02T13:37:59,A05,0.02
U0148,61,impression,2026-03-02T13:37:07,A05,0.058
U0148,23,impression,2026-03-02T13:40:09,A05,0.426
U0148,67,impression,2026-03-02T13:36:52,A05,0.058
U0148,64,impression,2026-03-02T13:37:46,A05,0.686
U0149,61,impression,2026-03-19T20:35:31,A13,0.457
U0149,27,impression,2026-03-19T20:36:31,A13,0.069
U0149,72,impression,2026-03-19T20:32:15,A13,0.65
U0149,72,click,2026-03-19T20:32:18,A13,0.65
U0149,60,impression,2026-03-19T20:36:21,A13,0.587
U0149,101,impression,2026-03-19T20:33:53,A13,0.054
U0149,54,impression,2026-03-19T20:36:50,A13,0.064
U0149,62,impression,2026-03-19T20:32:29,A13,0.486
U0149,73,impression,2026-03-19T20:33:34,A13,0.659
U0149,53,impression,2026-03-19T20:36:24,A13,0.075
U0149,87,impression,2026-03-19T20:34:58,A13,0.008
U0149,31,impression,2026-03-19T20:35:35,A13,0.012
U0149,59,impression,2026-03-19T20:34:04,A13,0.723
U0149,108,impression,2026-03-19T20:32:21,A13,0.488
U0149,80,impression,2026-03-11T22:36:47,A13,0.655
U0149,72,impression,2026-03-11T22:34:30,A13,0.65
U0149,100,impression,2026-03-11T22:33:21,A13,0.109
U0149,100,click,2026-03-11T22:33:39,A13,0.109
U0149,52,impression,2026-03-11T22:35:48,A13,0.038
U0149,83,impression,2026-03-11T22:33:35,A13,0.043
U0149,43,impression,2026-03-11T22:36:44,A13,0.055
U0149,108,impression,2026-03-11T22:33:53,A13,0.417
U0149,69,impression,2026-03-11T22:35:51,A13,0.583
U0149,99,impression,2026-03-11T22:35:32,A13,0.531
U0149,60,impression,2026-03-11T22:34:49,A13,0.589
U0149,27,impression,2026-03-11T22:35:28,A13,0.071
U0149,72,impression,2026-04-16T09:29:55,A13,0.685
U0149,73,impression,2026-04-16T09:31:13,A13,0.618
U0149,93,impression,2026-04-16T09:28:10,A13,0.526
U0149,88,impression,2026-04-16T09:29:53,A13,0.063
U0149,67,impression,2026-04-16T09:31:34,A13,0.501
U0149,75,impression,2026-04-16T09:31:22,A13,0.663
U0149,55,impression,2026-04-16T09:29:29,A13,0.029
U0149,51,impression,2026-04-16T09:28:25,A13,0.098
U0149,60,impression,2026-04-16T09:30:13,A13,0.632
U0149,60,click,2026-04-16T09:30:18,A13,0.632
U0149,107,impression,2026-04-16T09:30:19,A13,0.108
U0149,32,impression,2026-02-08T11:11:11,A13,0.04
U0149,84,impression,2026-02-08T11:10:43,A13,0.153
U0149,85,impression,2026-02-08T11:07:04,A13,0.732
U0149,74,impression,2026-02-08T11:09:43,A13,0.608
U0149,93,impression,2026-02-08T11:10:31,A13,0.492
U0149,36,impression,2026-02-08T11:10:56,A13,0.02
U0149,69,impression,2026-02-08T11:11:13,A13,0.57
U0149,61,impression,2026-02-08T11:08:45,A13,0.485
U0149,21,impression,2026-02-08T11:07:40,A13,0.031
U0149,99,impression,2026-02-08T11:07:16,A13,0.552
U0149,99,click,2026-02-08T11:07:32,A13,0.552
U0149,106,impression,2026-02-08T11:07:21,A13,0.028
U0149,75,impression,2026-02-08T11:10:11,A13,0.664
U0149,32,impression,2026-03-19T14:32:25,A13,0.062
U0149,22,impression,2026-03-19T14:30:03,A13,0.067
U0149,72,impression,2026-03-19T14:33:14,A13,0.725
U0149,61,impression,2026-03-19T14:30:34,A13,0.451
U0149,62,impression,2026-03-19T14:30:40,A13,0.429
U0149,100,impression,2026-03-19T14:31:24,A13,0.051
U0149,80,impression,2026-03-19T14:33:12,A13,0.639
U0149,109,impression,2026-03-19T14:30:46,A13,0.08
U0149,74,impression,2026-03-19T14:31:57,A13,0.599
U0149,57,impression,2026-03-22T22:42:42,A13,0.071
U0149,83,impression,2026-03-22T22:39:25,A13,0.048
U0149,108,impression,2026-03-22T22:39:59,A13,0.488
U0149,73,impression,2026-03-22T22:43:24,A13,0.646
U0149,47,impression,2026-03-22T22:41:28,A13,0.039
U0149,67,impression,2026-03-22T22:40:54,A13,0.479
U0149,46,impression,2026-03-22T22:41:13,A13,0.138
U0149,109,impression,2026-03-22T22:42:19,A13,0.024
U0149,93,impression,2026-03-22T22:41:03,A13,0.546
U0149,72,impression,2026-03-22T22:40:24,A13,0.711
U0149,72,click,2026-03-22T22:40:48,A13,0.711
U0149,69,impression,2026-03-22T22:41:29,A13,0.572
U0149,59,impression,2026-03-22T22:39:35,A13,0.744
U0150,25,impression,2026-02-26T13:56:58,A01,0.499
U0150,24,impression,2026-02-26T13:55:41,A01,0.463
U0150,92,impression,2026-02-26T13:57:09,A01,0.417
U0150,92,click,2026-02-26T13:57:35,A01,0.417
U0150,92,save,2026-02-26T13:57:35,A01,0.417
U0150,97,impression,2026-02-26T13:57:53,A01,0.45
U0150,68,impression,2026-02-26T13:58:09,A01,0.448
U0150,94,impression,2026-02-26T13:55:43,A01,0.09
U0150,79,impression,2026-02-26T13:55:07,A01,0.482
U0150,51,impression,2026-02-26T13:58:05,A01,0.07
U0150,83,impression,2026-02-26T13:57:35,A01,0.018
U0150,106,impression,2026-02-26T13:57:51,A01,0.043
U0150,65,impression,2026-02-16T21:12:30,A01,0.016
U0150,92,impression,2026-02-16T21:11:48,A01,0.494
U0150,30,impression,2026-02-16T21:09:01,A01,0.038
U0150,68,impression,2026-02-16T21:12:09,A01,0.449
U0150,67,impression,2026-02-16T21:11:38,A01,0.435
U0150,80,impression,2026-04-16T15:38:19,A01,0.522
U0150,61,impression,2026-04-16T15:40:26,A01,0.18
U0150,37,impression,2026-04-16T15:40:29,A01,0.079
U0150,81,impression,2026-04-16T15:41:54,A01,0.573
U0150,81,click,2026-04-16T15:41:59,A01,0.573
U0150,77,impression,2026-04-16T15:42:05,A01,0.428
U0150,69,impression,2026-02-09T09:38:15,A01,0.108
U0150,84,impression,2026-02-09T09:38:58,A01,0.531
U0150,80,impression,2026-02-09T09:41:10,A01,0.492
U0150,34,impression,2026-02-09T09:38:00,A01,0.028
U0150,60,impression,2026-02-09T09:38:15,A01,0.537
U0150,60,click,2026-02-09T09:38:34,A01,0.537
U0150,104,impression,2026-02-09T09:39:28,A01,0.094
U0150,97,impression,2026-02-09T09:41:51,A01,0.449
U0150,76,impression,2026-02-09T09:42:04,A01,0.103
U0150,57,impression,2026-02-09T09:41:21,A01,0.52
U0150,79,impression,2026-02-09T09:42:05,A01,0.419
U0150,61,impression,2026-02-09T17:26:41,A01,0.114
U0150,77,impression,2026-02-09T17:26:06,A01,0.435
U0150,81,impression,2026-02-09T17:29:24,A01,0.627
U0150,79,impression,2026-02-09T17:27:09,A01,0.413
U0150,26,impression,2026-02-09T17:27:21,A01,0.447
U0150,94,impression,2026-02-09T17:27:40,A01,0.055
U0150,56,impression,2026-02-09T17:27:07,A01,0.04
U0151,55,impression,2026-03-09T10:12:19,A11,0.1
U0151,93,impression,2026-03-09T10:08:12,A11,0.011
U0151,33,impression,2026-03-09T10:08:09,A11,0.549
U0151,48,impression,2026-03-09T10:10:44,A11,0.496
U0151,48,click,2026-03-09T10:11:05,A11,0.496
U0151,103,impression,2026-03-09T10:08:20,A11,0.072
U0151,76,impression,2026-03-09T10:09:26,A11,0.418
U0151,42,impression,2026-02-25T10:54:52,A11,0.458
U0151,43,impression,2026-02-25T10:52:03,A11,0.43
U0151,72,impression,2026-02-25T10:53:43,A11,0.093
U0151,31,impression,2026-02-25T10:51:19,A11,0.442
U0151,31,click,2026-02-25T10:51:37,A11,0.442
U0151,100,impression,2026-02-25T10:53:13,A11,0.055
U0151,90,impression,2026-02-25T10:51:29,A11,0.097
U0151,40,impression,2026-02-25T10:53:06,A11,0.494
U0151,40,click,2026-02-25T10:53:20,A11,0.494
U0151,40,cart_add,2026-02-25T10:53:29,A11,0.494
U0151,85,impression,2026-02-25T10:54:09,A11,0.016
U0151,21,impression,2026-02-25T10:53:28,A11,0.477
U0151,30,impression,2026-02-25T10:52:10,A11,0.504
U0151,51,impression,2026-03-27T14:48:21,A11,0.481
U0151,31,impression,2026-03-27T14:46:33,A11,0.391
U0151,80,impression,2026-03-27T14:45:48,A11,0.093
U0151,69,impression,2026-03-27T14:46:14,A11,0.092
U0151,41,impression,2026-03-27T14:47:40,A11,0.524
U0151,41,click,2026-03-27T14:47:58,A11,0.524
U0151,37,impression,2026-03-27T14:44:01,A11,0.485
U0151,85,impression,2026-03-27T14:44:43,A11,0.109
U0151,24,impression,2026-03-27T14:48:19,A11,0.435
U0151,93,impression,2026-03-27T14:46:50,A11,0.081
U0151,25,impression,2026-03-27T14:46:11,A11,0.429
U0151,104,impression,2026-04-01T19:20:52,A11,0.087
U0151,80,impression,2026-04-01T19:19:48,A11,0.054
U0151,47,impression,2026-04-01T19:18:00,A11,0.41
U0151,39,impression,2026-04-01T19:19:38,A11,0.597
U0151,39,click,2026-04-01T19:20:03,A11,0.597
U0151,22,impression,2026-04-01T19:18:05,A11,0.499
U0151,55,impression,2026-04-01T19:19:10,A11,0.079
U0151,69,impression,2026-04-01T19:18:24,A11,0.016
U0151,74,impression,2026-04-01T19:18:47,A11,0.083
U0151,31,impression,2026-04-01T19:17:24,A11,0.415
U0151,26,impression,2026-04-01T19:19:04,A11,0.466
U0151,26,click,2026-04-01T19:19:32,A11,0.466
U0151,43,impression,2026-04-01T19:17:19,A11,0.413
U0151,84,impression,2026-04-01T19:18:47,A11,0.437
U0151,87,impression,2026-04-01T19:18:21,A11,0.44
U0151,72,impression,2026-04-01T19:19:49,A11,0.024
U0151,83,impression,2026-03-20T20:26:40,A11,0.086
U0151,74,impression,2026-03-20T20:26:31,A11,0.102
U0151,109,impression,2026-03-20T20:26:49,A11,0.012
U0151,42,impression,2026-03-20T20:26:20,A11,0.428
U0151,48,impression,2026-03-20T20:23:41,A11,0.455
U0151,48,click,2026-03-20T20:24:09,A11,0.455
U0151,48,save,2026-03-20T20:24:09,A11,0.455
U0151,32,impression,2026-03-20T20:25:05,A11,0.453
U0151,84,impression,2026-03-20T20:26:27,A11,0.469
U0151,47,impression,2026-03-20T20:22:09,A11,0.486
U0151,93,impression,2026-03-20T20:24:54,A11,0.085
U0151,106,impression,2026-03-20T20:24:43,A11,0.026
U0151,82,impression,2026-03-20T20:25:59,A11,0.448
U0151,82,click,2026-03-20T20:26:06,A11,0.448
U0152,102,impression,2026-03-18T17:31:24,A10,0.468
U0152,104,impression,2026-03-18T17:30:08,A10,0.582
U0152,106,impression,2026-03-18T17:29:25,A10,0.459
U0152,106,click,2026-03-18T17:29:35,A10,0.459
U0152,23,impression,2026-03-18T17:30:17,A10,0.5
U0152,23,click,2026-03-18T17:30:33,A10,0.5
U0152,58,impression,2026-03-18T17:32:37,A10,0.058
U0152,99,impression,2026-03-18T17:28:00,A10,0.085
U0152,71,impression,2026-03-18T17:29:40,A10,0.028
U0152,83,impression,2026-03-18T17:29:32,A10,0.059
U0152,35,impression,2026-03-18T17:28:36,A10,0.507
U0152,30,impression,2026-03-18T17:30:09,A10,0.472
U0152,87,impression,2026-03-28T10:40:02,A10,0.446
U0152,87,click,2026-03-28T10:40:15,A10,0.446
U0152,87,save,2026-03-28T10:40:15,A10,0.446
U0152,64,impression,2026-03-28T10:40:46,A10,0.032
U0152,31,impression,2026-03-28T10:40:23,A10,0.479
U0152,31,click,2026-03-28T10:40:39,A10,0.479
U0152,90,impression,2026-03-28T10:43:13,A10,0.048
U0152,54,impression,2026-03-28T10:40:19,A10,0.677
U0152,107,impression,2026-03-28T10:42:31,A10,0.492
U0152,107,click,2026-03-28T10:42:59,A10,0.492
U0152,72,impression,2026-03-28T10:41:48,A10,0.059
U0152,83,impression,2026-03-28T10:43:15,A10,0.109
U0152,22,impression,2026-03-28T10:42:23,A10,0.435
U0152,103,impression,2026-03-28T10:40:24,A10,0.014
U0152,44,impression,2026-03-28T10:43:52,A10,0.496
U0152,37,impression,2026-03-03T17:00:18,A10,0.487
U0152,101,impression,2026-03-03T17:01:39,A10,0.497
U0152,80,impression,2026-03-03T17:01:09,A10,0.064
U0152,31,impression,2026-03-03T16:58:10,A10,0.416
U0152,107,impression,2026-03-03T16:59:55,A10,0.571
U0152,60,impression,2026-03-03T17:00:43,A10,0.056
U0152,34,impression,2026-03-03T17:00:23,A10,0.455
U0152,93,impression,2026-03-03T16:58:42,A10,0.103
U0152,26,impression,2026-03-03T17:02:58,A10,0.092
U0152,43,impression,2026-03-03T17:02:58,A10,0.562
U0152,27,impression,2026-03-03T17:02:07,A10,0.102
U0152,95,impression,2026-03-03T17:01:25,A10,0.544
U0152,66,impression,2026-02-28T21:05:42,A10,0.045
U0152,43,impression,2026-02-28T21:02:45,A10,0.569
U0152,45,impression,2026-02-28T21:03:11,A10,0.431
U0152,39,impression,2026-02-28T21:03:12,A10,0.42
U0152,61,impression,2026-02-28T21:02:26,A10,0.073
U0152,102,impression,2026-02-28T21:06:19,A10,0.491
U0152,102,click,2026-02-28T21:06:35,A10,0.491
U0152,40,impression,2026-02-28T21:03:55,A10,0.529
U0152,48,impression,2026-02-28T21:06:38,A10,0.577
U0152,96,impression,2026-02-28T21:04:12,A10,0.015
U0152,88,impression,2026-02-28T21:02:06,A10,0.052
U0152,21,impression,2026-02-28T21:05:39,A10,0.479
U0152,25,impression,2026-02-28T21:03:25,A10,0.093
U0152,109,impression,2026-02-28T21:04:34,A10,0.14
U0152,104,impression,2026-03-02T09:28:08,A10,0.587
U0152,104,click,2026-03-02T09:28:19,A10,0.587
U0152,35,impression,2026-03-02T09:28:51,A10,0.43
U0152,35,click,2026-03-02T09:28:52,A10,0.43
U0152,35,cart_add,2026-03-02T09:29:22,A10,0.43
U0152,75,impression,2026-03-02T09:28:41,A10,0.063
U0152,32,impression,2026-03-02T09:27:37,A10,0.509
U0152,32,click,2026-03-02T09:27:53,A10,0.509
U0152,56,impression,2026-03-02T09:27:39,A10,0.071
U0152,79,impression,2026-03-02T09:26:38,A10,0.067
U0152,33,impression,2026-03-02T09:26:35,A10,0.439
U0152,86,impression,2026-03-02T09:28:47,A10,0.682
U0152,87,impression,2026-03-02T09:29:51,A10,0.499
U0152,103,impression,2026-03-02T09:29:06,A10,0.059
U0152,99,impression,2026-03-01T19:53:29,A10,0.024
U0152,23,impression,2026-03-01T19:57:11,A10,0.459
U0152,23,click,2026-03-01T19:57:34,A10,0.459
U0152,37,impression,2026-03-01T19:55:56,A10,0.419
U0152,104,impression,2026-03-01T19:54:57,A10,0.553
U0152,104,click,2026-03-01T19:55:22,A10,0.553
U0152,105,impression,2026-03-01T19:57:56,A10,0.049
U0152,66,impression,2026-03-01T19:53:08,A10,0.101
U0152,52,impression,2026-03-01T19:57:20,A10,0.465
U0152,52,click,2026-03-01T19:57:44,A10,0.465
U0152,32,impression,2026-03-01T19:54:38,A10,0.415
U0152,32,click,2026-03-01T19:55:08,A10,0.415
U0152,42,impression,2026-03-01T19:57:27,A10,0.504
U0152,42,click,2026-03-01T19:57:57,A10,0.504
U0152,51,impression,2026-03-01T19:55:07,A10,0.43
U0152,25,impression,2026-03-01T19:57:27,A10,0.138
U0152,56,impression,2026-03-01T19:55:07,A10,0.072
U0152,41,impression,2026-03-01T19:55:13,A10,0.504
U0152,41,click,2026-03-01T19:55:27,A10,0.504
U0152,81,impression,2026-03-01T19:57:11,A10,0.065
U0152,91,impression,2026-03-03T09:39:20,A10,0.421
U0152,75,impression,2026-03-03T09:43:29,A10,0.045
U0152,102,impression,2026-03-03T09:42:44,A10,0.448
U0152,35,impression,2026-03-03T09:39:52,A10,0.431
U0152,69,impression,2026-03-03T09:43:26,A10,0.029
U0152,108,impression,2026-03-03T09:43:46,A10,0.077
U0152,39,impression,2026-03-03T09:42:26,A10,0.449
U0152,39,click,2026-03-03T09:42:27,A10,0.449
U0152,47,impression,2026-03-03T09:41:09,A10,0.454
U0152,45,impression,2026-03-03T09:42:37,A10,0.509
U0152,85,impression,2026-03-03T09:40:06,A10,0.028
U0152,65,impression,2026-03-03T09:42:25,A10,0.044
U0152,56,impression,2026-03-15T21:07:11,A10,0.011
U0152,38,impression,2026-03-15T21:09:13,A10,0.498
U0152,104,impression,2026-03-15T21:07:22,A10,0.561
U0152,106,impression,2026-03-15T21:11:33,A10,0.452
U0152,87,impression,2026-03-15T21:08:55,A10,0.475
U0152,80,impression,2026-03-15T21:08:31,A10,0.035
U0152,73,impression,2026-03-15T21:11:34,A10,0.015
U0152,51,impression,2026-03-15T21:09:26,A10,0.43
U0152,65,impression,2026-03-15T21:08:05,A10,0.024
U0152,31,impression,2026-03-15T21:09:26,A10,0.416
U0152,103,impression,2026-03-15T21:11:37,A10,0.09
U0153,76,impression,2026-02-02T19:16:50,A10,0.496
U0153,77,impression,2026-02-02T19:12:40,A10,0.103
U0153,91,impression,2026-02-02T19:16:19,A10,0.448
U0153,33,impression,2026-02-02T19:14:40,A10,0.434
U0153,69,impression,2026-02-02T19:12:04,A10,0.038
U0153,50,impression,2026-02-02T19:16:03,A10,0.503
U0153,50,click,2026-02-02T19:16:32,A10,0.503
U0153,42,impression,2026-02-02T19:14:44,A10,0.421
U0153,56,impression,2026-02-02T19:14:53,A10,0.06
U0153,66,impression,2026-02-02T19:12:02,A10,0.093
U0153,47,impression,2026-02-02T19:15:50,A10,0.42
U0153,93,impression,2026-04-04T19:02:49,A10,0.013
U0153,60,impression,2026-04-04T19:00:44,A10,0.052
U0153,95,impression,2026-04-04T19:00:43,A10,0.532
U0153,22,impression,2026-04-04T19:02:28,A10,0.507
U0153,22,click,2026-04-04T19:02:34,A10,0.507
U0153,101,impression,2026-04-04T18:59:31,A10,0.442
U0153,90,impression,2026-04-04T18:58:06,A10,0.014
U0153,39,impression,2026-04-04T19:02:38,A10,0.447
U0153,39,click,2026-04-04T19:03:06,A10,0.447
U0153,108,impression,2026-04-04T18:58:06,A10,0.065
U0153,108,click,2026-04-04T18:58:14,A10,0.065
U0153,108,save,2026-04-04T18:58:14,A10,0.065
U0153,21,impression,2026-04-04T19:02:35,A10,0.43
U0153,21,click,2026-04-04T19:02:48,A10,0.43
U0153,82,impression,2026-02-21T21:47:04,A10,0.494
U0153,21,impression,2026-02-21T21:47:25,A10,0.423
U0153,78,impression,2026-02-21T21:48:37,A10,0.079
U0153,92,impression,2026-02-21T21:50:46,A10,0.103
U0153,60,impression,2026-02-21T21:48:01,A10,0.043
U0153,105,impression,2026-02-21T21:49:19,A10,0.027
U0153,36,impression,2026-02-21T21:50:36,A10,0.468
U0153,86,impression,2026-02-21T21:48:45,A10,0.716
U0153,86,click,2026-02-21T21:48:48,A10,0.716
U0153,86,save,2026-02-21T21:48:48,A10,0.716
U0153,31,impression,2026-02-21T21:47:57,A10,0.457
U0153,30,impression,2026-02-21T21:50:28,A10,0.446
U0153,39,impression,2026-02-21T21:47:16,A10,0.456
U0153,63,impression,2026-02-21T21:48:14,A10,0.075
U0153,90,impression,2026-02-21T21:50:24,A10,0.032
U0153,106,impression,2026-02-21T21:49:42,A10,0.42
U0153,106,click,2026-02-21T21:50:02,A10,0.42
U0153,106,save,2026-02-21T21:50:02,A10,0.42
U0153,95,impression,2026-02-21T21:50:09,A10,0.581
U0153,44,impression,2026-02-03T20:42:47,A10,0.537
U0153,54,impression,2026-02-03T20:40:21,A10,0.666
U0153,54,click,2026-02-03T20:40:41,A10,0.666
U0153,93,impression,2026-02-03T20:40:49,A10,0.078
U0153,32,impression,2026-02-03T20:44:37,A10,0.495
U0153,32,click,2026-02-03T20:44:40,A10,0.495
U0153,108,impression,2026-02-03T20:41:22,A10,0.022
U0153,106,impression,2026-02-03T20:44:24,A10,0.444
U0153,92,impression,2026-02-03T20:42:18,A10,0.084
U0153,83,impression,2026-02-06T22:03:15,A10,0.055
U0153,27,impression,2026-02-06T22:04:49,A10,0.142
U0153,50,impression,2026-02-06T22:05:11,A10,0.572
U0153,99,impression,2026-02-06T22:02:12,A10,0.052
U0153,107,impression,2026-02-06T22:05:37,A10,0.545
U0153,102,impression,2026-02-06T22:02:00,A10,0.483
U0153,102,click,2026-02-06T22:02:23,A10,0.483
U0153,95,impression,2026-02-06T22:05:14,A10,0.568
U0153,54,impression,2026-02-06T22:03:35,A10,0.677
U0153,54,click,2026-02-06T22:03:56,A10,0.677
U0153,25,impression,2026-02-06T22:02:19,A10,0.133
U0153,25,click,2026-02-06T22:02:49,A10,0.133
U0153,22,impression,2026-02-06T22:05:49,A10,0.414
U0153,53,impression,2026-02-06T22:04:17,A10,0.601
U0153,38,impression,2026-02-06T22:05:04,A10,0.415
U0153,89,impression,2026-02-06T22:06:08,A10,0.022
U0153,61,impression,2026-02-06T22:06:32,A10,0.094
U0153,49,impression,2026-03-09T16:27:55,A10,0.435
U0153,101,impression,2026-03-09T16:24:41,A10,0.487
U0153,40,impression,2026-03-09T16:25:08,A10,0.572
U0153,40,click,2026-03-09T16:25:13,A10,0.572
U0153,40,cart_add,2026-03-09T16:26:07,A10,0.572
U0153,99,impression,2026-03-09T16:26:56,A10,0.058
U0153,58,impression,2026-03-09T16:27:41,A10,0.031
U0153,88,impression,2026-03-09T16:25:35,A10,0.032
U0153,79,impression,2026-03-09T16:27:13,A10,0.095
U0153,30,impression,2026-03-09T16:27:02,A10,0.455
U0153,60,impression,2026-03-15T17:28:15,A10,0.036
U0153,101,impression,2026-03-15T17:28:26,A10,0.435
U0153,81,impression,2026-03-15T17:27:09,A10,0.036
U0153,85,impression,2026-03-15T17:30:20,A10,0.074
U0153,76,impression,2026-03-15T17:28:26,A10,0.456
U0153,99,impression,2026-03-15T17:28:39,A10,0.079
U0153,48,impression,2026-03-15T17:29:17,A10,0.523
U0153,48,click,2026-03-15T17:29:24,A10,0.523
U0153,51,impression,2026-03-15T17:26:54,A10,0.501
U0153,52,impression,2026-03-15T17:29:21,A10,0.462
U0153,67,impression,2026-03-15T17:29:45,A10,0.08
U0153,84,impression,2026-03-15T17:28:58,A10,0.046
U0153,22,impression,2026-03-15T17:27:31,A10,0.438
U0153,106,impression,2026-03-15T17:27:37,A10,0.504
U0153,106,click,2026-03-15T17:28:07,A10,0.504
U0153,95,impression,2026-03-31T23:00:53,A10,0.558
U0153,82,impression,2026-03-31T22:57:45,A10,0.457
U0153,103,impression,2026-03-31T23:00:05,A10,0.041
U0153,68,impression,2026-03-31T23:00:33,A10,0.105
U0153,21,impression,2026-03-31T22:59:33,A10,0.482
U0153,21,click,2026-03-31T22:59:54,A10,0.482
U0153,107,impression,2026-03-31T23:00:06,A10,0.543
U0153,62,impression,2026-03-31T22:58:41,A10,0.048
U0153,52,impression,2026-03-31T22:58:29,A10,0.416
U0153,52,click,2026-03-31T22:58:55,A10,0.416
U0153,74,impression,2026-03-31T22:56:34,A10,0.026
U0153,80,impression,2026-03-31T23:00:48,A10,0.055
U0153,33,impression,2026-03-31T22:56:14,A10,0.474
U0153,32,impression,2026-03-31T22:56:33,A10,0.429
U0153,32,click,2026-03-31T22:56:47,A10,0.429
U0153,32,save,2026-03-31T22:56:47,A10,0.429
U0154,90,impression,2026-03-11T09:10:13,A07,0.086
U0154,72,impression,2026-03-11T09:09:43,A07,0.562
U0154,72,click,2026-03-11T09:09:55,A07,0.562
U0154,72,cart_add,2026-03-11T09:10:47,A07,0.562
U0154,35,impression,2026-03-11T09:12:15,A07,0.045
U0154,52,impression,2026-03-11T09:11:16,A07,0.02
U0154,69,impression,2026-03-11T09:11:58,A07,0.651
U0154,69,click,2026-03-11T09:12:05,A07,0.651
U0154,73,impression,2026-03-11T09:09:04,A07,0.678
U0154,108,impression,2026-03-11T09:09:08,A07,0.531
U0154,82,impression,2026-03-11T09:09:45,A07,0.015
U0154,75,impression,2026-03-11T09:08:17,A07,0.676
U0154,75,click,2026-03-11T09:08:41,A07,0.676
U0154,75,save,2026-03-11T09:08:41,A07,0.676
U0154,44,impression,2026-03-11T09:12:08,A07,0.01
U0154,34,impression,2026-03-11T09:10:20,A07,0.063
U0154,67,impression,2026-03-11T09:11:32,A07,0.408
U0154,67,click,2026-03-11T09:11:53,A07,0.408
U0154,88,impression,2026-03-11T09:09:46,A07,0.553
U0154,88,click,2026-03-11T09:09:58,A07,0.553
U0154,93,impression,2026-03-11T09:09:31,A07,0.61
U0154,74,impression,2026-03-11T09:12:13,A07,0.705
U0154,74,click,2026-03-11T09:12:19,A07,0.705
U0154,26,impression,2026-02-12T13:46:04,A07,0.099
U0154,56,impression,2026-02-12T13:43:23,A07,0.1
U0154,68,impression,2026-02-12T13:43:59,A07,0.099
U0154,62,impression,2026-02-12T13:43:02,A07,0.551
U0154,62,click,2026-02-12T13:43:23,A07,0.551
U0154,80,impression,2026-02-12T13:44:24,A07,0.537
U0154,80,click,2026-02-12T13:44:26,A07,0.537
U0154,80,cart_add,2026-02-12T13:44:54,A07,0.537
U0154,103,impression,2026-02-12T13:44:55,A07,0.089
U0154,69,impression,2026-02-12T13:46:03,A07,0.607
U0154,60,impression,2026-02-12T13:47:44,A07,0.541
U0154,60,click,2026-02-12T13:48:09,A07,0.541
U0154,108,impression,2026-02-12T13:47:48,A07,0.511
U0154,93,impression,2026-02-12T13:46:19,A07,0.6
U0154,107,impression,2026-02-12T13:45:56,A07,0.014
U0154,81,impression,2026-02-12T13:44:46,A07,0.114
U0154,72,impression,2026-02-12T13:47:28,A07,0.574
U0154,72,click,2026-02-12T13:47:48,A07,0.574
U0154,61,impression,2026-02-12T13:46:18,A07,0.611
U0154,61,click,2026-02-12T13:46:40,A07,0.611
U0154,88,impression,2026-02-12T13:46:09,A07,0.561
U0154,88,click,2026-02-12T13:46:24,A07,0.561
U0154,88,cart_add,2026-02-12T13:46:55,A07,0.561
U0154,43,impression,2026-03-23T14:50:32,A07,0.05
U0154,102,impression,2026-03-23T14:53:39,A07,0.097
U0154,73,impression,2026-03-23T14:50:51,A07,0.697
U0154,86,impression,2026-03-23T14:52:03,A07,0.035
U0154,40,impression,2026-03-23T14:50:46,A07,0.018
U0154,108,impression,2026-03-23T14:51:15,A07,0.588
U0154,60,impression,2026-03-23T14:51:18,A07,0.588
U0154,67,impression,2026-03-23T14:51:13,A07,0.391
U0154,75,impression,2026-03-23T14:51:01,A07,0.705
U0154,75,click,2026-03-23T14:51:24,A07,0.705
U0154,69,impression,2026-03-23T14:52:32,A07,0.663
U0154,69,click,2026-03-23T14:52:41,A07,0.663
U0154,30,impression,2026-03-09T12:02:22,A07,0.064
U0154,24,impression,2026-03-09T12:01:31,A07,0.034
U0154,85,impression,2026-03-09T12:05:50,A07,0.574
U0154,85,click,2026-03-09T12:06:20,A07,0.574
U0154,80,impression,2026-03-09T12:03:45,A07,0.506
U0154,22,impression,2026-03-09T12:05:08,A07,0.022
U0154,63,impression,2026-03-09T12:03:23,A07,0.588
U0154,72,impression,2026-03-09T12:03:20,A07,0.56
U0154,93,impression,2026-04-04T21:26:01,A07,0.609
U0154,67,impression,2026-04-04T21:25:36,A07,0.393
U0154,72,impression,2026-04-04T21:26:51,A07,0.562
U0154,83,impression,2026-04-04T21:25:23,A07,0.094
U0154,31,impression,2026-04-04T21:25:41,A07,0.029
U0154,50,impression,2026-04-04T21:26:29,A07,0.069
U0154,58,impression,2026-04-04T21:28:39,A07,0.07
U0154,74,impression,2026-04-04T21:27:52,A07,0.721
U0154,74,click,2026-04-04T21:28:16,A07,0.721
U0154,60,impression,2026-04-04T21:28:17,A07,0.509
U0154,60,click,2026-04-04T21:28:26,A07,0.509
U0154,69,impression,2026-02-22T11:12:33,A07,0.67
U0154,69,click,2026-02-22T11:12:43,A07,0.67
U0154,80,impression,2026-02-22T11:11:19,A07,0.549
U0154,80,click,2026-02-22T11:11:31,A07,0.549
U0154,60,impression,2026-02-22T11:14:50,A07,0.542
U0154,60,click,2026-02-22T11:15:13,A07,0.542
U0154,71,impression,2026-02-22T11:10:17,A07,0.154
U0154,77,impression,2026-02-22T11:11:36,A07,0.046
U0154,85,impression,2026-02-22T11:12:22,A07,0.585
U0154,85,click,2026-02-22T11:12:52,A07,0.585
U0154,43,impression,2026-02-22T11:11:59,A07,0.092
U0154,50,impression,2026-02-22T11:14:20,A07,0.062
U0154,103,impression,2026-02-22T11:10:40,A07,0.068
U0154,73,impression,2026-02-22T11:10:11,A07,0.731
U0154,73,click,2026-02-22T11:10:36,A07,0.731
U0154,73,save,2026-02-22T11:10:36,A07,0.731
U0154,62,impression,2026-02-22T11:14:47,A07,0.517
U0154,72,impression,2026-02-22T11:10:30,A07,0.547
U0154,45,impression,2026-02-22T11:12:56,A07,0.109
U0154,69,impression,2026-04-03T11:17:53,A07,0.609
U0154,69,click,2026-04-03T11:18:17,A07,0.609
U0154,59,impression,2026-04-03T11:14:50,A07,0.564
U0154,59,click,2026-04-03T11:14:58,A07,0.564
U0154,90,impression,2026-04-03T11:17:05,A07,0.048
U0154,99,impression,2026-04-03T11:17:15,A07,0.714
U0154,31,impression,2026-04-03T11:15:11,A07,0.046
U0154,72,impression,2026-04-03T11:14:00,A07,0.584
U0154,21,impression,2026-04-03T11:15:06,A07,0.043
U0154,66,impression,2026-03-20T21:52:42,A07,0.014
U0154,32,impression,2026-03-20T21:53:27,A07,0.037
U0154,62,impression,2026-03-20T21:52:41,A07,0.522
U0154,60,impression,2026-03-20T21:54:40,A07,0.506
U0154,85,impression,2026-03-20T21:52:55,A07,0.575
U0154,85,click,2026-03-20T21:53:09,A07,0.575
U0154,75,impression,2026-03-20T21:51:30,A07,0.672
U0154,89,impression,2026-03-20T21:52:46,A07,0.066
U0154,80,impression,2026-03-20T21:53:16,A07,0.525
U0154,80,click,2026-03-20T21:53:20,A07,0.525
U0154,80,save,2026-03-20T21:53:20,A07,0.525
U0154,73,impression,2026-03-20T21:54:30,A07,0.718
U0154,74,impression,2026-03-20T21:51:15,A07,0.715
U0154,91,impression,2026-03-20T21:54:06,A07,0.054
U0154,41,impression,2026-03-20T21:51:39,A07,0.107
U0154,67,impression,2026-03-20T21:54:06,A07,0.399
U0154,67,click,2026-03-20T21:54:34,A07,0.399
U0154,59,impression,2026-03-20T21:54:44,A07,0.534
U0154,45,impression,2026-03-20T21:54:44,A07,0.016
U0155,105,impression,2026-03-10T13:14:20,A03,0.021
U0155,106,impression,2026-03-10T13:10:10,A03,0.482
U0155,106,click,2026-03-10T13:10:19,A03,0.482
U0155,53,impression,2026-03-10T13:10:31,A03,0.076
U0155,43,impression,2026-03-10T13:10:36,A03,0.48
U0155,26,impression,2026-03-10T13:14:51,A03,0.091
U0155,91,impression,2026-03-10T13:14:51,A03,0.448
U0155,46,impression,2026-03-10T13:13:32,A03,0.007
U0155,82,impression,2026-03-10T13:10:43,A03,0.659
U0155,82,click,2026-03-10T13:10:45,A03,0.659
U0155,103,impression,2026-03-10T13:11:45,A03,0.037
U0155,100,impression,2026-03-10T13:13:09,A03,0.09
U0155,22,impression,2026-03-10T13:13:06,A03,0.432
U0155,23,impression,2026-03-10T13:14:41,A03,0.461
U0155,41,impression,2026-03-10T13:10:07,A03,0.449
U0155,65,impression,2026-03-29T21:23:02,A03,0.056
U0155,73,impression,2026-03-29T21:25:42,A03,0.101
U0155,25,impression,2026-03-29T21:22:49,A03,0.077
U0155,43,impression,2026-03-29T21:23:38,A03,0.485
U0155,41,impression,2026-03-29T21:22:53,A03,0.414
U0155,37,impression,2026-03-29T21:24:46,A03,0.452
U0155,37,click,2026-03-29T21:24:55,A03,0.452
U0155,91,impression,2026-03-29T21:24:42,A03,0.464
U0155,38,impression,2026-03-29T21:22:18,A03,0.422
U0155,44,impression,2026-03-29T21:22:38,A03,0.54
U0155,44,click,2026-03-29T21:22:39,A03,0.54
U0155,55,impression,2026-03-29T21:24:36,A03,0.013
U0155,34,impression,2026-03-29T21:23:30,A03,0.452
U0155,70,impression,2026-03-29T21:26:24,A03,0.012
U0155,23,impression,2026-03-29T21:25:39,A03,0.489
U0155,107,impression,2026-03-29T21:23:57,A03,0.423
U0155,88,impression,2026-03-29T21:22:50,A03,-0.004
U0155,30,impression,2026-04-16T20:44:02,A03,0.472
U0155,58,impression,2026-04-16T20:43:49,A03,0.029
U0155,44,impression,2026-04-16T20:44:38,A03,0.505
U0155,21,impression,2026-04-16T20:43:04,A03,0.427
U0155,42,impression,2026-04-16T20:44:21,A03,0.481
U0155,92,impression,2026-04-16T20:45:40,A03,0.099
U0155,76,impression,2026-04-16T20:43:51,A03,0.578
U0155,76,click,2026-04-16T20:44:16,A03,0.578
U0155,109,impression,2026-04-16T20:44:59,A03,0.024
U0155,81,impression,2026-04-16T20:41:09,A03,0.012
U0155,33,impression,2026-04-16T20:45:14,A03,0.459
U0155,97,impression,2026-04-16T20:44:17,A03,0.033
U0155,31,impression,2026-04-16T20:41:05,A03,0.511
U0155,55,impression,2026-04-16T20:42:08,A03,0.061
U0155,47,impression,2026-04-16T20:42:54,A03,0.495
U0155,85,impression,2026-02-11T20:44:08,A03,0.074
U0155,27,impression,2026-02-11T20:45:17,A03,0.083
U0155,39,impression,2026-02-11T20:44:59,A03,0.507
U0155,88,impression,2026-02-11T20:47:25,A03,-0.007
U0155,91,impression,2026-02-11T20:47:34,A03,0.513
U0155,33,impression,2026-02-11T20:44:56,A03,0.452
U0155,59,impression,2026-02-11T20:44:10,A03,0.095
U0155,50,impression,2026-02-11T20:46:02,A03,0.41
U0156,100,impression,2026-04-03T15:59:53,A04,0.555
U0156,57,impression,2026-04-03T15:57:27,A04,0.415
U0156,74,impression,2026-04-03T15:58:35,A04,0.014
U0156,79,impression,2026-04-03T16:01:18,A04,0.719
U0156,71,impression,2026-04-03T16:00:09,A04,0.445
U0156,103,impression,2026-04-03T15:59:39,A04,0.503
U0156,50,impression,2026-04-03T15:59:27,A04,0.069
U0156,66,impression,2026-04-03T15:59:13,A04,0.494
U0156,66,click,2026-04-03T15:59:16,A04,0.494
U0156,26,impression,2026-04-03T16:01:59,A04,0.08
U0156,49,impression,2026-04-03T16:00:24,A04,0.014
U0156,82,impression,2026-04-03T16:01:18,A04,0.022
U0156,105,impression,2026-04-03T15:59:38,A04,0.58
U0156,57,impression,2026-04-10T12:27:41,A04,0.444
U0156,68,impression,2026-04-10T12:29:48,A04,0.421
U0156,66,impression,2026-04-10T12:27:07,A04,0.504
U0156,83,impression,2026-04-10T12:26:26,A04,0.632
U0156,34,impression,2026-04-10T12:30:46,A04,0.005
U0156,60,impression,2026-04-10T12:30:58,A04,0.101
U0156,79,impression,2026-04-10T12:28:29,A04,0.692
U0156,89,impression,2026-04-10T12:29:04,A04,0.019
U0156,65,impression,2026-04-10T12:29:08,A04,0.487
U0156,38,impression,2026-04-10T12:28:46,A04,0.087
U0156,58,impression,2026-04-10T12:28:07,A04,0.499
U0156,91,impression,2026-04-10T12:30:12,A04,0.035
U0156,79,impression,2026-02-18T16:00:12,A04,0.71
U0156,21,impression,2026-02-18T16:04:26,A04,0.045
U0156,100,impression,2026-02-18T16:00:58,A04,0.57
U0156,98,impression,2026-02-18T16:04:48,A04,0.05
U0156,98,click,2026-02-18T16:05:17,A04,0.05
U0156,49,impression,2026-02-18T16:00:24,A04,0.1
U0156,65,impression,2026-02-18T16:02:27,A04,0.518
U0156,83,impression,2026-02-18T16:03:24,A04,0.641
U0156,107,impression,2026-02-18T16:01:12,A04,0.053
U0156,37,impression,2026-02-18T16:03:58,A04,0.027
U0156,57,impression,2026-02-18T16:01:07,A04,0.498
U0156,34,impression,2026-02-18T16:02:17,A04,-0.018
U0156,78,impression,2026-02-18T16:00:19,A04,0.489
U0156,78,click,2026-02-18T16:00:32,A04,0.489
U0156,78,save,2026-02-18T16:00:32,A04,0.489
U0156,58,impression,2026-02-18T16:02:34,A04,0.462
U0156,83,impression,2026-03-25T14:46:32,A04,0.589
U0156,58,impression,2026-03-25T14:50:37,A04,0.428
U0156,105,impression,2026-03-25T14:46:43,A04,0.534
U0156,81,impression,2026-03-25T14:48:10,A04,0.015
U0156,107,impression,2026-03-25T14:47:54,A04,0.082
U0156,65,impression,2026-03-25T14:47:58,A04,0.517
U0156,99,impression,2026-03-25T14:46:18,A04,0.074
U0156,92,impression,2026-03-25T14:50:22,A04,0.495
U0156,79,impression,2026-03-25T14:49:59,A04,0.684
U0156,67,impression,2026-03-25T14:47:50,A04,0.024
U0156,83,impression,2026-02-28T19:16:40,A04,0.6
U0156,44,impression,2026-02-28T19:17:21,A04,0.089
U0156,92,impression,2026-02-28T19:20:11,A04,0.491
U0156,57,impression,2026-02-28T19:20:27,A04,0.41
U0156,43,impression,2026-02-28T19:16:45,A04,0.051
U0156,43,click,2026-02-28T19:17:14,A04,0.051
U0156,100,impression,2026-02-28T19:19:48,A04,0.579
U0156,61,impression,2026-02-28T19:18:38,A04,0.026
U0156,72,impression,2026-03-20T22:29:13,A04,0.085
U0156,100,impression,2026-03-20T22:26:11,A04,0.589
U0156,55,impression,2026-03-20T22:28:30,A04,0.27
U0156,83,impression,2026-03-20T22:26:22,A04,0.609
U0156,83,click,2026-03-20T22:26:45,A04,0.609
U0156,63,impression,2026-03-20T22:30:44,A04,0.033
U0156,65,impression,2026-03-20T22:26:39,A04,0.462
U0156,26,impression,2026-03-20T22:26:11,A04,0.104
U0156,79,impression,2026-03-20T22:26:53,A04,0.697
U0156,105,impression,2026-03-20T22:30:29,A04,0.57
U0156,66,impression,2026-03-20T22:26:11,A04,0.462
U0156,66,click,2026-03-20T22:26:13,A04,0.462
U0157,106,impression,2026-03-03T13:53:37,A03,0.485
U0157,106,click,2026-03-03T13:53:49,A03,0.485
U0157,106,save,2026-03-03T13:53:49,A03,0.485
U0157,38,impression,2026-03-03T13:55:29,A03,0.441
U0157,53,impression,2026-03-03T13:52:42,A03,0.015
U0157,104,impression,2026-03-03T13:51:30,A03,0.573
U0157,31,impression,2026-03-03T13:54:46,A03,0.54
U0157,65,impression,2026-03-03T13:53:50,A03,0.005
U0157,43,impression,2026-03-03T13:53:44,A03,0.413
U0157,43,click,2026-03-03T13:54:08,A03,0.413
U0157,105,impression,2026-03-03T13:54:16,A03,0.095
U0157,81,impression,2026-03-03T13:54:20,A03,0.05
U0157,36,impression,2026-03-03T13:54:19,A03,0.431
U0157,36,click,2026-03-03T13:54:25,A03,0.431
U0157,41,impression,2026-02-11T14:50:15,A03,0.506
U0157,68,impression,2026-02-11T14:52:39,A03,0.052
U0157,75,impression,2026-02-11T14:49:22,A03,0.054
U0157,36,impression,2026-02-11T14:52:13,A03,0.478
U0157,86,impression,2026-02-11T14:51:18,A03,0.416
U0157,86,click,2026-02-11T14:51:46,A03,0.416
U0157,86,cart_add,2026-02-11T14:52:22,A03,0.416
U0157,92,impression,2026-02-11T14:51:13,A03,0.087
U0158,48,impression,2026-02-08T22:50:01,A12,0.44
U0158,39,impression,2026-02-08T22:46:58,A12,0.438
U0158,86,impression,2026-02-08T22:46:03,A12,0.455
U0158,36,impression,2026-02-08T22:47:23,A12,0.463
U0158,87,impression,2026-02-08T22:49:40,A12,0.641
U0158,82,impression,2026-02-08T22:47:54,A12,0.428
U0158,56,impression,2026-02-08T22:49:05,A12,0.048
U0158,75,impression,2026-02-08T22:48:08,A12,0.055
U0158,90,impression,2026-02-08T22:46:07,A12,0.092
U0158,49,impression,2026-02-08T22:50:21,A12,0.44
U0158,77,impression,2026-02-08T22:48:06,A12,0.052
U0158,95,impression,2026-02-08T22:49:03,A12,0.046
U0158,102,impression,2026-02-08T22:48:32,A12,0.53
U0158,69,impression,2026-02-08T22:46:25,A12,0.027
U0158,101,impression,2026-03-06T16:04:02,A12,0.437
U0158,92,impression,2026-03-06T16:03:15,A12,0.043
U0158,99,impression,2026-03-06T16:02:32,A12,0.062
U0158,60,impression,2026-03-06T16:06:25,A12,0.045
U0158,50,impression,2026-03-06T16:04:16,A12,0.475
U0158,50,click,2026-03-06T16:04:21,A12,0.475
U0158,106,impression,2026-03-06T16:04:02,A12,0.636
U0158,76,impression,2026-03-06T16:03:30,A12,0.441
U0158,98,impression,2026-03-06T16:04:12,A12,0.096
U0158,107,impression,2026-03-06T16:02:03,A12,0.464
U0158,43,impression,2026-03-06T16:06:28,A12,0.452
U0158,76,impression,2026-04-13T19:42:58,A12,0.454
U0158,76,click,2026-04-13T19:43:10,A12,0.454
U0158,64,impression,2026-04-13T19:43:34,A12,0.058
U0158,106,impression,2026-04-13T19:40:02,A12,0.659
U0158,60,impression,2026-04-13T19:39:33,A12,0.05
U0158,87,impression,2026-04-13T19:43:02,A12,0.626
U0159,59,impression,2026-04-09T20:34:23,A13,0.725
U0159,67,impression,2026-04-09T20:35:55,A13,0.515
U0159,50,impression,2026-04-09T20:34:21,A13,0.053
U0159,84,impression,2026-04-09T20:35:17,A13,0.164
U0159,60,impression,2026-04-09T20:35:51,A13,0.601
U0159,32,impression,2026-04-09T20:32:04,A13,0.073
U0159,85,impression,2026-04-09T20:35:42,A13,0.69
U0159,38,impression,2026-04-09T20:34:53,A13,0.014
U0159,73,impression,2026-03-29T10:40:35,A13,0.599
U0159,73,click,2026-03-29T10:40:50,A13,0.599
U0159,105,impression,2026-03-29T10:42:26,A13,0.023
U0159,69,impression,2026-03-29T10:40:49,A13,0.657
U0159,74,impression,2026-03-29T10:42:41,A13,0.605
U0159,71,impression,2026-03-29T10:41:32,A13,0.109
U0159,94,impression,2026-03-29T10:44:49,A13,0.066
U0159,80,impression,2026-03-29T10:40:00,A13,0.614
U0159,75,impression,2026-03-29T10:43:53,A13,0.573
U0159,41,impression,2026-03-29T10:41:41,A13,0.053
U0159,47,impression,2026-02-15T12:07:22,A13,0.013
U0159,86,impression,2026-02-15T12:09:26,A13,0.04
U0159,48,impression,2026-02-15T12:06:35,A13,0.087
U0159,62,impression,2026-02-15T12:09:03,A13,0.469
U0159,64,impression,2026-02-15T12:09:49,A13,0.086
U0159,99,impression,2026-02-15T12:10:05,A13,0.513
U0159,99,click,2026-02-15T12:10:19,A13,0.513
U0159,67,impression,2026-02-15T12:07:40,A13,0.497
U0159,67,click,2026-02-15T12:07:43,A13,0.497
U0159,69,impression,2026-02-15T12:08:36,A13,0.592
U0159,108,impression,2026-02-15T12:07:38,A13,0.49
U0159,43,impression,2026-02-15T12:10:21,A13,0.097
U0159,74,impression,2026-02-15T12:07:57,A13,0.65
U0159,80,impression,2026-03-28T12:26:45,A13,0.646
U0159,107,impression,2026-03-28T12:29:48,A13,0.107
U0159,85,impression,2026-03-28T12:28:54,A13,0.671
U0159,85,click,2026-03-28T12:29:14,A13,0.671
U0159,108,impression,2026-03-28T12:30:54,A13,0.427
U0159,60,impression,2026-03-28T12:30:05,A13,0.591
U0159,60,click,2026-03-28T12:30:09,A13,0.591
U0159,60,save,2026-03-28T12:30:09,A13,0.591
U0159,59,impression,2026-03-28T12:27:17,A13,0.672
U0159,87,impression,2026-03-28T12:27:38,A13,0.027
U0159,92,impression,2026-03-28T12:26:20,A13,0.092
U0159,93,impression,2026-03-28T12:29:08,A13,0.579
U0159,39,impression,2026-03-28T12:30:10,A13,0.104
U0159,74,impression,2026-03-28T12:30:46,A13,0.578
U0159,99,impression,2026-03-28T12:29:18,A13,0.496
U0159,47,impression,2026-03-28T12:26:19,A13,0.105
U0159,67,impression,2026-03-28T12:26:15,A13,0.557
U0159,67,click,2026-03-28T12:26:26,A13,0.557
U0159,86,impression,2026-03-28T12:30:26,A13,0.097
U0159,86,click,2026-03-28T12:30:52,A13,0.097
U0159,36,impression,2026-03-08T13:02:02,A13,0.068
U0159,46,impression,2026-03-08T13:01:14,A13,0.182
U0159,73,impression,2026-03-08T12:58:24,A13,0.669
U0159,56,impression,2026-03-08T13:01:14,A13,0.017
U0159,48,impression,2026-03-08T13:01:33,A13,0.059
U0159,69,impression,2026-03-08T12:59:05,A13,0.64
U0159,69,click,2026-03-08T12:59:32,A13,0.64
U0159,72,impression,2026-03-08T12:59:44,A13,0.68
U0159,59,impression,2026-03-08T13:02:51,A13,0.653
U0159,72,impression,2026-02-10T15:54:51,A13,0.687
U0159,72,click,2026-02-10T15:55:12,A13,0.687
U0159,93,impression,2026-02-10T15:53:31,A13,0.526
U0159,64,impression,2026-02-10T15:55:41,A13,0.044
U0159,83,impression,2026-02-10T15:56:47,A13,0.103
U0159,62,impression,2026-02-10T15:56:36,A13,0.496
U0159,62,click,2026-02-10T15:57:02,A13,0.496
U0159,59,impression,2026-02-10T15:55:30,A13,0.654
U0159,59,click,2026-02-10T15:55:59,A13,0.654
U0159,60,impression,2026-02-10T15:52:49,A13,0.668
U0159,65,impression,2026-02-10T15:53:47,A13,0.017
U0159,23,impression,2026-02-10T15:54:50,A13,0.038
U0159,69,impression,2026-02-10T15:55:50,A13,0.634
U0159,79,impression,2026-02-10T15:54:28,A13,0.077
U0159,99,impression,2026-02-10T15:56:49,A13,0.581
U0159,99,click,2026-02-10T15:56:56,A13,0.581
U0159,49,impression,2026-02-10T15:56:56,A13,0.033
U0160,51,impression,2026-03-24T16:32:38,A03,0.471
U0160,51,click,2026-03-24T16:32:54,A03,0.471
U0160,51,save,2026-03-24T16:32:54,A03,0.471
U0160,26,impression,2026-03-24T16:28:42,A03,0.031
U0160,101,impression,2026-03-24T16:32:42,A03,0.447
U0160,31,impression,2026-03-24T16:30:36,A03,0.501
U0160,43,impression,2026-03-24T16:28:31,A03,0.431
U0160,98,impression,2026-03-24T16:32:42,A03,0.062
U0160,86,impression,2026-03-24T16:28:11,A03,0.429
U0160,64,impression,2026-03-24T16:29:00,A03,0.045
U0160,39,impression,2026-03-24T16:28:29,A03,0.411
U0160,99,impression,2026-03-24T16:30:04,A03,0.065
U0160,22,impression,2026-03-24T16:28:38,A03,0.481
U0160,60,impression,2026-03-24T16:28:19,A03,0.013
U0160,36,impression,2026-03-24T16:31:03,A03,0.461
U0160,49,impression,2026-03-24T16:29:09,A03,0.476
U0160,83,impression,2026-03-24T16:32:19,A03,0.077
U0160,106,impression,2026-02-02T22:47:14,A03,0.422
U0160,68,impression,2026-02-02T22:49:40,A03,0.021
U0160,72,impression,2026-02-02T22:48:37,A03,0.02
U0160,57,impression,2026-02-02T22:48:08,A03,0.033
U0160,87,impression,2026-02-02T22:49:27,A03,0.369
U0160,34,impression,2026-02-02T22:47:09,A03,0.473
U0160,45,impression,2026-02-02T22:46:39,A03,0.451
U0160,45,click,2026-02-02T22:46:52,A03,0.451
U0160,50,impression,2026-02-02T22:48:32,A03,0.481
U0160,88,impression,2026-02-02T22:46:30,A03,0.047
U0160,88,click,2026-02-02T22:46:33,A03,0.047
U0160,37,impression,2026-02-02T22:46:11,A03,0.508
U0160,37,click,2026-02-02T22:46:26,A03,0.508
U0160,75,impression,2026-02-02T22:49:19,A03,0.108
U0160,71,impression,2026-02-02T22:47:35,A03,0.101
U0160,102,impression,2026-02-02T22:47:38,A03,0.483
U0160,48,impression,2026-02-02T22:48:30,A03,0.441
U0160,101,impression,2026-03-09T16:00:08,A03,0.444
U0160,101,click,2026-03-09T16:00:33,A03,0.444
U0160,90,impression,2026-03-09T16:01:28,A03,0.037
U0160,64,impression,2026-03-09T15:58:58,A03,0.054
U0160,102,impression,2026-03-09T16:00:48,A03,0.443
U0160,22,impression,2026-03-09T16:01:16,A03,0.419
U0160,38,impression,2026-03-09T15:58:02,A03,0.457
U0160,96,impression,2026-03-09T16:00:10,A03,0.093
U0160,92,impression,2026-03-17T20:33:28,A03,0.024
U0160,70,impression,2026-03-17T20:30:27,A03,0.074
U0160,36,impression,2026-03-17T20:30:22,A03,0.416
U0160,36,click,2026-03-17T20:30:27,A03,0.416
U0160,58,impression,2026-03-17T20:30:28,A03,0.056
U0160,32,impression,2026-03-17T20:31:04,A03,0.567
U0160,71,impression,2026-03-17T20:31:39,A03,0.025
U0160,102,impression,2026-03-17T20:33:24,A03,0.494
U0160,89,impression,2026-03-17T20:31:05,A03,0.074
U0160,51,impression,2026-03-17T20:32:14,A03,0.446
U0160,51,click,2026-03-17T20:32:26,A03,0.446
U0160,23,impression,2026-03-17T20:31:23,A03,0.498
U0160,99,impression,2026-03-17T20:29:07,A03,0.032
U0160,49,impression,2026-03-17T20:31:24,A03,0.431
U0160,107,impression,2026-03-17T20:30:34,A03,0.493
U0160,107,click,2026-03-17T20:30:42,A03,0.493
U0160,44,impression,2026-03-17T20:29:14,A03,0.558
U0161,73,impression,2026-03-15T20:00:28,A13,0.639
U0161,103,impression,2026-03-15T19:59:25,A13,0.048
U0161,95,impression,2026-03-15T19:59:37,A13,0.081
U0161,96,impression,2026-03-15T19:58:13,A13,0.051
U0161,85,impression,2026-03-15T19:58:54,A13,0.694
U0161,27,impression,2026-03-15T20:00:40,A13,0.028
U0161,61,impression,2026-03-15T20:01:02,A13,0.505
U0161,99,impression,2026-03-15T19:58:48,A13,0.503
U0161,99,click,2026-03-15T19:59:17,A13,0.503
U0161,66,impression,2026-03-15T19:58:04,A13,0.091
U0161,93,impression,2026-03-15T20:01:09,A13,0.504
U0161,59,impression,2026-03-15T20:00:00,A13,0.722
U0161,108,impression,2026-03-15T19:59:47,A13,0.501
U0161,86,impression,2026-03-15T20:00:35,A13,0.019
U0161,72,impression,2026-03-15T19:58:38,A13,0.661
U0161,73,impression,2026-03-24T20:58:08,A13,0.582
U0161,98,impression,2026-03-24T20:55:05,A13,0.142
U0161,67,impression,2026-03-24T20:56:47,A13,0.49
U0161,108,impression,2026-03-24T20:57:34,A13,0.428
U0161,99,impression,2026-03-24T20:57:26,A13,0.541
U0161,72,impression,2026-03-24T20:56:45,A13,0.724
U0161,37,impression,2026-03-24T20:58:56,A13,0.091
U0161,26,impression,2026-03-24T20:55:13,A13,0.06
U0161,93,impression,2026-03-24T20:58:55,A13,0.492
U0161,85,impression,2026-03-24T20:59:14,A13,0.657
U0161,106,impression,2026-03-24T20:57:22,A13,0.073
U0161,71,impression,2026-03-24T20:59:09,A13,0.106
U0161,104,impression,2026-03-24T20:57:10,A13,0.087
U0161,80,impression,2026-03-24T20:56:58,A13,0.601
U0161,59,impression,2026-02-27T15:27:33,A13,0.696
U0161,38,impression,2026-02-27T15:26:29,A13,0.062
U0161,72,impression,2026-02-27T15:26:00,A13,0.663
U0161,104,impression,2026-02-27T15:24:52,A13,0.034
U0161,32,impression,2026-02-27T15:28:26,A13,0.093
U0161,74,impression,2026-02-27T15:26:47,A13,0.612
U0161,73,impression,2026-02-27T15:25:49,A13,0.582
U0161,99,impression,2026-02-27T15:27:00,A13,0.518
U0161,105,impression,2026-02-27T15:27:53,A13,0.054
U0161,67,impression,2026-02-27T15:27:55,A13,0.463
U0161,37,impression,2026-02-27T15:28:03,A13,0.082
U0161,73,impression,2026-02-08T22:20:23,A13,0.607
U0161,59,impression,2026-02-08T22:23:15,A13,0.734
U0161,80,impression,2026-02-08T22:22:01,A13,0.633
U0161,96,impression,2026-02-08T22:22:26,A13,0.026
U0161,109,impression,2026-02-08T22:21:18,A13,0.026
U0161,60,impression,2026-02-08T22:23:18,A13,0.601
U0161,62,impression,2026-02-08T22:19:12,A13,0.488
U0161,62,click,2026-02-08T22:19:14,A13,0.488
U0161,62,cart_add,2026-02-08T22:19:37,A13,0.488
U0161,45,impression,2026-02-08T22:22:54,A13,0.051
U0161,74,impression,2026-02-08T22:19:31,A13,0.604
U0161,42,impression,2026-02-08T22:19:54,A13,0.098
U0161,56,impression,2026-02-08T22:22:34,A13,0.061
U0161,69,impression,2026-02-08T22:20:58,A13,0.611
U0161,99,impression,2026-02-08T22:19:28,A13,0.527
U0161,36,impression,2026-02-08T22:20:00,A13,0.109
U0161,108,impression,2026-02-08T22:20:39,A13,0.444
U0161,85,impression,2026-02-08T14:48:51,A13,0.717
U0161,72,impression,2026-02-08T14:48:19,A13,0.702
U0161,69,impression,2026-02-08T14:49:23,A13,0.583
U0161,69,click,2026-02-08T14:49:53,A13,0.583
U0161,26,impression,2026-02-08T14:46:17,A13,0.084
U0161,84,impression,2026-02-08T14:46:16,A13,0.158
U0161,93,impression,2026-03-21T16:28:58,A13,0.502
U0161,87,impression,2026-03-21T16:29:02,A13,0.025
U0161,67,impression,2026-03-21T16:29:55,A13,0.478
U0161,41,impression,2026-03-21T16:28:40,A13,0.044
U0161,59,impression,2026-03-21T16:27:18,A13,0.658
U0161,73,impression,2026-02-28T14:01:47,A13,0.587
U0161,63,impression,2026-02-28T13:59:50,A13,0.152
U0161,59,impression,2026-02-28T14:00:24,A13,0.707
U0161,99,impression,2026-02-28T14:01:36,A13,0.519
U0161,61,impression,2026-02-28T14:01:08,A13,0.413
U0161,50,impression,2026-02-28T14:01:01,A13,0.108
U0161,33,impression,2026-02-28T13:58:49,A13,0.063
U0162,23,impression,2026-02-16T10:06:26,A11,0.414
U0162,34,impression,2026-02-16T10:07:23,A11,0.54
U0162,61,impression,2026-02-16T10:06:15,A11,0.073
U0162,101,impression,2026-02-16T10:07:24,A11,0.638
U0162,66,impression,2026-02-16T10:06:22,A11,0.051
U0162,92,impression,2026-02-16T10:05:26,A11,0.103
U0162,45,impression,2026-02-16T10:07:07,A11,0.45
U0162,65,impression,2026-02-16T10:07:59,A11,-0.009
U0162,71,impression,2026-02-26T19:37:16,A11,0.059
U0162,30,impression,2026-02-26T19:40:54,A11,0.556
U0162,78,impression,2026-02-26T19:37:05,A11,0.013
U0162,99,impression,2026-02-26T19:38:26,A11,0.051
U0162,87,impression,2026-02-26T19:38:35,A11,0.41
U0162,104,impression,2026-02-26T19:39:17,A11,0.037
U0162,88,impression,2026-02-26T19:40:23,A11,0.053
U0162,88,click,2026-02-26T19:40:41,A11,0.053
U0162,42,impression,2026-02-26T19:37:43,A11,0.497
U0162,48,impression,2026-02-26T19:40:27,A11,0.413
U0162,25,impression,2026-02-26T19:39:00,A11,0.444
U0162,25,click,2026-02-26T19:39:06,A11,0.444
U0162,54,impression,2026-02-26T19:37:59,A11,0.017
U0162,31,impression,2026-02-26T19:39:52,A11,0.429
U0162,31,click,2026-02-26T19:40:04,A11,0.429
U0162,77,impression,2026-02-26T19:41:57,A11,0.4
U0162,77,click,2026-02-26T19:42:17,A11,0.4
U0162,24,impression,2026-02-26T19:38:12,A11,0.425
U0162,91,impression,2026-03-04T17:18:12,A11,0.461
U0162,52,impression,2026-03-04T17:20:26,A11,0.503
U0162,78,impression,2026-03-04T17:18:00,A11,0.062
U0162,44,impression,2026-03-04T17:20:59,A11,0.411
U0162,57,impression,2026-03-04T17:18:24,A11,0.033
U0162,88,impression,2026-03-04T17:17:39,A11,-0.025
U0163,97,impression,2026-03-23T22:43:09,A02,0.458
U0163,80,impression,2026-03-23T22:40:12,A02,0.034
U0163,34,impression,2026-03-23T22:44:08,A02,0.461
U0163,45,impression,2026-03-23T22:41:43,A02,0.411
U0163,92,impression,2026-03-23T22:40:08,A02,0.076
U0163,78,impression,2026-03-23T22:41:19,A02,0.097
U0163,88,impression,2026-03-03T12:29:13,A02,0.013
U0163,39,impression,2026-03-03T12:32:17,A02,0.509
U0163,30,impression,2026-03-03T12:30:47,A02,0.497
U0163,70,impression,2026-03-03T12:31:33,A02,0.06
U0163,32,impression,2026-03-03T12:30:06,A02,0.423
U0163,65,impression,2026-03-03T12:31:22,A02,0.036
U0163,90,impression,2026-04-07T12:10:46,A02,0.036
U0163,84,impression,2026-04-07T12:12:44,A02,0.482
U0163,84,click,2026-04-07T12:12:53,A02,0.482
U0163,34,impression,2026-04-07T12:13:07,A02,0.393
U0163,58,impression,2026-04-07T12:12:19,A02,0.036
U0163,22,impression,2026-04-07T12:13:07,A02,0.49
U0163,22,click,2026-04-07T12:13:36,A02,0.49
U0163,26,impression,2026-04-07T12:11:01,A02,0.51
U0163,26,click,2026-04-07T12:11:03,A02,0.51
U0163,99,impression,2026-04-07T12:10:36,A02,0.097
U0163,77,impression,2026-04-07T12:12:46,A02,0.454
U0163,74,impression,2026-04-07T12:12:22,A02,0.02
U0163,34,impression,2026-02-09T15:01:48,A02,0.431
U0163,27,impression,2026-02-09T15:00:01,A02,0.413
U0163,96,impression,2026-02-09T15:04:53,A02,0.029
U0163,49,impression,2026-02-09T15:04:35,A02,0.481
U0163,43,impression,2026-02-09T15:03:06,A02,0.61
U0163,73,impression,2026-02-09T15:01:51,A02,0.088
U0163,85,impression,2026-02-09T15:04:20,A02,0.08
U0163,81,impression,2026-02-09T15:00:32,A02,0.156
U0163,35,impression,2026-02-09T15:03:35,A02,0.456
U0163,108,impression,2026-02-09T15:04:57,A02,0.126
U0163,46,impression,2026-02-09T15:03:14,A02,0.101
U0163,41,impression,2026-02-09T15:03:46,A02,0.451
U0163,37,impression,2026-02-09T15:01:10,A02,0.484
U0163,37,click,2026-02-09T15:01:19,A02,0.484
U0164,42,impression,2026-02-14T22:20:19,A08,0.057
U0164,83,impression,2026-02-14T22:19:32,A08,0.517
U0164,83,click,2026-02-14T22:20:00,A08,0.517
U0164,59,impression,2026-02-14T22:18:55,A08,0.107
U0164,96,impression,2026-02-14T22:22:05,A08,0.489
U0164,96,click,2026-02-14T22:22:22,A08,0.489
U0164,96,save,2026-02-14T22:22:22,A08,0.489
U0164,36,impression,2026-02-14T22:22:55,A08,0.09
U0164,36,click,2026-02-14T22:23:03,A08,0.09
U0164,56,impression,2026-02-14T22:18:51,A08,0.455
U0164,56,click,2026-02-14T22:18:57,A08,0.455
U0164,53,impression,2026-02-14T22:22:46,A08,0.514
U0164,64,impression,2026-02-14T22:19:45,A08,0.061
U0164,109,impression,2026-04-02T10:02:40,A08,0.503
U0164,81,impression,2026-04-02T10:01:43,A08,0.011
U0164,48,impression,2026-04-02T10:02:48,A08,0.097
U0164,96,impression,2026-04-02T10:05:19,A08,0.474
U0164,90,impression,2026-04-02T10:03:34,A08,0.587
U0164,90,click,2026-04-02T10:04:00,A08,0.587
U0164,64,impression,2026-04-02T10:02:15,A08,0.024
U0164,67,impression,2026-04-02T10:02:08,A08,0.072
U0164,56,impression,2026-04-02T10:03:10,A08,0.474
U0164,54,impression,2026-04-02T10:01:21,A08,0.465
U0164,54,click,2026-04-02T10:01:38,A08,0.465
U0164,48,impression,2026-02-16T19:36:54,A08,0.021
U0164,64,impression,2026-02-16T19:38:17,A08,0.079
U0164,74,impression,2026-02-16T19:35:05,A08,0.02
U0164,36,impression,2026-02-16T19:38:51,A08,0.034
U0164,54,impression,2026-02-16T19:37:01,A08,0.458
U0164,105,impression,2026-02-16T19:39:15,A08,0.578
U0164,100,impression,2026-02-16T19:38:33,A08,0.538
U0164,45,impression,2026-02-16T19:38:11,A08,0.101
U0164,109,impression,2026-02-16T19:36:29,A08,0.49
U0164,109,click,2026-02-16T19:36:55,A08,0.49
U0164,90,impression,2026-02-16T19:35:00,A08,0.6
U0164,56,impression,2026-02-16T19:38:50,A08,0.449
U0164,56,click,2026-02-16T19:39:10,A08,0.449
U0164,53,impression,2026-02-07T13:07:51,A08,0.535
U0164,54,impression,2026-02-07T13:08:20,A08,0.41
U0164,102,impression,2026-02-07T13:07:31,A08,0.053
U0164,100,impression,2026-02-07T13:07:19,A08,0.544
U0164,100,click,2026-02-07T13:07:39,A08,0.544
U0164,56,impression,2026-02-07T13:07:52,A08,0.448
U0164,67,impression,2026-02-07T13:05:29,A08,0.024
U0164,85,impression,2026-02-07T13:06:06,A08,0.019
U0164,55,impression,2026-02-07T13:05:31,A08,0.716
U0164,95,impression,2026-02-07T13:08:29,A08,0.609
U0164,76,impression,2026-02-07T13:09:20,A08,0.016
U0164,84,impression,2026-02-07T13:09:19,A08,0.042
U0164,83,impression,2026-02-07T13:05:59,A08,0.509
U0164,103,impression,2026-02-07T13:08:38,A08,0.025
U0164,100,impression,2026-02-28T22:57:18,A08,0.561
U0164,100,click,2026-02-28T22:57:41,A08,0.561
U0164,87,impression,2026-02-28T22:59:14,A08,-0.017
U0164,56,impression,2026-02-28T22:55:59,A08,0.456
U0164,90,impression,2026-02-28T22:56:48,A08,0.614
U0164,36,impression,2026-02-28T22:57:50,A08,0.044
U0164,79,impression,2026-02-28T22:57:17,A08,0.03
U0164,83,impression,2026-02-28T22:58:37,A08,0.571
U0164,107,impression,2026-02-28T22:57:52,A08,0.062
U0164,105,impression,2026-02-28T22:57:14,A08,0.636
U0165,69,impression,2026-02-08T18:39:56,A06,0.068
U0165,27,impression,2026-02-08T18:37:13,A06,0.415
U0165,36,impression,2026-02-08T18:40:13,A06,0.505
U0165,67,impression,2026-02-08T18:39:09,A06,0.011
U0165,34,impression,2026-02-08T18:40:08,A06,0.447
U0165,103,impression,2026-02-08T18:36:10,A06,0.057
U0165,98,impression,2026-02-08T18:39:56,A06,0.435
U0165,51,impression,2026-02-08T18:37:58,A06,0.503
U0165,51,click,2026-02-08T18:38:13,A06,0.503
U0165,48,impression,2026-02-08T18:40:10,A06,0.054
U0165,30,impression,2026-02-08T18:36:00,A06,0.477
U0165,80,impression,2026-02-08T18:39:01,A06,0.05
U0165,81,impression,2026-02-08T18:36:50,A06,0.482
U0165,34,impression,2026-03-09T09:32:11,A06,0.436
U0165,34,click,2026-03-09T09:32:16,A06,0.436
U0165,39,impression,2026-03-09T09:31:14,A06,0.48
U0165,39,click,2026-03-09T09:31:33,A06,0.48
U0165,39,cart_add,2026-03-09T09:32:28,A06,0.48
U0165,90,impression,2026-03-09T09:33:11,A06,0.04
U0165,27,impression,2026-03-09T09:34:48,A06,0.483
U0165,27,click,2026-03-09T09:35:07,A06,0.483
U0165,27,save,2026-03-09T09:35:07,A06,0.483
U0165,75,impression,2026-03-09T09:32:04,A06,0.047
U0165,42,impression,2026-03-09T09:31:14,A06,0.06
U0165,33,impression,2026-03-09T09:35:13,A06,0.506
U0165,38,impression,2026-03-10T14:25:46,A06,0.439
U0165,38,click,2026-03-10T14:26:00,A06,0.439
U0165,83,impression,2026-03-10T14:26:10,A06,0.087
U0165,72,impression,2026-03-10T14:28:57,A06,0.084
U0165,72,click,2026-03-10T14:29:09,A06,0.084
U0165,100,impression,2026-03-10T14:26:28,A06,0.097
U0165,30,impression,2026-03-10T14:28:08,A06,0.422
U0165,103,impression,2026-03-10T14:25:39,A06,0.084
U0165,76,impression,2026-03-10T14:25:59,A06,0.082
U0165,35,impression,2026-03-10T14:24:21,A06,0.481
U0165,98,impression,2026-03-10T14:27:52,A06,0.48
U0165,98,click,2026-03-10T14:28:16,A06,0.48
U0165,32,impression,2026-03-10T14:28:32,A06,0.42
U0165,32,click,2026-03-10T14:28:58,A06,0.42
U0165,32,cart_add,2026-03-10T14:29:30,A06,0.42
U0165,52,impression,2026-03-10T14:25:52,A06,0.467
U0165,52,click,2026-03-10T14:26:22,A06,0.467
U0165,33,impression,2026-03-10T14:24:58,A06,0.477
U0165,93,impression,2026-03-10T14:24:13,A06,0.076
U0165,52,impression,2026-02-08T11:59:32,A06,0.437
U0165,77,impression,2026-02-08T12:00:36,A06,0.496
U0165,58,impression,2026-02-08T12:02:51,A06,0.101
U0165,21,impression,2026-02-08T12:01:07,A06,0.062
U0165,33,impression,2026-02-08T12:02:20,A06,0.467
U0165,33,click,2026-02-08T12:02:46,A06,0.467
U0165,33,save,2026-02-08T12:02:46,A06,0.467
U0165,38,impression,2026-02-08T12:01:14,A06,0.46
U0165,107,impression,2026-02-08T12:00:55,A06,0.024
U0165,89,impression,2026-02-08T11:59:38,A06,0.038
U0165,56,impression,2026-02-02T18:04:31,A06,0.092
U0165,98,impression,2026-02-02T18:03:31,A06,0.415
U0165,50,impression,2026-02-02T18:05:20,A06,0.468
U0165,82,impression,2026-02-02T18:03:27,A06,0.067
U0165,62,impression,2026-02-02T18:06:40,A06,0.066
U0165,37,impression,2026-02-02T18:03:33,A06,0.443
U0165,37,click,2026-02-02T18:03:34,A06,0.443
U0165,83,impression,2026-02-02T18:05:06,A06,0.073
U0165,71,impression,2026-02-02T18:04:37,A06,0.04
U0165,32,impression,2026-02-02T18:03:12,A06,0.441
U0165,32,click,2026-02-02T18:03:21,A06,0.441
U0165,32,save,2026-02-02T18:03:21,A06,0.441
U0165,38,impression,2026-02-02T18:06:41,A06,0.483
U0165,30,impression,2026-02-02T18:03:36,A06,0.457
U0165,84,impression,2026-02-02T18:05:51,A06,0.507
U0165,24,impression,2026-02-02T18:02:27,A06,0.472
U0165,24,click,2026-02-02T18:02:52,A06,0.472
U0165,78,impression,2026-02-02T18:06:31,A06,0.07
U0165,34,impression,2026-02-10T09:15:54,A06,0.397
U0165,108,impression,2026-02-10T09:16:02,A06,0.055
U0165,27,impression,2026-02-10T09:16:40,A06,0.411
U0165,70,impression,2026-02-10T09:13:28,A06,0.016
U0165,24,impression,2026-02-10T09:14:48,A06,0.471
U0165,24,click,2026-02-10T09:14:49,A06,0.471
U0165,43,impression,2026-02-10T09:16:18,A06,0.02
U0165,98,impression,2026-02-10T09:14:29,A06,0.494
U0165,98,click,2026-02-10T09:14:35,A06,0.494
U0166,38,impression,2026-02-27T12:23:15,A10,0.485
U0166,75,impression,2026-02-27T12:22:44,A10,0.031
U0166,50,impression,2026-02-27T12:22:51,A10,0.51
U0166,60,impression,2026-02-27T12:20:29,A10,0.101
U0166,104,impression,2026-02-27T12:21:29,A10,0.532
U0166,51,impression,2026-02-27T12:22:39,A10,0.445
U0166,72,impression,2026-02-27T12:22:43,A10,0.11
U0166,53,impression,2026-02-27T12:21:45,A10,0.606
U0166,102,impression,2026-02-27T12:19:02,A10,0.459
U0166,46,impression,2026-02-27T12:22:07,A10,0.141
U0166,54,impression,2026-02-07T15:31:33,A10,0.729
U0166,33,impression,2026-02-07T15:29:03,A10,0.451
U0166,77,impression,2026-02-07T15:30:52,A10,0.098
U0166,58,impression,2026-02-07T15:30:33,A10,0.088
U0166,84,impression,2026-02-07T15:31:31,A10,0.013
U0166,49,impression,2026-02-07T15:32:57,A10,0.424
U0166,70,impression,2026-02-07T15:30:23,A10,0.096
U0166,70,click,2026-02-07T15:30:43,A10,0.096
U0166,96,impression,2026-02-07T15:30:54,A10,0.021
U0166,71,impression,2026-02-07T15:31:24,A10,0.027
U0166,51,impression,2026-02-07T15:30:08,A10,0.492
U0166,44,impression,2026-02-07T15:31:45,A10,0.528
U0166,31,impression,2026-02-07T15:31:30,A10,0.39
U0166,106,impression,2026-02-07T15:33:01,A10,0.436
U0166,21,impression,2026-02-07T15:29:49,A10,0.442
U0166,21,click,2026-02-07T15:30:09,A10,0.442
U0166,41,impression,2026-04-13T18:15:22,A10,0.547
U0166,41,click,2026-04-13T18:15:25,A10,0.547
U0166,94,impression,2026-04-13T18:17:07,A10,0.468
U0166,49,impression,2026-04-13T18:17:27,A10,0.422
U0166,48,impression,2026-04-13T18:16:47,A10,0.532
U0166,92,impression,2026-04-13T18:19:37,A10,0.013
U0166,31,impression,2026-04-13T18:15:27,A10,0.39
U0166,98,impression,2026-04-13T18:17:44,A10,0.01
U0166,78,impression,2026-04-13T18:15:52,A10,0.049
U0166,105,impression,2026-04-13T18:17:17,A10,0.055
U0166,106,impression,2026-04-13T18:18:05,A10,0.495
U0166,45,impression,2026-04-13T18:19:26,A10,0.447
U0166,45,click,2026-04-13T18:19:56,A10,0.447
U0166,72,impression,2026-04-13T18:17:19,A10,0.07
U0166,64,impression,2026-04-13T18:17:33,A10,0.012
U0166,97,impression,2026-04-07T13:54:48,A10,0.107
U0166,97,click,2026-04-07T13:55:00,A10,0.107
U0166,70,impression,2026-04-07T13:52:24,A10,0.099
U0166,38,impression,2026-04-07T13:55:49,A10,0.456
U0166,94,impression,2026-04-07T13:55:46,A10,0.508
U0166,77,impression,2026-04-07T13:55:14,A10,0.093
U0166,101,impression,2026-04-07T13:55:25,A10,0.413
U0166,101,click,2026-04-07T13:55:47,A10,0.413
U0166,37,impression,2026-02-28T21:24:21,A10,0.464
U0166,101,impression,2026-02-28T21:26:29,A10,0.484
U0166,89,impression,2026-02-28T21:24:09,A10,0.06
U0166,74,impression,2026-02-28T21:23:56,A10,0.094
U0166,43,impression,2026-02-28T21:25:08,A10,0.529
U0166,63,impression,2026-02-28T21:23:10,A10,0.053
U0167,104,impression,2026-04-05T15:12:00,A05,0.527
U0167,46,impression,2026-04-05T15:07:56,A05,0.043
U0167,57,impression,2026-04-05T15:08:45,A05,0.088
U0167,42,impression,2026-04-05T15:08:39,A05,0.47
U0167,21,impression,2026-04-05T15:10:36,A05,0.503
U0167,21,click,2026-04-05T15:10:52,A05,0.503
U0167,106,impression,2026-03-07T18:44:45,A05,0.466
U0167,89,impression,2026-03-07T18:44:44,A05,0.681
U0167,89,click,2026-03-07T18:44:52,A05,0.681
U0167,44,impression,2026-03-07T18:45:21,A05,0.443
U0167,44,click,2026-03-07T18:45:25,A05,0.443
U0167,85,impression,2026-03-07T18:47:46,A05,0.018
U0167,66,impression,2026-03-07T18:44:50,A05,0.057
U0167,99,impression,2026-03-07T18:47:33,A05,0.06
U0167,37,impression,2026-04-07T16:52:03,A05,0.069
U0167,87,impression,2026-04-07T16:50:28,A05,0.441
U0167,106,impression,2026-04-07T16:50:54,A05,0.477
U0167,101,impression,2026-04-07T16:48:07,A05,0.469
U0167,94,impression,2026-04-07T16:49:35,A05,0.657
U0167,68,impression,2026-04-07T16:50:20,A05,0.026
U0167,35,impression,2026-04-07T16:49:03,A05,0.06
U0167,22,impression,2026-04-07T16:49:54,A05,0.488
U0167,42,impression,2026-04-07T16:50:02,A05,0.489
U0167,23,impression,2026-04-07T16:49:47,A05,0.478
U0167,99,impression,2026-04-07T16:48:30,A05,0.032
U0167,96,impression,2026-04-07T16:52:02,A05,0.084
U0167,27,impression,2026-04-07T16:48:46,A05,0.033
U0167,43,impression,2026-04-07T16:50:57,A05,0.432
U0167,107,impression,2026-03-02T15:34:27,A05,0.465
U0167,99,impression,2026-03-02T15:35:17,A05,0.018
U0167,22,impression,2026-03-02T15:32:27,A05,0.411
U0167,23,impression,2026-03-02T15:33:10,A05,0.414
U0167,77,impression,2026-03-02T15:34:17,A05,0.037
U0167,77,click,2026-03-02T15:34:44,A05,0.037
U0167,42,impression,2026-03-02T15:34:52,A05,0.438
U0167,56,impression,2026-03-02T15:33:18,A05,0.031
U0168,38,impression,2026-02-15T21:48:59,A11,0.461
U0168,78,impression,2026-02-15T21:46:19,A11,0.036
U0168,27,impression,2026-02-15T21:46:22,A11,0.472
U0168,98,impression,2026-02-15T21:47:00,A11,0.054
U0168,23,impression,2026-02-15T21:44:28,A11,0.494
U0168,69,impression,2026-02-15T21:46:36,A11,0.035
U0168,44,impression,2026-02-15T21:47:49,A11,0.478
U0168,68,impression,2026-02-15T21:48:51,A11,0.051
U0168,43,impression,2026-02-01T13:52:08,A11,0.442
U0168,106,impression,2026-02-01T13:52:12,A11,0.071
U0168,71,impression,2026-02-01T13:56:03,A11,0.108
U0168,42,impression,2026-02-01T13:52:39,A11,0.439
U0168,80,impression,2026-02-01T13:53:54,A11,0.07
U0168,41,impression,2026-02-01T13:56:15,A11,0.56
U0168,89,impression,2026-02-01T13:53:49,A11,0.028
U0168,97,impression,2026-02-01T13:53:07,A11,0.458
U0168,39,impression,2026-02-01T13:53:02,A11,0.67
U0168,27,impression,2026-02-01T13:53:17,A11,0.425
U0168,27,click,2026-02-01T13:53:21,A11,0.425
U0168,75,impression,2026-02-01T13:52:00,A11,0.086
U0168,66,impression,2026-04-09T19:13:25,A11,0.092
U0168,63,impression,2026-04-09T19:16:39,A11,0.015
U0168,34,impression,2026-04-09T19:17:45,A11,0.483
U0168,77,impression,2026-04-09T19:17:10,A11,0.411
U0168,31,impression,2026-04-09T19:16:10,A11,0.401
U0168,31,click,2026-04-09T19:16:11,A11,0.401
U0168,61,impression,2026-04-09T19:16:55,A11,0.029
U0168,41,impression,2026-04-09T19:17:39,A11,0.558
U0168,85,impression,2026-04-09T19:16:32,A11,0.089
U0168,27,impression,2026-04-09T19:13:44,A11,0.416
U0168,108,impression,2026-03-08T21:53:46,A11,0.06
U0168,86,impression,2026-03-08T21:49:01,A11,0.423
U0168,95,impression,2026-03-08T21:51:43,A11,0.029
U0168,91,impression,2026-03-08T21:50:40,A11,0.526
U0168,91,click,2026-03-08T21:50:59,A11,0.526
U0168,84,impression,2026-03-08T21:52:47,A11,0.487
U0168,84,click,2026-03-08T21:52:48,A11,0.487
U0168,45,impression,2026-03-08T21:50:50,A11,0.497
U0168,45,click,2026-03-08T21:50:55,A11,0.497
U0168,27,impression,2026-03-08T21:49:16,A11,0.463
U0168,96,impression,2026-03-08T21:49:41,A11,0.071
U0168,24,impression,2026-03-08T21:52:55,A11,0.507
U0168,24,click,2026-03-08T21:53:08,A11,0.507
U0168,106,impression,2026-03-08T21:49:01,A11,0.075
U0169,40,impression,2026-02-22T13:17:23,A05,0.457
U0169,21,impression,2026-02-22T13:19:04,A05,0.439
U0169,21,click,2026-02-22T13:19:06,A05,0.439
U0169,86,impression,2026-02-22T13:16:39,A05,0.473
U0169,36,impression,2026-02-22T13:20:36,A05,0.092
U0169,91,impression,2026-02-22T13:20:49,A05,0.454
U0169,58,impression,2026-02-22T13:19:02,A05,0.061
U0169,87,impression,2026-02-22T13:16:28,A05,0.406
U0169,44,impression,2026-02-22T13:16:24,A05,0.498
U0169,44,click,2026-02-22T13:16:33,A05,0.498
U0169,44,cart_add,2026-02-22T13:16:47,A05,0.498
U0169,41,impression,2026-02-22T13:16:59,A05,0.449
U0169,103,impression,2026-02-22T13:16:49,A05,0.023
U0169,100,impression,2026-02-22T13:20:01,A05,0.044
U0169,31,impression,2026-02-22T13:16:17,A05,-0.018
U0169,97,impression,2026-03-22T22:26:39,A05,0.027
U0169,47,impression,2026-03-22T22:27:39,A05,0.429
U0169,93,impression,2026-03-22T22:27:08,A05,0.057
U0169,49,impression,2026-03-22T22:27:11,A05,0.421
U0169,71,impression,2026-03-22T22:26:16,A05,0.062
U0169,44,impression,2026-03-22T22:26:44,A05,0.431
U0169,44,click,2026-03-22T22:26:57,A05,0.431
U0169,102,impression,2026-03-22T22:29:16,A05,0.446
U0169,63,impression,2026-03-22T22:30:45,A05,0.077
U0169,106,impression,2026-03-22T22:28:59,A05,0.427
U0169,106,click,2026-03-22T22:29:04,A05,0.427
U0169,91,impression,2026-03-22T22:29:21,A05,0.53
U0169,52,impression,2026-03-22T22:28:22,A05,0.092
U0169,86,impression,2026-03-22T22:26:39,A05,0.432
U0169,77,impression,2026-03-22T22:29:09,A05,-0.036
U0169,51,impression,2026-02-07T12:27:45,A05,0.04
U0169,49,impression,2026-02-07T12:27:02,A05,0.438
U0169,44,impression,2026-02-07T12:25:25,A05,0.444
U0169,43,impression,2026-02-07T12:25:27,A05,0.439
U0169,63,impression,2026-02-07T12:27:38,A05,0.046
U0169,82,impression,2026-02-07T12:27:07,A05,0.509
U0169,42,impression,2026-02-07T12:24:26,A05,0.455
U0169,62,impression,2026-02-07T12:24:42,A05,0.033
U0169,47,impression,2026-02-07T12:27:23,A05,0.504
U0169,47,click,2026-02-07T12:27:44,A05,0.504
U0169,36,impression,2026-02-07T12:28:08,A05,0.09
U0169,72,impression,2026-03-01T10:08:13,A05,0.012
U0169,74,impression,2026-03-01T10:06:31,A05,0.074
U0169,64,impression,2026-03-01T10:10:40,A05,0.692
U0169,64,click,2026-03-01T10:11:06,A05,0.692
U0169,22,impression,2026-03-01T10:09:09,A05,0.482
U0169,49,impression,2026-03-01T10:07:54,A05,0.509
U0169,58,impression,2026-03-01T10:10:47,A05,0.042
U0169,99,impression,2026-03-01T10:09:49,A05,0.087
U0169,48,impression,2026-03-01T10:10:07,A05,0.487
U0169,44,impression,2026-03-01T10:08:29,A05,0.445
U0169,37,impression,2026-03-01T10:06:29,A05,0.073
U0169,40,impression,2026-03-01T10:07:49,A05,0.495
U0169,86,impression,2026-02-22T21:30:54,A05,0.486
U0169,106,impression,2026-02-22T21:33:26,A05,0.411
U0169,64,impression,2026-02-22T21:32:13,A05,0.702
U0169,45,impression,2026-02-22T21:31:53,A05,0.421
U0169,87,impression,2026-02-22T21:32:25,A05,0.451
U0169,91,impression,2026-02-22T21:34:48,A05,0.452
U0169,81,impression,2026-02-22T21:32:52,A05,0.0
U0169,55,impression,2026-02-22T21:30:54,A05,0.054
U0169,55,click,2026-02-22T21:30:55,A05,0.054
U0169,93,impression,2026-02-22T21:33:08,A05,0.072
U0169,27,impression,2026-02-22T21:31:37,A05,0.064
U0169,42,impression,2026-04-13T22:35:06,A05,0.472
U0169,42,click,2026-04-13T22:35:25,A05,0.472
U0169,72,impression,2026-04-13T22:31:29,A05,0.017
U0169,59,impression,2026-04-13T22:35:31,A05,0.059
U0169,50,impression,2026-04-13T22:32:53,A05,0.049
U0169,106,impression,2026-04-13T22:35:28,A05,0.483
U0169,49,impression,2026-04-13T22:31:36,A05,0.437
U0169,83,impression,2026-04-13T22:32:37,A05,0.056
U0169,82,impression,2026-04-13T22:35:08,A05,0.485
U0169,82,click,2026-04-13T22:35:23,A05,0.485
U0169,43,impression,2026-04-13T22:31:29,A05,0.493
U0169,22,impression,2026-04-13T22:32:59,A05,0.458
U0170,57,impression,2026-03-26T21:36:26,A01,0.537
U0170,57,click,2026-03-26T21:36:49,A01,0.537
U0170,57,cart_add,2026-03-26T21:37:07,A01,0.537
U0170,92,impression,2026-03-26T21:39:23,A01,0.473
U0170,70,impression,2026-03-26T21:40:38,A01,0.737
U0170,70,click,2026-03-26T21:40:42,A01,0.737
U0170,70,save,2026-03-26T21:40:42,A01,0.737
U0170,108,impression,2026-03-26T21:39:52,A01,0.089
U0170,108,click,2026-03-26T21:40:08,A01,0.089
U0170,75,impression,2026-03-26T21:37:16,A01,0.171
U0170,95,impression,2026-03-26T21:36:59,A01,0.023
U0170,79,impression,2026-03-26T21:37:51,A01,0.45
U0170,84,impression,2026-02-06T14:09:15,A01,0.491
U0170,27,impression,2026-02-06T14:10:25,A01,0.444
U0170,35,impression,2026-02-06T14:06:20,A01,0.094
U0170,26,impression,2026-02-06T14:08:36,A01,0.421
U0170,26,click,2026-02-06T14:09:02,A01,0.421
U0170,90,impression,2026-02-06T14:07:31,A01,0.053
U0170,56,impression,2026-02-20T14:09:21,A01,0.107
U0170,33,impression,2026-02-20T14:07:42,A01,0.026
U0170,60,impression,2026-02-20T14:08:12,A01,0.556
U0170,36,impression,2026-02-20T14:09:14,A01,0.093
U0170,85,impression,2026-02-20T14:10:58,A01,0.575
U0170,31,impression,2026-02-20T14:09:48,A01,0.042
U0170,31,click,2026-02-20T14:10:17,A01,0.042
U0170,103,impression,2026-02-20T14:08:10,A01,0.435
U0170,100,impression,2026-02-20T14:10:11,A01,0.035
U0170,68,impression,2026-02-20T14:10:57,A01,0.422
U0170,81,impression,2026-02-20T14:10:46,A01,0.574
U0170,46,impression,2026-02-20T14:08:39,A01,0.577
U0170,46,click,2026-02-20T14:08:44,A01,0.577
U0170,46,save,2026-02-20T14:08:44,A01,0.577
U0170,72,impression,2026-02-20T14:08:06,A01,0.591
U0170,72,click,2026-02-20T14:08:10,A01,0.591
U0170,27,impression,2026-02-20T14:10:56,A01,0.443
U0170,102,impression,2026-02-20T14:08:25,A01,0.142
U0170,31,impression,2026-04-04T17:00:35,A01,0.064
U0170,91,impression,2026-04-04T17:02:11,A01,0.029
U0170,93,impression,2026-04-04T17:03:32,A01,0.059
U0170,97,impression,2026-04-04T17:02:47,A01,0.51
U0170,67,impression,2026-04-04T17:02:44,A01,0.479
U0170,92,impression,2026-04-04T17:02:35,A01,0.495
U0170,77,impression,2026-04-04T17:03:56,A01,0.389
U0170,58,impression,2026-04-04T17:03:50,A01,0.422
U0170,58,click,2026-04-04T17:03:57,A01,0.422
U0170,102,impression,2026-04-04T17:01:48,A01,0.165
U0170,96,impression,2026-04-04T17:03:57,A01,0.027
U0170,25,impression,2026-04-04T17:01:28,A01,0.42
U0170,59,impression,2026-04-04T17:03:38,A01,0.647
U0170,76,impression,2026-03-05T21:50:48,A01,0.086
U0170,85,impression,2026-03-05T21:47:43,A01,0.66
U0170,98,impression,2026-03-05T21:47:50,A01,0.545
U0170,98,click,2026-03-05T21:47:58,A01,0.545
U0170,30,impression,2026-03-05T21:47:51,A01,0.082
U0170,75,impression,2026-03-05T21:47:22,A01,0.212
U0170,49,impression,2026-03-05T21:50:28,A01,0.087
U0170,77,impression,2026-03-05T21:49:32,A01,0.428
U0170,67,impression,2026-03-05T21:49:08,A01,0.457
U0170,46,impression,2026-03-05T21:47:16,A01,0.655
U0170,44,impression,2026-03-05T21:47:53,A01,0.107
U0170,97,impression,2026-03-05T21:46:00,A01,0.471
U0170,97,click,2026-03-05T21:46:08,A01,0.471
U0170,78,impression,2026-03-05T21:46:39,A01,0.05
U0170,80,impression,2026-03-05T21:50:06,A01,0.557
U0171,93,impression,2026-03-12T10:07:37,A03,0.026
U0171,57,impression,2026-03-12T10:10:27,A03,0.065
U0171,72,impression,2026-03-12T10:07:32,A03,0.068
U0171,33,impression,2026-03-12T10:10:49,A03,0.5
U0171,50,impression,2026-03-12T10:10:08,A03,0.446
U0171,104,impression,2026-03-12T10:08:10,A03,0.572
U0171,104,click,2026-03-12T10:08:36,A03,0.572
U0171,104,cart_add,2026-03-12T10:09:19,A03,0.572
U0172,40,impression,2026-02-08T09:44:21,A13,0.103
U0172,80,impression,2026-02-08T09:42:55,A13,0.612
U0172,82,impression,2026-02-08T09:43:38,A13,0.02
U0172,67,impression,2026-02-08T09:44:54,A13,0.535
U0172,98,impression,2026-02-08T09:45:17,A13,0.176
U0172,99,impression,2026-02-08T09:45:03,A13,0.578
U0172,22,impression,2026-02-08T09:43:16,A13,0.038
U0172,62,impression,2026-02-08T09:44:41,A13,0.506
U0172,71,impression,2026-02-08T09:42:53,A13,0.119
U0172,71,click,2026-02-08T09:43:06,A13,0.119
U0172,73,impression,2026-02-08T09:41:57,A13,0.643
U0172,73,click,2026-02-08T09:42:04,A13,0.643
U0172,108,impression,2026-02-08T09:45:19,A13,0.501
U0172,59,impression,2026-02-08T09:45:14,A13,0.656
U0172,59,click,2026-02-08T09:45:38,A13,0.656
U0172,51,impression,2026-02-08T09:43:40,A13,0.07
U0172,61,impression,2026-02-08T09:44:02,A13,0.497
U0172,73,impression,2026-04-02T13:17:33,A13,0.571
U0172,43,impression,2026-04-02T13:16:00,A13,0.071
U0172,97,impression,2026-04-02T13:19:02,A13,0.173
U0172,75,impression,2026-04-02T13:17:23,A13,0.602
U0172,45,impression,2026-04-02T13:15:16,A13,0.067
U0172,74,impression,2026-04-02T13:19:39,A13,0.614
U0172,66,impression,2026-04-02T13:18:40,A13,0.103
U0172,93,impression,2026-04-02T13:16:50,A13,0.575
U0172,93,click,2026-04-02T13:17:01,A13,0.575
U0172,94,impression,2026-04-02T13:15:04,A13,0.083
U0172,94,click,2026-04-02T13:15:26,A13,0.083
U0172,71,impression,2026-04-02T13:17:59,A13,0.125
U0172,61,impression,2026-04-02T13:16:33,A13,0.469
U0172,69,impression,2026-04-02T13:16:45,A13,0.607
U0172,67,impression,2026-04-02T13:16:51,A13,0.542
U0172,67,click,2026-04-02T13:17:18,A13,0.542
U0172,108,impression,2026-04-09T20:56:39,A13,0.419
U0172,75,impression,2026-04-09T20:57:43,A13,0.601
U0172,93,impression,2026-04-09T20:53:35,A13,0.545
U0172,38,impression,2026-04-09T20:55:45,A13,0.017
U0172,60,impression,2026-04-09T20:54:50,A13,0.658
U0172,59,impression,2026-04-09T20:57:22,A13,0.72
U0172,91,impression,2026-04-09T20:53:28,A13,-0.027
U0172,53,impression,2026-04-09T20:55:22,A13,0.088
U0172,77,impression,2026-04-09T20:54:29,A13,0.032
U0172,80,impression,2026-04-09T20:57:07,A13,0.586
U0172,80,click,2026-04-09T20:57:21,A13,0.586
U0172,62,impression,2026-04-09T20:54:03,A13,0.488
U0172,98,impression,2026-04-09T20:53:00,A13,0.167
U0172,80,impression,2026-02-19T17:30:39,A13,0.67
U0172,80,click,2026-02-19T17:31:07,A13,0.67
U0172,73,impression,2026-02-19T17:28:20,A13,0.627
U0172,73,click,2026-02-19T17:28:34,A13,0.627
U0172,71,impression,2026-02-19T17:26:42,A13,0.111
U0172,51,impression,2026-02-19T17:30:37,A13,0.048
U0172,69,impression,2026-02-19T17:27:27,A13,0.666
U0172,93,impression,2026-02-19T17:26:50,A13,0.574
U0172,68,impression,2026-02-19T17:26:05,A13,0.049
U0172,108,impression,2026-02-19T17:29:29,A13,0.485
U0172,36,impression,2026-02-19T17:29:09,A13,0.033
U0172,96,impression,2026-02-19T17:27:27,A13,0.065
U0172,74,impression,2026-02-19T17:29:38,A13,0.636
U0172,85,impression,2026-02-19T17:27:42,A13,0.69
U0172,61,impression,2026-02-19T17:29:45,A13,0.416
U0172,97,impression,2026-02-19T17:30:23,A13,0.114
U0172,67,impression,2026-02-19T17:28:28,A13,0.468
U0172,76,impression,2026-03-14T13:23:16,A13,0.097
U0172,108,impression,2026-03-14T13:20:42,A13,0.45
U0172,64,impression,2026-03-14T13:20:53,A13,0.099
U0172,80,impression,2026-03-14T13:21:04,A13,0.665
U0172,92,impression,2026-03-14T13:21:50,A13,0.03
U0172,59,impression,2026-03-14T13:23:18,A13,0.685
U0172,73,impression,2026-03-14T13:19:28,A13,0.61
U0172,98,impression,2026-03-14T13:21:52,A13,0.096
U0172,98,click,2026-03-14T13:22:16,A13,0.096
U0173,47,impression,2026-03-22T18:44:43,A11,0.43
U0173,51,impression,2026-03-22T18:42:47,A11,0.461
U0173,99,impression,2026-03-22T18:44:18,A11,0.089
U0173,74,impression,2026-03-22T18:41:34,A11,0.011
U0173,65,impression,2026-03-22T18:41:03,A11,0.029
U0173,50,impression,2026-03-22T18:44:18,A11,0.459
U0173,45,impression,2026-03-22T18:45:42,A11,0.463
U0173,45,click,2026-03-22T18:45:49,A11,0.463
U0173,90,impression,2026-03-22T18:45:04,A11,0.074
U0173,22,impression,2026-03-22T18:45:54,A11,0.42
U0173,80,impression,2026-03-22T18:41:54,A11,0.066
U0173,24,impression,2026-03-22T18:42:05,A11,0.463
U0173,24,click,2026-03-22T18:42:16,A11,0.463
U0173,24,save,2026-03-22T18:42:16,A11,0.463
U0173,32,impression,2026-03-22T18:44:58,A11,0.506
U0173,75,impression,2026-03-22T18:41:04,A11,0.056
U0173,26,impression,2026-03-22T18:45:26,A11,0.413
U0173,84,impression,2026-03-22T18:43:43,A11,0.454
U0173,99,impression,2026-02-17T15:09:45,A11,0.03
U0173,86,impression,2026-02-17T15:11:55,A11,0.471
U0173,90,impression,2026-02-17T15:08:59,A11,0.067
U0173,102,impression,2026-02-17T15:12:10,A11,0.424
U0173,44,impression,2026-02-17T15:09:33,A11,0.453
U0173,31,impression,2026-02-17T15:10:06,A11,0.414
U0173,62,impression,2026-02-17T15:11:09,A11,0.052
U0173,66,impression,2026-02-17T15:09:05,A11,0.096
U0173,26,impression,2026-02-17T15:11:37,A11,0.485
U0173,58,impression,2026-03-16T10:25:59,A11,0.039
U0173,73,impression,2026-03-16T10:25:43,A11,0.012
U0173,76,impression,2026-03-16T10:28:02,A11,0.411
U0173,102,impression,2026-03-16T10:28:18,A11,0.469
U0173,88,impression,2026-03-16T10:26:31,A11,-0.0
U0173,30,impression,2026-03-16T10:26:09,A11,0.522
U0173,68,impression,2026-03-16T10:28:10,A11,0.021
U0173,33,impression,2026-03-16T10:25:30,A11,0.588
U0173,33,click,2026-03-16T10:25:35,A11,0.588
U0174,71,impression,2026-04-02T13:56:39,A10,0.047
U0174,40,impression,2026-04-02T13:55:34,A10,0.532
U0174,46,impression,2026-04-02T13:53:52,A10,0.177
U0174,30,impression,2026-04-02T13:54:30,A10,0.489
U0174,50,impression,2026-04-02T13:53:56,A10,0.539
U0174,95,impression,2026-02-22T14:48:20,A10,0.527
U0174,80,impression,2026-02-22T14:50:35,A10,0.087
U0174,42,impression,2026-02-22T14:49:00,A10,0.473
U0174,32,impression,2026-02-22T14:50:12,A10,0.433
U0174,73,impression,2026-02-22T14:50:52,A10,0.078
U0174,78,impression,2026-02-22T14:47:17,A10,0.095
U0174,25,impression,2026-02-22T14:51:46,A10,0.175
U0174,43,impression,2026-02-22T14:48:02,A10,0.549
U0174,96,impression,2026-02-15T17:11:58,A10,0.058
U0174,21,impression,2026-02-15T17:12:09,A10,0.459
U0174,26,impression,2026-02-15T17:12:48,A10,0.182
U0174,26,click,2026-02-15T17:12:49,A10,0.182
U0174,44,impression,2026-02-15T17:14:04,A10,0.58
U0174,44,click,2026-02-15T17:14:21,A10,0.58
U0174,40,impression,2026-02-15T17:15:15,A10,0.569
U0174,56,impression,2026-04-01T17:39:35,A10,0.02
U0174,91,impression,2026-04-01T17:36:44,A10,0.461
U0174,94,impression,2026-04-01T17:39:24,A10,0.486
U0174,55,impression,2026-04-01T17:38:37,A10,0.049
U0174,80,impression,2026-04-01T17:39:52,A10,0.076
U0174,86,impression,2026-04-01T17:35:10,A10,0.665
U0174,86,click,2026-04-01T17:35:23,A10,0.665
U0174,109,impression,2026-04-01T17:35:25,A10,0.154
U0174,93,impression,2026-04-01T17:37:13,A10,0.102
U0174,47,impression,2026-04-01T17:36:26,A10,0.437
U0174,47,click,2026-04-01T17:36:41,A10,0.437
U0174,50,impression,2026-04-01T17:36:54,A10,0.5
U0174,50,click,2026-04-01T17:37:00,A10,0.5
U0174,87,impression,2026-04-01T17:38:43,A10,0.482
U0174,87,click,2026-04-01T17:39:06,A10,0.482
U0174,106,impression,2026-04-01T17:35:36,A10,0.452
U0174,68,impression,2026-04-01T17:39:50,A10,0.064
U0174,101,impression,2026-04-17T16:05:44,A10,0.444
U0174,79,impression,2026-04-17T16:05:23,A10,0.017
U0174,95,impression,2026-04-17T16:04:01,A10,0.589
U0174,48,impression,2026-04-17T16:07:22,A10,0.51
U0174,40,impression,2026-04-17T16:05:35,A10,0.558
U0174,59,impression,2026-04-17T16:07:55,A10,0.093
U0174,76,impression,2026-04-17T16:06:05,A10,0.481
U0174,75,impression,2026-04-17T16:04:31,A10,0.103
U0174,46,impression,2026-04-17T16:03:16,A10,0.176
U0174,30,impression,2026-03-15T19:01:08,A10,0.45
U0174,30,click,2026-03-15T19:01:16,A10,0.45
U0174,22,impression,2026-03-15T19:00:44,A10,0.432
U0174,67,impression,2026-03-15T19:01:39,A10,0.123
U0174,61,impression,2026-03-15T19:02:45,A10,0.098
U0174,47,impression,2026-03-15T19:03:06,A10,0.461
U0174,98,impression,2026-03-23T11:58:13,A10,0.06
U0174,45,impression,2026-03-23T11:55:08,A10,0.464
U0174,45,click,2026-03-23T11:55:19,A10,0.464
U0174,108,impression,2026-03-23T11:54:10,A10,0.087
U0174,87,impression,2026-03-23T11:58:50,A10,0.494
U0174,107,impression,2026-03-23T11:55:13,A10,0.498
U0174,59,impression,2026-03-23T11:56:20,A10,0.016
U0174,53,impression,2026-02-11T19:00:49,A10,0.621
U0174,81,impression,2026-02-11T19:00:57,A10,0.053
U0174,48,impression,2026-02-11T19:01:52,A10,0.497
U0174,32,impression,2026-02-11T18:57:44,A10,0.495
U0174,104,impression,2026-02-11T19:01:04,A10,0.562
U0174,104,click,2026-02-11T19:01:32,A10,0.562
U0174,37,impression,2026-02-11T18:58:05,A10,0.411
U0174,37,click,2026-02-11T18:58:20,A10,0.411
U0174,67,impression,2026-02-11T18:59:21,A10,0.076
U0174,27,impression,2026-02-11T19:01:18,A10,0.098
U0174,72,impression,2026-02-11T18:58:40,A10,0.039
U0174,72,click,2026-02-11T18:58:41,A10,0.039
U0174,87,impression,2026-02-11T18:57:20,A10,0.495
U0174,55,impression,2026-02-11T18:59:26,A10,0.088
U0175,98,impression,2026-04-14T13:50:10,A01,0.537
U0175,66,impression,2026-04-14T13:51:11,A01,0.084
U0175,38,impression,2026-04-14T13:49:26,A01,0.089
U0175,67,impression,2026-04-14T13:50:17,A01,0.451
U0175,80,impression,2026-04-14T13:51:56,A01,0.511
U0175,80,click,2026-04-14T13:52:20,A01,0.511
U0175,86,impression,2026-04-14T13:51:18,A01,0.012
U0175,97,impression,2026-04-14T13:48:28,A01,0.423
U0175,81,impression,2026-04-14T13:47:09,A01,0.591
U0175,81,click,2026-04-14T13:47:14,A01,0.591
U0175,87,impression,2026-04-14T13:50:11,A01,0.04
U0175,84,impression,2026-04-14T13:49:23,A01,0.49
U0175,74,impression,2026-04-14T13:50:47,A01,0.202
U0175,39,impression,2026-04-14T13:51:51,A01,0.119
U0175,77,impression,2026-04-14T13:50:36,A01,0.451
U0175,77,click,2026-04-14T13:51:02,A01,0.451
U0175,26,impression,2026-04-14T13:48:43,A01,0.453
U0175,91,impression,2026-02-20T21:44:54,A01,0.031
U0175,25,impression,2026-02-20T21:44:43,A01,0.466
U0175,26,impression,2026-02-20T21:44:40,A01,0.43
U0175,46,impression,2026-02-20T21:47:43,A01,0.647
U0175,65,impression,2026-02-20T21:46:24,A01,0.015
U0175,87,impression,2026-02-20T21:44:16,A01,0.044
U0175,108,impression,2026-02-20T21:46:49,A01,0.022
U0175,103,impression,2026-02-20T21:46:42,A01,0.497
U0175,76,impression,2026-02-20T21:46:13,A01,0.02
U0175,80,impression,2026-02-20T21:45:07,A01,0.564
U0175,92,impression,2026-02-20T21:45:00,A01,0.459
U0175,60,impression,2026-02-20T21:44:59,A01,0.587
U0175,99,impression,2026-02-20T21:43:58,A01,0.126
U0175,96,impression,2026-04-08T09:24:45,A01,0.029
U0175,58,impression,2026-04-08T09:27:45,A01,0.455
U0175,72,impression,2026-04-08T09:28:35,A01,0.668
U0175,24,impression,2026-04-08T09:25:57,A01,0.506
U0175,104,impression,2026-04-08T09:28:32,A01,0.058
U0175,75,impression,2026-04-08T09:24:23,A01,0.268
U0175,92,impression,2026-04-08T09:26:15,A01,0.468
U0175,50,impression,2026-04-08T09:28:53,A01,0.06
U0175,67,impression,2026-04-08T09:24:16,A01,0.403
U0175,74,impression,2026-04-08T09:26:23,A01,0.239
U0175,74,click,2026-04-08T09:26:37,A01,0.239
U0175,60,impression,2026-04-08T09:24:28,A01,0.529
U0175,85,impression,2026-04-08T09:26:23,A01,0.594
U0175,91,impression,2026-04-08T09:28:15,A01,0.034
U0175,73,impression,2026-03-17T10:37:27,A01,0.251
U0175,60,impression,2026-03-17T10:34:11,A01,0.491
U0175,36,impression,2026-03-17T10:35:33,A01,0.078
U0175,40,impression,2026-03-17T10:36:01,A01,0.061
U0175,92,impression,2026-03-17T10:33:04,A01,0.497
U0175,92,click,2026-03-17T10:33:24,A01,0.497
U0175,22,impression,2026-03-17T10:37:51,A01,0.053
U0175,47,impression,2026-03-17T10:35:17,A01,0.08
U0175,84,impression,2026-03-17T10:35:40,A01,0.578
U0175,27,impression,2026-03-17T10:33:33,A01,0.493
U0175,37,impression,2026-03-17T10:35:38,A01,0.072
U0175,77,impression,2026-03-17T10:34:54,A01,0.402
U0175,98,impression,2026-03-17T10:36:11,A01,0.551
U0175,98,click,2026-03-17T10:36:38,A01,0.551
U0175,72,impression,2026-03-17T10:36:15,A01,0.593
U0175,101,impression,2026-04-14T15:08:37,A01,0.08
U0175,92,impression,2026-04-14T15:06:43,A01,0.448
U0175,80,impression,2026-04-14T15:08:03,A01,0.522
U0175,80,click,2026-04-14T15:08:05,A01,0.522
U0175,80,save,2026-04-14T15:08:05,A01,0.522
U0175,104,impression,2026-04-14T15:09:06,A01,0.024
U0175,85,impression,2026-04-14T15:10:03,A01,0.656
U0175,59,impression,2026-04-02T21:57:03,A01,0.604
U0175,59,click,2026-04-02T21:57:16,A01,0.604
U0175,40,impression,2026-04-02T21:57:41,A01,0.072
U0175,68,impression,2026-04-02T21:59:57,A01,0.447
U0175,64,impression,2026-04-02T22:01:59,A01,0.032
U0175,87,impression,2026-04-02T21:58:13,A01,-0.019
U0175,25,impression,2026-04-02T22:00:02,A01,0.431
U0175,84,impression,2026-04-02T21:58:48,A01,0.524
U0175,84,click,2026-04-02T21:58:52,A01,0.524
U0175,85,impression,2026-04-02T21:59:38,A01,0.669
U0175,85,click,2026-04-02T21:59:41,A01,0.669
U0175,103,impression,2026-04-02T22:00:11,A01,0.467
U0175,62,impression,2026-04-02T22:00:25,A01,0.101
U0175,90,impression,2026-04-02T21:57:26,A01,0.03
U0175,95,impression,2026-02-11T14:27:12,A01,0.093
U0175,21,impression,2026-02-11T14:28:57,A01,0.068
U0175,105,impression,2026-02-11T14:29:21,A01,0.025
U0175,70,impression,2026-02-11T14:31:25,A01,0.705
U0175,24,impression,2026-02-11T14:31:49,A01,0.486
U0175,68,impression,2026-02-11T14:29:00,A01,0.461
U0175,68,click,2026-02-11T14:29:21,A01,0.461
U0175,35,impression,2026-02-11T14:27:38,A01,0.046
U0175,84,impression,2026-02-11T14:30:16,A01,0.495
U0175,25,impression,2026-02-11T14:28:37,A01,0.461
U0175,55,impression,2026-02-11T14:28:16,A01,0.067
U0175,96,impression,2026-02-11T14:31:39,A01,0.015
U0175,85,impression,2026-02-11T14:31:50,A01,0.67
U0175,77,impression,2026-02-11T14:31:42,A01,0.381
U0175,77,click,2026-02-11T14:31:51,A01,0.381
U0175,77,cart_add,2026-02-11T14:32:51,A01,0.381
U0175,80,impression,2026-02-11T14:30:39,A01,0.584
U0176,73,impression,2026-03-31T10:40:55,A06,0.048
U0176,104,impression,2026-03-31T10:39:24,A06,0.089
U0176,84,impression,2026-03-31T10:39:03,A06,0.529
U0176,50,impression,2026-03-31T10:41:19,A06,0.51
U0176,97,impression,2026-03-31T10:42:04,A06,0.577
U0176,97,click,2026-03-31T10:42:08,A06,0.577
U0176,91,impression,2026-03-31T10:40:53,A06,0.043
U0176,25,impression,2026-03-31T10:42:22,A06,0.41
U0176,37,impression,2026-03-21T15:57:54,A06,0.458
U0176,37,click,2026-03-21T15:58:20,A06,0.458
U0176,90,impression,2026-03-21T15:53:49,A06,0.035
U0176,24,impression,2026-03-21T15:55:16,A06,0.441
U0176,23,impression,2026-03-21T15:57:50,A06,0.025
U0176,81,impression,2026-03-21T15:54:37,A06,0.389
U0176,75,impression,2026-02-20T10:45:08,A06,0.075
U0176,39,impression,2026-02-20T10:48:42,A06,0.455
U0176,39,click,2026-02-20T10:48:50,A06,0.455
U0176,72,impression,2026-02-20T10:48:35,A06,0.011
U0176,30,impression,2026-02-20T10:47:09,A06,0.51
U0176,41,impression,2026-02-20T10:48:33,A06,0.035
U0176,46,impression,2026-02-20T10:45:46,A06,0.485
U0176,38,impression,2026-02-20T10:45:40,A06,0.432
U0176,24,impression,2026-02-20T10:47:46,A06,0.428
U0176,104,impression,2026-02-20T10:47:06,A06,0.025
U0176,27,impression,2026-02-20T10:48:42,A06,0.44
U0176,92,impression,2026-02-20T10:44:17,A06,0.086
U0176,77,impression,2026-02-20T10:48:43,A06,0.531
U0176,77,click,2026-02-20T10:48:45,A06,0.531
U0176,97,impression,2026-02-20T10:46:59,A06,0.548
U0176,93,impression,2026-02-20T10:45:50,A06,0.08
U0176,26,impression,2026-03-14T16:53:58,A06,0.445
U0176,86,impression,2026-03-14T16:56:28,A06,0.037
U0176,34,impression,2026-03-14T16:55:54,A06,0.44
U0176,36,impression,2026-03-14T16:53:18,A06,0.455
U0176,36,click,2026-03-14T16:53:45,A06,0.455
U0176,25,impression,2026-03-14T16:56:22,A06,0.489
U0176,52,impression,2026-03-14T16:56:05,A06,0.464
U0176,54,impression,2026-03-14T16:55:50,A06,0.088
U0176,33,impression,2026-03-14T16:56:24,A06,0.497
U0176,33,click,2026-03-14T16:56:54,A06,0.497
U0176,43,impression,2026-03-14T16:56:00,A06,0.046
U0176,104,impression,2026-03-14T16:54:57,A06,0.015
U0176,85,impression,2026-02-17T12:58:42,A06,0.085
U0176,97,impression,2026-02-17T12:58:42,A06,0.526
U0176,97,click,2026-02-17T12:58:49,A06,0.526
U0176,43,impression,2026-02-17T13:00:47,A06,0.021
U0176,27,impression,2026-02-17T13:01:19,A06,0.416
U0176,109,impression,2026-02-17T12:59:37,A06,0.029
U0176,74,impression,2026-02-17T12:58:38,A06,0.093
U0176,82,impression,2026-02-17T12:58:56,A06,0.085
U0176,84,impression,2026-02-17T12:57:56,A06,0.579
U0176,31,impression,2026-02-17T13:00:28,A06,0.418
U0176,107,impression,2026-02-17T12:59:57,A06,0.098
U0176,38,impression,2026-02-17T13:01:27,A06,0.444
U0176,39,impression,2026-02-17T12:59:19,A06,0.503
U0176,34,impression,2026-02-17T12:59:40,A06,0.392
U0176,98,impression,2026-04-05T13:02:04,A06,0.461
U0176,78,impression,2026-04-05T13:02:48,A06,0.036
U0176,35,impression,2026-04-05T13:02:41,A06,0.461
U0176,46,impression,2026-04-05T13:04:59,A06,0.436
U0176,47,impression,2026-04-05T13:02:28,A06,0.076
U0176,24,impression,2026-04-05T13:04:23,A06,0.502
U0176,34,impression,2026-04-05T13:04:40,A06,0.404
U0176,43,impression,2026-04-05T13:03:38,A06,0.017
U0176,83,impression,2026-04-05T13:03:51,A06,0.019
U0176,32,impression,2026-04-05T13:03:14,A06,0.493
U0176,84,impression,2026-04-05T13:02:35,A06,0.581
U0176,107,impression,2026-04-05T13:02:05,A06,0.031
U0176,67,impression,2026-04-05T13:01:31,A06,0.076
U0176,67,click,2026-04-05T13:01:58,A06,0.076
U0176,38,impression,2026-03-08T15:43:45,A06,0.411
U0176,38,click,2026-03-08T15:43:48,A06,0.411
U0176,35,impression,2026-03-08T15:43:02,A06,0.412
U0176,88,impression,2026-03-08T15:47:06,A06,0.012
U0176,47,impression,2026-03-08T15:45:33,A06,0.076
U0176,106,impression,2026-03-08T15:47:58,A06,0.02
U0176,97,impression,2026-03-08T15:46:03,A06,0.518
U0177,78,impression,2026-04-11T16:57:59,A04,0.463
U0177,82,impression,2026-04-11T16:54:11,A04,0.108
U0177,87,impression,2026-04-11T16:57:53,A04,0.025
U0177,32,impression,2026-04-11T16:57:17,A04,0.089
U0177,79,impression,2026-04-11T16:56:00,A04,0.684
U0177,79,click,2026-04-11T16:56:01,A04,0.684
U0177,79,cart_add,2026-04-11T16:56:28,A04,0.684
U0177,57,impression,2026-04-11T16:54:24,A04,0.422
U0177,45,impression,2026-04-11T16:58:05,A04,0.094
U0177,71,impression,2026-04-11T16:55:30,A04,0.415
U0177,98,impression,2026-03-21T12:46:14,A04,0.093
U0177,78,impression,2026-03-21T12:45:22,A04,0.449
U0177,100,impression,2026-03-21T12:48:57,A04,0.495
U0177,100,click,2026-03-21T12:49:04,A04,0.495
U0177,65,impression,2026-03-21T12:48:07,A04,0.482
U0177,49,impression,2026-03-21T12:47:56,A04,0.031
U0177,105,impression,2026-03-21T12:49:48,A04,0.586
U0177,51,impression,2026-03-21T12:47:36,A04,0.029
U0177,90,impression,2026-02-13T12:46:42,A04,0.64
U0177,80,impression,2026-02-13T12:43:25,A04,0.041
U0177,93,impression,2026-02-13T12:44:20,A04,0.108
U0177,43,impression,2026-02-13T12:44:28,A04,0.102
U0177,83,impression,2026-02-13T12:44:05,A04,0.574
U0177,57,impression,2026-02-13T12:44:33,A04,0.475
U0177,57,click,2026-02-13T12:44:50,A04,0.475
U0177,65,impression,2026-02-13T12:44:36,A04,0.486
U0177,30,impression,2026-02-13T12:47:53,A04,0.07
U0177,103,impression,2026-02-13T12:47:47,A04,0.498
U0177,94,impression,2026-02-13T12:43:32,A04,0.026
U0177,100,impression,2026-02-13T12:47:08,A04,0.518
U0177,68,impression,2026-02-13T12:46:47,A04,0.47
U0177,24,impression,2026-02-13T12:45:41,A04,0.05
U0177,70,impression,2026-02-13T12:47:22,A04,0.461
U0177,71,impression,2026-02-13T12:45:50,A04,0.472
U0177,103,impression,2026-02-26T17:14:14,A04,0.474
U0177,103,click,2026-02-26T17:14:24,A04,0.474
U0177,78,impression,2026-02-26T17:14:51,A04,0.492
U0177,44,impression,2026-02-26T17:14:49,A04,0.088
U0177,33,impression,2026-02-26T17:16:48,A04,0.055
U0177,105,impression,2026-02-26T17:13:58,A04,0.561
U0177,49,impression,2026-02-26T17:13:42,A04,0.099
U0177,57,impression,2026-02-26T17:13:17,A04,0.423
U0177,21,impression,2026-02-26T17:12:18,A04,0.039
U0177,70,impression,2026-02-26T17:14:54,A04,0.429
U0177,71,impression,2026-02-26T17:14:53,A04,0.503
U0177,71,click,2026-02-26T17:14:56,A04,0.503
U0177,39,impression,2026-02-26T17:14:26,A04,0.078
U0177,90,impression,2026-03-26T22:01:52,A04,0.588
U0177,83,impression,2026-03-26T22:03:53,A04,0.591
U0177,100,impression,2026-03-26T22:01:49,A04,0.501
U0177,75,impression,2026-03-26T22:05:22,A04,0.052
U0177,69,impression,2026-03-26T22:05:44,A04,0.029
U0177,95,impression,2026-03-26T22:03:14,A04,0.036
U0177,65,impression,2026-03-26T22:04:29,A04,0.534
U0177,36,impression,2026-03-26T22:04:31,A04,0.073
U0177,79,impression,2026-03-26T22:01:58,A04,0.725
U0177,79,click,2026-03-26T22:02:09,A04,0.725
U0177,92,impression,2026-03-26T22:01:18,A04,0.444
U0177,55,impression,2026-03-26T22:04:21,A04,0.182
U0177,57,impression,2026-03-29T16:39:48,A04,0.482
U0177,35,impression,2026-03-29T16:37:54,A04,0.019
U0177,90,impression,2026-03-29T16:37:06,A04,0.627
U0177,90,click,2026-03-29T16:37:29,A04,0.627
U0177,100,impression,2026-03-29T16:36:10,A04,0.524
U0177,49,impression,2026-03-29T16:39:46,A04,0.109
U0177,45,impression,2026-03-29T16:36:22,A04,0.054
U0177,63,impression,2026-03-29T16:36:33,A04,0.011
U0177,92,impression,2026-03-29T16:37:25,A04,0.443
U0177,92,click,2026-03-29T16:37:47,A04,0.443
U0177,92,cart_add,2026-03-29T16:38:31,A04,0.443
U0177,46,impression,2026-03-29T16:39:20,A04,0.058
U0177,70,impression,2026-03-29T16:38:11,A04,0.418
U0177,70,click,2026-03-29T16:38:34,A04,0.418
U0177,87,impression,2026-03-29T16:38:20,A04,0.022
U0177,105,impression,2026-03-29T16:36:51,A04,0.551
U0177,58,impression,2026-03-29T16:39:51,A04,0.505
U0178,70,impression,2026-04-14T13:38:25,A02,0.023
U0178,76,impression,2026-04-14T13:38:41,A02,0.453
U0178,57,impression,2026-04-14T13:38:08,A02,0.104
U0178,34,impression,2026-04-14T13:37:17,A02,0.463
U0178,34,click,2026-04-14T13:37:20,A02,0.463
U0178,75,impression,2026-04-14T13:38:27,A02,0.016
U0178,40,impression,2026-04-14T13:35:43,A02,0.495
U0178,48,impression,2026-04-14T13:38:56,A02,0.472
U0178,48,click,2026-04-14T13:39:16,A02,0.472
U0178,61,impression,2026-04-14T13:37:28,A02,0.078
U0178,59,impression,2026-04-14T13:37:54,A02,0.018
U0178,30,impression,2026-04-14T13:35:23,A02,0.46
U0178,26,impression,2026-04-14T13:36:13,A02,0.478
U0178,23,impression,2026-04-14T13:35:21,A02,0.467
U0178,38,impression,2026-04-14T13:39:56,A02,0.473
U0178,73,impression,2026-04-14T13:38:51,A02,0.065
U0178,21,impression,2026-04-14T13:39:26,A02,0.509
U0178,62,impression,2026-03-05T11:12:02,A02,0.024
U0178,58,impression,2026-03-05T11:12:55,A02,0.1
U0178,39,impression,2026-03-05T11:12:24,A02,0.478
U0178,73,impression,2026-03-05T11:16:59,A02,0.097
U0178,40,impression,2026-03-05T11:14:34,A02,0.422
U0178,97,impression,2026-03-05T11:15:03,A02,0.439
U0178,49,impression,2026-04-13T14:00:13,A02,0.423
U0178,62,impression,2026-04-13T14:02:24,A02,0.018
U0178,26,impression,2026-04-13T14:03:08,A02,0.438
U0178,68,impression,2026-04-13T14:03:24,A02,0.103
U0178,71,impression,2026-04-13T14:01:35,A02,0.044
U0178,38,impression,2026-04-13T14:03:41,A02,0.491
U0178,50,impression,2026-04-13T14:04:51,A02,0.428
U0178,50,click,2026-04-13T14:05:12,A02,0.428
U0178,56,impression,2026-04-13T14:03:16,A02,0.041
U0178,80,impression,2026-04-13T14:01:21,A02,0.104
U0178,77,impression,2026-04-13T14:04:09,A02,0.489
U0178,77,click,2026-04-13T14:04:10,A02,0.489
U0178,101,impression,2026-04-13T14:00:07,A02,0.549
U0178,63,impression,2026-04-13T14:03:03,A02,0.077
U0178,33,impression,2026-04-13T14:02:42,A02,0.42
U0178,40,impression,2026-04-13T14:02:54,A02,0.417
U0178,37,impression,2026-04-13T14:03:45,A02,0.434
U0178,37,click,2026-04-13T14:04:07,A02,0.434
U0179,100,impression,2026-04-05T18:33:08,A08,0.508
U0179,100,click,2026-04-05T18:33:11,A08,0.508
U0179,100,cart_add,2026-04-05T18:33:23,A08,0.508
U0179,53,impression,2026-04-05T18:30:12,A08,0.514
U0179,53,click,2026-04-05T18:30:42,A08,0.514
U0179,95,impression,2026-04-05T18:33:32,A08,0.608
U0179,95,click,2026-04-05T18:33:57,A08,0.608
U0179,57,impression,2026-04-05T18:32:00,A08,0.029
U0179,66,impression,2026-04-05T18:30:46,A08,0.02
U0179,55,impression,2026-04-06T12:40:00,A08,0.719
U0179,55,click,2026-04-06T12:40:12,A08,0.719
U0179,83,impression,2026-04-06T12:42:14,A08,0.51
U0179,34,impression,2026-04-06T12:42:25,A08,-0.011
U0179,48,impression,2026-04-06T12:40:40,A08,0.098
U0179,82,impression,2026-04-06T12:41:34,A08,0.085
U0179,74,impression,2026-04-06T12:40:09,A08,0.028
U0179,100,impression,2026-04-06T12:40:50,A08,0.578
U0179,109,impression,2026-04-06T12:41:44,A08,0.461
U0179,56,impression,2026-04-06T12:42:48,A08,0.492
U0179,57,impression,2026-04-14T12:48:41,A08,0.039
U0179,95,impression,2026-04-14T12:45:39,A08,0.584
U0179,102,impression,2026-04-14T12:47:37,A08,0.014
U0179,96,impression,2026-04-14T12:46:44,A08,0.456
U0179,96,click,2026-04-14T12:46:59,A08,0.456
U0179,96,cart_add,2026-04-14T12:47:29,A08,0.456
U0179,56,impression,2026-04-14T12:45:10,A08,0.46
U0179,51,impression,2026-04-14T12:49:52,A08,0.075
U0179,105,impression,2026-04-14T12:45:08,A08,0.58
U0179,90,impression,2026-04-14T12:48:23,A08,0.583
U0179,90,click,2026-04-14T12:48:53,A08,0.583
U0179,67,impression,2026-04-14T12:46:18,A08,0.026
U0179,90,impression,2026-02-24T22:29:23,A08,0.609
U0179,109,impression,2026-02-24T22:25:45,A08,0.429
U0179,89,impression,2026-02-24T22:26:07,A08,-0.004
U0179,96,impression,2026-02-24T22:29:41,A08,0.487
U0179,56,impression,2026-02-24T22:28:51,A08,0.491
U0179,56,click,2026-02-24T22:29:12,A08,0.491
U0179,83,impression,2026-02-24T22:29:50,A08,0.538
U0179,91,impression,2026-02-24T22:27:24,A08,-0.005
U0179,94,impression,2026-02-24T22:28:00,A08,0.096
U0179,80,impression,2026-02-24T22:28:01,A08,0.083
U0180,84,impression,2026-03-26T20:02:36,A01,0.561
U0180,93,impression,2026-03-26T20:02:05,A01,0.018
U0180,96,impression,2026-03-26T20:02:35,A01,0.048
U0180,68,impression,2026-03-26T20:03:26,A01,0.447
U0180,47,impression,2026-03-26T20:04:52,A01,0.029
U0180,67,impression,2026-03-26T20:02:23,A01,0.425
U0180,30,impression,2026-03-26T20:02:22,A01,0.06
U0180,85,impression,2026-03-26T20:02:28,A01,0.571
U0180,58,impression,2026-03-01T13:51:43,A01,0.434
U0180,58,click,2026-03-01T13:51:51,A01,0.434
U0180,44,impression,2026-03-01T13:47:54,A01,0.046
U0180,30,impression,2026-03-01T13:51:58,A01,0.106
U0180,46,impression,2026-03-01T13:49:04,A01,0.639
U0180,80,impression,2026-03-01T13:48:20,A01,0.556
U0180,88,impression,2026-03-01T13:50:19,A01,0.054
U0180,25,impression,2026-03-01T13:48:20,A01,0.499
U0180,25,click,2026-03-01T13:48:21,A01,0.499
U0180,26,impression,2026-03-01T13:50:16,A01,0.428
U0180,61,impression,2026-03-01T13:50:28,A01,0.166
U0180,57,impression,2026-03-01T13:49:13,A01,0.52
U0180,103,impression,2026-03-01T13:50:55,A01,0.448
U0180,82,impression,2026-03-01T13:50:26,A01,0.012
U0180,74,impression,2026-02-03T15:33:05,A01,0.176
U0180,42,impression,2026-02-03T15:35:01,A01,0.062
U0180,84,impression,2026-02-03T15:34:01,A01,0.512
U0180,101,impression,2026-02-03T15:37:56,A01,0.1
U0180,67,impression,2026-02-03T15:33:38,A01,0.392
U0180,98,impression,2026-02-03T15:36:30,A01,0.553
U0180,98,click,2026-02-03T15:36:37,A01,0.553
U0180,98,save,2026-02-03T15:36:37,A01,0.553
U0180,101,impression,2026-02-01T16:51:29,A01,0.069
U0180,68,impression,2026-02-01T16:48:29,A01,0.437
U0180,39,impression,2026-02-01T16:50:49,A01,0.143
U0180,67,impression,2026-02-01T16:51:39,A01,0.391
U0180,85,impression,2026-02-01T16:48:53,A01,0.594
U0180,85,click,2026-02-01T16:48:54,A01,0.594
U0180,21,impression,2026-02-01T16:50:30,A01,0.058
U0180,49,impression,2026-02-01T16:51:30,A01,0.034
U0180,59,impression,2026-02-01T16:50:51,A01,0.588
U0180,25,impression,2026-02-01T16:50:47,A01,0.417
U0180,25,click,2026-02-01T16:51:17,A01,0.417
U0180,100,impression,2026-04-09T14:09:26,A01,0.104
U0180,26,impression,2026-04-09T14:07:54,A01,0.502
U0180,69,impression,2026-04-09T14:09:42,A01,0.094
U0180,107,impression,2026-04-09T14:06:01,A01,0.098
U0180,27,impression,2026-04-09T14:07:26,A01,0.405
U0180,71,impression,2026-04-09T14:08:09,A01,0.023
U0180,95,impression,2026-04-09T14:08:23,A01,0.044
U0180,59,impression,2026-04-09T14:05:07,A01,0.621
U0180,59,click,2026-04-09T14:05:16,A01,0.621
U0180,80,impression,2026-04-09T14:07:04,A01,0.575
U0180,81,impression,2026-04-09T14:05:41,A01,0.568
U0180,68,impression,2026-04-09T14:08:22,A01,0.492
U0180,68,click,2026-04-09T14:08:37,A01,0.492
U0180,68,save,2026-04-09T14:08:37,A01,0.492
U0181,39,impression,2026-04-01T18:01:44,A06,0.509
U0181,39,click,2026-04-01T18:02:01,A06,0.509
U0181,51,impression,2026-04-01T17:57:40,A06,0.421
U0181,75,impression,2026-04-01T17:58:28,A06,0.094
U0181,46,impression,2026-04-01T17:57:47,A06,0.494
U0181,34,impression,2026-04-01T17:58:59,A06,0.41
U0181,34,click,2026-04-01T17:59:24,A06,0.41
U0181,26,impression,2026-04-01T17:59:31,A06,0.456
U0181,26,click,2026-04-01T17:59:42,A06,0.456
U0181,66,impression,2026-04-01T17:57:08,A06,0.068
U0181,55,impression,2026-04-01T18:00:51,A06,0.103
U0181,98,impression,2026-04-01T17:58:55,A06,0.482
U0181,81,impression,2026-04-01T17:57:31,A06,0.421
U0181,52,impression,2026-04-01T17:57:45,A06,0.472
U0181,107,impression,2026-04-01T17:57:22,A06,0.03
U0181,60,impression,2026-04-01T18:00:19,A06,0.054
U0181,100,impression,2026-04-01T17:57:02,A06,0.017
U0181,77,impression,2026-04-01T18:00:18,A06,0.528
U0181,52,impression,2026-03-24T17:47:11,A06,0.467
U0181,52,click,2026-03-24T17:47:20,A06,0.467
U0181,35,impression,2026-03-24T17:49:45,A06,0.443
U0181,35,click,2026-03-24T17:50:15,A06,0.443
U0181,98,impression,2026-03-24T17:47:53,A06,0.427
U0181,58,impression,2026-03-24T17:47:40,A06,0.051
U0181,39,impression,2026-03-24T17:46:13,A06,0.45
U0181,108,impression,2026-03-24T17:49:28,A06,0.068
U0181,108,click,2026-03-24T17:49:50,A06,0.068
U0181,40,impression,2026-03-24T17:46:56,A06,0.102
U0181,97,impression,2026-03-24T17:47:39,A06,0.56
U0181,97,click,2026-03-24T17:47:59,A06,0.56
U0181,97,save,2026-03-24T17:47:59,A06,0.56
U0181,57,impression,2026-03-24T17:49:19,A06,0.08
U0181,30,impression,2026-04-09T15:18:39,A06,0.42
U0181,82,impression,2026-04-09T15:18:54,A06,0.049
U0181,84,impression,2026-04-09T15:15:57,A06,0.536
U0181,42,impression,2026-04-09T15:16:11,A06,0.092
U0181,42,click,2026-04-09T15:16:27,A06,0.092
U0181,42,save,2026-04-09T15:16:27,A06,0.092
U0181,107,impression,2026-04-09T15:17:52,A06,0.076
U0181,37,impression,2026-04-09T15:16:38,A06,0.487
U0181,43,impression,2026-04-09T15:19:11,A06,0.067
U0181,81,impression,2026-04-09T15:18:29,A06,0.466
U0181,81,click,2026-04-09T15:18:53,A06,0.466
U0181,52,impression,2026-04-09T15:15:40,A06,0.456
U0181,27,impression,2026-04-09T15:17:01,A06,0.471
U0181,27,click,2026-04-09T15:17:29,A06,0.471
U0181,73,impression,2026-04-09T15:17:12,A06,0.061
U0181,32,impression,2026-04-09T15:18:33,A06,0.494
U0181,32,click,2026-04-09T15:18:47,A06,0.494
U0181,32,impression,2026-04-08T20:13:03,A06,0.493
U0181,61,impression,2026-04-08T20:14:03,A06,0.01
U0181,34,impression,2026-04-08T20:16:49,A06,0.438
U0181,30,impression,2026-04-08T20:12:07,A06,0.411
U0181,109,impression,2026-04-08T20:16:10,A06,0.015
U0181,77,impression,2026-03-26T14:35:28,A06,0.496
U0181,77,click,2026-03-26T14:35:58,A06,0.496
U0181,42,impression,2026-03-26T14:38:20,A06,0.011
U0181,86,impression,2026-03-26T14:35:34,A06,0.07
U0181,35,impression,2026-03-26T14:35:57,A06,0.486
U0181,27,impression,2026-03-26T14:39:27,A06,0.419
U0181,101,impression,2026-03-26T14:39:36,A06,0.037
U0181,87,impression,2026-03-26T14:40:00,A06,-0.022
U0181,24,impression,2026-03-26T14:38:31,A06,0.451
U0181,97,impression,2026-03-26T14:38:47,A06,0.529
U0181,39,impression,2026-04-02T10:33:01,A06,0.485
U0181,39,click,2026-04-02T10:33:03,A06,0.485
U0181,97,impression,2026-04-02T10:31:53,A06,0.537
U0181,97,click,2026-04-02T10:32:07,A06,0.537
U0181,36,impression,2026-04-02T10:29:41,A06,0.492
U0181,75,impression,2026-04-02T10:33:34,A06,0.105
U0181,81,impression,2026-04-02T10:32:17,A06,0.467
U0181,93,impression,2026-04-02T10:32:08,A06,0.106
U0181,35,impression,2026-04-02T10:33:53,A06,0.42
U0181,35,click,2026-04-02T10:34:12,A06,0.42
U0181,89,impression,2026-04-02T10:31:22,A06,0.019
U0181,77,impression,2026-04-02T10:30:26,A06,0.443
U0181,77,click,2026-04-02T10:30:34,A06,0.443
U0181,31,impression,2026-04-02T10:33:35,A06,0.446
U0181,105,impression,2026-04-02T10:30:29,A06,0.031
U0181,53,impression,2026-04-02T10:29:38,A06,0.086
U0182,48,impression,2026-02-03T13:25:56,A07,0.058
U0182,74,impression,2026-02-03T13:28:52,A07,0.7
U0182,74,click,2026-02-03T13:29:02,A07,0.7
U0182,73,impression,2026-02-03T13:28:16,A07,0.69
U0182,73,click,2026-02-03T13:28:45,A07,0.69
U0182,69,impression,2026-02-03T13:24:21,A07,0.654
U0182,79,impression,2026-02-03T13:26:31,A07,0.069
U0182,99,impression,2026-02-03T13:27:34,A07,0.689
U0182,99,click,2026-02-03T13:27:49,A07,0.689
U0182,94,impression,2026-02-03T13:28:01,A07,0.016
U0182,73,impression,2026-02-01T18:40:50,A07,0.725
U0182,31,impression,2026-02-01T18:40:23,A07,0.015
U0182,90,impression,2026-02-01T18:40:08,A07,0.079
U0182,69,impression,2026-02-01T18:39:17,A07,0.668
U0182,69,click,2026-02-01T18:39:18,A07,0.668
U0182,108,impression,2026-02-01T18:41:55,A07,0.576
U0182,95,impression,2026-02-01T18:39:28,A07,0.012
U0182,43,impression,2026-03-11T13:08:47,A07,0.092
U0182,59,impression,2026-03-11T13:06:44,A07,0.56
U0182,59,click,2026-03-11T13:06:45,A07,0.56
U0182,67,impression,2026-03-11T13:07:20,A07,0.428
U0182,62,impression,2026-03-11T13:07:53,A07,0.493
U0182,62,click,2026-03-11T13:08:15,A07,0.493
U0182,82,impression,2026-03-11T13:08:25,A07,0.083
U0182,85,impression,2026-03-11T13:05:12,A07,0.509
U0182,85,click,2026-03-11T13:05:27,A07,0.509
U0182,88,impression,2026-03-11T13:08:11,A07,0.552
U0182,102,impression,2026-03-11T13:07:12,A07,0.102
U0182,75,impression,2026-03-11T13:05:44,A07,0.705
U0182,95,impression,2026-03-11T13:06:30,A07,0.038
U0182,108,impression,2026-02-20T15:42:05,A07,0.544
U0182,92,impression,2026-02-20T15:45:46,A07,0.072
U0182,77,impression,2026-02-20T15:43:57,A07,-0.036
U0182,82,impression,2026-02-20T15:45:11,A07,0.077
U0182,64,impression,2026-02-20T15:41:55,A07,0.031
U0182,72,impression,2026-02-20T15:45:31,A07,0.537
U0182,78,impression,2026-02-20T15:41:34,A07,0.036
U0182,94,impression,2026-02-20T15:45:04,A07,0.066
U0182,93,impression,2026-02-20T15:44:47,A07,0.614
U0182,60,impression,2026-02-20T15:45:59,A07,0.568
U0182,67,impression,2026-02-20T15:41:09,A07,0.452
U0182,67,click,2026-02-20T15:41:26,A07,0.452
U0182,88,impression,2026-02-20T15:42:31,A07,0.615
U0182,85,impression,2026-02-20T15:44:34,A07,0.577
U0182,63,impression,2026-03-25T19:34:58,A07,0.656
U0182,24,impression,2026-03-25T19:34:32,A07,0.019
U0182,80,impression,2026-03-25T19:35:59,A07,0.497
U0182,108,impression,2026-03-25T19:38:16,A07,0.503
U0182,76,impression,2026-03-25T19:34:24,A07,0.058
U0182,22,impression,2026-03-25T19:37:40,A07,0.093
U0182,71,impression,2026-03-25T19:34:55,A07,0.133
U0182,75,impression,2026-03-25T19:37:29,A07,0.675
U0182,65,impression,2026-03-25T19:34:52,A07,0.038
U0182,85,impression,2026-03-25T19:36:59,A07,0.57
U0182,98,impression,2026-03-25T19:37:57,A07,0.071
U0182,72,impression,2026-03-25T19:36:51,A07,0.59
U0182,61,impression,2026-03-25T19:35:34,A07,0.657
U0182,101,impression,2026-02-10T20:11:57,A07,0.026
U0182,67,impression,2026-02-10T20:08:41,A07,0.388
U0182,85,impression,2026-02-10T20:08:42,A07,0.496
U0182,48,impression,2026-02-10T20:08:26,A07,0.07
U0182,48,click,2026-02-10T20:08:51,A07,0.07
U0182,95,impression,2026-02-10T20:10:41,A07,0.107
U0182,99,impression,2026-02-10T20:11:48,A07,0.683
U0182,61,impression,2026-02-10T20:09:50,A07,0.595
U0182,61,click,2026-02-10T20:09:56,A07,0.595
U0182,80,impression,2026-02-10T20:08:33,A07,0.509
U0182,81,impression,2026-02-10T20:10:03,A07,0.147
U0182,108,impression,2026-04-16T21:49:38,A07,0.566
U0182,108,click,2026-04-16T21:49:42,A07,0.566
U0182,67,impression,2026-04-16T21:47:13,A07,0.385
U0182,22,impression,2026-04-16T21:50:28,A07,0.04
U0182,74,impression,2026-04-16T21:46:14,A07,0.706
U0182,73,impression,2026-04-16T21:46:14,A07,0.688
U0182,106,impression,2026-04-16T21:47:41,A07,0.057
U0182,72,impression,2026-04-16T21:47:15,A07,0.572
U0182,57,impression,2026-04-16T21:49:27,A07,0.053
U0182,84,impression,2026-04-16T21:50:32,A07,0.043
U0183,106,impression,2026-02-23T13:18:13,A07,0.079
U0183,61,impression,2026-02-23T13:17:37,A07,0.588
U0183,58,impression,2026-02-23T13:18:10,A07,0.02
U0183,85,impression,2026-02-23T13:17:40,A07,0.541
U0183,85,click,2026-02-23T13:17:57,A07,0.541
U0183,72,impression,2026-02-23T13:20:18,A07,0.574
U0183,80,impression,2026-02-23T13:18:57,A07,0.507
U0183,26,impression,2026-02-23T13:21:35,A07,0.01
U0183,40,impression,2026-02-23T13:21:03,A07,0.055
U0183,60,impression,2026-02-23T13:17:23,A07,0.551
U0183,60,click,2026-02-23T13:17:29,A07,0.551
U0183,107,impression,2026-04-02T12:22:06,A07,0.082
U0183,63,impression,2026-04-02T12:22:40,A07,0.645
U0183,57,impression,2026-04-02T12:21:36,A07,0.027
U0183,72,impression,2026-04-02T12:20:54,A07,0.518
U0183,68,impression,2026-04-02T12:22:39,A07,0.071
U0183,69,impression,2026-04-02T12:18:47,A07,0.597
U0183,51,impression,2026-04-02T12:18:40,A07,0.078
U0183,91,impression,2026-04-02T12:21:07,A07,0.06
U0183,62,impression,2026-04-02T12:22:26,A07,0.54
U0183,62,click,2026-04-02T12:22:46,A07,0.54
U0183,61,impression,2026-04-02T12:19:01,A07,0.618
U0183,61,click,2026-04-02T12:19:06,A07,0.618
U0183,108,impression,2026-04-02T12:21:31,A07,0.537
U0183,74,impression,2026-04-02T12:22:15,A07,0.656
U0183,31,impression,2026-02-24T22:54:06,A07,0.047
U0183,94,impression,2026-02-24T22:55:31,A07,0.049
U0183,73,impression,2026-02-24T22:56:39,A07,0.723
U0183,72,impression,2026-02-24T22:55:23,A07,0.547
U0183,36,impression,2026-02-24T22:56:10,A07,0.063
U0183,71,impression,2026-02-24T22:53:06,A07,0.161
U0183,63,impression,2026-02-24T22:55:57,A07,0.571
U0183,75,impression,2026-02-24T22:57:03,A07,0.684
U0183,75,click,2026-02-24T22:57:10,A07,0.684
U0183,80,impression,2026-02-24T22:53:17,A07,0.537
U0183,85,impression,2026-04-04T19:04:59,A07,0.563
U0183,53,impression,2026-04-04T19:06:16,A07,0.05
U0183,105,impression,2026-04-04T19:06:02,A07,0.076
U0183,108,impression,2026-04-04T19:08:57,A07,0.504
U0183,94,impression,2026-04-04T19:04:37,A07,0.013
U0183,80,impression,2026-04-04T19:08:20,A07,0.576
U0183,101,impression,2026-04-04T19:04:02,A07,0.079
U0183,63,impression,2026-04-04T19:05:31,A07,0.657
U0183,63,click,2026-04-04T19:05:33,A07,0.657
U0183,88,impression,2026-04-04T19:08:37,A07,0.532
U0183,60,impression,2026-04-04T19:07:03,A07,0.548
U0183,43,impression,2026-04-04T19:08:30,A07,0.087
U0183,24,impression,2026-04-04T19:07:37,A07,0.013
U0183,59,impression,2026-04-04T19:04:59,A07,0.575
U0183,61,impression,2026-04-04T19:04:47,A07,0.572
U0183,85,impression,2026-04-10T11:17:40,A07,0.585
U0183,85,click,2026-04-10T11:17:41,A07,0.585
U0183,62,impression,2026-04-10T11:18:36,A07,0.495
U0183,72,impression,2026-04-10T11:19:21,A07,0.524
U0183,80,impression,2026-04-10T11:17:04,A07,0.585
U0183,71,impression,2026-04-10T11:16:31,A07,0.168
U0183,26,impression,2026-04-10T11:18:58,A07,0.079
U0183,60,impression,2026-04-10T11:16:45,A07,0.581
U0183,99,impression,2026-04-10T11:18:11,A07,0.744
U0183,90,impression,2026-04-10T11:18:40,A07,0.074
U0183,86,impression,2026-04-10T11:20:34,A07,0.04
U0183,74,impression,2026-04-10T11:18:10,A07,0.697
U0183,30,impression,2026-04-10T11:17:01,A07,0.096
U0183,50,impression,2026-04-06T13:04:10,A07,0.061
U0183,108,impression,2026-04-06T13:04:03,A07,0.492
U0183,108,click,2026-04-06T13:04:29,A07,0.492
U0183,59,impression,2026-04-06T13:04:37,A07,0.505
U0183,88,impression,2026-04-06T13:03:38,A07,0.537
U0183,37,impression,2026-04-06T13:01:12,A07,0.1
U0183,60,impression,2026-02-27T20:17:59,A07,0.494
U0183,99,impression,2026-02-27T20:16:02,A07,0.735
U0183,98,impression,2026-02-27T20:17:17,A07,0.048
U0183,75,impression,2026-02-27T20:16:50,A07,0.725
U0183,87,impression,2026-02-27T20:17:34,A07,-0.014
U0183,67,impression,2026-02-27T20:17:26,A07,0.438
U0183,67,click,2026-02-27T20:17:39,A07,0.438
U0183,63,impression,2026-02-27T20:16:55,A07,0.609
U0183,63,click,2026-02-27T20:17:06,A07,0.609
U0183,102,impression,2026-02-27T20:19:29,A07,0.045
U0183,38,impression,2026-02-27T20:19:06,A07,0.012
U0183,40,impression,2026-03-16T16:23:43,A07,0.049
U0183,40,click,2026-03-16T16:24:05,A07,0.049
U0183,47,impression,2026-03-16T16:24:07,A07,0.034
U0183,62,impression,2026-03-16T16:23:32,A07,0.581
U0183,73,impression,2026-03-16T16:23:38,A07,0.705
U0183,73,click,2026-03-16T16:23:46,A07,0.705
U0183,69,impression,2026-03-16T16:23:45,A07,0.598
U0183,51,impression,2026-03-16T16:24:49,A07,0.017
U0184,91,impression,2026-02-05T10:06:34,A08,0.012
U0184,104,impression,2026-02-05T10:03:00,A08,0.182
U0184,95,impression,2026-02-05T10:03:59,A08,0.572
U0184,100,impression,2026-02-05T10:06:18,A08,0.552
U0184,100,click,2026-02-05T10:06:30,A08,0.552
U0184,88,impression,2026-02-05T10:07:44,A08,-0.035
U0184,33,impression,2026-02-05T10:03:44,A08,0.068
U0184,55,impression,2026-02-05T10:05:40,A08,0.749
U0184,90,impression,2026-02-05T10:06:04,A08,0.6
U0184,56,impression,2026-02-05T10:07:59,A08,0.434
U0184,53,impression,2026-02-05T10:04:41,A08,0.512
U0184,46,impression,2026-02-05T10:05:14,A08,0.025
U0184,67,impression,2026-02-18T17:42:03,A08,0.033
U0184,55,impression,2026-02-18T17:42:59,A08,0.67
U0184,90,impression,2026-02-18T17:44:42,A08,0.636
U0184,105,impression,2026-02-18T17:42:05,A08,0.607
U0184,105,click,2026-02-18T17:42:15,A08,0.607
U0184,50,impression,2026-02-18T17:44:19,A08,0.096
U0184,109,impression,2026-02-18T17:42:28,A08,0.494
U0184,95,impression,2026-02-18T17:42:02,A08,0.661
U0184,77,impression,2026-02-18T17:41:35,A08,0.124
U0184,54,impression,2026-02-18T17:43:51,A08,0.509
U0184,59,impression,2026-02-18T17:43:46,A08,0.091
U0184,56,impression,2026-02-18T17:40:24,A08,0.431
U0184,101,impression,2026-02-18T17:41:36,A08,0.094
U0184,53,impression,2026-02-18T17:40:40,A08,0.586
U0184,82,impression,2026-02-18T17:44:02,A08,0.019
U0184,56,impression,2026-04-04T16:44:43,A08,0.46
U0184,45,impression,2026-04-04T16:42:54,A08,0.109
U0184,26,impression,2026-04-04T16:46:17,A08,0.071
U0184,53,impression,2026-04-04T16:42:09,A08,0.543
U0184,63,impression,2026-04-04T16:42:07,A08,0.013
U0184,54,impression,2026-04-04T16:44:02,A08,0.419
U0184,54,click,2026-04-04T16:44:29,A08,0.419
U0184,105,impression,2026-02-16T13:56:25,A08,0.608
U0184,54,impression,2026-02-16T13:54:38,A08,0.484
U0184,95,impression,2026-02-16T13:52:50,A08,0.627
U0184,32,impression,2026-02-16T13:56:39,A08,0.079
U0184,109,impression,2026-02-16T13:55:23,A08,0.43
U0184,53,impression,2026-02-16T13:55:46,A08,0.552
U0184,43,impression,2026-02-16T13:52:53,A08,0.098
U0184,96,impression,2026-02-16T13:53:00,A08,0.456
U0184,103,impression,2026-02-16T13:52:07,A08,0.08
U0184,72,impression,2026-02-16T13:53:54,A08,0.089
U0184,106,impression,2026-02-16T13:55:12,A08,0.099
U0184,83,impression,2026-02-16T13:56:00,A08,0.502
U0184,36,impression,2026-02-16T13:56:57,A08,0.09
U0184,95,impression,2026-02-10T11:26:43,A08,0.614
U0184,90,impression,2026-02-10T11:28:11,A08,0.661
U0184,105,impression,2026-02-10T11:28:19,A08,0.591
U0184,105,click,2026-02-10T11:28:48,A08,0.591
U0184,105,cart_add,2026-02-10T11:29:45,A08,0.591
U0184,83,impression,2026-02-10T11:26:07,A08,0.503
U0184,43,impression,2026-02-10T11:25:54,A08,0.034
U0184,109,impression,2026-02-10T11:26:24,A08,0.438
U0184,54,impression,2026-02-10T11:25:29,A08,0.503
U0184,85,impression,2026-02-10T11:27:27,A08,0.066
U0184,104,impression,2026-02-10T11:27:48,A08,0.135
U0184,86,impression,2026-02-10T11:27:08,A08,0.092
U0184,24,impression,2026-02-10T11:27:04,A08,0.05
U0184,69,impression,2026-03-31T12:09:20,A08,0.108
U0184,56,impression,2026-03-31T12:10:50,A08,0.492
U0184,53,impression,2026-03-31T12:12:15,A08,0.577
U0184,109,impression,2026-03-31T12:08:28,A08,0.486
U0184,94,impression,2026-03-31T12:12:15,A08,0.064
U0184,84,impression,2026-03-31T12:12:58,A08,0.013
U0185,26,impression,2026-03-26T11:14:41,A01,0.471
U0185,97,impression,2026-03-26T11:14:11,A01,0.448
U0185,97,click,2026-03-26T11:14:23,A01,0.448
U0185,37,impression,2026-03-26T11:14:08,A01,0.096
U0185,102,impression,2026-03-26T11:15:20,A01,0.183
U0185,59,impression,2026-03-26T11:12:05,A01,0.588
U0185,63,impression,2026-03-26T11:16:46,A01,0.048
U0185,70,impression,2026-03-26T11:14:06,A01,0.656
U0185,70,click,2026-03-26T11:14:10,A01,0.656
U0185,85,impression,2026-03-26T11:12:31,A01,0.612
U0185,85,click,2026-03-26T11:12:59,A01,0.612
U0185,95,impression,2026-03-26T11:12:56,A01,0.022
U0185,95,click,2026-03-26T11:13:22,A01,0.022
U0185,67,impression,2026-03-26T11:13:21,A01,0.46
U0185,80,impression,2026-03-26T11:12:40,A01,0.495
U0185,71,impression,2026-03-26T11:16:41,A01,0.097
U0185,98,impression,2026-03-26T11:13:16,A01,0.588
U0185,98,click,2026-03-26T11:13:24,A01,0.588
U0185,98,save,2026-03-26T11:13:24,A01,0.588
U0185,81,impression,2026-03-26T11:12:16,A01,0.61
U0185,47,impression,2026-03-26T11:14:39,A01,0.029
U0185,86,impression,2026-02-12T16:17:34,A01,0.052
U0185,26,impression,2026-02-12T16:18:30,A01,0.419
U0185,60,impression,2026-02-12T16:16:40,A01,0.492
U0185,77,impression,2026-02-12T16:18:30,A01,0.378
U0185,74,impression,2026-02-12T16:17:50,A01,0.221
U0185,74,click,2026-02-12T16:18:05,A01,0.221
U0185,88,impression,2026-02-12T16:17:42,A01,-0.012
U0185,78,impression,2026-02-12T16:19:50,A01,0.01
U0185,103,impression,2026-02-12T16:18:23,A01,0.447
U0185,80,impression,2026-02-12T16:18:21,A01,0.492
U0185,107,impression,2026-03-27T22:51:38,A01,0.163
U0185,36,impression,2026-03-27T22:54:13,A01,0.038
U0185,26,impression,2026-03-27T22:53:11,A01,0.47
U0185,103,impression,2026-03-27T22:51:50,A01,0.45
U0185,99,impression,2026-03-27T22:54:53,A01,0.11
U0185,106,impression,2026-03-27T22:55:58,A01,0.013
U0185,98,impression,2026-03-27T22:53:23,A01,0.507
U0185,44,impression,2026-03-27T22:55:24,A01,0.034
U0185,81,impression,2026-03-27T22:51:13,A01,0.592
U0185,58,impression,2026-03-27T22:55:54,A01,0.466
U0185,80,impression,2026-03-27T22:54:05,A01,0.555
U0185,80,click,2026-03-27T22:54:25,A01,0.555
U0185,80,save,2026-03-27T22:54:25,A01,0.555
U0185,83,impression,2026-03-27T22:55:50,A01,0.031
U0185,27,impression,2026-03-27T22:53:04,A01,0.494
U0185,60,impression,2026-03-27T22:52:05,A01,0.57
U0185,46,impression,2026-03-27T22:52:08,A01,0.665
U0185,49,impression,2026-03-27T14:33:02,A01,0.053
U0185,92,impression,2026-03-27T14:32:48,A01,0.421
U0185,27,impression,2026-03-27T14:32:27,A01,0.499
U0185,40,impression,2026-03-27T14:35:12,A01,0.022
U0185,73,impression,2026-03-27T14:34:24,A01,0.219
U0185,103,impression,2026-03-27T14:34:43,A01,0.482
U0185,103,click,2026-03-27T14:35:03,A01,0.482
U0185,85,impression,2026-02-19T19:02:38,A01,0.613
U0185,63,impression,2026-02-19T19:00:39,A01,0.082
U0185,42,impression,2026-02-19T18:58:11,A01,0.08
U0185,54,impression,2026-02-19T18:58:14,A01,0.082
U0185,59,impression,2026-02-19T19:01:48,A01,0.58
U0185,103,impression,2026-02-19T19:01:39,A01,0.419
U0185,68,impression,2026-02-19T19:02:35,A01,0.463
U0185,68,click,2026-02-19T19:02:53,A01,0.463
U0186,72,impression,2026-04-12T11:55:44,A13,0.714
U0186,21,impression,2026-04-12T11:53:23,A13,0.024
U0186,108,impression,2026-04-12T11:53:10,A13,0.424
U0186,39,impression,2026-04-12T11:53:42,A13,0.096
U0186,98,impression,2026-04-12T11:53:49,A13,0.177
U0186,62,impression,2026-04-12T11:53:21,A13,0.485
U0186,58,impression,2026-02-14T13:21:46,A13,0.038
U0186,73,impression,2026-02-14T13:23:19,A13,0.601
U0186,73,click,2026-02-14T13:23:20,A13,0.601
U0186,74,impression,2026-02-14T13:21:17,A13,0.637
U0186,97,impression,2026-02-14T13:23:59,A13,0.122
U0186,108,impression,2026-02-14T13:22:05,A13,0.468
U0186,106,impression,2026-02-14T13:25:35,A13,0.094
U0186,93,impression,2026-02-14T13:24:11,A13,0.518
U0186,93,click,2026-02-14T13:24:30,A13,0.518
U0186,45,impression,2026-04-12T19:45:03,A13,0.054
U0186,67,impression,2026-04-12T19:48:40,A13,0.547
U0186,99,impression,2026-04-12T19:48:25,A13,0.507
U0186,99,click,2026-04-12T19:48:30,A13,0.507
U0186,70,impression,2026-04-12T19:46:01,A13,0.183
U0186,70,click,2026-04-12T19:46:26,A13,0.183
U0186,60,impression,2026-04-12T19:48:46,A13,0.575
U0186,24,impression,2026-04-12T19:44:10,A13,0.061
U0186,92,impression,2026-04-12T19:44:02,A13,0.074
U0186,69,impression,2026-04-12T19:45:33,A13,0.621
U0186,69,click,2026-04-12T19:45:35,A13,0.621
U0186,74,impression,2026-04-12T19:44:58,A13,0.588
U0186,74,click,2026-04-12T19:45:21,A13,0.588
U0186,108,impression,2026-04-12T19:46:56,A13,0.424
U0186,73,impression,2026-04-12T19:44:41,A13,0.619
U0186,73,click,2026-04-12T19:45:05,A13,0.619
U0186,89,impression,2026-04-12T19:49:00,A13,0.033
U0186,105,impression,2026-04-12T19:45:25,A13,0.068
U0186,61,impression,2026-04-12T19:45:25,A13,0.412
U0186,61,click,2026-04-12T19:45:45,A13,0.412
U0186,74,impression,2026-03-19T22:29:25,A13,0.649
U0186,109,impression,2026-03-19T22:30:15,A13,0.064
U0186,69,impression,2026-03-19T22:33:21,A13,0.571
U0186,67,impression,2026-03-19T22:33:59,A13,0.516
U0186,108,impression,2026-03-19T22:29:25,A13,0.468
U0186,75,impression,2026-03-19T22:32:03,A13,0.582
U0186,75,click,2026-03-19T22:32:09,A13,0.582
U0186,52,impression,2026-03-19T22:32:16,A13,0.052
U0186,25,impression,2026-03-19T22:33:53,A13,0.007
U0186,90,impression,2026-03-19T22:31:28,A13,0.082
U0186,80,impression,2026-03-19T22:29:52,A13,0.662
U0186,45,impression,2026-03-19T22:33:58,A13,0.021
U0186,44,impression,2026-03-19T22:31:31,A13,0.033
U0186,93,impression,2026-03-19T22:33:10,A13,0.54
U0186,93,click,2026-03-19T22:33:15,A13,0.54
U0186,62,impression,2026-03-19T22:29:10,A13,0.49
U0186,80,impression,2026-02-19T14:41:59,A13,0.575
U0186,74,impression,2026-02-19T14:38:42,A13,0.63
U0186,91,impression,2026-02-19T14:38:24,A13,0.035
U0186,99,impression,2026-02-19T14:41:25,A13,0.509
U0186,98,impression,2026-02-19T14:39:16,A13,0.18
U0186,71,impression,2026-02-19T14:39:31,A13,0.183
U0186,72,impression,2026-02-19T14:40:53,A13,0.651
U0186,61,impression,2026-02-19T14:40:44,A13,0.419
U0186,32,impression,2026-02-19T14:42:38,A13,0.082
U0186,93,impression,2026-02-19T14:40:06,A13,0.533
U0186,106,impression,2026-02-19T14:40:19,A13,0.021
U0186,67,impression,2026-02-19T14:38:28,A13,0.514
U0186,89,impression,2026-02-19T14:40:35,A13,-0.019
U0186,62,impression,2026-02-19T14:38:59,A13,0.5
U0186,62,click,2026-02-19T14:39:28,A13,0.5
U0186,83,impression,2026-03-16T18:20:50,A13,0.08
U0186,69,impression,2026-03-16T18:16:55,A13,0.659
U0186,69,click,2026-03-16T18:17:09,A13,0.659
U0186,52,impression,2026-03-16T18:18:18,A13,0.037
U0186,85,impression,2026-03-16T18:18:15,A13,0.688
U0186,75,impression,2026-03-16T18:18:40,A13,0.627
U0186,75,click,2026-03-16T18:18:57,A13,0.627
U0186,99,impression,2026-03-16T18:20:56,A13,0.502
U0186,93,impression,2026-03-16T18:18:49,A13,0.555
U0186,49,impression,2026-03-16T18:19:50,A13,0.017
U0186,84,impression,2026-03-16T18:18:02,A13,0.125
U0186,61,impression,2026-03-16T18:16:20,A13,0.466
U0186,89,impression,2026-03-16T18:18:18,A13,0.065
U0186,60,impression,2026-03-16T18:20:33,A13,0.641
U0186,96,impression,2026-03-16T18:18:25,A13,0.03
U0186,72,impression,2026-03-16T18:16:23,A13,0.655
U0186,69,impression,2026-02-09T09:03:48,A13,0.641
U0186,60,impression,2026-02-09T09:04:54,A13,0.604
U0186,74,impression,2026-02-09T09:03:40,A13,0.636
U0186,74,click,2026-02-09T09:03:57,A13,0.636
U0186,74,save,2026-02-09T09:03:57,A13,0.636
U0186,75,impression,2026-02-09T09:04:54,A13,0.581
U0186,75,click,2026-02-09T09:05:14,A13,0.581
U0186,47,impression,2026-02-09T09:02:46,A13,0.09
U0186,108,impression,2026-02-09T09:00:13,A13,0.493
U0186,84,impression,2026-02-09T09:04:15,A13,0.123
U0186,105,impression,2026-02-09T09:03:02,A13,0.037
U0186,72,impression,2026-02-09T09:01:36,A13,0.67
U0186,72,click,2026-02-09T09:01:48,A13,0.67
U0186,33,impression,2026-02-09T09:02:50,A13,0.049
U0186,50,impression,2026-02-09T09:02:05,A13,0.066
U0186,72,impression,2026-04-01T17:06:41,A13,0.668
U0186,93,impression,2026-04-01T17:07:51,A13,0.494
U0186,93,click,2026-04-01T17:08:12,A13,0.494
U0186,74,impression,2026-04-01T17:07:05,A13,0.644
U0186,74,click,2026-04-01T17:07:28,A13,0.644
U0186,21,impression,2026-04-01T17:06:58,A13,0.063
U0186,102,impression,2026-04-01T17:06:59,A13,0.164
U0186,38,impression,2026-04-01T17:09:34,A13,0.054
U0186,108,impression,2026-04-01T17:06:48,A13,0.446
U0187,25,impression,2026-04-06T22:19:11,A10,0.103
U0187,35,impression,2026-04-06T22:19:34,A10,0.445
U0187,43,impression,2026-04-06T22:20:00,A10,0.534
U0187,43,click,2026-04-06T22:20:13,A10,0.534
U0187,43,save,2026-04-06T22:20:13,A10,0.534
U0187,66,impression,2026-04-06T22:17:09,A10,0.1
U0187,27,impression,2026-04-06T22:19:15,A10,0.087
U0187,27,click,2026-04-06T22:19:44,A10,0.087
U0187,86,impression,2026-04-06T22:19:33,A10,0.68
U0187,86,click,2026-04-06T22:19:52,A10,0.68
U0187,76,impression,2026-04-06T22:18:14,A10,0.502
U0187,103,impression,2026-04-06T22:19:06,A10,0.052
U0187,52,impression,2026-04-06T22:20:53,A10,0.493
U0187,65,impression,2026-02-28T21:37:29,A10,-0.012
U0187,69,impression,2026-02-28T21:38:59,A10,0.054
U0187,50,impression,2026-02-28T21:40:35,A10,0.523
U0187,76,impression,2026-02-28T21:37:52,A10,0.415
U0187,104,impression,2026-02-28T21:40:55,A10,0.589
U0187,104,click,2026-02-28T21:41:20,A10,0.589
U0187,53,impression,2026-02-28T21:38:57,A10,0.656
U0187,52,impression,2026-02-28T21:37:00,A10,0.5
U0187,52,click,2026-02-28T21:37:21,A10,0.5
U0187,30,impression,2026-02-28T21:39:51,A10,0.452
U0187,98,impression,2026-02-28T21:38:44,A10,0.094
U0187,66,impression,2026-02-28T21:37:50,A10,0.107
U0187,36,impression,2026-02-28T21:39:13,A10,0.476
U0187,91,impression,2026-02-28T21:37:02,A10,0.448
U0187,91,click,2026-02-28T21:37:29,A10,0.448
U0187,61,impression,2026-02-28T21:38:07,A10,0.075
U0187,24,impression,2026-02-28T21:37:26,A10,0.181
U0187,86,impression,2026-02-28T21:38:54,A10,0.736
U0187,86,click,2026-02-28T21:39:21,A10,0.736
U0187,105,impression,2026-04-02T20:21:31,A10,0.044
U0187,101,impression,2026-04-02T20:22:32,A10,0.432
U0187,101,click,2026-04-02T20:22:59,A10,0.432
U0187,86,impression,2026-04-02T20:20:38,A10,0.696
U0187,73,impression,2026-04-02T20:21:12,A10,0.088
U0187,33,impression,2026-04-02T20:21:01,A10,0.503
U0187,33,click,2026-04-02T20:21:11,A10,0.503
U0187,27,impression,2026-02-20T22:47:14,A10,0.114
U0187,96,impression,2026-02-20T22:45:44,A10,0.092
U0187,86,impression,2026-02-20T22:48:08,A10,0.745
U0187,86,click,2026-02-20T22:48:12,A10,0.745
U0187,63,impression,2026-02-20T22:46:39,A10,0.099
U0187,31,impression,2026-02-20T22:45:39,A10,0.465
U0187,94,impression,2026-02-20T22:47:35,A10,0.481
U0187,95,impression,2026-02-20T22:47:55,A10,0.56
U0187,54,impression,2026-02-20T22:48:43,A10,0.738
U0187,98,impression,2026-02-20T22:48:12,A10,0.103
U0187,62,impression,2026-02-20T22:48:51,A10,0.03
U0187,52,impression,2026-02-20T22:46:02,A10,0.42
U0187,43,impression,2026-02-20T22:47:36,A10,0.494
U0187,103,impression,2026-02-20T22:49:05,A10,0.079
U0187,51,impression,2026-02-20T22:48:47,A10,0.422
U0187,95,impression,2026-03-17T22:51:33,A10,0.582
U0187,95,click,2026-03-17T22:51:38,A10,0.582
U0187,38,impression,2026-03-17T22:51:04,A10,0.454
U0187,21,impression,2026-03-17T22:55:56,A10,0.507
U0187,21,click,2026-03-17T22:55:58,A10,0.507
U0187,64,impression,2026-03-17T22:52:04,A10,0.073
U0187,58,impression,2026-03-17T22:51:59,A10,0.105
U0187,74,impression,2026-03-17T22:53:05,A10,0.019
U0187,45,impression,2026-03-17T22:51:58,A10,0.418
U0187,45,click,2026-03-17T22:52:20,A10,0.418
U0187,40,impression,2026-03-17T22:53:49,A10,0.495
U0187,40,click,2026-03-17T22:54:19,A10,0.495
U0187,40,save,2026-03-17T22:54:19,A10,0.495
U0187,107,impression,2026-03-17T22:54:33,A10,0.573
U0187,55,impression,2026-03-17T22:53:57,A10,0.05
U0187,79,impression,2026-03-17T22:54:03,A10,0.03
U0187,75,impression,2026-03-17T22:52:32,A10,0.079
U0187,30,impression,2026-03-17T22:55:31,A10,0.487
U0187,30,click,2026-03-17T22:55:50,A10,0.487
U0187,35,impression,2026-03-17T22:53:54,A10,0.411
U0187,50,impression,2026-02-24T13:19:01,A10,0.524
U0187,50,click,2026-02-24T13:19:10,A10,0.524
U0187,54,impression,2026-02-24T13:17:33,A10,0.737
U0187,69,impression,2026-02-24T13:21:20,A10,0.051
U0187,101,impression,2026-02-24T13:21:38,A10,0.491
U0187,80,impression,2026-02-24T13:18:20,A10,0.022
U0187,91,impression,2026-02-24T13:19:16,A10,0.386
U0187,70,impression,2026-02-24T13:19:28,A10,0.073
U0187,107,impression,2026-02-24T13:19:34,A10,0.569
U0187,81,impression,2026-02-24T13:20:22,A10,0.038
U0187,22,impression,2026-02-24T13:19:38,A10,0.489
U0187,63,impression,2026-02-24T13:19:14,A10,0.043
U0187,76,impression,2026-02-24T13:20:57,A10,0.473
U0187,76,click,2026-02-24T13:21:21,A10,0.473
U0187,75,impression,2026-02-24T13:17:28,A10,0.048
U0187,75,impression,2026-03-01T12:53:45,A10,0.089
U0187,58,impression,2026-03-01T12:50:30,A10,0.077
U0187,32,impression,2026-03-01T12:53:55,A10,0.506
U0187,99,impression,2026-03-01T12:51:49,A10,0.034
U0187,101,impression,2026-03-01T12:51:22,A10,0.466
U0187,101,click,2026-03-01T12:51:38,A10,0.466
U0187,45,impression,2026-03-01T12:50:59,A10,0.431
U0187,53,impression,2026-03-01T12:54:58,A10,0.579
U0187,44,impression,2026-03-01T12:51:20,A10,0.545
U0187,57,impression,2026-03-01T12:50:42,A10,0.078
U0187,41,impression,2026-03-01T12:52:44,A10,0.562
U0187,41,click,2026-03-01T12:52:52,A10,0.562
U0187,63,impression,2026-03-01T12:52:44,A10,0.074
U0187,35,impression,2026-03-01T12:53:20,A10,0.446
U0187,93,impression,2026-03-01T12:50:44,A10,0.045
U0187,82,impression,2026-03-01T12:54:17,A10,0.423
U0187,38,impression,2026-03-25T11:05:48,A10,0.448
U0187,86,impression,2026-03-25T11:06:46,A10,0.676
U0187,86,click,2026-03-25T11:07:12,A10,0.676
U0187,86,save,2026-03-25T11:07:12,A10,0.676
U0187,94,impression,2026-03-25T11:04:37,A10,0.424
U0187,67,impression,2026-03-25T11:08:26,A10,0.157
U0187,53,impression,2026-03-25T11:08:46,A10,0.62
U0187,53,click,2026-03-25T11:08:49,A10,0.62
U0187,53,cart_add,2026-03-25T11:09:16,A10,0.62
U0187,69,impression,2026-03-25T11:08:43,A10,0.035
U0187,73,impression,2026-03-25T11:05:59,A10,0.072
U0187,73,click,2026-03-25T11:06:18,A10,0.072
U0187,77,impression,2026-03-25T11:04:20,A10,0.054
U0187,57,impression,2026-03-25T11:06:38,A10,0.105
U0187,47,impression,2026-03-25T11:07:38,A10,0.491
U0187,37,impression,2026-03-25T11:07:44,A10,0.488
U0187,37,click,2026-03-25T11:08:10,A10,0.488
U0187,41,impression,2026-03-25T11:05:43,A10,0.577
U0188,45,impression,2026-04-12T11:25:12,A03,0.483
U0188,45,click,2026-04-12T11:25:24,A03,0.483
U0188,87,impression,2026-04-12T11:26:53,A03,0.377
U0188,22,impression,2026-04-12T11:25:41,A03,0.478
U0188,80,impression,2026-04-12T11:27:39,A03,0.036
U0188,68,impression,2026-04-12T11:27:38,A03,0.057
U0188,47,impression,2026-04-12T11:27:42,A03,0.523
U0188,79,impression,2026-04-12T11:24:44,A03,0.012
U0188,30,impression,2026-04-12T11:25:01,A03,0.428
U0188,30,click,2026-04-12T11:25:25,A03,0.428
U0188,96,impression,2026-04-12T11:28:12,A03,0.105
U0188,62,impression,2026-04-12T11:26:57,A03,0.099
U0188,21,impression,2026-04-12T11:25:23,A03,0.508
U0188,21,click,2026-04-12T11:25:49,A03,0.508
U0188,45,impression,2026-04-12T22:24:56,A03,0.506
U0188,45,click,2026-04-12T22:25:20,A03,0.506
U0188,24,impression,2026-04-12T22:23:28,A03,0.066
U0188,70,impression,2026-04-12T22:24:30,A03,0.061
U0188,70,click,2026-04-12T22:24:31,A03,0.061
U0188,36,impression,2026-04-12T22:21:32,A03,0.504
U0188,76,impression,2026-04-12T22:22:39,A03,0.599
U0188,21,impression,2026-04-12T22:21:29,A03,0.413
U0188,83,impression,2026-04-12T22:23:37,A03,0.085
U0188,48,impression,2026-04-12T22:20:48,A03,0.435
U0188,71,impression,2026-04-12T22:21:59,A03,0.089
U0188,52,impression,2026-04-12T22:21:22,A03,0.492
U0189,68,impression,2026-02-18T09:02:22,A11,0.062
U0189,21,impression,2026-02-18T09:06:15,A11,0.487
U0189,41,impression,2026-02-18T09:06:22,A11,0.516
U0189,87,impression,2026-02-18T09:06:25,A11,0.456
U0189,90,impression,2026-02-18T09:04:58,A11,0.091
U0189,34,impression,2026-02-18T09:05:25,A11,0.468
U0189,37,impression,2026-02-18T09:03:08,A11,0.493
U0189,94,impression,2026-02-18T09:03:42,A11,0.104
U0189,45,impression,2026-02-18T09:02:17,A11,0.487
U0189,57,impression,2026-02-18T09:06:28,A11,0.05
U0189,55,impression,2026-02-18T09:06:04,A11,0.011
U0189,24,impression,2026-02-18T09:03:57,A11,0.479
U0189,24,click,2026-02-18T09:04:17,A11,0.479
U0189,109,impression,2026-02-18T09:02:51,A11,0.041
U0189,52,impression,2026-02-18T09:06:55,A11,0.5
U0189,52,click,2026-02-18T09:07:24,A11,0.5
U0189,77,impression,2026-02-18T09:05:14,A11,0.443
U0189,48,impression,2026-03-31T13:09:27,A11,0.419
U0189,50,impression,2026-03-31T13:09:10,A11,0.447
U0189,80,impression,2026-03-31T13:06:36,A11,0.024
U0189,44,impression,2026-03-31T13:10:27,A11,0.422
U0189,40,impression,2026-03-31T13:07:23,A11,0.459
U0189,73,impression,2026-03-31T13:08:19,A11,0.074
U0189,52,impression,2026-03-31T13:08:46,A11,0.43
U0189,52,click,2026-03-31T13:08:50,A11,0.43
U0189,52,cart_add,2026-03-31T13:09:37,A11,0.43
U0189,83,impression,2026-03-31T13:10:27,A11,0.103
U0189,38,impression,2026-03-31T13:08:17,A11,0.422
U0189,94,impression,2026-03-31T13:08:18,A11,0.087
U0189,65,impression,2026-03-31T13:07:06,A11,-0.032
U0189,105,impression,2026-02-11T19:31:44,A11,0.027
U0189,91,impression,2026-02-11T19:31:14,A11,0.499
U0189,26,impression,2026-02-11T19:29:04,A11,0.458
U0189,76,impression,2026-02-11T19:33:15,A11,0.413
U0189,76,click,2026-02-11T19:33:21,A11,0.413
U0189,95,impression,2026-02-11T19:31:17,A11,0.046
U0189,88,impression,2026-02-11T19:31:27,A11,-0.004
U0189,81,impression,2026-02-11T19:31:38,A11,0.012
U0189,43,impression,2026-02-11T19:30:28,A11,0.416
U0189,39,impression,2026-02-11T19:31:43,A11,0.658
U0189,59,impression,2026-03-10T15:29:58,A11,0.045
U0189,34,impression,2026-03-10T15:25:23,A11,0.496
U0189,77,impression,2026-03-10T15:25:10,A11,0.412
U0189,21,impression,2026-03-10T15:27:44,A11,0.505
U0189,106,impression,2026-03-10T15:29:16,A11,0.096
U0189,106,click,2026-03-10T15:29:21,A11,0.096
U0189,31,impression,2026-03-10T15:26:18,A11,0.473
U0189,76,impression,2026-03-10T15:26:07,A11,0.43
U0189,61,impression,2026-03-10T15:27:21,A11,0.065
U0189,102,impression,2026-03-10T15:27:30,A11,0.44
U0189,60,impression,2026-03-10T15:25:28,A11,0.056
U0189,67,impression,2026-03-10T15:25:41,A11,0.026
U0189,67,impression,2026-04-04T19:42:34,A11,0.039
U0189,67,click,2026-04-04T19:42:55,A11,0.039
U0189,51,impression,2026-04-04T19:40:17,A11,0.424
U0189,87,impression,2026-04-04T19:39:43,A11,0.428
U0189,87,click,2026-04-04T19:39:48,A11,0.428
U0189,105,impression,2026-04-04T19:42:23,A11,0.022
U0189,49,impression,2026-04-04T19:38:10,A11,0.45
U0189,49,click,2026-04-04T19:38:21,A11,0.45
U0189,22,impression,2026-04-04T19:39:29,A11,0.487
U0189,60,impression,2026-04-04T19:39:25,A11,0.025
U0190,26,impression,2026-03-12T13:11:22,A01,0.452
U0190,26,click,2026-03-12T13:11:41,A01,0.452
U0190,66,impression,2026-03-12T13:08:48,A01,0.061
U0190,49,impression,2026-03-12T13:09:15,A01,0.05
U0190,58,impression,2026-03-12T13:10:02,A01,0.501
U0190,64,impression,2026-03-12T13:10:42,A01,0.055
U0190,72,impression,2026-03-12T13:09:31,A01,0.638
U0190,72,click,2026-03-12T13:09:40,A01,0.638
U0190,37,impression,2026-03-12T13:11:48,A01,0.04
U0190,81,impression,2026-03-12T13:08:26,A01,0.593
U0190,25,impression,2026-03-12T13:12:12,A01,0.504
U0190,68,impression,2026-03-05T12:01:44,A01,0.462
U0190,98,impression,2026-03-05T11:59:14,A01,0.575
U0190,55,impression,2026-03-05T11:58:26,A01,0.085
U0190,31,impression,2026-03-05T12:02:41,A01,-0.02
U0190,53,impression,2026-03-05T12:01:52,A01,0.074
U0190,92,impression,2026-03-05T12:01:15,A01,0.505
U0190,79,impression,2026-03-05T12:02:19,A01,0.446
U0190,56,impression,2026-04-08T16:57:53,A01,0.048
U0190,68,impression,2026-04-08T17:01:28,A01,0.427
U0190,68,click,2026-04-08T17:01:52,A01,0.427
U0190,68,cart_add,2026-04-08T17:02:35,A01,0.427
U0190,85,impression,2026-04-08T17:01:36,A01,0.585
U0190,85,click,2026-04-08T17:01:55,A01,0.585
U0190,98,impression,2026-04-08T16:58:08,A01,0.506
U0190,31,impression,2026-04-08T16:57:59,A01,0.013
U0190,51,impression,2026-04-08T17:00:48,A01,0.082
U0190,79,impression,2026-04-08T16:57:11,A01,0.418
U0190,79,click,2026-04-08T16:57:26,A01,0.418
U0190,26,impression,2026-04-08T17:00:52,A01,0.479
U0190,92,impression,2026-04-08T16:59:06,A01,0.439
U0190,109,impression,2026-04-08T17:00:34,A01,0.014
U0190,55,impression,2026-04-08T16:59:32,A01,0.04
U0190,59,impression,2026-04-08T17:01:20,A01,0.63
U0190,85,impression,2026-02-06T21:45:09,A01,0.641
U0190,25,impression,2026-02-06T21:46:39,A01,0.425
U0190,25,click,2026-02-06T21:47:06,A01,0.425
U0190,81,impression,2026-02-06T21:46:37,A01,0.639
U0190,62,impression,2026-02-06T21:45:53,A01,0.037
U0190,23,impression,2026-02-06T21:46:52,A01,0.035
U0190,80,impression,2026-02-06T21:49:52,A01,0.583
U0190,72,impression,2026-02-06T21:47:18,A01,0.639
U0190,44,impression,2026-02-06T21:49:39,A01,0.061
U0190,49,impression,2026-02-06T21:49:15,A01,0.072
U0190,27,impression,2026-02-06T21:49:49,A01,0.457
U0190,71,impression,2026-02-06T21:46:30,A01,0.024
U0190,97,impression,2026-02-06T21:49:06,A01,0.423
U0190,22,impression,2026-04-17T12:02:05,A01,0.065
U0190,98,impression,2026-04-17T12:02:35,A01,0.555
U0190,85,impression,2026-04-17T12:00:11,A01,0.655
U0190,85,click,2026-04-17T12:00:20,A01,0.655
U0190,58,impression,2026-04-17T11:58:21,A01,0.445
U0190,58,click,2026-04-17T11:58:30,A01,0.445
U0190,55,impression,2026-04-17T12:00:45,A01,0.107
U0190,44,impression,2026-04-17T11:58:07,A01,0.056
U0190,72,impression,2026-04-17T11:58:23,A01,0.669
U0190,38,impression,2026-04-17T12:02:17,A01,0.024
U0190,59,impression,2026-04-17T11:58:08,A01,0.655
U0190,59,click,2026-04-17T11:58:29,A01,0.655
U0190,84,impression,2026-04-17T11:59:32,A01,0.582
U0190,27,impression,2026-04-17T12:01:10,A01,0.491
U0190,27,click,2026-04-17T12:01:32,A01,0.491
U0190,54,impression,2026-04-17T11:59:15,A01,0.059
U0190,31,impression,2026-04-17T12:00:16,A01,0.067
U0190,85,impression,2026-02-09T20:26:49,A01,0.665
U0190,88,impression,2026-02-09T20:24:31,A01,-0.001
U0190,101,impression,2026-02-09T20:25:58,A01,0.089
U0190,84,impression,2026-02-09T20:27:43,A01,0.555
U0190,57,impression,2026-02-09T20:28:10,A01,0.55
U0190,57,click,2026-02-09T20:28:33,A01,0.55
U0190,59,impression,2026-02-09T20:25:04,A01,0.649
U0190,77,impression,2026-02-09T20:28:05,A01,0.431
U0190,79,impression,2026-02-09T20:24:09,A01,0.449
U0190,43,impression,2026-02-09T20:24:01,A01,0.086
U0190,105,impression,2026-02-09T20:24:32,A01,0.109
U0190,41,impression,2026-02-09T20:24:16,A01,0.011
U0191,85,impression,2026-04-11T12:56:24,A09,0.078
U0191,79,impression,2026-04-11T12:58:42,A09,0.428
U0191,79,click,2026-04-11T12:58:59,A09,0.428
U0191,49,impression,2026-04-11T12:57:16,A09,0.072
U0191,103,impression,2026-04-11T12:58:12,A09,0.747
U0191,65,impression,2026-04-11T12:58:15,A09,0.527
U0191,96,impression,2026-04-11T12:58:25,A09,0.045
U0191,92,impression,2026-04-03T11:32:32,A09,0.613
U0191,32,impression,2026-04-03T11:31:12,A09,0.029
U0191,108,impression,2026-04-03T11:30:42,A09,0.066
U0191,68,impression,2026-04-03T11:29:44,A09,0.631
U0191,83,impression,2026-04-03T11:32:25,A09,0.464
U0191,105,impression,2026-04-03T11:28:14,A09,0.459
U0191,78,impression,2026-04-03T11:28:39,A09,0.588
U0191,78,click,2026-04-03T11:28:42,A09,0.588
U0191,65,impression,2026-04-03T11:32:44,A09,0.462
U0191,65,click,2026-04-03T11:32:58,A09,0.462
U0191,65,cart_add,2026-04-03T11:33:27,A09,0.462
U0191,89,impression,2026-04-03T11:28:52,A09,0.046
U0191,64,impression,2026-04-03T11:31:34,A09,0.029
U0191,93,impression,2026-04-03T11:32:19,A09,0.107
U0191,24,impression,2026-04-03T11:32:09,A09,0.039
U0191,100,impression,2026-04-03T11:29:34,A09,0.49
U0191,39,impression,2026-04-06T13:05:16,A09,0.064
U0191,26,impression,2026-04-06T13:03:29,A09,0.022
U0191,103,impression,2026-04-06T13:04:34,A09,0.712
U0191,30,impression,2026-04-06T13:04:58,A09,0.09
U0191,65,impression,2026-04-06T13:01:49,A09,0.443
U0191,70,impression,2026-04-06T13:03:16,A09,0.47
U0191,70,click,2026-04-06T13:03:36,A09,0.47
U0191,92,impression,2026-03-17T10:15:52,A09,0.649
U0191,92,click,2026-03-17T10:16:11,A09,0.649
U0191,36,impression,2026-03-17T10:15:28,A09,0.05
U0191,98,impression,2026-03-17T10:17:57,A09,0.045
U0191,68,impression,2026-03-17T10:13:27,A09,0.639
U0191,80,impression,2026-03-17T10:16:56,A09,0.02
U0191,35,impression,2026-03-17T10:16:51,A09,0.027
U0191,109,impression,2026-03-17T10:17:02,A09,0.107
U0191,71,impression,2026-03-17T10:15:53,A09,0.656
U0191,79,impression,2026-03-17T10:15:44,A09,0.483
U0191,79,click,2026-03-17T10:16:14,A09,0.483
U0191,90,impression,2026-03-17T10:14:00,A09,0.499
U0191,58,impression,2026-03-17T10:14:34,A09,0.579
U0191,100,impression,2026-03-17T10:15:17,A09,0.427
U0191,90,impression,2026-04-14T21:27:48,A09,0.462
U0191,90,click,2026-04-14T21:28:03,A09,0.462
U0191,66,impression,2026-04-14T21:23:02,A09,0.59
U0191,72,impression,2026-04-14T21:27:07,A09,0.028
U0191,39,impression,2026-04-14T21:27:56,A09,0.04
U0191,78,impression,2026-04-14T21:26:55,A09,0.666
U0191,78,click,2026-04-14T21:27:19,A09,0.666
U0191,57,impression,2026-04-14T21:27:15,A09,0.482
U0191,105,impression,2026-04-14T21:24:51,A09,0.463
U0191,107,impression,2026-04-14T21:26:02,A09,0.039
U0191,67,impression,2026-04-14T21:24:33,A09,-0.017
U0191,103,impression,2026-04-14T21:26:05,A09,0.741
U0191,106,impression,2026-02-03T19:53:32,A09,0.108
U0191,45,impression,2026-02-03T19:55:33,A09,0.059
U0191,68,impression,2026-02-03T19:56:27,A09,0.669
U0191,68,click,2026-02-03T19:56:47,A09,0.669
U0191,100,impression,2026-02-03T19:57:35,A09,0.415
U0191,79,impression,2026-02-03T19:57:02,A09,0.506
U0191,79,click,2026-02-03T19:57:28,A09,0.506
U0191,39,impression,2026-02-03T19:53:53,A09,0.077
U0191,92,impression,2026-02-03T19:53:41,A09,0.631
U0191,59,impression,2026-02-03T19:53:33,A09,0.052
U0191,58,impression,2026-02-03T19:55:14,A09,0.493
U0191,103,impression,2026-02-03T19:53:39,A09,0.67
U0192,38,impression,2026-03-30T19:40:34,A10,0.453
U0192,33,impression,2026-03-30T19:40:27,A10,0.414
U0192,54,impression,2026-03-30T19:41:41,A10,0.66
U0192,88,impression,2026-03-30T19:41:43,A10,0.045
U0192,83,impression,2026-03-30T19:41:03,A10,0.074
U0192,30,impression,2026-03-30T19:41:03,A10,0.428
U0192,105,impression,2026-03-30T19:39:45,A10,0.109
U0192,49,impression,2026-03-30T19:41:04,A10,0.456
U0192,73,impression,2026-03-30T19:40:23,A10,0.056
U0192,93,impression,2026-03-30T19:39:55,A10,0.087
U0192,95,impression,2026-03-30T19:41:19,A10,0.545
U0192,41,impression,2026-03-12T17:53:16,A10,0.572
U0192,41,click,2026-03-12T17:53:29,A10,0.572
U0192,46,impression,2026-03-12T17:54:36,A10,0.139
U0192,46,click,2026-03-12T17:54:48,A10,0.139
U0192,86,impression,2026-03-12T17:50:13,A10,0.709
U0192,86,click,2026-03-12T17:50:24,A10,0.709
U0192,54,impression,2026-03-12T17:52:22,A10,0.66
U0192,55,impression,2026-03-12T17:50:20,A10,0.103
U0192,37,impression,2026-03-12T17:52:38,A10,0.479
U0192,45,impression,2026-03-12T17:51:22,A10,0.43
U0192,108,impression,2026-03-12T17:54:35,A10,0.043
U0192,69,impression,2026-03-12T17:51:55,A10,0.062
U0192,51,impression,2026-03-12T17:54:57,A10,0.419
U0192,78,impression,2026-02-20T14:54:10,A10,0.013
U0192,94,impression,2026-02-20T14:54:42,A10,0.494
U0192,94,click,2026-02-20T14:54:43,A10,0.494
U0192,75,impression,2026-02-20T14:57:29,A10,0.052
U0192,38,impression,2026-02-20T14:54:06,A10,0.457
U0192,37,impression,2026-02-20T14:57:27,A10,0.461
U0192,104,impression,2026-02-20T14:58:57,A10,0.521
U0192,48,impression,2026-02-20T14:55:13,A10,0.529
U0192,109,impression,2026-02-20T14:57:31,A10,0.159
U0192,24,impression,2026-02-20T14:56:31,A10,0.105
U0192,62,impression,2026-02-21T14:03:37,A10,0.108
U0192,36,impression,2026-02-21T14:06:22,A10,0.456
U0192,73,impression,2026-02-21T14:06:12,A10,0.101
U0192,57,impression,2026-02-21T14:04:37,A10,0.024
U0192,35,impression,2026-02-21T14:03:24,A10,0.412
U0192,104,impression,2026-02-21T14:03:22,A10,0.537
U0192,104,click,2026-02-21T14:03:37,A10,0.537
U0192,41,impression,2026-03-12T15:01:52,A10,0.528
U0192,43,impression,2026-03-12T15:01:15,A10,0.519
U0192,24,impression,2026-03-12T15:02:53,A10,0.187
U0192,89,impression,2026-03-12T15:01:54,A10,-0.015
U0192,70,impression,2026-03-12T15:04:29,A10,0.066
U0192,109,impression,2026-03-12T15:05:55,A10,0.143
U0192,91,impression,2026-03-12T15:02:37,A10,0.457
U0192,34,impression,2026-03-12T15:02:38,A10,0.425
U0192,62,impression,2026-03-12T15:05:30,A10,0.023
U0192,80,impression,2026-03-12T15:05:29,A10,0.026
U0192,52,impression,2026-03-12T15:04:31,A10,0.472
U0192,52,click,2026-03-12T15:04:43,A10,0.472
U0192,102,impression,2026-03-12T15:01:08,A10,0.477
U0192,102,click,2026-03-12T15:01:11,A10,0.477
U0192,45,impression,2026-03-12T15:01:41,A10,0.467
U0192,24,impression,2026-04-17T20:42:00,A10,0.158
U0192,49,impression,2026-04-17T20:38:15,A10,0.436
U0192,48,impression,2026-04-17T20:38:10,A10,0.497
U0192,48,click,2026-04-17T20:38:35,A10,0.497
U0192,74,impression,2026-04-17T20:40:51,A10,0.058
U0192,90,impression,2026-04-17T20:40:39,A10,0.094
U0192,90,click,2026-04-17T20:40:49,A10,0.094
U0192,39,impression,2026-04-17T20:37:50,A10,0.506
U0192,35,impression,2026-04-17T20:39:26,A10,0.411
U0192,55,impression,2026-04-17T20:41:01,A10,0.059
U0192,51,impression,2026-04-17T20:37:30,A10,0.418
U0192,42,impression,2026-04-17T20:39:40,A10,0.465
U0192,37,impression,2026-03-17T19:24:30,A10,0.472
U0192,67,impression,2026-03-17T19:24:58,A10,0.144
U0192,109,impression,2026-03-17T19:23:08,A10,0.173
U0192,70,impression,2026-03-17T19:22:12,A10,0.075
U0192,30,impression,2026-03-17T19:25:28,A10,0.443
U0192,38,impression,2026-03-17T19:22:36,A10,0.509
U0192,36,impression,2026-03-17T19:25:54,A10,0.473
U0192,95,impression,2026-03-17T19:23:50,A10,0.556
U0192,95,click,2026-03-17T19:24:19,A10,0.556
U0192,68,impression,2026-03-17T19:25:07,A10,0.04
U0192,98,impression,2026-03-17T19:22:40,A10,0.041
U0192,52,impression,2026-03-17T19:24:48,A10,0.479
U0193,106,impression,2026-03-04T11:24:10,A11,0.056
U0193,107,impression,2026-03-04T11:23:01,A11,0.433
U0193,107,click,2026-03-04T11:23:30,A11,0.433
U0193,42,impression,2026-03-04T11:23:15,A11,0.458
U0193,87,impression,2026-03-04T11:25:47,A11,0.371
U0193,76,impression,2026-03-04T11:23:43,A11,0.5
U0193,36,impression,2026-03-04T11:23:31,A11,0.48
U0193,36,click,2026-03-04T11:23:47,A11,0.48
U0193,36,cart_add,2026-03-04T11:23:59,A11,0.48
U0193,66,impression,2026-03-04T11:25:18,A11,0.012
U0193,61,impression,2026-03-04T11:23:22,A11,0.014
U0193,33,impression,2026-03-04T11:27:57,A11,0.495
U0193,94,impression,2026-03-04T11:25:10,A11,0.09
U0193,94,click,2026-03-04T11:25:29,A11,0.09
U0193,49,impression,2026-02-08T20:35:30,A11,0.494
U0193,104,impression,2026-02-08T20:34:29,A11,0.024
U0193,84,impression,2026-02-08T20:33:44,A11,0.444
U0193,62,impression,2026-02-08T20:36:04,A11,0.025
U0193,86,impression,2026-02-08T20:36:45,A11,0.451
U0193,61,impression,2026-02-08T20:34:35,A11,0.038
U0193,107,impression,2026-02-08T20:36:37,A11,0.427
U0193,43,impression,2026-02-08T20:36:01,A11,0.471
U0193,43,click,2026-02-08T20:36:18,A11,0.471
U0193,71,impression,2026-02-08T20:36:50,A11,0.071
U0193,92,impression,2026-02-08T20:33:11,A11,0.039
U0193,41,impression,2026-02-08T20:35:42,A11,0.56
U0193,47,impression,2026-02-08T20:34:52,A11,0.46
U0193,47,click,2026-02-08T20:35:01,A11,0.46
U0193,47,save,2026-02-08T20:35:01,A11,0.46
U0193,48,impression,2026-04-08T15:48:59,A11,0.501
U0193,89,impression,2026-04-08T15:48:42,A11,-0.003
U0193,37,impression,2026-04-08T15:49:20,A11,0.464
U0193,37,click,2026-04-08T15:49:49,A11,0.464
U0193,100,impression,2026-04-08T15:48:18,A11,0.04
U0193,74,impression,2026-04-08T15:50:00,A11,0.101
U0193,73,impression,2026-04-08T15:49:43,A11,0.045
U0193,32,impression,2026-04-08T15:45:14,A11,0.432
U0193,25,impression,2026-04-08T15:49:21,A11,0.476
U0193,31,impression,2026-04-09T11:00:57,A11,0.473
U0193,35,impression,2026-04-09T10:58:49,A11,0.445
U0193,35,click,2026-04-09T10:59:19,A11,0.445
U0193,80,impression,2026-04-09T11:02:47,A11,0.065
U0193,86,impression,2026-04-09T11:01:15,A11,0.49
U0193,93,impression,2026-04-09T11:02:44,A11,0.019
U0193,59,impression,2026-04-09T11:02:09,A11,0.013
U0193,97,impression,2026-04-09T10:59:04,A11,0.46
U0193,85,impression,2026-04-09T10:58:40,A11,0.1
U0193,42,impression,2026-04-09T11:02:19,A11,0.498
U0193,42,click,2026-04-09T11:02:23,A11,0.498
U0193,99,impression,2026-03-06T11:03:00,A11,0.018
U0193,73,impression,2026-03-06T11:04:28,A11,0.077
U0193,69,impression,2026-03-06T11:07:02,A11,0.021
U0193,46,impression,2026-03-06T11:06:51,A11,0.098
U0193,24,impression,2026-03-06T11:04:01,A11,0.493
U0193,47,impression,2026-03-06T11:03:18,A11,0.434
U0193,49,impression,2026-03-06T11:05:33,A11,0.43
U0193,80,impression,2026-03-06T11:03:31,A11,0.066
U0193,25,impression,2026-03-06T11:04:44,A11,0.476
U0193,77,impression,2026-03-06T11:06:46,A11,0.443
U0193,77,click,2026-03-06T11:06:49,A11,0.443
U0193,27,impression,2026-03-06T11:06:22,A11,0.428
U0193,27,click,2026-03-06T11:06:49,A11,0.428
U0193,27,save,2026-03-06T11:06:49,A11,0.428
U0193,97,impression,2026-03-22T21:59:46,A11,0.439
U0193,97,click,2026-03-22T22:00:16,A11,0.439
U0193,36,impression,2026-03-22T21:56:52,A11,0.436
U0193,53,impression,2026-03-22T21:56:10,A11,0.075
U0193,72,impression,2026-03-22T21:56:03,A11,0.038
U0193,74,impression,2026-03-22T21:58:10,A11,0.095
U0193,22,impression,2026-03-22T22:00:44,A11,0.458
U0193,71,impression,2026-03-22T21:57:06,A11,0.048
U0193,25,impression,2026-03-22T21:59:29,A11,0.432
U0193,87,impression,2026-03-22T21:56:45,A11,0.376
U0193,105,impression,2026-03-22T21:57:59,A11,0.043
U0193,101,impression,2026-03-22T21:56:04,A11,0.598
U0193,82,impression,2026-03-22T21:56:11,A11,0.493
U0194,47,impression,2026-04-10T22:17:04,A12,0.497
U0194,49,impression,2026-04-10T22:17:38,A12,0.455
U0194,77,impression,2026-04-10T22:18:25,A12,0.028
U0194,32,impression,2026-04-10T22:17:02,A12,0.437
U0194,30,impression,2026-04-10T22:19:27,A12,0.469
U0194,100,impression,2026-04-10T22:17:13,A12,0.04
U0194,44,impression,2026-04-10T22:20:45,A12,0.493
U0194,44,click,2026-04-10T22:20:59,A12,0.493
U0194,104,impression,2026-04-10T22:20:10,A12,0.59
U0194,104,click,2026-04-10T22:20:32,A12,0.59
U0194,56,impression,2026-04-10T22:18:57,A12,0.043
U0194,58,impression,2026-04-10T22:17:57,A12,0.029
U0194,82,impression,2026-03-03T14:14:33,A12,0.506
U0194,95,impression,2026-03-03T14:16:22,A12,0.055
U0194,91,impression,2026-03-03T14:14:57,A12,0.366
U0194,83,impression,2026-03-03T14:13:56,A12,0.059
U0194,92,impression,2026-03-03T14:13:04,A12,0.058
U0194,81,impression,2026-03-03T14:17:11,A12,0.073
U0194,35,impression,2026-03-03T14:14:33,A12,0.424
U0194,47,impression,2026-03-03T14:14:22,A12,0.495
U0194,104,impression,2026-03-03T14:13:17,A12,0.661
U0194,84,impression,2026-02-02T19:10:04,A12,0.089
U0194,44,impression,2026-02-02T19:12:30,A12,0.476
U0194,79,impression,2026-02-02T19:12:13,A12,0.03
U0194,35,impression,2026-02-02T19:10:36,A12,0.438
U0194,97,impression,2026-02-02T19:12:12,A12,0.044
U0194,30,impression,2026-02-02T19:09:36,A12,0.502
U0194,62,impression,2026-02-02T19:11:44,A12,0.058
U0194,39,impression,2026-02-02T19:10:52,A12,0.421
U0194,68,impression,2026-03-12T13:54:24,A12,0.105
U0194,42,impression,2026-03-12T13:52:34,A12,0.491
U0194,60,impression,2026-03-12T13:51:41,A12,0.091
U0194,80,impression,2026-03-12T13:51:57,A12,0.036
U0194,106,impression,2026-03-12T13:54:57,A12,0.587
U0194,89,impression,2026-03-12T13:53:12,A12,0.051
U0194,48,impression,2026-03-12T13:53:13,A12,0.421
U0194,52,impression,2026-03-12T13:54:39,A12,0.504
U0194,37,impression,2026-03-12T13:55:12,A12,0.437
U0194,101,impression,2026-03-12T13:52:32,A12,0.42
U0194,58,impression,2026-03-27T16:45:33,A12,0.095
U0194,33,impression,2026-03-27T16:47:50,A12,0.414
U0194,43,impression,2026-03-27T16:46:06,A12,0.451
U0194,22,impression,2026-03-27T16:44:25,A12,0.453
U0194,74,impression,2026-03-27T16:44:51,A12,0.102
U0194,91,impression,2026-03-27T16:45:12,A12,0.457
U0194,91,click,2026-03-27T16:45:25,A12,0.457
U0194,44,impression,2026-03-27T16:44:44,A12,0.448
U0194,71,impression,2026-03-27T16:44:24,A12,0.025
U0194,30,impression,2026-03-27T16:45:26,A12,0.42
U0194,38,impression,2026-03-27T16:47:02,A12,0.432
U0194,63,impression,2026-03-27T16:44:21,A12,0.085
U0194,64,impression,2026-03-27T16:44:55,A12,0.062
U0194,41,impression,2026-03-27T16:46:20,A12,0.483
U0194,88,impression,2026-03-27T16:46:49,A12,0.006
U0194,50,impression,2026-03-27T16:45:14,A12,0.499
U0194,100,impression,2026-03-30T17:29:55,A12,0.081
U0194,64,impression,2026-03-30T17:30:56,A12,0.067
U0194,73,impression,2026-03-30T17:29:59,A12,0.092
U0194,21,impression,2026-03-30T17:27:33,A12,0.418
U0194,91,impression,2026-03-30T17:31:59,A12,0.451
U0194,87,impression,2026-03-30T17:31:33,A12,0.677
U0194,23,impression,2026-03-30T17:28:02,A12,0.476
U0194,53,impression,2026-03-30T17:29:27,A12,0.102
U0194,44,impression,2026-03-30T17:28:07,A12,0.418
U0194,44,click,2026-03-30T17:28:22,A12,0.418
U0194,35,impression,2026-03-30T17:28:25,A12,0.418
U0194,54,impression,2026-03-30T17:29:48,A12,0.062
U0194,92,impression,2026-03-30T17:31:16,A12,0.095
U0194,39,impression,2026-03-30T17:28:51,A12,0.488
U0195,103,impression,2026-04-13T10:04:01,A05,0.014
U0195,46,impression,2026-04-13T10:07:37,A05,0.101
U0195,45,impression,2026-04-13T10:07:51,A05,0.436
U0195,71,impression,2026-04-13T10:06:54,A05,0.09
U0195,102,impression,2026-04-13T10:04:56,A05,0.45
U0195,102,click,2026-04-13T10:05:07,A05,0.45
U0195,102,save,2026-04-13T10:05:07,A05,0.45
U0195,31,impression,2026-04-13T10:06:43,A05,0.035
U0195,49,impression,2026-04-13T10:04:06,A05,0.415
U0195,82,impression,2026-04-13T10:06:49,A05,0.446
U0195,68,impression,2026-02-28T14:19:24,A05,0.025
U0195,87,impression,2026-02-28T14:18:44,A05,0.368
U0195,41,impression,2026-02-28T14:20:20,A05,0.414
U0195,41,click,2026-02-28T14:20:25,A05,0.414
U0195,22,impression,2026-02-28T14:18:47,A05,0.437
U0195,93,impression,2026-02-28T14:21:25,A05,0.021
U0195,101,impression,2026-02-28T14:17:29,A05,0.463
U0195,45,impression,2026-02-28T14:20:41,A05,0.457
U0195,45,click,2026-02-28T14:21:01,A05,0.457
U0195,52,impression,2026-02-28T14:19:34,A05,0.047
U0195,70,impression,2026-02-28T14:17:26,A05,0.106
U0195,64,impression,2026-02-28T14:18:00,A05,0.675
U0195,64,click,2026-02-28T14:18:19,A05,0.675
U0195,97,impression,2026-02-28T14:21:22,A05,0.108
U0195,72,impression,2026-02-28T14:20:27,A05,0.073
U0195,42,impression,2026-02-28T14:20:36,A05,0.422
U0195,44,impression,2026-02-28T14:20:31,A05,0.465
U0195,49,impression,2026-02-28T14:21:29,A05,0.489
U0195,107,impression,2026-03-02T20:10:06,A05,0.483
U0195,48,impression,2026-03-02T20:11:23,A05,0.503
U0195,94,impression,2026-03-02T20:11:44,A05,0.633
U0195,26,impression,2026-03-02T20:10:26,A05,0.089
U0195,75,impression,2026-03-02T20:09:36,A05,0.097
U0195,43,impression,2026-03-02T20:11:50,A05,0.464
U0195,46,impression,2026-03-02T20:09:51,A05,0.006
U0195,82,impression,2026-03-02T20:12:41,A05,0.457
U0195,39,impression,2026-03-02T20:12:38,A05,0.064
U0195,39,click,2026-03-02T20:12:48,A05,0.064
U0196,47,impression,2026-02-06T13:54:33,A09,0.101
U0196,51,impression,2026-02-06T13:57:52,A09,0.033
U0196,70,impression,2026-02-06T13:53:15,A09,0.429
U0196,100,impression,2026-02-06T13:57:48,A09,0.464
U0196,82,impression,2026-02-06T13:57:15,A09,0.084
U0196,92,impression,2026-02-06T13:53:47,A09,0.662
U0196,92,click,2026-02-06T13:53:54,A09,0.662
U0196,81,impression,2026-02-06T13:54:51,A09,0.055
U0196,105,impression,2026-02-06T13:55:57,A09,0.473
U0196,71,impression,2026-02-06T13:54:06,A09,0.578
U0196,68,impression,2026-02-06T13:54:06,A09,0.638
U0196,49,impression,2026-02-06T13:53:34,A09,0.099
U0196,92,impression,2026-03-29T09:50:30,A09,0.59
U0196,69,impression,2026-03-29T09:49:02,A09,0.085
U0196,68,impression,2026-03-29T09:50:41,A09,0.585
U0196,108,impression,2026-03-29T09:51:40,A09,0.019
U0196,95,impression,2026-03-29T09:48:51,A09,0.012
U0196,27,impression,2026-03-29T09:49:00,A09,0.056
U0196,70,impression,2026-03-29T09:48:41,A09,0.485
U0196,78,impression,2026-03-29T09:49:33,A09,0.61
U0196,57,impression,2026-03-29T09:51:15,A09,0.416
U0196,90,impression,2026-02-10T18:22:11,A09,0.416
U0196,58,impression,2026-02-10T18:20:55,A09,0.548
U0196,32,impression,2026-02-10T18:22:57,A09,0.062
U0196,37,impression,2026-02-10T18:18:21,A09,0.075
U0196,99,impression,2026-02-10T18:22:46,A09,0.089
U0196,71,impression,2026-02-10T18:18:38,A09,0.622
U0196,79,impression,2026-02-10T18:19:57,A09,0.458
U0196,79,click,2026-02-10T18:20:23,A09,0.458
U0196,70,impression,2026-02-10T18:22:14,A09,0.495
U0196,36,impression,2026-02-10T18:22:25,A09,0.084
U0196,105,impression,2026-02-10T18:20:38,A09,0.413
U0196,103,impression,2026-02-01T17:38:41,A09,0.7
U0196,103,click,2026-02-01T17:39:05,A09,0.7
U0196,54,impression,2026-02-01T17:38:19,A09,0.068
U0196,68,impression,2026-02-01T17:34:28,A09,0.589
U0196,73,impression,2026-02-01T17:34:35,A09,0.047
U0196,97,impression,2026-02-01T17:36:29,A09,0.019
U0196,105,impression,2026-02-01T17:37:47,A09,0.484
U0196,100,impression,2026-02-01T17:35:29,A09,0.48
U0196,42,impression,2026-02-01T17:36:38,A09,0.034
U0197,59,impression,2026-02-20T22:19:33,A05,0.038
U0197,48,impression,2026-02-20T22:22:59,A05,0.457
U0197,80,impression,2026-02-20T22:23:36,A05,0.093
U0197,22,impression,2026-02-20T22:23:00,A05,0.419
U0197,94,impression,2026-02-20T22:22:44,A05,0.633
U0197,39,impression,2026-02-20T22:22:33,A05,0.066
U0197,49,impression,2026-02-20T22:21:34,A05,0.497
U0197,49,click,2026-02-20T22:21:53,A05,0.497
U0197,47,impression,2026-04-11T19:08:18,A05,0.431
U0197,27,impression,2026-04-11T19:08:31,A05,0.012
U0197,30,impression,2026-04-11T19:07:46,A05,0.094
U0197,104,impression,2026-04-11T19:06:17,A05,0.522
U0197,23,impression,2026-04-11T19:09:23,A05,0.493
U0197,23,click,2026-04-11T19:09:25,A05,0.493
U0197,78,impression,2026-02-04T22:27:05,A05,0.086
U0197,54,impression,2026-02-04T22:27:28,A05,0.012
U0197,22,impression,2026-02-04T22:26:45,A05,0.466
U0197,21,impression,2026-02-04T22:24:54,A05,0.423
U0197,21,click,2026-02-04T22:25:22,A05,0.423
U0197,76,impression,2026-02-04T22:24:59,A05,0.44
U0197,73,impression,2026-02-04T22:27:42,A05,0.029
U0197,49,impression,2026-02-04T22:23:37,A05,0.496
U0197,49,click,2026-02-04T22:23:53,A05,0.496
U0197,49,cart_add,2026-02-04T22:24:07,A05,0.496
U0197,91,impression,2026-02-04T22:27:37,A05,0.466
U0197,91,click,2026-02-04T22:27:48,A05,0.466
U0197,68,impression,2026-02-04T22:26:59,A05,0.054
U0198,39,impression,2026-03-20T16:59:39,A03,0.448
U0198,81,impression,2026-03-20T16:58:52,A03,0.069
U0198,104,impression,2026-03-20T16:57:57,A03,0.52
U0198,102,impression,2026-03-20T17:01:17,A03,0.475
U0198,58,impression,2026-03-20T16:59:57,A03,0.094
U0199,30,impression,2026-03-09T19:30:34,A03,0.446
U0199,26,impression,2026-03-09T19:28:21,A03,0.083
U0199,82,impression,2026-03-09T19:28:08,A03,0.667
U0199,108,impression,2026-03-09T19:27:40,A03,0.054
U0199,21,impression,2026-03-09T19:27:44,A03,0.417
U0199,45,impression,2026-03-09T19:29:00,A03,0.448
U0199,39,impression,2026-03-09T19:28:54,A03,0.488
U0199,106,impression,2026-03-09T19:27:20,A03,0.416
U0199,96,impression,2026-03-09T19:30:32,A03,0.011
U0199,85,impression,2026-03-09T19:28:32,A03,0.029
U0199,35,impression,2026-03-09T19:30:55,A03,0.505
U0199,69,impression,2026-03-09T19:29:09,A03,0.025
U0199,33,impression,2026-03-09T19:28:23,A03,0.496
U0199,41,impression,2026-03-09T19:27:36,A03,0.418
U0199,98,impression,2026-03-09T19:26:50,A03,0.098
U0199,23,impression,2026-02-15T19:13:47,A03,0.411
U0199,34,impression,2026-02-15T19:13:35,A03,0.46
U0199,100,impression,2026-02-15T19:10:15,A03,0.02
U0199,43,impression,2026-02-15T19:11:52,A03,0.49
U0199,78,impression,2026-02-15T19:13:45,A03,0.095
U0199,51,impression,2026-03-12T22:40:40,A03,0.413
U0199,33,impression,2026-03-12T22:40:51,A03,0.459
U0199,86,impression,2026-03-12T22:39:56,A03,0.418
U0199,92,impression,2026-03-12T22:39:34,A03,0.074
U0199,78,impression,2026-03-12T22:40:16,A03,0.057
U0199,78,click,2026-03-12T22:40:38,A03,0.057
U0199,68,impression,2026-03-12T22:42:09,A03,0.108
U0199,63,impression,2026-03-12T22:40:13,A03,0.062
U0199,60,impression,2026-03-12T22:40:57,A03,0.102
U0199,34,impression,2026-03-12T22:38:19,A03,0.436
U0199,105,impression,2026-03-12T22:41:42,A03,0.026
U0199,38,impression,2026-03-12T22:40:34,A03,0.421
U0199,104,impression,2026-03-12T22:42:21,A03,0.577
U0199,48,impression,2026-03-12T22:39:59,A03,0.449
U0199,39,impression,2026-03-12T22:40:26,A03,0.481
U0199,64,impression,2026-04-17T11:35:24,A03,0.079
U0199,23,impression,2026-04-17T11:33:02,A03,0.439
U0199,39,impression,2026-04-17T11:32:45,A03,0.501
U0199,39,click,2026-04-17T11:32:54,A03,0.501
U0199,39,cart_add,2026-04-17T11:33:37,A03,0.501
U0199,39,order,2026-04-17T11:34:37,A03,0.501
U0199,71,impression,2026-04-17T11:31:54,A03,0.015
U0199,107,impression,2026-04-17T11:32:53,A03,0.49
U0199,91,impression,2026-04-17T11:33:33,A03,0.452
U0199,91,click,2026-04-17T11:33:45,A03,0.452
U0199,36,impression,2026-04-17T11:34:43,A03,0.464
U0199,36,click,2026-04-17T11:35:11,A03,0.464
U0199,103,impression,2026-04-17T11:33:27,A03,0.061
U0199,50,impression,2026-04-17T11:32:49,A03,0.416
U0199,82,impression,2026-04-17T11:35:05,A03,0.596
U0199,78,impression,2026-04-17T11:31:10,A03,0.099
U0199,21,impression,2026-04-17T11:32:57,A03,0.425
U0199,95,impression,2026-04-17T11:35:33,A03,0.063
U0199,38,impression,2026-04-17T11:31:41,A03,0.502
U0199,38,click,2026-04-17T11:31:56,A03,0.502
U0199,24,impression,2026-04-17T11:35:23,A03,0.043
U0200,105,impression,2026-04-04T12:54:38,A04,0.511
U0200,68,impression,2026-04-04T12:51:25,A04,0.415
U0200,68,click,2026-04-04T12:51:33,A04,0.415
U0200,80,impression,2026-04-04T12:52:39,A04,0.058
U0200,51,impression,2026-04-04T12:51:11,A04,0.034
U0200,78,impression,2026-04-04T12:50:14,A04,0.479
U0200,78,click,2026-04-04T12:50:26,A04,0.479
U0200,74,impression,2026-04-04T12:53:07,A04,0.028
U0200,58,impression,2026-04-04T12:52:00,A04,0.415
U0200,103,impression,2026-03-04T10:01:46,A04,0.46
U0200,79,impression,2026-03-04T10:01:33,A04,0.744
U0200,55,impression,2026-03-04T10:02:13,A04,0.253
U0200,104,impression,2026-03-04T10:02:16,A04,0.014
U0200,57,impression,2026-03-04T10:04:29,A04,0.482
U0200,57,click,2026-03-04T10:04:36,A04,0.482
U0200,58,impression,2026-03-04T10:03:06,A04,0.49
U0200,34,impression,2026-03-04T10:03:44,A04,-0.003
U0200,68,impression,2026-03-04T10:04:20,A04,0.485
U0200,68,click,2026-03-04T10:04:41,A04,0.485
U0200,53,impression,2026-03-04T10:04:00,A04,0.021
U0200,90,impression,2026-03-04T10:01:56,A04,0.615
U0200,69,impression,2026-03-04T10:04:50,A04,0.016
U0200,70,impression,2026-03-04T10:02:13,A04,0.466
U0200,102,impression,2026-03-04T10:02:36,A04,0.075
U0200,79,impression,2026-03-27T15:26:30,A04,0.678
U0200,21,impression,2026-03-27T15:24:16,A04,0.099
U0200,56,impression,2026-03-27T15:26:39,A04,0.012
U0200,70,impression,2026-03-27T15:27:03,A04,0.508
U0200,92,impression,2026-03-27T15:26:32,A04,0.49
U0200,90,impression,2026-03-27T15:26:11,A04,0.647
U0200,36,impression,2026-03-27T15:23:57,A04,0.033
U0200,90,impression,2026-03-10T15:19:36,A04,0.587
U0200,30,impression,2026-03-10T15:16:16,A04,0.049
U0200,78,impression,2026-03-10T15:18:26,A04,0.415
U0200,57,impression,2026-03-10T15:19:14,A04,0.442
U0200,72,impression,2026-03-10T15:17:29,A04,0.036
U0200,58,impression,2026-03-23T15:35:59,A04,0.472
U0200,58,click,2026-03-23T15:36:29,A04,0.472
U0200,63,impression,2026-03-23T15:33:23,A04,0.079
U0200,54,impression,2026-03-23T15:32:40,A04,0.089
U0200,71,impression,2026-03-23T15:33:52,A04,0.472
U0200,102,impression,2026-03-23T15:31:53,A04,0.026
U0200,23,impression,2026-03-23T15:34:33,A04,0.039
U0200,65,impression,2026-03-23T15:31:41,A04,0.481
U0200,70,impression,2026-03-23T15:32:20,A04,0.464
U0201,59,impression,2026-02-08T10:13:12,A06,0.084
U0201,39,impression,2026-02-08T10:14:54,A06,0.444
U0201,77,impression,2026-02-08T10:16:18,A06,0.479
U0201,56,impression,2026-02-08T10:13:51,A06,0.105
U0201,98,impression,2026-02-08T10:16:24,A06,0.424
U0201,98,click,2026-02-08T10:16:51,A06,0.424
U0201,26,impression,2026-02-08T10:13:25,A06,0.476
U0201,69,impression,2026-02-08T10:13:19,A06,0.032
U0201,38,impression,2026-02-08T10:14:28,A06,0.469
U0201,38,click,2026-02-08T10:14:35,A06,0.469
U0201,46,impression,2026-02-08T10:13:39,A06,0.461
U0201,64,impression,2026-02-08T10:14:44,A06,0.059
U0201,104,impression,2026-02-08T10:16:34,A06,0.046
U0201,87,impression,2026-02-24T10:09:49,A06,0.027
U0201,30,impression,2026-02-24T10:07:23,A06,0.436
U0201,91,impression,2026-02-24T10:09:24,A06,0.05
U0201,62,impression,2026-02-24T10:06:50,A06,0.103
U0201,69,impression,2026-02-24T10:07:18,A06,0.051
U0201,51,impression,2026-02-24T10:06:20,A06,0.48
U0201,27,impression,2026-02-24T10:07:07,A06,0.457
U0201,38,impression,2026-02-24T10:09:16,A06,0.464
U0201,107,impression,2026-02-24T10:09:38,A06,0.091
U0201,55,impression,2026-02-24T10:09:38,A06,0.059
U0201,81,impression,2026-02-24T10:07:57,A06,0.423
U0201,46,impression,2026-02-24T10:08:02,A06,0.418
U0201,52,impression,2026-02-24T10:09:51,A06,0.412
U0201,34,impression,2026-02-02T13:00:35,A06,0.417
U0201,104,impression,2026-02-02T13:01:27,A06,0.036
U0201,94,impression,2026-02-02T13:04:47,A06,0.01
U0201,77,impression,2026-02-02T13:01:31,A06,0.452
U0201,51,impression,2026-02-02T13:03:18,A06,0.439
U0201,33,impression,2026-02-02T13:03:31,A06,0.507
U0201,32,impression,2026-02-02T13:03:04,A06,0.457
U0201,45,impression,2026-02-02T13:01:33,A06,0.05
U0201,61,impression,2026-02-02T13:04:14,A06,0.045
U0201,25,impression,2026-02-02T13:01:51,A06,0.435
U0201,47,impression,2026-02-02T13:01:40,A06,0.063
U0201,52,impression,2026-02-02T13:04:27,A06,0.428
U0201,27,impression,2026-02-02T13:01:00,A06,0.462
U0201,27,click,2026-02-02T13:01:13,A06,0.462
U0201,70,impression,2026-02-02T13:02:10,A06,0.051
U0201,50,impression,2026-02-02T13:03:47,A06,0.447
U0201,85,impression,2026-03-10T11:31:18,A06,0.095
U0201,52,impression,2026-03-10T11:33:00,A06,0.491
U0201,40,impression,2026-03-10T11:30:08,A06,0.056
U0201,104,impression,2026-03-10T11:28:39,A06,0.021
U0201,36,impression,2026-03-10T11:28:22,A06,0.451
U0201,77,impression,2026-03-10T11:28:58,A06,0.523
U0201,34,impression,2026-03-10T11:28:40,A06,0.385
U0201,44,impression,2026-03-10T11:32:00,A06,0.067
U0201,33,impression,2026-02-06T09:12:12,A06,0.442
U0201,33,click,2026-02-06T09:12:22,A06,0.442
U0201,98,impression,2026-02-06T09:14:25,A06,0.507
U0201,98,click,2026-02-06T09:14:46,A06,0.507
U0201,24,impression,2026-02-06T09:12:26,A06,0.499
U0201,82,impression,2026-02-06T09:11:13,A06,0.11
U0201,57,impression,2026-02-06T09:12:36,A06,0.021
U0201,101,impression,2026-02-06T09:13:13,A06,0.05
U0201,84,impression,2026-02-06T09:13:40,A06,0.523
U0201,84,click,2026-02-06T09:14:05,A06,0.523
U0201,91,impression,2026-04-13T12:29:27,A06,0.051
U0201,84,impression,2026-04-13T12:27:30,A06,0.514
U0201,31,impression,2026-04-13T12:30:30,A06,0.475
U0201,59,impression,2026-04-13T12:26:20,A06,0.039
U0201,36,impression,2026-04-13T12:26:10,A06,0.468
U0201,96,impression,2026-04-13T12:30:40,A06,0.068
U0201,81,impression,2026-04-13T12:27:54,A06,0.442
U0201,24,impression,2026-04-13T12:26:30,A06,0.457
U0201,107,impression,2026-04-13T12:30:13,A06,0.068
U0201,105,impression,2026-02-14T12:46:19,A06,0.082
U0201,40,impression,2026-02-14T12:43:48,A06,0.072
U0201,38,impression,2026-02-14T12:43:32,A06,0.435
U0201,81,impression,2026-02-14T12:42:27,A06,0.443
U0201,25,impression,2026-02-14T12:45:56,A06,0.479
U0201,39,impression,2026-02-14T12:43:43,A06,0.489
U0201,39,click,2026-02-14T12:44:00,A06,0.489
U0201,39,save,2026-02-14T12:44:00,A06,0.489
U0201,39,cart_add,2026-02-14T12:44:10,A06,0.489
U0201,53,impression,2026-02-14T12:43:39,A06,0.105
U0201,34,impression,2026-02-14T12:45:33,A06,0.471
U0201,65,impression,2026-02-14T12:44:39,A06,0.025
U0201,83,impression,2026-02-14T12:42:04,A06,0.022
U0201,52,impression,2026-02-14T12:43:45,A06,0.487
U0201,31,impression,2026-02-02T09:59:08,A06,0.388
U0201,31,click,2026-02-02T09:59:37,A06,0.388
U0201,30,impression,2026-02-02T09:57:44,A06,0.429
U0201,30,click,2026-02-02T09:57:52,A06,0.429
U0201,52,impression,2026-02-02T09:58:18,A06,0.456
U0201,41,impression,2026-02-02T10:00:24,A06,0.057
U0201,108,impression,2026-02-02T09:57:24,A06,0.056
U0201,60,impression,2026-02-02T09:58:44,A06,0.074
U0201,98,impression,2026-02-02T09:59:50,A06,0.414
U0201,32,impression,2026-02-02T09:59:18,A06,0.462
U0201,32,click,2026-02-02T09:59:33,A06,0.462
U0201,74,impression,2026-02-02T10:01:49,A06,0.016
U0201,33,impression,2026-02-02T09:59:48,A06,0.459
U0201,97,impression,2026-02-02T09:58:33,A06,0.513
U0201,82,impression,2026-02-02T09:57:02,A06,0.082
U0201,38,impression,2026-02-02T09:57:52,A06,0.496
U0201,37,impression,2026-02-02T09:57:28,A06,0.493
U0201,55,impression,2026-02-02T10:01:56,A06,0.065
U0202,25,impression,2026-02-06T18:13:14,A12,0.102
U0202,91,impression,2026-02-06T18:09:17,A12,0.395
U0202,96,impression,2026-02-06T18:10:36,A12,0.06
U0202,41,impression,2026-02-06T18:10:10,A12,0.443
U0202,31,impression,2026-02-06T18:12:46,A12,0.463
U0202,64,impression,2026-02-06T18:13:34,A12,0.11
U0202,40,impression,2026-02-06T18:12:16,A12,0.443
U0202,36,impression,2026-03-03T10:24:48,A12,0.482
U0202,36,click,2026-03-03T10:25:15,A12,0.482
U0202,36,save,2026-03-03T10:25:15,A12,0.482
U0202,60,impression,2026-03-03T10:26:58,A12,0.051
U0202,94,impression,2026-03-03T10:25:20,A12,0.568
U0202,75,impression,2026-03-03T10:26:49,A12,0.021
U0202,102,impression,2026-03-03T10:24:56,A12,0.53
U0202,93,impression,2026-03-23T16:47:43,A12,0.072
U0202,30,impression,2026-03-23T16:48:01,A12,0.446
U0202,30,click,2026-03-23T16:48:18,A12,0.446
U0202,56,impression,2026-03-23T16:47:51,A12,0.062
U0202,84,impression,2026-03-23T16:45:22,A12,0.096
U0202,97,impression,2026-03-23T16:47:03,A12,0.015
U0202,23,impression,2026-03-23T16:49:23,A12,0.465
U0202,57,impression,2026-03-23T16:49:56,A12,0.106
U0202,40,impression,2026-03-23T16:49:38,A12,0.472
U0202,33,impression,2026-03-23T16:47:23,A12,0.44
U0202,44,impression,2026-03-23T16:46:14,A12,0.45
U0202,49,impression,2026-03-23T16:45:17,A12,0.468
U0202,87,impression,2026-03-23T16:47:37,A12,0.642
U0202,87,click,2026-03-23T16:47:59,A12,0.642
U0202,90,impression,2026-03-23T16:49:53,A12,0.067
U0202,37,impression,2026-02-24T09:54:36,A12,0.445
U0202,58,impression,2026-02-24T09:51:13,A12,0.081
U0202,62,impression,2026-02-24T09:50:53,A12,0.08
U0202,61,impression,2026-02-24T09:51:52,A12,0.024
U0202,32,impression,2026-02-24T09:53:03,A12,0.424
U0202,101,impression,2026-02-24T09:52:13,A12,0.466
U0202,39,impression,2026-02-24T09:50:08,A12,0.488
U0202,91,impression,2026-02-24T09:51:28,A12,0.373
U0202,89,impression,2026-02-24T09:50:49,A12,-0.007
U0202,25,impression,2026-02-24T09:50:45,A12,0.088
U0202,34,impression,2026-02-24T09:52:46,A12,0.456
U0202,30,impression,2026-02-24T09:54:23,A12,0.437
U0203,54,impression,2026-02-19T19:22:21,A03,0.073
U0203,54,click,2026-02-19T19:22:28,A03,0.073
U0203,22,impression,2026-02-19T19:21:04,A03,0.441
U0203,87,impression,2026-02-19T19:21:32,A03,0.459
U0203,87,click,2026-02-19T19:21:42,A03,0.459
U0203,24,impression,2026-02-19T19:23:44,A03,0.018
U0203,107,impression,2026-02-19T19:20:45,A03,0.452
U0203,32,impression,2026-02-19T19:20:42,A03,0.566
U0203,31,impression,2026-02-19T19:22:06,A03,0.487
U0203,52,impression,2026-02-19T19:19:08,A03,0.498
U0203,79,impression,2026-02-19T19:20:21,A03,0.018
U0203,63,impression,2026-02-19T19:22:37,A03,0.053
U0203,80,impression,2026-02-19T19:22:16,A03,0.054
U0204,35,impression,2026-03-21T12:17:01,A09,0.079
U0204,79,impression,2026-03-21T12:13:34,A09,0.491
U0204,85,impression,2026-03-21T12:17:23,A09,0.048
U0204,57,impression,2026-03-21T12:14:23,A09,0.506
U0204,83,impression,2026-03-21T12:14:06,A09,0.492
U0204,68,impression,2026-03-21T12:17:35,A09,0.609
U0204,99,impression,2026-03-21T12:16:18,A09,0.019
U0204,64,impression,2026-03-15T21:02:10,A09,0.035
U0204,100,impression,2026-03-15T21:04:21,A09,0.411
U0204,100,click,2026-03-15T21:04:34,A09,0.411
U0204,85,impression,2026-03-15T21:04:03,A09,0.05
U0204,105,impression,2026-03-15T21:02:16,A09,0.491
U0204,79,impression,2026-03-15T21:04:09,A09,0.435
U0204,79,click,2026-03-15T21:04:21,A09,0.435
U0204,88,impression,2026-03-15T21:05:28,A09,-0.009
U0204,68,impression,2026-03-15T21:04:39,A09,0.578
U0204,66,impression,2026-03-15T21:03:21,A09,0.579
U0204,91,impression,2026-03-15T21:05:27,A09,0.028
U0204,48,impression,2026-03-15T21:03:53,A09,0.017
U0204,97,impression,2026-03-15T21:03:43,A09,0.015
U0204,92,impression,2026-03-15T21:04:46,A09,0.587
U0204,92,click,2026-03-15T21:05:00,A09,0.587
U0204,92,save,2026-03-15T21:05:00,A09,0.587
U0204,65,impression,2026-03-15T21:02:15,A09,0.446
U0204,92,impression,2026-03-09T11:48:04,A09,0.616
U0204,63,impression,2026-03-09T11:45:54,A09,0.089
U0204,89,impression,2026-03-09T11:45:34,A09,0.048
U0204,24,impression,2026-03-09T11:46:11,A09,0.085
U0204,106,impression,2026-03-09T11:44:36,A09,0.061
U0204,70,impression,2026-03-09T11:48:11,A09,0.464
U0204,84,impression,2026-03-09T11:44:54,A09,0.087
U0204,65,impression,2026-03-09T11:45:14,A09,0.514
U0204,58,impression,2026-03-09T11:46:23,A09,0.501
U0204,71,impression,2026-03-09T11:48:43,A09,0.628
U0204,54,impression,2026-03-09T11:46:26,A09,0.071
U0204,90,impression,2026-03-09T11:48:18,A09,0.493
U0204,90,click,2026-03-09T11:48:28,A09,0.493
U0204,90,cart_add,2026-03-09T11:49:18,A09,0.493
U0204,57,impression,2026-03-09T11:47:54,A09,0.428
U0204,100,impression,2026-03-09T11:44:05,A09,0.506
U0204,105,impression,2026-03-09T11:47:37,A09,0.414
U0204,93,impression,2026-02-25T11:21:05,A09,0.021
U0204,80,impression,2026-02-25T11:24:16,A09,0.083
U0204,100,impression,2026-02-25T11:23:57,A09,0.485
U0204,81,impression,2026-02-25T11:23:35,A09,-0.014
U0204,71,impression,2026-02-25T11:21:10,A09,0.608
U0204,105,impression,2026-02-25T11:21:17,A09,0.498
U0204,79,impression,2026-02-25T11:21:04,A09,0.429
U0204,32,impression,2026-02-25T11:23:10,A09,0.013
U0204,43,impression,2026-02-25T11:20:36,A09,0.077
U0204,68,impression,2026-02-25T11:22:49,A09,0.617
U0204,60,impression,2026-02-25T11:21:43,A09,0.079
U0204,57,impression,2026-02-25T11:23:07,A09,0.496
U0204,58,impression,2026-02-25T11:20:09,A09,0.497
U0205,31,impression,2026-03-01T20:39:51,A02,0.438
U0205,31,click,2026-03-01T20:40:00,A02,0.438
U0205,24,impression,2026-03-01T20:35:43,A02,0.475
U0205,72,impression,2026-03-01T20:39:21,A02,0.063
U0205,69,impression,2026-03-01T20:38:11,A02,0.026
U0205,55,impression,2026-03-01T20:35:56,A02,0.016
U0205,41,impression,2026-03-01T20:38:19,A02,0.464
U0205,44,impression,2026-03-01T20:35:22,A02,0.476
U0205,44,click,2026-03-01T20:35:40,A02,0.476
U0205,54,impression,2026-03-01T20:35:47,A02,0.028
U0205,102,impression,2026-03-01T20:38:21,A02,0.461
U0205,47,impression,2026-03-01T20:35:48,A02,0.499
U0205,91,impression,2026-04-03T17:09:24,A02,0.393
U0205,39,impression,2026-04-03T17:08:12,A02,0.433
U0205,66,impression,2026-04-03T17:11:40,A02,0.104
U0205,26,impression,2026-04-03T17:09:54,A02,0.437
U0205,35,impression,2026-04-03T17:07:33,A02,0.453
U0205,35,click,2026-04-03T17:07:44,A02,0.453
U0205,25,impression,2026-04-03T17:10:29,A02,0.47
U0205,67,impression,2026-04-03T17:10:16,A02,0.04
U0205,94,impression,2026-04-03T17:10:44,A02,0.096
U0205,72,impression,2026-04-03T17:10:33,A02,0.095
U0205,72,click,2026-04-03T17:10:58,A02,0.095
U0205,48,impression,2026-04-03T17:08:20,A02,0.503
U0205,41,impression,2026-03-21T22:11:00,A02,0.421
U0205,22,impression,2026-03-21T22:10:59,A02,0.453
U0205,77,impression,2026-03-21T22:07:18,A02,0.519
U0205,77,click,2026-03-21T22:07:28,A02,0.519
U0205,52,impression,2026-03-21T22:10:57,A02,0.441
U0205,37,impression,2026-03-21T22:08:16,A02,0.465
U0205,37,click,2026-03-21T22:08:34,A02,0.465
U0205,109,impression,2026-03-21T22:07:55,A02,0.04
U0205,93,impression,2026-03-21T22:09:20,A02,0.012
U0205,61,impression,2026-03-21T22:08:35,A02,0.037
U0205,53,impression,2026-03-21T22:09:01,A02,0.099
U0205,95,impression,2026-03-31T12:35:10,A02,0.018
U0205,52,impression,2026-03-31T12:36:56,A02,0.489
U0205,98,impression,2026-03-31T12:38:26,A02,0.088
U0205,44,impression,2026-03-31T12:38:21,A02,0.5
U0205,51,impression,2026-03-31T12:37:25,A02,0.488
U0205,88,impression,2026-03-31T12:39:55,A02,0.005
U0205,57,impression,2026-04-08T16:47:08,A02,0.021
U0205,101,impression,2026-04-08T16:45:24,A02,0.585
U0205,50,impression,2026-04-08T16:43:25,A02,0.416
U0205,50,click,2026-04-08T16:43:27,A02,0.416
U0205,74,impression,2026-04-08T16:44:33,A02,0.091
U0205,88,impression,2026-04-08T16:46:34,A02,-0.003
U0205,27,impression,2026-04-08T16:46:52,A02,0.416
U0205,105,impression,2026-04-08T16:45:02,A02,0.06
U0205,93,impression,2026-04-08T16:44:31,A02,0.091
U0205,47,impression,2026-04-08T16:47:11,A02,0.431
U0205,47,click,2026-04-08T16:47:30,A02,0.431
U0205,82,impression,2026-04-08T16:46:35,A02,0.44
U0205,41,impression,2026-04-08T16:44:04,A02,0.505
U0205,81,impression,2026-02-06T15:33:15,A02,0.153
U0205,71,impression,2026-02-06T15:30:55,A02,0.013
U0205,100,impression,2026-02-06T15:33:21,A02,0.01
U0205,47,impression,2026-02-06T15:32:49,A02,0.427
U0205,57,impression,2026-02-06T15:32:13,A02,0.015
U0205,76,impression,2026-02-06T15:34:20,A02,0.457
U0205,30,impression,2026-02-06T15:32:51,A02,0.463
U0205,51,impression,2026-02-06T15:31:04,A02,0.425
U0205,96,impression,2026-02-06T15:30:09,A02,0.108
U0205,33,impression,2026-02-06T15:32:57,A02,0.503
U0205,52,impression,2026-02-06T15:34:04,A02,0.472
U0205,107,impression,2026-02-06T15:30:59,A02,0.441
U0205,85,impression,2026-02-06T15:30:28,A02,0.024
U0206,56,impression,2026-02-27T13:13:01,A02,0.052
U0206,76,impression,2026-02-27T13:13:45,A02,0.413
U0206,76,click,2026-02-27T13:14:01,A02,0.413
U0206,91,impression,2026-02-27T13:12:42,A02,0.373
U0206,48,impression,2026-02-27T13:09:20,A02,0.425
U0206,63,impression,2026-02-27T13:13:19,A02,0.08
U0206,27,impression,2026-03-23T21:27:53,A02,0.483
U0206,91,impression,2026-03-23T21:25:30,A02,0.42
U0206,50,impression,2026-03-23T21:25:16,A02,0.417
U0206,97,impression,2026-03-23T21:27:45,A02,0.486
U0206,97,click,2026-03-23T21:28:08,A02,0.486
U0206,97,cart_add,2026-03-23T21:29:00,A02,0.486
U0206,80,impression,2026-03-23T21:25:34,A02,0.079
U0206,81,impression,2026-03-23T21:25:25,A02,0.096
U0206,62,impression,2026-03-23T21:26:59,A02,0.077
U0206,21,impression,2026-03-23T21:26:17,A02,0.448
U0206,21,click,2026-03-23T21:26:37,A02,0.448
U0206,105,impression,2026-03-23T21:25:00,A02,0.027
U0206,87,impression,2026-03-23T21:26:11,A02,0.383
U0206,87,click,2026-03-23T21:26:41,A02,0.383
U0206,45,impression,2026-03-23T21:26:16,A02,0.458
U0206,45,click,2026-03-23T21:26:41,A02,0.458
U0206,66,impression,2026-03-23T21:27:17,A02,0.049
U0206,102,impression,2026-03-23T21:26:55,A02,0.507
U0206,102,click,2026-03-23T21:27:17,A02,0.507
U0206,102,cart_add,2026-03-23T21:28:06,A02,0.507
U0206,61,impression,2026-03-23T21:23:58,A02,0.018
U0206,46,impression,2026-04-09T17:17:41,A02,0.013
U0206,63,impression,2026-04-09T17:16:30,A02,0.049
U0206,49,impression,2026-04-09T17:15:20,A02,0.429
U0206,49,click,2026-04-09T17:15:37,A02,0.429
U0206,40,impression,2026-04-09T17:15:07,A02,0.412
U0206,98,impression,2026-04-09T17:14:03,A02,0.062
U0206,67,impression,2026-04-09T17:17:50,A02,0.074
U0206,26,impression,2026-04-09T17:14:35,A02,0.498
U0206,26,click,2026-04-09T17:14:44,A02,0.498
U0206,57,impression,2026-04-09T17:15:14,A02,0.037
U0206,84,impression,2026-04-09T17:16:41,A02,0.484
U0206,77,impression,2026-04-09T17:15:56,A02,0.526
U0206,102,impression,2026-04-09T17:14:05,A02,0.428
U0206,102,click,2026-04-09T17:14:34,A02,0.428
U0206,24,impression,2026-04-09T17:15:22,A02,0.48
U0206,108,impression,2026-04-09T17:17:42,A02,0.129
U0206,22,impression,2026-04-09T17:14:26,A02,0.504
U0206,44,impression,2026-04-09T17:14:00,A02,0.498
U0207,70,impression,2026-02-10T21:09:37,A04,0.506
U0207,104,impression,2026-02-10T21:09:15,A04,0.03
U0207,100,impression,2026-02-10T21:10:03,A04,0.496
U0207,30,impression,2026-02-10T21:10:40,A04,0.085
U0207,25,impression,2026-02-10T21:11:57,A04,0.082
U0207,71,impression,2026-02-10T21:11:12,A04,0.458
U0207,57,impression,2026-02-10T21:11:05,A04,0.489
U0207,65,impression,2026-02-10T21:08:20,A04,0.514
U0207,101,impression,2026-02-10T21:10:40,A04,0.08
U0207,68,impression,2026-02-10T21:11:35,A04,0.505
U0207,58,impression,2026-02-10T21:07:36,A04,0.491
U0207,45,impression,2026-02-10T21:07:35,A04,0.099
U0207,65,impression,2026-02-19T10:43:29,A04,0.455
U0207,65,click,2026-02-19T10:43:55,A04,0.455
U0207,78,impression,2026-02-19T10:42:45,A04,0.412
U0207,78,click,2026-02-19T10:42:52,A04,0.412
U0207,78,cart_add,2026-02-19T10:43:47,A04,0.412
U0207,88,impression,2026-02-19T10:43:35,A04,0.013
U0207,97,impression,2026-02-19T10:45:55,A04,0.074
U0207,81,impression,2026-02-19T10:43:10,A04,0.066
U0207,32,impression,2026-02-19T10:43:06,A04,0.088
U0207,92,impression,2026-02-19T10:45:24,A04,0.478
U0207,57,impression,2026-02-19T10:45:06,A04,0.433
U0207,83,impression,2026-02-11T12:41:07,A04,0.571
U0207,92,impression,2026-02-11T12:40:38,A04,0.484
U0207,49,impression,2026-02-11T12:40:53,A04,0.082
U0207,65,impression,2026-02-11T12:40:56,A04,0.501
U0207,26,impression,2026-02-11T12:40:11,A04,0.047
U0207,32,impression,2026-02-11T12:42:00,A04,0.107
U0207,105,impression,2026-02-11T12:41:28,A04,0.497
U0207,91,impression,2026-02-11T12:37:34,A04,-0.004
U0207,94,impression,2026-02-11T12:40:55,A04,0.096
U0207,100,impression,2026-02-11T12:41:35,A04,0.516
U0207,79,impression,2026-02-11T12:38:02,A04,0.684
U0207,78,impression,2026-02-11T12:39:23,A04,0.446
U0207,72,impression,2026-03-01T12:18:46,A04,0.037
U0207,65,impression,2026-03-01T12:19:41,A04,0.474
U0207,79,impression,2026-03-01T12:16:05,A04,0.732
U0207,76,impression,2026-03-01T12:17:08,A04,0.055
U0207,92,impression,2026-03-01T12:20:15,A04,0.444
U0207,31,impression,2026-03-01T12:18:49,A04,0.077
U0207,99,impression,2026-03-01T12:20:40,A04,0.061
U0207,70,impression,2026-03-01T12:19:42,A04,0.455
U0207,57,impression,2026-03-01T12:17:06,A04,0.447
U0207,42,impression,2026-04-09T10:52:43,A04,0.052
U0207,90,impression,2026-04-09T10:51:45,A04,0.626
U0207,103,impression,2026-04-09T10:53:56,A04,0.497
U0207,38,impression,2026-04-09T10:53:27,A04,0.017
U0207,87,impression,2026-04-09T10:51:09,A04,0.036
U0207,57,impression,2026-04-09T10:53:22,A04,0.473
U0207,37,impression,2026-03-21T13:57:09,A04,0.093
U0207,102,impression,2026-03-21T13:53:12,A04,0.079
U0207,59,impression,2026-03-21T13:54:38,A04,0.058
U0207,92,impression,2026-03-21T13:57:46,A04,0.475
U0207,92,click,2026-03-21T13:58:10,A04,0.475
U0207,103,impression,2026-03-21T13:56:04,A04,0.477
U0207,22,impression,2026-03-21T13:53:58,A04,0.108
U0207,96,impression,2026-03-21T13:56:29,A04,0.033
U0207,65,impression,2026-03-21T13:55:17,A04,0.477
U0207,65,click,2026-03-21T13:55:25,A04,0.477
U0207,58,impression,2026-03-21T13:56:02,A04,0.432
U0207,58,click,2026-03-21T13:56:22,A04,0.432
U0207,83,impression,2026-03-21T13:57:14,A04,0.59
U0207,57,impression,2026-03-21T13:54:20,A04,0.457
U0207,62,impression,2026-03-21T13:57:48,A04,0.041
U0207,71,impression,2026-03-21T13:57:17,A04,0.496
U0207,66,impression,2026-03-21T13:54:12,A04,0.478
U0208,43,impression,2026-03-21T20:41:36,A02,0.663
U0208,43,click,2026-03-21T20:41:49,A02,0.663
U0208,50,impression,2026-03-21T20:40:16,A02,0.483
U0208,36,impression,2026-03-21T20:40:36,A02,0.426
U0208,92,impression,2026-03-21T20:43:43,A02,0.033
U0208,41,impression,2026-03-21T20:43:36,A02,0.42
U0208,53,impression,2026-03-21T20:40:37,A02,0.021
U0208,68,impression,2026-03-21T20:39:08,A02,0.083
U0208,98,impression,2026-03-21T20:39:14,A02,0.014
U0208,62,impression,2026-03-21T20:41:54,A02,0.107
U0208,47,impression,2026-03-21T20:40:43,A02,0.493
U0208,45,impression,2026-03-21T20:42:28,A02,0.477
U0208,55,impression,2026-02-10T17:54:03,A02,0.101
U0208,106,impression,2026-02-10T17:53:01,A02,0.034
U0208,38,impression,2026-02-10T17:57:00,A02,0.463
U0208,73,impression,2026-02-10T17:55:18,A02,0.039
U0208,96,impression,2026-02-10T17:56:29,A02,0.027
U0208,27,impression,2026-02-10T17:53:54,A02,0.441
U0208,51,impression,2026-02-10T17:55:28,A02,0.433
U0208,101,impression,2026-02-10T17:52:02,A02,0.579
U0208,40,impression,2026-02-10T17:53:54,A02,0.498
U0208,25,impression,2026-02-10T17:52:47,A02,0.492
U0208,80,impression,2026-02-10T17:53:08,A02,0.067
U0208,61,impression,2026-02-14T10:57:13,A02,0.081
U0208,99,impression,2026-02-14T10:55:51,A02,0.108
U0208,99,click,2026-02-14T10:56:00,A02,0.108
U0208,97,impression,2026-02-14T10:57:50,A02,0.481
U0208,43,impression,2026-02-14T10:56:52,A02,0.622
U0208,56,impression,2026-02-14T10:57:17,A02,0.03
U0208,57,impression,2026-02-14T10:56:46,A02,0.093
U0208,25,impression,2026-02-14T10:56:12,A02,0.466
U0208,38,impression,2026-02-14T10:58:04,A02,0.431
U0208,38,click,2026-02-14T10:58:12,A02,0.431
U0208,38,cart_add,2026-02-14T10:59:03,A02,0.431
U0208,38,order,2026-02-14T11:14:03,A02,0.431
U0208,87,impression,2026-02-14T10:57:27,A02,0.375
U0208,53,impression,2026-02-14T10:56:25,A02,0.025
U0208,85,impression,2026-02-14T10:56:06,A02,0.028
U0208,22,impression,2026-02-14T10:55:01,A02,0.493
U0208,34,impression,2026-02-14T10:54:45,A02,0.443
U0209,25,impression,2026-02-01T10:08:33,A06,0.44
U0209,108,impression,2026-02-01T10:09:12,A06,0.055
U0209,37,impression,2026-02-01T10:07:00,A06,0.436
U0209,77,impression,2026-02-01T10:08:53,A06,0.482
U0209,30,impression,2026-02-01T10:07:00,A06,0.418
U0209,109,impression,2026-02-01T10:07:44,A06,0.034
U0209,54,impression,2026-02-01T10:06:24,A06,0.036
U0209,54,impression,2026-04-10T20:21:39,A06,0.016
U0209,49,impression,2026-04-10T20:22:25,A06,0.11
U0209,84,impression,2026-04-10T20:21:08,A06,0.491
U0209,24,impression,2026-04-10T20:21:19,A06,0.447
U0209,50,impression,2026-04-10T20:22:13,A06,0.441
U0209,38,impression,2026-04-10T20:22:59,A06,0.501
U0209,25,impression,2026-04-10T20:22:39,A06,0.441
U0209,92,impression,2026-04-10T20:20:22,A06,0.086
U0209,69,impression,2026-04-10T20:19:41,A06,0.012
U0209,98,impression,2026-04-10T20:20:31,A06,0.443
U0209,60,impression,2026-04-10T20:19:12,A06,0.098
U0209,35,impression,2026-04-10T20:23:07,A06,0.446
U0209,27,impression,2026-04-17T20:55:40,A06,0.467
U0209,42,impression,2026-04-17T20:55:22,A06,0.056
U0209,80,impression,2026-04-17T20:53:02,A06,0.039
U0209,58,impression,2026-04-17T20:51:20,A06,0.025
U0209,31,impression,2026-04-17T20:53:41,A06,0.426
U0209,64,impression,2026-04-17T20:54:19,A06,0.074
U0209,24,impression,2026-04-17T20:54:58,A06,0.46
U0209,46,impression,2026-04-17T20:54:04,A06,0.455
U0209,46,click,2026-04-17T20:54:32,A06,0.455
U0209,30,impression,2026-04-17T20:53:44,A06,0.503
U0209,77,impression,2026-03-04T21:24:36,A06,0.435
U0209,79,impression,2026-03-04T21:23:27,A06,0.066
U0209,97,impression,2026-03-04T21:22:14,A06,0.533
U0209,72,impression,2026-03-04T21:22:32,A06,0.103
U0209,36,impression,2026-03-04T21:20:25,A06,0.425
U0209,54,impression,2026-03-04T21:24:56,A06,0.078
U0209,81,impression,2026-03-04T21:22:49,A06,0.463
U0209,27,impression,2026-03-04T21:20:24,A06,0.457
U0209,27,click,2026-03-04T21:20:36,A06,0.457
U0209,84,impression,2026-03-04T21:23:39,A06,0.49
U0209,84,click,2026-03-04T21:23:50,A06,0.49
U0209,75,impression,2026-03-04T21:22:44,A06,0.045
U0209,34,impression,2026-02-24T18:27:05,A06,0.398
U0209,44,impression,2026-02-24T18:24:27,A06,0.073
U0209,89,impression,2026-02-24T18:26:53,A06,0.003
U0209,25,impression,2026-02-24T18:27:39,A06,0.468
U0209,50,impression,2026-02-24T18:25:55,A06,0.448
U0209,97,impression,2026-02-24T18:24:52,A06,0.505
U0209,97,click,2026-02-24T18:25:01,A06,0.505
U0209,94,impression,2026-02-24T18:26:27,A06,0.062
U0209,71,impression,2026-02-24T18:25:36,A06,0.049
U0209,33,impression,2026-02-24T18:25:49,A06,0.473
U0209,33,click,2026-02-24T18:26:03,A06,0.473
U0209,39,impression,2026-02-24T18:26:38,A06,0.502
U0210,77,impression,2026-03-21T22:04:19,A07,-0.038
U0210,79,impression,2026-03-21T22:07:44,A07,0.082
U0210,72,impression,2026-03-21T22:03:20,A07,0.558
U0210,72,click,2026-03-21T22:03:36,A07,0.558
U0210,75,impression,2026-03-21T22:07:40,A07,0.747
U0210,75,click,2026-03-21T22:07:42,A07,0.747
U0210,74,impression,2026-03-21T22:07:46,A07,0.728
U0210,56,impression,2026-03-21T22:03:48,A07,0.092
U0210,99,impression,2026-03-21T22:07:42,A07,0.719
U0210,26,impression,2026-03-21T22:03:05,A07,0.055
U0210,62,impression,2026-03-21T22:06:17,A07,0.532
U0210,80,impression,2026-03-21T22:07:19,A07,0.541
U0210,59,impression,2026-02-26T22:12:22,A07,0.569
U0210,59,click,2026-02-26T22:12:52,A07,0.569
U0210,51,impression,2026-02-26T22:13:57,A07,0.03
U0210,109,impression,2026-02-26T22:16:24,A07,0.106
U0210,75,impression,2026-02-26T22:14:05,A07,0.677
U0210,88,impression,2026-02-26T22:14:42,A07,0.543
U0210,50,impression,2026-02-26T22:13:31,A07,0.096
U0210,74,impression,2026-04-08T09:05:56,A07,0.656
U0210,49,impression,2026-04-08T09:07:45,A07,0.061
U0210,25,impression,2026-04-08T09:05:25,A07,0.041
U0210,42,impression,2026-04-08T09:05:47,A07,0.073
U0210,69,impression,2026-04-08T09:08:58,A07,0.663
U0210,23,impression,2026-04-08T09:05:46,A07,0.103
U0210,80,impression,2026-04-08T09:08:34,A07,0.529
U0210,80,click,2026-04-08T09:08:44,A07,0.529
U0210,72,impression,2026-04-08T09:05:01,A07,0.566
U0210,63,impression,2026-04-08T09:05:45,A07,0.633
U0210,63,click,2026-04-08T09:06:02,A07,0.633
U0210,63,save,2026-04-08T09:06:02,A07,0.633
U0210,73,impression,2026-04-08T09:08:21,A07,0.668
U0210,82,impression,2026-02-14T13:00:58,A07,0.011
U0210,74,impression,2026-02-14T13:02:29,A07,0.749
U0210,74,click,2026-02-14T13:02:37,A07,0.749
U0210,87,impression,2026-02-14T13:00:38,A07,0.061
U0210,108,impression,2026-02-14T12:59:37,A07,0.545
U0210,99,impression,2026-02-14T12:59:15,A07,0.653
U0210,73,impression,2026-02-14T13:00:30,A07,0.667
U0210,73,click,2026-02-14T13:00:56,A07,0.667
U0210,73,save,2026-02-14T13:00:56,A07,0.667
U0210,40,impression,2026-02-14T12:59:14,A07,0.056
U0210,67,impression,2026-02-14T13:00:08,A07,0.42
U0210,57,impression,2026-02-14T13:03:01,A07,0.068
U0210,88,impression,2026-02-14T12:59:56,A07,0.545
U0210,88,click,2026-02-14T13:00:20,A07,0.545
U0210,73,impression,2026-02-23T10:34:05,A07,0.67
U0210,73,click,2026-02-23T10:34:08,A07,0.67
U0210,55,impression,2026-02-23T10:34:17,A07,0.039
U0210,42,impression,2026-02-23T10:30:38,A07,0.1
U0210,75,impression,2026-02-23T10:32:00,A07,0.688
U0210,85,impression,2026-02-23T10:31:04,A07,0.559
U0210,32,impression,2026-02-23T10:30:44,A07,0.069
U0210,99,impression,2026-02-23T10:32:56,A07,0.715
U0210,99,click,2026-02-23T10:33:11,A07,0.715
U0210,99,impression,2026-02-26T09:42:51,A07,0.698
U0210,61,impression,2026-02-26T09:39:02,A07,0.604
U0210,61,click,2026-02-26T09:39:05,A07,0.604
U0210,61,save,2026-02-26T09:39:05,A07,0.604
U0210,30,impression,2026-02-26T09:39:24,A07,0.047
U0210,63,impression,2026-02-26T09:42:31,A07,0.668
U0210,63,click,2026-02-26T09:43:00,A07,0.668
U0210,60,impression,2026-02-26T09:38:36,A07,0.544
U0210,60,click,2026-02-26T09:38:50,A07,0.544
U0210,65,impression,2026-02-26T09:41:16,A07,0.013
U0210,62,impression,2026-02-26T09:39:28,A07,0.556
U0210,62,click,2026-02-26T09:39:36,A07,0.556
U0210,81,impression,2026-02-26T09:42:59,A07,0.09
U0210,73,impression,2026-02-26T09:40:45,A07,0.667
U0210,88,impression,2026-02-26T09:40:26,A07,0.573
U0210,102,impression,2026-02-26T09:38:40,A07,0.012
U0210,44,impression,2026-02-26T09:38:52,A07,0.065
U0210,42,impression,2026-02-26T09:38:44,A07,0.093
U0210,99,impression,2026-02-28T22:12:20,A07,0.721
U0210,35,impression,2026-02-28T22:11:02,A07,0.086
U0210,30,impression,2026-02-28T22:11:58,A07,0.054
U0210,88,impression,2026-02-28T22:10:34,A07,0.534
U0210,72,impression,2026-02-28T22:12:14,A07,0.56
U0210,104,impression,2026-02-28T22:13:08,A07,0.056
U0210,65,impression,2026-02-28T22:13:10,A07,-0.031
U0210,62,impression,2026-02-28T22:13:20,A07,0.497
U0210,60,impression,2026-02-28T22:13:00,A07,0.587
U0210,92,impression,2026-02-12T21:29:28,A07,0.098
U0210,50,impression,2026-02-12T21:30:25,A07,0.023
U0210,73,impression,2026-02-12T21:32:48,A07,0.745
U0210,61,impression,2026-02-12T21:28:41,A07,0.651
U0210,27,impression,2026-02-12T21:28:50,A07,0.079
U0210,60,impression,2026-02-12T21:30:50,A07,0.492
U0210,85,impression,2026-02-12T21:32:25,A07,0.491
U0211,36,impression,2026-04-08T20:51:19,A05,0.079
U0211,94,impression,2026-04-08T20:55:37,A05,0.632
U0211,45,impression,2026-04-08T20:55:54,A05,0.453
U0211,90,impression,2026-04-08T20:51:53,A05,0.033
U0211,102,impression,2026-04-08T20:55:27,A05,0.46
U0211,62,impression,2026-02-10T14:32:39,A05,0.091
U0211,102,impression,2026-02-10T14:31:37,A05,0.422
U0211,91,impression,2026-02-10T14:32:45,A05,0.447
U0211,30,impression,2026-02-10T14:29:14,A05,0.093
U0211,76,impression,2026-02-10T14:30:33,A05,0.447
U0211,104,impression,2026-02-10T14:30:52,A05,0.497
U0211,40,impression,2026-02-10T14:28:42,A05,0.439
U0211,67,impression,2026-02-10T14:31:24,A05,0.074
U0211,97,impression,2026-02-10T14:30:54,A05,0.069
U0211,102,impression,2026-04-11T17:41:28,A05,0.461
U0211,64,impression,2026-04-11T17:43:09,A05,0.682
U0211,23,impression,2026-04-11T17:44:30,A05,0.45
U0211,97,impression,2026-04-11T17:41:51,A05,0.056
U0211,90,impression,2026-04-11T17:43:42,A05,0.048
U0211,92,impression,2026-04-11T17:41:48,A05,0.024
U0211,79,impression,2026-02-26T21:49:36,A05,0.015
U0211,90,impression,2026-02-26T21:46:33,A05,0.039
U0211,43,impression,2026-02-26T21:48:18,A05,0.427
U0211,64,impression,2026-02-26T21:47:29,A05,0.744
U0211,64,click,2026-02-26T21:47:54,A05,0.744
U0211,102,impression,2026-02-26T21:47:36,A05,0.471
U0211,102,click,2026-02-26T21:47:54,A05,0.471
U0211,42,impression,2026-02-26T21:46:26,A05,0.457
U0211,89,impression,2026-02-26T21:47:34,A05,0.672
U0211,75,impression,2026-02-26T21:50:48,A05,0.052
U0211,78,impression,2026-02-26T21:50:50,A05,0.025
U0212,59,impression,2026-02-26T16:27:20,A13,0.73
U0212,60,impression,2026-02-26T16:29:20,A13,0.616
U0212,107,impression,2026-02-26T16:30:06,A13,0.155
U0212,48,impression,2026-02-26T16:27:08,A13,0.06
U0212,85,impression,2026-02-26T16:29:03,A13,0.682
U0212,79,impression,2026-02-26T16:27:31,A13,0.036
U0212,99,impression,2026-02-26T16:31:24,A13,0.567
U0212,99,click,2026-02-26T16:31:47,A13,0.567
U0212,58,impression,2026-04-14T13:33:43,A13,0.082
U0212,98,impression,2026-04-14T13:36:39,A13,0.184
U0212,99,impression,2026-04-14T13:34:48,A13,0.577
U0212,59,impression,2026-04-14T13:33:14,A13,0.712
U0212,59,click,2026-04-14T13:33:39,A13,0.712
U0212,88,impression,2026-04-14T13:37:31,A13,0.052
U0212,73,impression,2026-04-14T13:34:26,A13,0.626
U0212,45,impression,2026-04-16T16:39:26,A13,0.1
U0212,68,impression,2026-04-16T16:36:18,A13,0.095
U0212,68,click,2026-04-16T16:36:24,A13,0.095
U0212,44,impression,2026-04-16T16:38:14,A13,0.088
U0212,108,impression,2026-04-16T16:40:23,A13,0.412
U0212,65,impression,2026-04-16T16:40:23,A13,0.029
U0212,60,impression,2026-04-16T16:36:31,A13,0.664
U0212,60,click,2026-04-16T16:36:40,A13,0.664
U0212,57,impression,2026-04-16T16:40:37,A13,0.02
U0212,74,impression,2026-04-16T16:36:21,A13,0.634
U0212,59,impression,2026-04-16T16:38:37,A13,0.725
U0212,59,click,2026-04-16T16:39:03,A13,0.725
U0212,93,impression,2026-04-16T16:39:03,A13,0.582
U0212,73,impression,2026-04-16T16:39:23,A13,0.63
U0212,85,impression,2026-04-16T16:36:49,A13,0.75
U0212,106,impression,2026-04-05T13:36:38,A13,0.049
U0212,42,impression,2026-04-05T13:32:27,A13,0.09
U0212,85,impression,2026-04-05T13:32:43,A13,0.691
U0212,47,impression,2026-04-05T13:32:13,A13,0.037
U0212,44,impression,2026-04-05T13:32:19,A13,0.053
U0212,67,impression,2026-04-05T13:34:18,A13,0.476
U0212,109,impression,2026-04-05T13:36:43,A13,0.109
U0212,99,impression,2026-04-05T13:32:27,A13,0.559
U0212,86,impression,2026-04-05T13:32:51,A13,0.028
U0212,80,impression,2026-04-05T13:35:24,A13,0.664
U0212,73,impression,2026-04-05T13:33:23,A13,0.661
U0212,93,impression,2026-04-05T13:35:12,A13,0.508
U0212,72,impression,2026-04-05T13:32:09,A13,0.697
U0212,72,click,2026-04-05T13:32:22,A13,0.697
U0212,83,impression,2026-02-09T21:06:44,A13,0.017
U0212,61,impression,2026-02-09T21:02:24,A13,0.414
U0212,21,impression,2026-02-09T21:02:08,A13,0.049
U0212,75,impression,2026-02-09T21:04:27,A13,0.598
U0212,90,impression,2026-02-09T21:06:55,A13,0.058
U0212,62,impression,2026-02-09T21:06:04,A13,0.477
U0212,62,click,2026-02-09T21:06:27,A13,0.477
U0212,104,impression,2026-02-09T21:02:46,A13,0.035
U0212,108,impression,2026-02-09T21:06:45,A13,0.412
U0212,63,impression,2026-02-09T21:05:43,A13,0.176
U0212,93,impression,2026-02-09T21:03:07,A13,0.572
U0212,67,impression,2026-02-09T21:02:29,A13,0.461
U0212,67,click,2026-02-09T21:02:55,A13,0.461
U0212,69,impression,2026-02-09T21:02:58,A13,0.587
U0212,77,impression,2026-02-09T21:04:15,A13,-0.023
U0212,99,impression,2026-02-09T21:05:33,A13,0.539
U0212,61,impression,2026-03-11T19:46:16,A13,0.418
U0212,61,click,2026-03-11T19:46:19,A13,0.418
U0212,24,impression,2026-03-11T19:44:03,A13,0.049
U0212,67,impression,2026-03-11T19:45:02,A13,0.555
U0212,79,impression,2026-03-11T19:46:04,A13,0.071
U0212,27,impression,2026-03-11T19:44:41,A13,0.06
U0212,58,impression,2026-03-11T19:45:34,A13,0.056
U0212,99,impression,2026-03-11T19:46:13,A13,0.556
U0212,72,impression,2026-03-11T19:44:10,A13,0.744
U0212,60,impression,2026-03-11T19:43:52,A13,0.641
U0212,60,click,2026-03-11T19:44:09,A13,0.641
U0212,60,save,2026-03-11T19:44:09,A13,0.641
U0212,101,impression,2026-03-11T19:44:22,A13,0.086
U0212,69,impression,2026-03-11T19:44:34,A13,0.591
U0212,43,impression,2026-03-11T19:45:36,A13,0.026
U0212,108,impression,2026-03-11T19:45:00,A13,0.436
U0212,108,click,2026-03-11T19:45:05,A13,0.436
U0212,73,impression,2026-03-11T19:43:08,A13,0.67
U0212,73,click,2026-03-11T19:43:21,A13,0.67
U0212,73,save,2026-03-11T19:43:21,A13,0.67
U0212,73,cart_add,2026-03-11T19:44:02,A13,0.67
U0212,74,impression,2026-03-13T18:05:24,A13,0.646
U0212,69,impression,2026-03-13T18:02:43,A13,0.602
U0212,109,impression,2026-03-13T18:05:31,A13,0.033
U0212,35,impression,2026-03-13T18:06:55,A13,0.072
U0212,99,impression,2026-03-13T18:05:54,A13,0.494
U0213,69,impression,2026-03-05T10:02:37,A04,0.01
U0213,49,impression,2026-03-05T10:01:49,A04,0.02
U0213,105,impression,2026-03-05T10:04:02,A04,0.581
U0213,50,impression,2026-03-05T10:04:08,A04,0.095
U0213,77,impression,2026-03-05T10:03:17,A04,-0.028
U0213,78,impression,2026-03-05T10:01:56,A04,0.479
U0213,100,impression,2026-03-05T10:02:50,A04,0.524
U0213,59,impression,2026-03-05T10:05:39,A04,0.015
U0213,37,impression,2026-03-05T10:01:00,A04,0.075
U0213,70,impression,2026-03-05T10:03:07,A04,0.465
U0213,70,click,2026-03-05T10:03:19,A04,0.465
U0213,57,impression,2026-03-05T10:03:26,A04,0.417
U0213,83,impression,2026-03-05T10:02:02,A04,0.653
U0213,92,impression,2026-03-05T10:01:36,A04,0.426
U0213,79,impression,2026-03-16T10:23:59,A04,0.686
U0213,109,impression,2026-03-16T10:20:54,A04,0.103
U0213,37,impression,2026-03-16T10:20:17,A04,0.076
U0213,38,impression,2026-03-16T10:19:38,A04,0.09
U0213,80,impression,2026-03-16T10:20:34,A04,0.1
U0213,68,impression,2026-03-16T10:22:15,A04,0.436
U0213,45,impression,2026-03-16T10:19:56,A04,0.049
U0213,71,impression,2026-03-16T10:22:13,A04,0.502
U0213,103,impression,2026-03-16T10:20:56,A04,0.418
U0213,105,impression,2026-03-16T10:21:12,A04,0.585
U0213,105,click,2026-03-16T10:21:25,A04,0.585
U0213,105,save,2026-03-16T10:21:25,A04,0.585
U0213,58,impression,2026-03-16T10:19:57,A04,0.439
U0213,98,impression,2026-03-16T10:23:43,A04,0.011
U0213,100,impression,2026-03-16T10:21:11,A04,0.546
U0213,71,impression,2026-03-20T12:42:46,A04,0.416
U0213,36,impression,2026-03-20T12:39:01,A04,0.06
U0213,48,impression,2026-03-20T12:42:08,A04,0.045
U0213,62,impression,2026-03-20T12:41:47,A04,0.044
U0213,102,impression,2026-03-20T12:43:19,A04,0.084
U0213,57,impression,2026-03-20T12:42:12,A04,0.485
U0213,57,click,2026-03-20T12:42:19,A04,0.485
U0213,103,impression,2026-03-20T12:43:09,A04,0.487
U0213,78,impression,2026-03-20T12:39:02,A04,0.502
U0213,57,impression,2026-02-27T09:45:00,A04,0.459
U0213,84,impression,2026-02-27T09:46:27,A04,0.028
U0213,79,impression,2026-02-27T09:45:37,A04,0.721
U0213,89,impression,2026-02-27T09:46:12,A04,-0.002
U0213,68,impression,2026-02-27T09:45:27,A04,0.454
U0213,71,impression,2026-02-27T09:45:16,A04,0.485
U0213,47,impression,2026-02-27T09:48:21,A04,0.063
U0213,87,impression,2026-02-27T09:47:33,A04,0.0
U0213,54,impression,2026-02-27T09:47:15,A04,0.072
U0213,54,click,2026-02-27T09:47:17,A04,0.072
U0213,65,impression,2026-02-27T09:47:55,A04,0.468
U0213,70,impression,2026-02-27T09:46:23,A04,0.412
U0213,81,impression,2026-02-27T09:46:52,A04,0.006
U0213,83,impression,2026-02-27T09:45:21,A04,0.668
U0213,78,impression,2026-02-27T09:45:19,A04,0.469
U0213,68,impression,2026-03-09T11:18:59,A04,0.47
U0213,54,impression,2026-03-09T11:18:17,A04,0.102
U0213,81,impression,2026-03-09T11:17:01,A04,0.032
U0213,92,impression,2026-03-09T11:17:34,A04,0.49
U0213,57,impression,2026-03-09T11:14:07,A04,0.481
U0213,79,impression,2026-03-09T11:18:37,A04,0.716
U0213,51,impression,2026-03-09T11:17:17,A04,0.1
U0213,71,impression,2026-03-09T11:16:39,A04,0.428
U0213,50,impression,2026-03-09T11:15:30,A04,0.021
U0213,100,impression,2026-03-09T11:16:44,A04,0.531
U0213,105,impression,2026-03-09T17:55:38,A04,0.53
U0213,83,impression,2026-03-09T17:57:56,A04,0.617
U0213,83,click,2026-03-09T17:58:14,A04,0.617
U0213,78,impression,2026-03-09T17:53:59,A04,0.441
U0213,58,impression,2026-03-09T17:53:00,A04,0.455
U0213,38,impression,2026-03-09T17:53:45,A04,0.107
U0213,33,impression,2026-03-09T17:53:56,A04,0.089
U0213,74,impression,2026-03-09T17:57:22,A04,0.024
U0214,109,impression,2026-04-08T13:47:11,A08,0.491
U0214,54,impression,2026-04-08T13:45:57,A08,0.485
U0214,34,impression,2026-04-08T13:48:17,A08,-0.008
U0214,53,impression,2026-04-08T13:44:12,A08,0.568
U0214,68,impression,2026-04-08T13:45:23,A08,0.014
U0214,96,impression,2026-04-08T13:45:03,A08,0.455
U0214,55,impression,2026-04-08T13:44:11,A08,0.666
U0214,73,impression,2026-04-08T13:44:56,A08,0.061
U0214,45,impression,2026-04-08T13:45:52,A08,0.024
U0214,46,impression,2026-03-20T17:10:05,A08,0.022
U0214,96,impression,2026-03-20T17:11:50,A08,0.489
U0214,54,impression,2026-03-20T17:11:24,A08,0.472
U0214,82,impression,2026-03-20T17:10:03,A08,0.088
U0214,60,impression,2026-03-20T17:08:19,A08,0.027
U0214,105,impression,2026-03-20T17:07:17,A08,0.618
U0214,105,click,2026-03-20T17:07:38,A08,0.618
U0214,74,impression,2026-03-20T17:09:43,A08,0.046
U0214,90,impression,2026-03-20T17:08:09,A08,0.654
U0214,90,click,2026-03-20T17:08:11,A08,0.654
U0214,83,impression,2026-04-06T20:57:38,A08,0.495
U0214,54,impression,2026-04-06T21:00:01,A08,0.471
U0214,85,impression,2026-04-06T21:01:04,A08,0.046
U0214,105,impression,2026-04-06T21:00:11,A08,0.589
U0214,57,impression,2026-04-06T21:00:31,A08,0.022
U0214,95,impression,2026-04-06T21:00:36,A08,0.658
U0214,90,impression,2026-04-06T20:59:18,A08,0.654
U0214,55,impression,2026-04-06T20:58:45,A08,0.724
U0214,78,impression,2026-04-06T20:57:26,A08,0.092
U0214,109,impression,2026-04-06T21:00:31,A08,0.412
U0214,73,impression,2026-04-06T21:01:24,A08,0.106
U0214,58,impression,2026-04-06T20:58:05,A08,0.081
U0214,93,impression,2026-04-07T16:54:46,A08,0.043
U0214,60,impression,2026-04-07T16:56:00,A08,0.061
U0214,23,impression,2026-04-07T16:53:20,A08,0.022
U0214,109,impression,2026-04-07T16:52:29,A08,0.499
U0214,109,click,2026-04-07T16:52:58,A08,0.499
U0214,109,cart_add,2026-04-07T16:53:26,A08,0.499
U0214,96,impression,2026-04-07T16:56:45,A08,0.504
U0214,96,click,2026-04-07T16:57:02,A08,0.504
U0214,90,impression,2026-04-07T16:56:04,A08,0.607
U0214,90,click,2026-04-07T16:56:23,A08,0.607
U0215,62,impression,2026-03-06T14:00:36,A05,0.076
U0215,86,impression,2026-03-06T14:01:57,A05,0.478
U0215,52,impression,2026-03-06T14:00:54,A05,0.107
U0215,94,impression,2026-03-06T14:02:48,A05,0.655
U0215,22,impression,2026-03-06T14:02:13,A05,0.428
U0215,106,impression,2026-02-18T16:35:28,A05,0.489
U0215,46,impression,2026-02-18T16:38:36,A05,0.06
U0215,46,click,2026-02-18T16:39:02,A05,0.06
U0215,68,impression,2026-02-18T16:36:51,A05,0.1
U0215,49,impression,2026-02-18T16:38:16,A05,0.505
U0215,44,impression,2026-02-18T16:39:47,A05,0.457
U0215,102,impression,2026-02-18T16:35:05,A05,0.448
U0215,22,impression,2026-02-18T16:35:30,A05,0.503
U0215,25,impression,2026-02-18T16:38:01,A05,0.034
U0215,78,impression,2026-02-18T16:36:31,A05,0.064
U0215,23,impression,2026-02-18T16:35:49,A05,0.438
U0215,100,impression,2026-02-18T16:35:20,A05,0.083
U0215,42,impression,2026-02-18T16:36:43,A05,0.412
U0215,40,impression,2026-02-18T16:36:38,A05,0.509
U0215,89,impression,2026-02-18T16:36:37,A05,0.625
U0215,105,impression,2026-02-18T16:38:41,A05,0.096
U0215,101,impression,2026-03-18T11:10:52,A05,0.464
U0215,99,impression,2026-03-18T11:13:01,A05,0.074
U0215,53,impression,2026-03-18T11:12:29,A05,0.03
U0215,71,impression,2026-03-18T11:12:28,A05,0.065
U0215,71,click,2026-03-18T11:12:58,A05,0.065
U0215,45,impression,2026-03-18T11:11:46,A05,0.471
U0215,31,impression,2026-03-18T11:11:20,A05,0.031
U0215,44,impression,2026-03-18T11:10:50,A05,0.506
U0215,23,impression,2026-03-18T11:13:11,A05,0.472
U0215,104,impression,2026-03-18T11:11:49,A05,0.549
U0215,56,impression,2026-02-24T19:17:38,A05,0.098
U0215,81,impression,2026-02-24T19:15:16,A05,0.067
U0215,104,impression,2026-02-24T19:16:16,A05,0.558
U0215,101,impression,2026-02-24T19:15:38,A05,0.411
U0215,54,impression,2026-02-24T19:18:47,A05,0.061
U0215,45,impression,2026-02-24T19:15:34,A05,0.472
U0215,45,click,2026-02-24T19:15:37,A05,0.472
U0215,43,impression,2026-02-24T19:19:36,A05,0.481
U0215,43,click,2026-02-24T19:19:57,A05,0.481
U0215,107,impression,2026-02-24T19:15:56,A05,0.416
U0215,107,click,2026-02-24T19:16:11,A05,0.416
U0215,107,save,2026-02-24T19:16:11,A05,0.416
U0215,106,impression,2026-02-24T19:17:09,A05,0.437
U0215,78,impression,2026-02-24T19:16:57,A05,0.096
U0215,71,impression,2026-02-24T19:16:08,A05,0.094
U0215,94,impression,2026-02-24T19:15:45,A05,0.617
U0215,65,impression,2026-02-24T19:15:32,A05,0.051
U0215,21,impression,2026-02-24T19:15:38,A05,0.489
U0215,100,impression,2026-02-12T09:36:05,A05,0.027
U0215,64,impression,2026-02-12T09:40:22,A05,0.651
U0215,88,impression,2026-02-12T09:40:01,A05,0.007
U0215,49,impression,2026-02-12T09:36:54,A05,0.44
U0215,57,impression,2026-02-12T09:39:47,A05,0.056
U0215,69,impression,2026-02-12T09:39:08,A05,0.028
U0215,41,impression,2026-02-12T09:40:56,A05,0.505
U0215,106,impression,2026-02-12T09:36:40,A05,0.478
U0215,102,impression,2026-02-12T09:37:58,A05,0.438
U0215,86,impression,2026-04-10T17:08:01,A05,0.434
U0215,65,impression,2026-04-10T17:04:04,A05,-0.031
U0215,43,impression,2026-04-10T17:06:43,A05,0.492
U0215,106,impression,2026-04-10T17:07:52,A05,0.429
U0215,35,impression,2026-04-10T17:08:57,A05,0.042
U0216,74,impression,2026-04-11T14:07:24,A07,0.66
U0216,56,impression,2026-04-11T14:07:16,A07,0.096
U0216,75,impression,2026-04-11T14:11:55,A07,0.748
U0216,61,impression,2026-04-11T14:11:34,A07,0.659
U0216,23,impression,2026-04-11T14:10:57,A07,0.079
U0216,92,impression,2026-04-11T14:08:13,A07,0.015
U0216,59,impression,2026-04-11T14:10:59,A07,0.559
U0216,63,impression,2026-04-11T14:10:28,A07,0.642
U0216,99,impression,2026-04-11T14:10:11,A07,0.675
U0216,102,impression,2026-04-11T14:10:15,A07,0.069
U0216,102,click,2026-04-11T14:10:42,A07,0.069
U0216,37,impression,2026-02-23T17:44:48,A07,0.027
U0216,81,impression,2026-02-23T17:42:15,A07,0.13
U0216,69,impression,2026-02-23T17:42:29,A07,0.624
U0216,69,click,2026-02-23T17:42:56,A07,0.624
U0216,69,save,2026-02-23T17:42:56,A07,0.624
U0216,61,impression,2026-02-23T17:43:26,A07,0.642
U0216,99,impression,2026-02-23T17:42:49,A07,0.703
U0216,73,impression,2026-02-23T17:42:02,A07,0.747
U0216,62,impression,2026-02-23T17:40:39,A07,0.497
U0216,96,impression,2026-02-23T17:41:57,A07,0.091
U0216,42,impression,2026-02-23T17:42:22,A07,0.013
U0216,88,impression,2026-02-23T17:42:46,A07,0.524
U0216,59,impression,2026-02-23T17:44:32,A07,0.52
U0216,87,impression,2026-02-23T17:42:59,A07,0.007
U0216,68,impression,2026-03-09T13:28:27,A07,0.087
U0216,65,impression,2026-03-09T13:26:27,A07,0.009
U0216,88,impression,2026-03-09T13:31:00,A07,0.537
U0216,88,click,2026-03-09T13:31:27,A07,0.537
U0216,35,impression,2026-03-09T13:27:07,A07,0.023
U0216,73,impression,2026-03-09T13:29:22,A07,0.654
U0216,73,click,2026-03-09T13:29:50,A07,0.654
U0216,59,impression,2026-03-09T13:30:34,A07,0.559
U0216,85,impression,2026-03-09T13:26:03,A07,0.532
U0216,22,impression,2026-04-13T19:37:09,A07,0.043
U0216,103,impression,2026-04-13T19:40:47,A07,0.066
U0216,99,impression,2026-04-13T19:40:14,A07,0.665
U0216,94,impression,2026-04-13T19:40:20,A07,0.052
U0216,73,impression,2026-04-13T19:39:41,A07,0.673
U0216,60,impression,2026-04-13T19:40:43,A07,0.542
U0216,71,impression,2026-02-12T20:22:59,A07,0.159
U0216,71,click,2026-02-12T20:23:28,A07,0.159
U0216,80,impression,2026-02-12T20:20:56,A07,0.507
U0216,80,click,2026-02-12T20:20:59,A07,0.507
U0216,85,impression,2026-02-12T20:23:27,A07,0.522
U0216,85,click,2026-02-12T20:23:31,A07,0.522
U0216,60,impression,2026-02-12T20:23:40,A07,0.557
U0216,57,impression,2026-02-12T20:24:02,A07,0.096
U0216,51,impression,2026-02-04T10:50:13,A07,0.098
U0216,34,impression,2026-02-04T10:52:20,A07,0.044
U0216,89,impression,2026-02-04T10:51:05,A07,0.042
U0216,63,impression,2026-02-04T10:51:02,A07,0.634
U0216,63,click,2026-02-04T10:51:20,A07,0.634
U0216,62,impression,2026-02-04T10:52:14,A07,0.544
U0216,62,click,2026-02-04T10:52:24,A07,0.544
U0216,62,save,2026-02-04T10:52:24,A07,0.544
U0216,73,impression,2026-02-04T10:49:14,A07,0.688
U0216,40,impression,2026-02-04T10:49:33,A07,0.013
U0216,75,impression,2026-02-04T10:49:34,A07,0.724
U0216,71,impression,2026-02-04T10:50:43,A07,0.099
U0216,60,impression,2026-02-04T10:53:37,A07,0.547
U0216,72,impression,2026-02-04T10:52:39,A07,0.509
U0216,81,impression,2026-02-15T13:23:43,A07,0.14
U0216,73,impression,2026-02-15T13:24:53,A07,0.657
U0216,73,click,2026-02-15T13:24:59,A07,0.657
U0216,100,impression,2026-02-15T13:22:49,A07,0.082
U0216,108,impression,2026-02-15T13:22:40,A07,0.582
U0216,108,click,2026-02-15T13:22:43,A07,0.582
U0216,61,impression,2026-02-15T13:22:41,A07,0.577
U0217,90,impression,2026-02-28T17:32:56,A02,0.084
U0217,23,impression,2026-02-28T17:31:31,A02,0.505
U0217,22,impression,2026-02-28T17:31:37,A02,0.412
U0217,38,impression,2026-02-28T17:30:04,A02,0.413
U0217,48,impression,2026-02-28T17:31:19,A02,0.444
U0217,62,impression,2026-02-28T17:32:17,A02,0.029
U0217,103,impression,2026-02-28T17:29:40,A02,0.04
U0217,96,impression,2026-02-28T17:29:11,A02,0.034
U0217,41,impression,2026-04-07T22:57:15,A02,0.484
U0217,47,impression,2026-04-07T22:59:40,A02,0.442
U0217,31,impression,2026-04-07T22:57:37,A02,0.404
U0217,68,impression,2026-04-07T22:58:58,A02,0.031
U0217,60,impression,2026-04-07T22:57:56,A02,0.091
U0217,43,impression,2026-04-07T22:58:04,A02,0.582
U0217,108,impression,2026-04-07T22:59:35,A02,0.184
U0217,99,impression,2026-04-07T22:56:27,A02,0.079
U0217,32,impression,2026-04-07T22:57:03,A02,0.484
U0217,27,impression,2026-03-20T20:41:49,A02,0.458
U0217,96,impression,2026-03-20T20:40:32,A02,0.031
U0217,30,impression,2026-03-20T20:40:42,A02,0.491
U0217,32,impression,2026-03-20T20:43:36,A02,0.471
U0217,25,impression,2026-03-20T20:40:09,A02,0.407
U0217,53,impression,2026-03-20T20:44:21,A02,0.092
U0217,92,impression,2026-03-20T20:44:19,A02,0.066
U0217,75,impression,2026-04-11T10:20:54,A02,0.06
U0217,67,impression,2026-04-11T10:17:26,A02,0.029
U0217,43,impression,2026-04-11T10:19:13,A02,0.598
U0217,43,click,2026-04-11T10:19:43,A02,0.598
U0217,50,impression,2026-04-11T10:20:15,A02,0.467
U0217,93,impression,2026-04-11T10:21:58,A02,0.037
U0217,63,impression,2026-04-11T10:17:14,A02,0.087
U0217,86,impression,2026-04-11T10:21:08,A02,0.468
U0217,36,impression,2026-04-11T10:18:14,A02,0.436
U0218,67,impression,2026-03-06T17:39:18,A01,0.458
U0218,94,impression,2026-03-06T17:39:54,A01,0.035
U0218,90,impression,2026-03-06T17:40:35,A01,0.042
U0218,25,impression,2026-03-06T17:38:36,A01,0.487
U0218,72,impression,2026-03-06T17:40:33,A01,0.587
U0218,72,click,2026-03-06T17:40:42,A01,0.587
U0218,39,impression,2026-03-06T17:37:36,A01,0.141
U0218,79,impression,2026-03-06T17:40:13,A01,0.457
U0218,83,impression,2026-03-06T17:39:29,A01,0.019
U0218,74,impression,2026-03-06T17:40:11,A01,0.212
U0218,58,impression,2026-03-06T17:41:59,A01,0.437
U0218,58,click,2026-03-06T17:42:22,A01,0.437
U0218,78,impression,2026-03-06T17:38:02,A01,0.045
U0218,84,impression,2026-03-06T17:37:59,A01,0.494
U0218,84,click,2026-03-06T17:38:27,A01,0.494
U0218,84,save,2026-03-06T17:38:27,A01,0.494
U0218,26,impression,2026-03-06T17:39:53,A01,0.476
U0218,81,impression,2026-04-17T15:02:45,A01,0.595
U0218,55,impression,2026-04-17T15:03:26,A01,0.042
U0218,68,impression,2026-04-17T15:01:49,A01,0.423
U0218,71,impression,2026-04-17T15:00:06,A01,0.07
U0218,103,impression,2026-04-17T15:04:57,A01,0.501
U0218,85,impression,2026-04-17T15:01:59,A01,0.664
U0218,23,impression,2026-04-17T15:03:37,A01,0.015
U0218,74,impression,2026-04-17T15:00:17,A01,0.232
U0218,57,impression,2026-04-17T15:03:44,A01,0.517
U0218,70,impression,2026-04-17T15:01:39,A01,0.675
U0218,70,click,2026-04-17T15:01:40,A01,0.675
U0218,88,impression,2026-04-17T15:02:53,A01,-0.04
U0218,86,impression,2026-02-04T10:48:26,A01,0.022
U0218,45,impression,2026-02-04T10:45:17,A01,0.107
U0218,98,impression,2026-02-04T10:45:46,A01,0.58
U0218,46,impression,2026-02-04T10:48:26,A01,0.57
U0218,108,impression,2026-02-04T10:46:52,A01,0.073
U0218,55,impression,2026-02-04T10:48:40,A01,0.061
U0218,80,impression,2026-02-04T10:44:16,A01,0.504
U0218,58,impression,2026-02-04T10:44:09,A01,0.439
U0218,59,impression,2026-02-04T10:48:25,A01,0.579
U0218,109,impression,2026-02-04T10:45:28,A01,0.097
U0218,26,impression,2026-02-04T10:46:35,A01,0.45
U0218,26,click,2026-02-04T10:47:00,A01,0.45
U0218,75,impression,2026-02-04T10:47:45,A01,0.227
U0218,68,impression,2026-02-04T10:44:38,A01,0.421
U0218,103,impression,2026-02-04T10:45:04,A01,0.479
U0218,67,impression,2026-02-04T10:44:52,A01,0.445
U0218,57,impression,2026-02-15T18:20:58,A01,0.587
U0218,57,click,2026-02-15T18:21:13,A01,0.587
U0218,57,save,2026-02-15T18:21:13,A01,0.587
U0218,55,impression,2026-02-15T18:20:48,A01,0.108
U0218,74,impression,2026-02-15T18:20:53,A01,0.196
U0218,98,impression,2026-02-15T18:21:36,A01,0.51
U0218,98,click,2026-02-15T18:21:39,A01,0.51
U0218,93,impression,2026-02-15T18:17:52,A01,0.054
U0218,79,impression,2026-02-15T18:19:49,A01,0.482
U0218,43,impression,2026-02-15T18:18:21,A01,0.104
U0218,59,impression,2026-02-15T18:20:51,A01,0.614
U0218,40,impression,2026-02-15T18:17:10,A01,0.08
U0218,84,impression,2026-02-15T18:19:52,A01,0.5
U0218,66,impression,2026-02-15T18:20:31,A01,0.064
U0218,77,impression,2026-02-15T18:18:39,A01,0.394
U0218,77,click,2026-02-15T18:18:51,A01,0.394
U0218,46,impression,2026-02-15T18:20:24,A01,0.662
U0218,46,click,2026-02-15T18:20:53,A01,0.662
U0218,46,impression,2026-03-16T13:50:35,A01,0.614
U0218,65,impression,2026-03-16T13:46:16,A01,-0.021
U0218,24,impression,2026-03-16T13:50:12,A01,0.48
U0218,86,impression,2026-03-16T13:50:50,A01,0.07
U0218,49,impression,2026-03-16T13:50:33,A01,0.078
U0218,103,impression,2026-03-16T13:46:08,A01,0.473
U0218,26,impression,2026-03-16T13:50:55,A01,0.5
U0218,73,impression,2026-03-16T13:48:04,A01,0.193
U0218,106,impression,2026-03-16T13:46:55,A01,0.098
U0218,25,impression,2026-03-16T13:47:06,A01,0.424
U0218,67,impression,2026-03-16T13:47:37,A01,0.431
U0218,67,click,2026-03-16T13:47:48,A01,0.431
U0218,97,impression,2026-03-16T13:49:13,A01,0.507
U0218,108,impression,2026-03-16T13:48:26,A01,0.05
U0218,46,impression,2026-03-14T15:47:11,A01,0.64
U0218,57,impression,2026-03-14T15:46:26,A01,0.516
U0218,57,click,2026-03-14T15:46:27,A01,0.516
U0218,68,impression,2026-03-14T15:45:54,A01,0.484
U0218,97,impression,2026-03-14T15:47:51,A01,0.51
U0218,75,impression,2026-03-14T15:46:31,A01,0.179
U0218,23,impression,2026-03-14T15:46:25,A01,0.095
U0218,88,impression,2026-03-14T15:48:23,A01,0.005
U0218,90,impression,2026-03-14T15:47:56,A01,0.022
U0219,73,impression,2026-03-07T18:10:02,A11,0.043
U0219,108,impression,2026-03-07T18:12:17,A11,0.028
U0219,49,impression,2026-03-07T18:11:26,A11,0.414
U0219,43,impression,2026-03-07T18:10:43,A11,0.51
U0219,43,click,2026-03-07T18:11:11,A11,0.51
U0219,92,impression,2026-03-07T18:10:08,A11,0.063
U0219,97,impression,2026-03-07T18:10:05,A11,0.464
U0219,91,impression,2026-03-07T18:11:15,A11,0.486
U0219,66,impression,2026-03-07T18:13:05,A11,0.033
U0219,23,impression,2026-03-07T18:15:00,A11,0.414
U0219,23,click,2026-03-07T18:15:25,A11,0.414
U0219,41,impression,2026-03-07T18:14:31,A11,0.494
U0219,41,click,2026-03-07T18:14:36,A11,0.494
U0219,50,impression,2026-03-07T18:11:02,A11,0.478
U0219,50,click,2026-03-07T18:11:23,A11,0.478
U0219,89,impression,2026-03-07T18:12:42,A11,0.026
U0219,105,impression,2026-03-07T18:12:23,A11,0.059
U0219,75,impression,2026-02-25T15:17:54,A11,0.039
U0219,27,impression,2026-02-25T15:20:55,A11,0.487
U0219,58,impression,2026-02-25T15:17:05,A11,0.018
U0219,40,impression,2026-02-25T15:17:20,A11,0.429
U0219,48,impression,2026-02-25T15:17:01,A11,0.485
U0219,48,click,2026-02-25T15:17:20,A11,0.485
U0219,63,impression,2026-04-11T15:01:32,A11,0.06
U0219,34,impression,2026-04-11T15:03:36,A11,0.539
U0219,34,click,2026-04-11T15:03:46,A11,0.539
U0219,57,impression,2026-04-11T15:00:01,A11,0.074
U0219,37,impression,2026-04-11T15:01:35,A11,0.472
U0219,69,impression,2026-04-11T15:03:52,A11,0.022
U0219,58,impression,2026-04-11T15:03:35,A11,0.071
U0219,60,impression,2026-04-11T15:01:03,A11,0.059
U0219,60,click,2026-04-11T15:01:07,A11,0.059
U0219,82,impression,2026-04-11T14:59:52,A11,0.495
U0219,82,click,2026-04-11T15:00:01,A11,0.495
U0219,43,impression,2026-04-11T15:02:42,A11,0.421
U0219,99,impression,2026-04-11T14:59:40,A11,0.11
U0219,30,impression,2026-04-11T14:59:00,A11,0.501
U0219,41,impression,2026-04-11T15:03:46,A11,0.586
U0219,23,impression,2026-04-11T15:02:28,A11,0.492
U0219,107,impression,2026-03-17T15:12:37,A11,0.498
U0219,47,impression,2026-03-17T15:10:12,A11,0.494
U0219,95,impression,2026-03-17T15:11:39,A11,0.091
U0219,34,impression,2026-03-17T15:09:49,A11,0.531
U0219,34,click,2026-03-17T15:10:01,A11,0.531
U0219,97,impression,2026-03-17T15:10:43,A11,0.442
U0219,65,impression,2026-03-17T15:11:38,A11,0.035
U0219,35,impression,2026-03-17T15:09:22,A11,0.468
U0219,106,impression,2026-03-17T15:12:22,A11,0.03
U0219,22,impression,2026-03-17T15:13:20,A11,0.497
U0219,104,impression,2026-03-17T15:12:43,A11,0.065
U0219,103,impression,2026-03-17T15:09:31,A11,0.067
U0219,82,impression,2026-03-17T15:10:09,A11,0.505
U0219,91,impression,2026-03-17T15:11:56,A11,0.459
U0219,51,impression,2026-03-17T15:10:12,A11,0.437
U0219,61,impression,2026-03-17T15:12:19,A11,0.019
U0220,76,impression,2026-03-13T19:03:09,A05,0.472
U0220,48,impression,2026-03-13T19:07:38,A05,0.439
U0220,48,click,2026-03-13T19:07:53,A05,0.439
U0220,78,impression,2026-03-13T19:03:18,A05,0.057
U0220,36,impression,2026-03-13T19:05:34,A05,0.084
U0220,34,impression,2026-03-13T19:03:49,A05,0.026
U0220,106,impression,2026-03-13T19:04:03,A05,0.425
U0220,106,click,2026-03-13T19:04:22,A05,0.425
U0220,89,impression,2026-03-04T12:17:22,A05,0.684
U0220,34,impression,2026-03-04T12:19:53,A05,0.02
U0220,106,impression,2026-03-04T12:18:36,A05,0.411
U0220,75,impression,2026-03-04T12:21:35,A05,0.015
U0220,21,impression,2026-03-04T12:20:06,A05,0.454
U0220,21,click,2026-03-04T12:20:33,A05,0.454
U0220,44,impression,2026-03-04T12:19:56,A05,0.434
U0220,43,impression,2026-03-04T12:19:31,A05,0.435
U0220,47,impression,2026-03-04T12:19:34,A05,0.51
U0220,77,impression,2026-03-04T12:21:48,A05,0.025
U0220,61,impression,2026-03-04T12:17:08,A05,0.089
U0220,107,impression,2026-03-08T14:27:53,A05,0.424
U0220,30,impression,2026-03-08T14:26:55,A05,0.06
U0220,94,impression,2026-03-08T14:26:44,A05,0.6
U0220,23,impression,2026-03-08T14:26:30,A05,0.501
U0220,39,impression,2026-03-08T14:25:22,A05,0.01
U0220,42,impression,2026-03-08T14:25:54,A05,0.442
U0220,42,click,2026-03-08T14:26:20,A05,0.442
U0220,32,impression,2026-03-08T14:26:14,A05,0.063
U0220,87,impression,2026-03-08T14:26:42,A05,0.372
U0220,96,impression,2026-03-08T14:24:26,A05,0.065
U0220,49,impression,2026-02-09T09:49:08,A05,0.447
U0220,42,impression,2026-02-09T09:49:38,A05,0.499
U0220,104,impression,2026-02-09T09:48:31,A05,0.49
U0220,103,impression,2026-02-09T09:47:43,A05,0.091
U0220,106,impression,2026-02-09T09:46:20,A05,0.495
U0220,106,click,2026-02-09T09:46:33,A05,0.495
U0220,106,cart_add,2026-02-09T09:47:20,A05,0.495
U0220,33,impression,2026-02-09T09:48:48,A05,0.047
U0220,91,impression,2026-02-09T09:46:46,A05,0.502
U0220,32,impression,2026-02-09T09:49:46,A05,0.049
U0220,40,impression,2026-02-09T09:47:14,A05,0.444
U0220,98,impression,2026-02-09T09:49:16,A05,0.03
U0220,95,impression,2026-03-20T21:33:20,A05,0.044
U0220,40,impression,2026-03-20T21:30:28,A05,0.422
U0220,61,impression,2026-03-20T21:33:55,A05,0.092
U0220,58,impression,2026-03-20T21:31:34,A05,0.07
U0220,104,impression,2026-03-20T21:33:28,A05,0.548
U0220,102,impression,2026-03-20T21:32:25,A05,0.433
U0220,102,click,2026-03-20T21:32:45,A05,0.433
U0220,45,impression,2026-03-20T21:32:56,A05,0.442
U0220,64,impression,2026-03-20T21:31:45,A05,0.721
U0220,80,impression,2026-03-20T21:32:25,A05,0.07
U0220,103,impression,2026-03-20T21:30:35,A05,0.073
U0220,106,impression,2026-03-20T21:32:06,A05,0.432
U0220,76,impression,2026-03-20T21:30:59,A05,0.504
U0220,76,click,2026-03-20T21:31:15,A05,0.504
U0221,25,impression,2026-03-22T21:46:05,A07,0.048
U0221,80,impression,2026-03-22T21:47:36,A07,0.551
U0221,76,impression,2026-03-22T21:46:21,A07,0.074
U0221,63,impression,2026-03-22T21:46:15,A07,0.655
U0221,63,click,2026-03-22T21:46:41,A07,0.655
U0221,69,impression,2026-03-22T21:46:09,A07,0.667
U0221,69,impression,2026-03-23T13:28:13,A07,0.61
U0221,48,impression,2026-03-23T13:28:12,A07,0.102
U0221,44,impression,2026-03-23T13:30:18,A07,0.032
U0221,85,impression,2026-03-23T13:30:42,A07,0.524
U0221,93,impression,2026-03-23T13:27:28,A07,0.593
U0221,47,impression,2026-02-06T17:00:30,A07,0.08
U0221,85,impression,2026-02-06T17:01:00,A07,0.57
U0221,108,impression,2026-02-06T16:57:14,A07,0.532
U0221,99,impression,2026-02-06T16:57:56,A07,0.666
U0221,82,impression,2026-02-06T16:58:05,A07,0.076
U0221,61,impression,2026-02-06T17:01:58,A07,0.596
U0221,89,impression,2026-02-06T16:59:53,A07,0.056
U0221,91,impression,2026-02-23T13:44:36,A07,0.016
U0221,35,impression,2026-02-23T13:48:25,A07,0.034
U0221,63,impression,2026-02-23T13:44:06,A07,0.572
U0221,63,click,2026-02-23T13:44:14,A07,0.572
U0221,69,impression,2026-02-23T13:48:07,A07,0.646
U0221,69,click,2026-02-23T13:48:14,A07,0.646
U0221,46,impression,2026-02-23T13:44:20,A07,0.168
U0221,73,impression,2026-02-23T13:48:34,A07,0.683
U0221,73,click,2026-02-23T13:48:56,A07,0.683
U0221,61,impression,2026-02-23T13:45:33,A07,0.61
U0221,93,impression,2026-02-23T13:47:06,A07,0.632
U0221,66,impression,2026-02-23T13:44:32,A07,0.067
U0221,59,impression,2026-02-25T09:37:34,A07,0.509
U0221,59,click,2026-02-25T09:38:00,A07,0.509
U0221,108,impression,2026-02-25T09:38:23,A07,0.491
U0221,57,impression,2026-02-25T09:34:03,A07,0.061
U0221,62,impression,2026-02-25T09:36:14,A07,0.555
U0221,73,impression,2026-02-25T09:38:27,A07,0.718
U0221,30,impression,2026-02-25T09:38:31,A07,0.058
U0221,56,impression,2026-02-25T09:34:27,A07,0.035
U0221,93,impression,2026-02-25T09:36:04,A07,0.646
U0221,69,impression,2026-02-25T09:35:50,A07,0.577
U0221,84,impression,2026-02-25T09:35:12,A07,0.07
U0221,65,impression,2026-02-25T09:36:53,A07,0.029
U0221,35,impression,2026-02-25T09:36:14,A07,0.086
U0221,75,impression,2026-02-25T09:38:37,A07,0.684
U0221,80,impression,2026-02-25T09:34:11,A07,0.578
U0221,69,impression,2026-03-29T21:15:44,A07,0.611
U0221,93,impression,2026-03-29T21:12:45,A07,0.614
U0221,65,impression,2026-03-29T21:13:41,A07,-0.016
U0221,62,impression,2026-03-29T21:15:00,A07,0.546
U0221,108,impression,2026-03-29T21:15:21,A07,0.553
U0221,74,impression,2026-03-29T21:15:49,A07,0.713
U0221,74,click,2026-03-29T21:16:13,A07,0.713
U0221,74,cart_add,2026-03-29T21:16:25,A07,0.713
U0221,60,impression,2026-03-29T21:14:04,A07,0.493
U0221,58,impression,2026-03-29T21:15:39,A07,0.022
U0221,105,impression,2026-03-29T21:14:44,A07,0.028
U0221,80,impression,2026-03-29T21:14:02,A07,0.502
U0221,44,impression,2026-03-29T21:15:09,A07,0.029
U0221,61,impression,2026-03-29T21:13:28,A07,0.579
U0221,61,click,2026-03-29T21:13:39,A07,0.579
U0221,79,impression,2026-03-29T21:13:52,A07,0.092
U0221,94,impression,2026-03-29T21:15:14,A07,0.052
U0221,67,impression,2026-03-29T21:15:50,A07,0.433
U0221,80,impression,2026-04-07T16:02:07,A07,0.538
U0221,38,impression,2026-04-07T16:05:17,A07,0.077
U0221,69,impression,2026-04-07T16:05:58,A07,0.627
U0221,69,click,2026-04-07T16:06:06,A07,0.627
U0221,71,impression,2026-04-07T16:03:55,A07,0.171
U0221,63,impression,2026-04-07T16:06:12,A07,0.665
U0221,73,impression,2026-04-07T16:02:57,A07,0.691
U0221,52,impression,2026-04-07T16:05:37,A07,0.046
U0221,52,impression,2026-03-22T09:28:19,A07,0.013
U0221,59,impression,2026-03-22T09:27:14,A07,0.494
U0221,23,impression,2026-03-22T09:30:29,A07,0.071
U0221,60,impression,2026-03-22T09:28:29,A07,0.517
U0221,47,impression,2026-03-22T09:26:51,A07,0.065
U0221,31,impression,2026-03-22T09:30:29,A07,0.046
U0221,46,impression,2026-03-22T09:30:59,A07,0.158
U0221,61,impression,2026-03-22T09:28:39,A07,0.651
U0221,80,impression,2026-03-22T09:30:13,A07,0.553
U0221,87,impression,2026-03-22T09:27:59,A07,0.018
U0221,75,impression,2026-03-22T09:28:15,A07,0.73
U0221,93,impression,2026-03-22T09:30:07,A07,0.664
U0221,62,impression,2026-03-22T09:30:31,A07,0.564
U0221,62,click,2026-03-22T09:30:38,A07,0.564
U0221,62,save,2026-03-22T09:30:38,A07,0.564
U0221,62,cart_add,2026-03-22T09:31:14,A07,0.564
U0221,85,impression,2026-03-22T09:30:18,A07,0.491
U0221,108,impression,2026-03-22T09:28:28,A07,0.57
U0222,21,impression,2026-03-02T17:43:28,A05,0.473
U0222,21,click,2026-03-02T17:43:47,A05,0.473
U0222,52,impression,2026-03-02T17:44:24,A05,0.014
U0222,42,impression,2026-03-02T17:44:15,A05,0.456
U0222,106,impression,2026-03-02T17:43:58,A05,0.469
U0222,106,click,2026-03-02T17:44:02,A05,0.469
U0222,25,impression,2026-03-02T17:46:34,A05,0.087
U0222,25,click,2026-03-02T17:46:57,A05,0.087
U0222,53,impression,2026-03-02T17:46:53,A05,0.104
U0222,87,impression,2026-03-02T17:46:42,A05,0.435
U0222,49,impression,2026-03-02T17:45:51,A05,0.487
U0222,100,impression,2026-03-02T17:42:04,A05,0.105
U0222,82,impression,2026-03-02T17:44:09,A05,0.496
U0222,82,click,2026-03-02T17:44:11,A05,0.496
U0222,38,impression,2026-03-25T21:21:40,A05,0.054
U0222,47,impression,2026-03-25T21:25:13,A05,0.479
U0222,80,impression,2026-03-25T21:24:47,A05,0.036
U0222,88,impression,2026-03-25T21:25:43,A05,0.035
U0222,87,impression,2026-03-25T21:23:38,A05,0.428
U0222,101,impression,2026-03-25T21:25:59,A05,0.489
U0222,101,click,2026-03-25T21:26:16,A05,0.489
U0222,77,impression,2026-03-25T21:25:39,A05,-0.034
U0222,106,impression,2026-03-25T21:23:47,A05,0.455
U0222,91,impression,2026-03-25T21:25:19,A05,0.455
U0222,49,impression,2026-02-13T21:45:33,A05,0.49
U0222,87,impression,2026-02-13T21:45:42,A05,0.393
U0222,86,impression,2026-02-13T21:45:32,A05,0.483
U0222,59,impression,2026-02-13T21:49:42,A05,0.076
U0222,90,impression,2026-02-13T21:46:00,A05,0.086
U0222,90,click,2026-02-13T21:46:13,A05,0.086
U0222,76,impression,2026-03-25T11:57:55,A05,0.452
U0222,56,impression,2026-03-25T11:54:14,A05,0.053
U0222,107,impression,2026-03-25T11:54:49,A05,0.425
U0222,107,click,2026-03-25T11:55:11,A05,0.425
U0222,42,impression,2026-03-25T11:54:42,A05,0.466
U0222,85,impression,2026-03-25T11:58:55,A05,0.037
U0222,43,impression,2026-03-25T11:56:32,A05,0.496
U0222,22,impression,2026-03-25T11:54:51,A05,0.479
U0222,103,impression,2026-03-25T11:57:30,A05,0.045
U0222,88,impression,2026-03-25T11:58:06,A05,0.024
U0222,86,impression,2026-02-19T21:54:37,A05,0.423
U0222,33,impression,2026-02-19T21:55:41,A05,0.086
U0222,44,impression,2026-02-19T21:53:50,A05,0.484
U0222,44,click,2026-02-19T21:53:55,A05,0.484
U0222,41,impression,2026-02-19T21:56:48,A05,0.484
U0222,101,impression,2026-02-19T21:53:36,A05,0.46
U0222,101,click,2026-02-19T21:53:58,A05,0.46
U0222,73,impression,2026-02-19T21:54:01,A05,0.057
U0222,24,impression,2026-02-19T21:55:41,A05,0.022
U0222,91,impression,2026-02-19T21:53:25,A05,0.465
U0222,25,impression,2026-02-19T21:56:57,A05,0.045
U0222,58,impression,2026-02-19T21:53:56,A05,0.049
U0222,61,impression,2026-02-19T21:53:33,A05,0.085
U0222,87,impression,2026-02-19T21:55:23,A05,0.421
U0222,22,impression,2026-02-19T21:55:17,A05,0.504
U0222,22,click,2026-02-19T21:55:22,A05,0.504
U0223,43,impression,2026-04-07T12:25:26,A04,0.033
U0223,101,impression,2026-04-07T12:21:39,A04,0.066
U0223,92,impression,2026-04-07T12:22:48,A04,0.444
U0223,30,impression,2026-04-07T12:23:37,A04,0.093
U0223,65,impression,2026-04-07T12:22:42,A04,0.539
U0223,68,impression,2026-04-07T12:22:44,A04,0.43
U0223,68,click,2026-04-07T12:22:50,A04,0.43
U0223,103,impression,2026-04-07T12:25:26,A04,0.494
U0223,103,click,2026-04-07T12:25:47,A04,0.494
U0223,66,impression,2026-04-07T12:21:30,A04,0.467
U0223,105,impression,2026-04-07T12:25:26,A04,0.505
U0223,67,impression,2026-04-07T12:22:59,A04,0.06
U0223,78,impression,2026-04-07T12:25:52,A04,0.468
U0223,64,impression,2026-04-07T12:25:03,A04,0.019
U0223,83,impression,2026-04-07T12:23:11,A04,0.621
U0223,79,impression,2026-04-07T12:22:23,A04,0.721
U0223,62,impression,2026-04-07T12:22:25,A04,0.053
U0223,62,click,2026-04-07T12:22:36,A04,0.053
U0223,61,impression,2026-03-30T09:05:00,A04,0.097
U0223,43,impression,2026-03-30T09:03:52,A04,0.035
U0223,87,impression,2026-03-30T09:03:19,A04,0.045
U0223,83,impression,2026-03-30T09:05:37,A04,0.662
U0223,57,impression,2026-03-30T09:05:07,A04,0.445
U0223,71,impression,2026-03-30T09:05:35,A04,0.498
U0223,77,impression,2026-02-07T12:32:30,A04,0.046
U0223,78,impression,2026-02-07T12:30:55,A04,0.423
U0223,57,impression,2026-02-07T12:30:10,A04,0.455
U0223,27,impression,2026-02-07T12:28:52,A04,0.046
U0223,58,impression,2026-02-07T12:32:44,A04,0.487
U0223,105,impression,2026-03-24T18:07:01,A04,0.526
U0223,92,impression,2026-03-24T18:07:11,A04,0.5
U0223,92,click,2026-03-24T18:07:18,A04,0.5
U0223,99,impression,2026-03-24T18:09:57,A04,0.06
U0223,78,impression,2026-03-24T18:06:40,A04,0.446
U0223,107,impression,2026-03-24T18:07:30,A04,0.05
U0223,33,impression,2026-03-24T18:06:25,A04,0.011
U0223,100,impression,2026-03-06T16:45:19,A04,0.57
U0223,83,impression,2026-03-06T16:48:47,A04,0.589
U0223,26,impression,2026-03-06T16:48:33,A04,0.099
U0223,62,impression,2026-03-06T16:47:34,A04,0.098
U0223,105,impression,2026-03-06T16:45:42,A04,0.511
U0223,105,click,2026-03-06T16:46:08,A04,0.511
U0223,88,impression,2026-03-06T16:49:01,A04,-0.028
U0224,58,impression,2026-03-30T19:28:20,A13,0.098
U0224,96,impression,2026-03-30T19:30:18,A13,0.023
U0224,60,impression,2026-03-30T19:30:18,A13,0.659
U0224,60,click,2026-03-30T19:30:22,A13,0.659
U0224,21,impression,2026-03-30T19:27:52,A13,0.024
U0224,85,impression,2026-03-30T19:31:15,A13,0.701
U0224,62,impression,2026-03-30T19:31:16,A13,0.413
U0224,108,impression,2026-03-30T19:31:17,A13,0.423
U0224,108,click,2026-03-30T19:31:35,A13,0.423
U0224,108,save,2026-03-30T19:31:35,A13,0.423
U0224,75,impression,2026-03-23T20:34:50,A13,0.623
U0224,75,click,2026-03-23T20:34:54,A13,0.623
U0224,62,impression,2026-03-23T20:37:43,A13,0.486
U0224,93,impression,2026-03-23T20:34:55,A13,0.554
U0224,69,impression,2026-03-23T20:36:54,A13,0.64
U0224,69,click,2026-03-23T20:36:57,A13,0.64
U0224,63,impression,2026-03-23T20:36:10,A13,0.137
U0224,99,impression,2026-03-23T20:35:24,A13,0.519
U0224,99,click,2026-03-23T20:35:54,A13,0.519
U0224,89,impression,2026-03-23T20:34:38,A13,0.007
U0224,60,impression,2026-03-23T20:34:43,A13,0.668
U0224,108,impression,2026-03-23T20:33:20,A13,0.493
U0224,54,impression,2026-03-23T20:34:20,A13,0.013
U0224,100,impression,2026-03-23T20:34:00,A13,0.04
U0224,46,impression,2026-03-23T20:37:00,A13,0.096
U0224,101,impression,2026-03-23T20:37:42,A13,0.057
U0224,80,impression,2026-04-14T15:34:23,A13,0.591
U0224,65,impression,2026-04-14T15:33:56,A13,0.029
U0224,85,impression,2026-04-14T15:33:39,A13,0.665
U0224,85,click,2026-04-14T15:33:55,A13,0.665
U0224,58,impression,2026-04-14T15:34:13,A13,0.102
U0224,62,impression,2026-04-14T15:31:37,A13,0.441
U0224,76,impression,2026-04-14T15:33:03,A13,0.099
U0224,72,impression,2026-04-14T15:31:23,A13,0.666
U0224,72,click,2026-04-14T15:31:27,A13,0.666
U0224,108,impression,2026-04-14T15:35:21,A13,0.482
U0224,59,impression,2026-04-14T15:31:26,A13,0.736
U0224,59,click,2026-04-14T15:31:42,A13,0.736
U0224,68,impression,2026-04-14T15:33:00,A13,0.068
U0224,80,impression,2026-04-02T09:29:25,A13,0.648
U0224,39,impression,2026-04-02T09:29:47,A13,0.043
U0224,72,impression,2026-04-02T09:29:19,A13,0.683
U0224,98,impression,2026-04-02T09:27:31,A13,0.131
U0224,89,impression,2026-04-02T09:28:22,A13,0.008
U0224,51,impression,2026-04-02T09:30:17,A13,0.011
U0224,82,impression,2026-04-02T09:27:20,A13,0.076
U0224,62,impression,2026-04-02T09:27:50,A13,0.487
U0224,108,impression,2026-04-02T09:30:06,A13,0.42
U0224,67,impression,2026-04-02T09:27:49,A13,0.475
U0224,59,impression,2026-04-02T09:29:14,A13,0.75
U0224,59,click,2026-04-02T09:29:34,A13,0.75
U0224,74,impression,2026-04-02T09:30:06,A13,0.628
U0224,73,impression,2026-04-02T09:28:00,A13,0.577
U0224,60,impression,2026-04-02T09:29:45,A13,0.656
U0224,100,impression,2026-04-02T09:30:35,A13,0.085
U0224,40,impression,2026-03-04T20:44:44,A13,0.015
U0224,108,impression,2026-03-04T20:45:02,A13,0.502
U0224,74,impression,2026-03-04T20:41:48,A13,0.611
U0224,93,impression,2026-03-04T20:43:09,A13,0.576
U0224,93,click,2026-03-04T20:43:35,A13,0.576
U0224,93,cart_add,2026-03-04T20:44:26,A13,0.576
U0224,73,impression,2026-03-04T20:42:22,A13,0.59
U0224,73,click,2026-03-04T20:42:36,A13,0.59
U0224,94,impression,2026-03-04T20:44:39,A13,0.052
U0224,62,impression,2026-03-04T20:45:16,A13,0.472
U0224,61,impression,2026-03-04T20:43:36,A13,0.488
U0224,36,impression,2026-03-04T20:41:14,A13,0.082
U0224,72,impression,2026-03-04T20:42:30,A13,0.7
U0224,59,impression,2026-03-04T20:45:21,A13,0.67
U0224,55,impression,2026-03-04T20:43:39,A13,0.028
U0224,26,impression,2026-03-04T20:42:18,A13,0.097
U0224,88,impression,2026-03-04T20:41:27,A13,0.112
U0224,61,impression,2026-03-17T10:43:37,A13,0.463
U0224,72,impression,2026-03-17T10:40:54,A13,0.692
U0224,72,click,2026-03-17T10:40:55,A13,0.692
U0224,91,impression,2026-03-17T10:41:10,A13,0.049
U0224,33,impression,2026-03-17T10:40:45,A13,0.014
U0224,104,impression,2026-03-17T10:41:34,A13,0.021
U0224,85,impression,2026-03-17T10:40:08,A13,0.674
U0224,69,impression,2026-03-17T10:44:47,A13,0.622
U0225,32,impression,2026-02-19T11:07:19,A06,0.49
U0225,84,impression,2026-02-19T11:05:24,A06,0.581
U0225,97,impression,2026-02-19T11:05:17,A06,0.56
U0225,99,impression,2026-02-19T11:05:34,A06,0.068
U0225,88,impression,2026-02-19T11:05:59,A06,0.027
U0225,34,impression,2026-02-19T11:08:10,A06,0.383
U0225,57,impression,2026-02-19T11:05:32,A06,0.018
U0225,55,impression,2026-03-14T09:44:06,A06,0.069
U0225,26,impression,2026-03-14T09:42:48,A06,0.454
U0225,104,impression,2026-03-14T09:46:12,A06,0.105
U0225,31,impression,2026-03-14T09:42:47,A06,0.477
U0225,31,click,2026-03-14T09:42:59,A06,0.477
U0225,86,impression,2026-03-14T09:46:35,A06,0.048
U0225,62,impression,2026-03-14T09:46:13,A06,0.11
U0225,25,impression,2026-03-14T09:42:21,A06,0.446
U0225,36,impression,2026-03-14T09:44:31,A06,0.466
U0225,27,impression,2026-03-14T09:42:33,A06,0.424
U0225,44,impression,2026-04-01T15:00:55,A06,0.091
U0225,39,impression,2026-04-01T15:00:41,A06,0.499
U0225,39,click,2026-04-01T15:01:05,A06,0.499
U0225,31,impression,2026-04-01T14:58:18,A06,0.418
U0225,70,impression,2026-04-01T14:59:08,A06,0.109
U0225,35,impression,2026-04-01T15:00:42,A06,0.443
U0225,35,click,2026-04-01T15:01:00,A06,0.443
U0225,64,impression,2026-04-01T14:56:11,A06,0.018
U0225,89,impression,2026-04-01T15:00:01,A06,0.02
U0225,50,impression,2026-04-01T14:57:07,A06,0.5
U0225,33,impression,2026-04-01T10:03:04,A06,0.464
U0225,25,impression,2026-04-01T10:07:47,A06,0.498
U0225,31,impression,2026-04-01T10:06:39,A06,0.392
U0225,106,impression,2026-04-01T10:07:26,A06,0.016
U0225,27,impression,2026-04-01T10:06:58,A06,0.426
U0225,97,impression,2026-04-01T10:06:44,A06,0.496
U0225,88,impression,2026-04-01T10:05:12,A06,0.007
U0225,35,impression,2026-04-01T10:05:14,A06,0.441
U0225,70,impression,2026-04-01T10:04:26,A06,0.085
U0225,23,impression,2026-04-01T10:04:50,A06,0.027
U0225,67,impression,2026-04-01T10:07:59,A06,0.014
U0225,52,impression,2026-04-08T10:48:52,A06,0.457
U0225,52,click,2026-04-08T10:49:04,A06,0.457
U0225,87,impression,2026-04-08T10:48:30,A06,0.048
U0225,34,impression,2026-04-08T10:45:11,A06,0.461
U0225,34,click,2026-04-08T10:45:18,A06,0.461
U0225,33,impression,2026-04-08T10:49:12,A06,0.507
U0225,83,impression,2026-04-08T10:49:36,A06,0.017
U0225,48,impression,2026-04-08T10:48:56,A06,0.071
U0225,80,impression,2026-04-08T10:49:56,A06,0.062
U0225,32,impression,2026-04-08T10:45:29,A06,0.495
U0226,30,impression,2026-04-02T11:56:50,A10,0.452
U0226,30,click,2026-04-02T11:57:16,A10,0.452
U0226,71,impression,2026-04-02T11:53:20,A10,0.084
U0226,47,impression,2026-04-02T11:55:53,A10,0.462
U0226,47,click,2026-04-02T11:56:14,A10,0.462
U0226,47,cart_add,2026-04-02T11:57:01,A10,0.462
U0226,47,order,2026-04-02T12:26:01,A10,0.462
U0226,102,impression,2026-04-02T11:52:13,A10,0.422
U0226,102,click,2026-04-02T11:52:22,A10,0.422
U0226,97,impression,2026-04-02T11:52:53,A10,0.158
U0226,104,impression,2026-04-02T11:53:37,A10,0.59
U0226,54,impression,2026-04-02T11:55:45,A10,0.707
U0226,61,impression,2026-04-02T11:52:07,A10,0.013
U0226,21,impression,2026-04-02T11:53:39,A10,0.432
U0226,25,impression,2026-04-02T11:53:22,A10,0.097
U0226,65,impression,2026-04-09T15:18:15,A10,-0.008
U0226,79,impression,2026-04-09T15:22:23,A10,0.036
U0226,37,impression,2026-04-09T15:21:43,A10,0.461
U0226,55,impression,2026-04-09T15:18:41,A10,0.093
U0226,22,impression,2026-04-09T15:18:55,A10,0.424
U0226,95,impression,2026-04-09T15:21:27,A10,0.571
U0226,51,impression,2026-04-09T15:22:07,A10,0.427
U0226,23,impression,2026-04-09T15:21:37,A10,0.478
U0226,43,impression,2026-04-09T15:22:12,A10,0.547
U0226,63,impression,2026-04-09T15:22:18,A10,0.056
U0226,108,impression,2026-04-09T15:21:49,A10,0.07
U0226,48,impression,2026-04-09T15:18:13,A10,0.492
U0226,34,impression,2026-04-01T12:30:54,A10,0.413
U0226,34,click,2026-04-01T12:31:14,A10,0.413
U0226,34,save,2026-04-01T12:31:14,A10,0.413
U0226,43,impression,2026-04-01T12:30:29,A10,0.559
U0226,57,impression,2026-04-01T12:30:29,A10,0.021
U0226,72,impression,2026-04-01T12:27:43,A10,0.108
U0226,40,impression,2026-04-01T12:29:02,A10,0.541
U0226,36,impression,2026-04-01T12:27:11,A10,0.493
U0226,97,impression,2026-04-01T12:30:50,A10,0.155
U0226,97,click,2026-04-01T12:31:02,A10,0.155
U0226,82,impression,2026-04-01T12:31:36,A10,0.455
U0226,56,impression,2026-04-01T12:27:59,A10,0.03
U0226,94,impression,2026-04-01T12:31:34,A10,0.458
U0226,94,click,2026-04-01T12:32:01,A10,0.458
U0226,30,impression,2026-02-08T21:39:10,A10,0.455
U0226,47,impression,2026-02-08T21:37:06,A10,0.454
U0226,40,impression,2026-02-08T21:36:39,A10,0.548
U0226,103,impression,2026-02-08T21:39:35,A10,0.061
U0226,44,impression,2026-02-08T21:36:22,A10,0.542
U0226,44,click,2026-02-08T21:36:37,A10,0.542
U0226,71,impression,2026-02-08T21:38:21,A10,0.083
U0226,61,impression,2026-02-08T21:38:47,A10,0.039
U0226,61,click,2026-02-08T21:38:51,A10,0.039
U0226,85,impression,2026-02-08T21:36:31,A10,0.069
U0226,43,impression,2026-03-31T19:09:53,A10,0.494
U0226,43,click,2026-03-31T19:10:16,A10,0.494
U0226,96,impression,2026-03-31T19:11:06,A10,0.023
U0226,100,impression,2026-03-31T19:10:40,A10,0.102
U0226,54,impression,2026-03-31T19:09:11,A10,0.661
U0226,55,impression,2026-03-31T19:09:32,A10,0.044
U0226,82,impression,2026-03-31T19:08:04,A10,0.422
U0226,104,impression,2026-03-31T19:11:36,A10,0.516
U0226,98,impression,2026-03-28T14:54:37,A10,0.052
U0226,43,impression,2026-03-28T14:55:22,A10,0.498
U0226,97,impression,2026-03-28T14:57:48,A10,0.145
U0226,38,impression,2026-03-28T14:54:38,A10,0.499
U0226,101,impression,2026-03-28T14:55:09,A10,0.457
U0226,101,click,2026-03-28T14:55:17,A10,0.457
U0226,55,impression,2026-03-28T14:54:42,A10,0.08
U0226,92,impression,2026-03-28T14:58:29,A10,0.108
U0226,45,impression,2026-03-28T14:54:24,A10,0.49
U0226,45,click,2026-03-28T14:54:50,A10,0.49
U0226,105,impression,2026-03-28T14:55:30,A10,0.053
U0226,23,impression,2026-03-28T14:54:43,A10,0.412
U0226,51,impression,2026-03-28T14:55:50,A10,0.474
U0226,39,impression,2026-02-04T22:43:28,A10,0.429
U0226,68,impression,2026-02-04T22:45:53,A10,0.021
U0226,54,impression,2026-02-04T22:44:07,A10,0.745
U0226,54,click,2026-02-04T22:44:32,A10,0.745
U0226,95,impression,2026-02-04T22:44:53,A10,0.538
U0226,93,impression,2026-02-04T22:41:35,A10,0.014
U0226,59,impression,2026-02-04T22:45:38,A10,0.027
U0226,83,impression,2026-02-04T22:45:08,A10,0.06
U0226,106,impression,2026-02-04T22:43:26,A10,0.508
U0226,106,impression,2026-02-24T19:39:00,A10,0.509
U0226,26,impression,2026-02-24T19:35:18,A10,0.107
U0226,38,impression,2026-02-24T19:35:45,A10,0.508
U0226,83,impression,2026-02-24T19:35:22,A10,0.014
U0226,40,impression,2026-02-24T19:37:18,A10,0.546
U0226,40,click,2026-02-24T19:37:38,A10,0.546
U0226,24,impression,2026-02-24T19:39:06,A10,0.134
U0226,52,impression,2026-02-24T19:39:50,A10,0.43
U0226,67,impression,2026-02-24T19:35:51,A10,0.082
U0227,98,impression,2026-04-15T09:26:36,A01,0.56
U0227,98,click,2026-04-15T09:26:50,A01,0.56
U0227,69,impression,2026-04-15T09:25:02,A01,0.037
U0227,103,impression,2026-04-15T09:26:22,A01,0.413
U0227,85,impression,2026-04-15T09:26:44,A01,0.655
U0227,85,click,2026-04-15T09:27:02,A01,0.655
U0227,27,impression,2026-04-15T09:23:33,A01,0.414
U0227,45,impression,2026-04-15T09:25:55,A01,0.041
U0227,57,impression,2026-04-15T09:27:19,A01,0.519
U0227,81,impression,2026-04-15T09:23:10,A01,0.644
U0227,95,impression,2026-04-15T09:24:27,A01,0.058
U0227,54,impression,2026-04-15T09:23:04,A01,0.016
U0227,83,impression,2026-04-15T09:23:12,A01,0.047
U0227,67,impression,2026-04-15T09:25:46,A01,0.447
U0227,104,impression,2026-04-15T09:23:47,A01,0.022
U0227,62,impression,2026-04-02T16:02:03,A01,0.06
U0227,58,impression,2026-04-02T16:05:43,A01,0.418
U0227,109,impression,2026-04-02T16:01:23,A01,0.038
U0227,70,impression,2026-04-02T16:02:54,A01,0.7
U0227,59,impression,2026-04-02T16:05:34,A01,0.609
U0227,44,impression,2026-04-02T16:02:48,A01,0.073
U0227,80,impression,2026-03-01T19:33:00,A01,0.512
U0227,80,click,2026-03-01T19:33:13,A01,0.512
U0227,80,save,2026-03-01T19:33:13,A01,0.512
U0227,25,impression,2026-03-01T19:32:51,A01,0.474
U0227,25,click,2026-03-01T19:32:56,A01,0.474
U0227,69,impression,2026-03-01T19:34:01,A01,0.02
U0227,72,impression,2026-03-01T19:33:19,A01,0.601
U0227,97,impression,2026-03-01T19:34:53,A01,0.417
U0227,68,impression,2026-03-01T19:35:19,A01,0.472
U0227,45,impression,2026-03-01T19:35:23,A01,0.08
U0227,44,impression,2026-03-01T19:35:54,A01,0.082
U0227,71,impression,2026-03-01T19:33:27,A01,0.104
U0227,107,impression,2026-03-01T19:32:12,A01,0.176
U0227,58,impression,2026-03-01T19:32:27,A01,0.491
U0227,75,impression,2026-03-01T14:53:21,A01,0.253
U0227,92,impression,2026-03-01T14:53:39,A01,0.444
U0227,85,impression,2026-03-01T14:52:12,A01,0.643
U0227,59,impression,2026-03-01T14:54:57,A01,0.63
U0227,46,impression,2026-03-01T14:54:39,A01,0.614
U0227,70,impression,2026-03-01T14:52:58,A01,0.666
U0227,70,click,2026-03-01T14:53:24,A01,0.666
U0227,63,impression,2026-03-01T14:54:00,A01,0.059
U0227,57,impression,2026-03-01T14:52:52,A01,0.559
U0227,41,impression,2026-03-01T14:52:58,A01,0.044
U0227,80,impression,2026-03-01T14:51:39,A01,0.51
U0227,80,click,2026-03-01T14:52:09,A01,0.51
U0227,30,impression,2026-03-01T14:54:35,A01,0.021
U0227,90,impression,2026-03-01T14:54:13,A01,0.104
U0227,81,impression,2026-03-01T14:54:46,A01,0.58
U0227,81,click,2026-03-01T14:55:02,A01,0.58
U0227,81,save,2026-03-01T14:55:02,A01,0.58
U0227,73,impression,2026-03-01T14:51:44,A01,0.179
U0227,70,impression,2026-03-01T12:50:42,A01,0.723
U0227,70,click,2026-03-01T12:50:50,A01,0.723
U0227,83,impression,2026-03-01T12:51:05,A01,0.024
U0227,42,impression,2026-03-01T12:53:53,A01,0.018
U0227,59,impression,2026-03-01T12:51:29,A01,0.652
U0227,23,impression,2026-03-01T12:50:20,A01,0.073
U0227,89,impression,2026-03-01T12:53:21,A01,0.095
U0227,72,impression,2026-03-01T12:54:44,A01,0.657
U0227,57,impression,2026-03-01T12:53:35,A01,0.554
U0227,57,click,2026-03-01T12:54:00,A01,0.554
U0227,33,impression,2026-03-25T21:19:37,A01,0.063
U0227,68,impression,2026-03-25T21:20:05,A01,0.492
U0227,68,click,2026-03-25T21:20:20,A01,0.492
U0227,92,impression,2026-03-25T21:20:28,A01,0.482
U0227,59,impression,2026-03-25T21:19:37,A01,0.644
U0227,81,impression,2026-03-25T21:18:28,A01,0.611
U0227,99,impression,2026-03-25T21:20:04,A01,0.098
U0227,84,impression,2026-03-25T21:21:22,A01,0.566
U0227,69,impression,2026-03-25T21:19:43,A01,0.088
U0227,77,impression,2026-03-25T21:21:20,A01,0.415
U0227,71,impression,2026-03-25T21:18:36,A01,0.107
U0227,79,impression,2026-03-25T21:21:13,A01,0.476
U0227,37,impression,2026-03-25T21:18:56,A01,0.098
U0227,106,impression,2026-03-25T21:21:17,A01,0.044
U0227,46,impression,2026-03-05T15:51:20,A01,0.581
U0227,70,impression,2026-03-05T15:55:18,A01,0.733
U0227,77,impression,2026-03-05T15:52:37,A01,0.408
U0227,106,impression,2026-03-05T15:53:16,A01,0.018
U0227,103,impression,2026-03-05T15:51:10,A01,0.435
U0227,58,impression,2026-03-05T15:55:25,A01,0.431
U0227,47,impression,2026-03-05T15:52:53,A01,0.076
U0227,23,impression,2026-03-05T15:51:04,A01,0.026
U0227,100,impression,2026-03-05T15:53:19,A01,0.098
U0227,92,impression,2026-03-05T15:52:14,A01,0.498
U0227,92,click,2026-03-05T15:52:28,A01,0.498
U0227,92,cart_add,2026-03-05T15:52:38,A01,0.498
U0227,92,order,2026-03-05T16:12:38,A01,0.498
U0228,36,impression,2026-02-19T20:57:57,A11,0.48
U0228,27,impression,2026-02-19T20:56:54,A11,0.486
U0228,31,impression,2026-02-19T20:56:38,A11,0.421
U0228,87,impression,2026-02-19T20:53:16,A11,0.389
U0228,87,click,2026-02-19T20:53:26,A11,0.389
U0228,80,impression,2026-02-19T20:55:22,A11,0.083
U0228,33,impression,2026-02-19T20:56:16,A11,0.581
U0228,108,impression,2026-02-19T20:54:24,A11,0.091
U0228,25,impression,2026-02-19T20:57:06,A11,0.431
U0228,58,impression,2026-02-19T20:55:57,A11,0.028
U0228,58,click,2026-02-19T20:56:10,A11,0.028
U0228,54,impression,2026-02-19T20:56:54,A11,0.092
U0228,75,impression,2026-02-19T20:57:57,A11,0.047
U0228,46,impression,2026-02-19T20:55:12,A11,0.176
U0228,107,impression,2026-02-19T20:55:26,A11,0.418
U0228,90,impression,2026-02-28T15:01:42,A11,0.103
U0228,49,impression,2026-02-28T15:02:41,A11,0.425
U0228,51,impression,2026-02-28T15:04:31,A11,0.465
U0228,26,impression,2026-02-28T15:01:00,A11,0.431
U0228,108,impression,2026-02-28T15:01:48,A11,0.013
U0228,88,impression,2026-02-28T15:04:39,A11,0.016
U0228,60,impression,2026-02-19T18:22:12,A11,0.012
U0228,91,impression,2026-02-19T18:21:12,A11,0.54
U0228,91,click,2026-02-19T18:21:13,A11,0.54
U0228,92,impression,2026-02-19T18:23:44,A11,0.088
U0228,81,impression,2026-02-19T18:23:26,A11,-0.014
U0228,37,impression,2026-02-19T18:23:02,A11,0.474
U0228,86,impression,2026-02-19T18:22:01,A11,0.459
U0228,44,impression,2026-02-19T18:24:37,A11,0.422
U0228,36,impression,2026-02-19T18:24:34,A11,0.509
U0228,34,impression,2026-02-19T18:21:42,A11,0.553
U0228,69,impression,2026-02-19T18:22:07,A11,0.067
U0228,65,impression,2026-02-19T18:23:30,A11,0.004
U0228,31,impression,2026-02-19T18:24:24,A11,0.423
U0228,31,click,2026-02-19T18:24:29,A11,0.423
U0228,45,impression,2026-04-13T16:18:20,A11,0.47
U0228,45,click,2026-04-13T16:18:26,A11,0.47
U0228,105,impression,2026-04-13T16:21:30,A11,0.08
U0228,78,impression,2026-04-13T16:22:38,A11,0.085
U0228,30,impression,2026-04-13T16:20:40,A11,0.561
U0228,51,impression,2026-04-13T16:20:30,A11,0.434
U0228,52,impression,2026-04-13T16:19:27,A11,0.477
U0228,52,click,2026-04-13T16:19:31,A11,0.477
U0228,27,impression,2026-04-13T16:21:05,A11,0.451
U0228,103,impression,2026-04-13T16:22:27,A11,0.096
U0228,102,impression,2026-04-13T16:20:15,A11,0.459
U0228,102,click,2026-04-13T16:20:40,A11,0.459
U0228,102,save,2026-04-13T16:20:40,A11,0.459
U0228,61,impression,2026-04-13T16:19:56,A11,0.085
U0228,89,impression,2026-04-13T16:18:34,A11,0.006
U0228,91,impression,2026-04-13T16:20:52,A11,0.509
U0228,69,impression,2026-04-13T16:19:08,A11,0.093
U0228,107,impression,2026-04-05T16:40:51,A11,0.416
U0228,32,impression,2026-04-05T16:36:05,A11,0.447
U0228,55,impression,2026-04-05T16:37:22,A11,0.053
U0228,101,impression,2026-04-05T16:36:26,A11,0.626
U0228,69,impression,2026-04-05T16:40:33,A11,0.017
U0228,64,impression,2026-04-05T16:40:38,A11,0.038
U0228,102,impression,2026-04-05T16:39:15,A11,0.449
U0228,85,impression,2026-04-05T16:37:11,A11,0.107
U0228,24,impression,2026-04-05T16:36:16,A11,0.49
U0228,23,impression,2026-04-05T16:39:35,A11,0.508
U0228,89,impression,2026-04-05T16:36:43,A11,0.015
U0228,35,impression,2026-04-05T16:38:08,A11,0.45
U0228,108,impression,2026-04-05T16:40:07,A11,0.094
U0228,108,click,2026-04-05T16:40:13,A11,0.094
U0228,53,impression,2026-03-11T10:24:45,A11,0.016
U0228,86,impression,2026-03-11T10:26:24,A11,0.473
U0228,91,impression,2026-03-11T10:23:59,A11,0.466
U0228,91,click,2026-03-11T10:24:28,A11,0.466
U0228,52,impression,2026-03-11T10:24:39,A11,0.475
U0228,55,impression,2026-03-11T10:26:40,A11,0.075
U0228,89,impression,2026-03-11T10:23:02,A11,0.014
U0228,38,impression,2026-03-11T10:23:28,A11,0.508
U0228,38,click,2026-03-11T10:23:54,A11,0.508
U0228,38,save,2026-03-11T10:23:54,A11,0.508
U0229,57,impression,2026-03-04T16:17:22,A04,0.468
U0229,23,impression,2026-03-04T16:17:20,A04,0.029
U0229,22,impression,2026-03-04T16:15:34,A04,0.081
U0229,103,impression,2026-03-04T16:18:06,A04,0.449
U0229,58,impression,2026-03-04T16:19:46,A04,0.429
U0229,79,impression,2026-03-04T16:16:17,A04,0.72
U0229,89,impression,2026-03-04T16:17:46,A04,-0.008
U0229,71,impression,2026-03-04T16:17:35,A04,0.443
U0229,91,impression,2026-03-04T16:17:13,A04,-0.024
U0229,88,impression,2026-03-04T16:15:22,A04,0.055
U0229,66,impression,2026-03-04T16:15:19,A04,0.505
U0229,83,impression,2026-02-04T12:27:28,A04,0.599
U0229,33,impression,2026-02-04T12:27:52,A04,0.037
U0229,86,impression,2026-02-04T12:29:17,A04,0.084
U0229,34,impression,2026-02-04T12:29:11,A04,0.007
U0229,80,impression,2026-02-04T12:28:34,A04,0.02
U0229,57,impression,2026-02-04T12:26:49,A04,0.437
U0229,68,impression,2026-02-04T12:30:18,A04,0.498
U0229,90,impression,2026-02-04T12:26:55,A04,0.581
U0229,92,impression,2026-04-01T13:45:37,A04,0.477
U0229,35,impression,2026-04-01T13:43:56,A04,0.02
U0229,78,impression,2026-04-01T13:41:15,A04,0.416
U0229,78,click,2026-04-01T13:41:35,A04,0.416
U0229,90,impression,2026-04-01T13:45:41,A04,0.585
U0229,55,impression,2026-04-01T13:41:34,A04,0.24
U0229,71,impression,2026-02-07T15:33:54,A04,0.418
U0229,91,impression,2026-02-07T15:34:43,A04,-0.021
U0229,46,impression,2026-02-07T15:35:57,A04,0.038
U0229,57,impression,2026-02-07T15:34:10,A04,0.424
U0229,57,click,2026-02-07T15:34:36,A04,0.424
U0229,86,impression,2026-02-07T15:31:15,A04,0.082
U0229,70,impression,2026-02-07T15:33:20,A04,0.501
U0229,70,click,2026-02-07T15:33:25,A04,0.501
U0229,90,impression,2026-02-07T15:35:15,A04,0.636
U0229,90,click,2026-02-07T15:35:34,A04,0.636
U0229,83,impression,2026-02-07T15:34:36,A04,0.582
U0229,37,impression,2026-02-07T15:33:20,A04,0.017
U0229,92,impression,2026-02-07T15:33:20,A04,0.464
U0229,100,impression,2026-03-21T12:59:40,A04,0.497
U0229,57,impression,2026-03-21T12:59:26,A04,0.473
U0229,36,impression,2026-03-21T12:59:47,A04,0.096
U0229,65,impression,2026-03-21T13:00:34,A04,0.462
U0229,91,impression,2026-03-21T13:01:58,A04,0.007
U0229,90,impression,2026-03-21T12:59:21,A04,0.642
U0229,40,impression,2026-03-21T12:59:05,A04,0.104
U0229,34,impression,2026-03-21T13:00:00,A04,0.039
U0229,79,impression,2026-03-21T12:59:08,A04,0.684
U0229,79,click,2026-03-21T12:59:28,A04,0.684
U0229,105,impression,2026-03-21T12:59:34,A04,0.521
U0229,83,impression,2026-02-11T10:24:57,A04,0.601
U0229,101,impression,2026-02-11T10:25:38,A04,0.097
U0229,105,impression,2026-02-11T10:27:23,A04,0.561
U0229,105,click,2026-02-11T10:27:50,A04,0.561
U0229,78,impression,2026-02-11T10:27:48,A04,0.493
U0229,78,click,2026-02-11T10:28:03,A04,0.493
U0229,106,impression,2026-02-11T10:23:39,A04,0.037
U0229,106,click,2026-02-11T10:23:49,A04,0.037
U0229,22,impression,2026-02-11T10:27:30,A04,0.106
U0229,55,impression,2026-02-11T10:24:31,A04,0.253
U0229,103,impression,2026-02-11T10:23:03,A04,0.41
U0229,92,impression,2026-02-11T10:23:51,A04,0.415
U0229,59,impression,2026-04-04T10:00:25,A04,0.106
U0229,79,impression,2026-04-04T09:59:07,A04,0.707
U0229,33,impression,2026-04-04T09:56:16,A04,0.074
U0229,30,impression,2026-04-04T10:00:17,A04,0.025
U0229,105,impression,2026-04-04T09:56:09,A04,0.546
U0229,92,impression,2026-04-04T09:58:59,A04,0.501
U0229,41,impression,2026-04-04T09:59:37,A04,0.076
U0229,90,impression,2026-04-04T09:58:23,A04,0.607
U0229,83,impression,2026-04-04T09:56:25,A04,0.663
U0229,48,impression,2026-04-04T10:00:12,A04,0.054
U0229,103,impression,2026-04-04T09:57:09,A04,0.417
U0229,70,impression,2026-03-29T14:15:20,A04,0.471
U0229,71,impression,2026-03-29T14:18:42,A04,0.437
U0229,32,impression,2026-03-29T14:14:52,A04,0.05
U0229,58,impression,2026-03-29T14:15:03,A04,0.451
U0229,58,click,2026-03-29T14:15:15,A04,0.451
U0229,83,impression,2026-03-29T14:14:10,A04,0.579
U0229,37,impression,2026-03-29T14:18:03,A04,0.026
U0229,68,impression,2026-03-29T14:17:43,A04,0.465
U0229,60,impression,2026-03-29T14:18:02,A04,0.046
U0229,66,impression,2026-03-29T14:16:49,A04,0.471
U0229,57,impression,2026-03-29T14:15:37,A04,0.467
U0229,103,impression,2026-03-29T14:18:39,A04,0.475
U0229,107,impression,2026-03-29T14:17:57,A04,0.041
U0229,105,impression,2026-03-29T14:15:57,A04,0.54
U0229,85,impression,2026-03-29T14:18:08,A04,0.025
U0229,102,impression,2026-03-29T14:14:14,A04,0.094
U0230,34,impression,2026-03-17T18:47:41,A03,0.432
U0230,34,click,2026-03-17T18:48:03,A03,0.432
U0230,34,save,2026-03-17T18:48:03,A03,0.432
U0230,34,cart_add,2026-03-17T18:48:28,A03,0.432
U0230,31,impression,2026-03-17T18:47:58,A03,0.463
U0230,51,impression,2026-03-17T18:44:47,A03,0.419
U0230,51,click,2026-03-17T18:45:17,A03,0.419
U0230,25,impression,2026-03-17T18:48:57,A03,0.089
U0230,26,impression,2026-03-17T18:47:04,A03,0.058
U0230,96,impression,2026-03-17T18:45:55,A03,0.102
U0230,90,impression,2026-03-17T18:46:07,A03,0.04
U0230,37,impression,2026-03-17T18:47:20,A03,0.438
U0230,39,impression,2026-02-15T18:29:53,A03,0.504
U0230,21,impression,2026-02-15T18:27:55,A03,0.498
U0230,21,click,2026-02-15T18:28:09,A03,0.498
U0230,77,impression,2026-02-15T18:28:35,A03,-0.016
U0230,60,impression,2026-02-15T18:29:01,A03,0.1
U0230,30,impression,2026-02-15T18:27:53,A03,0.455
U0230,30,click,2026-02-15T18:28:22,A03,0.455
U0230,30,save,2026-02-15T18:28:22,A03,0.455
U0230,73,impression,2026-02-15T18:29:39,A03,0.051
U0230,106,impression,2026-02-15T18:29:47,A03,0.471
U0230,38,impression,2026-02-15T18:30:02,A03,0.504
U0230,62,impression,2026-02-15T18:28:19,A03,0.103
U0230,86,impression,2026-02-15T18:27:30,A03,0.506
U0230,78,impression,2026-02-15T18:26:50,A03,0.045
U0231,94,impression,2026-02-26T21:39:36,A02,0.177
U0231,97,impression,2026-02-26T21:39:16,A02,0.482
U0231,21,impression,2026-02-26T21:39:10,A02,0.491
U0231,21,click,2026-02-26T21:39:27,A02,0.491
U0231,73,impression,2026-02-26T21:39:09,A02,0.082
U0231,104,impression,2026-02-26T21:42:57,A02,0.107
U0231,39,impression,2026-02-26T21:38:53,A02,0.472
U0231,52,impression,2026-02-26T21:38:18,A02,0.509
U0231,52,click,2026-02-26T21:38:23,A02,0.509
U0231,40,impression,2026-02-26T21:38:59,A02,0.467
U0231,102,impression,2026-02-26T21:38:28,A02,0.423
U0231,102,click,2026-02-26T21:38:47,A02,0.423
U0231,109,impression,2026-02-26T21:40:13,A02,0.093
U0231,103,impression,2026-02-26T21:42:50,A02,0.101
U0231,25,impression,2026-02-26T21:39:11,A02,0.456
U0231,108,impression,2026-03-20T22:09:32,A02,0.097
U0231,83,impression,2026-03-20T22:08:32,A02,0.071
U0231,106,impression,2026-03-20T22:09:51,A02,0.074
U0231,51,impression,2026-03-20T22:10:01,A02,0.424
U0231,101,impression,2026-03-20T22:09:45,A02,0.582
U0231,21,impression,2026-03-20T22:09:56,A02,0.501
U0231,21,click,2026-03-20T22:10:26,A02,0.501
U0231,77,impression,2026-04-12T11:05:32,A02,0.464
U0231,93,impression,2026-04-12T11:06:20,A02,0.048
U0231,67,impression,2026-04-12T11:06:28,A02,0.059
U0231,24,impression,2026-04-12T11:05:45,A02,0.432
U0231,24,click,2026-04-12T11:06:03,A02,0.432
U0231,70,impression,2026-04-12T11:04:39,A02,0.103
U0231,101,impression,2026-04-12T11:05:52,A02,0.54
U0231,31,impression,2026-04-12T11:05:14,A02,0.478
U0231,89,impression,2026-04-12T11:06:29,A02,-0.022
U0231,87,impression,2026-04-12T11:08:24,A02,0.365
U0231,71,impression,2026-04-12T11:07:46,A02,0.049
U0231,22,impression,2026-04-12T11:05:08,A02,0.413
U0231,84,impression,2026-04-12T11:04:23,A02,0.488
U0231,39,impression,2026-04-12T11:08:04,A02,0.421
U0231,63,impression,2026-04-12T11:04:52,A02,0.07
U0231,49,impression,2026-04-12T11:04:11,A02,0.459
U0231,45,impression,2026-03-05T17:08:23,A02,0.44
U0231,52,impression,2026-03-05T17:06:27,A02,0.487
U0231,52,click,2026-03-05T17:06:33,A02,0.487
U0231,25,impression,2026-03-05T17:09:57,A02,0.469
U0231,82,impression,2026-03-05T17:05:40,A02,0.456
U0231,106,impression,2026-03-05T17:06:48,A02,0.089
U0231,106,click,2026-03-05T17:06:56,A02,0.089
U0231,72,impression,2026-03-05T17:08:27,A02,0.09
U0231,62,impression,2026-03-05T17:08:45,A02,0.021
U0231,27,impression,2026-03-05T17:08:44,A02,0.496
U0231,89,impression,2026-03-05T17:08:25,A02,0.013
U0231,33,impression,2026-03-05T17:07:18,A02,0.419
U0231,33,click,2026-03-05T17:07:44,A02,0.419
U0231,59,impression,2026-03-19T18:34:01,A02,0.019
U0231,36,impression,2026-03-19T18:34:47,A02,0.472
U0231,24,impression,2026-03-19T18:34:26,A02,0.506
U0231,62,impression,2026-03-19T18:31:55,A02,0.056
U0231,52,impression,2026-03-19T18:33:09,A02,0.457
U0232,34,impression,2026-04-12T22:16:57,A13,0.072
U0232,108,impression,2026-04-12T22:17:04,A13,0.451
U0232,73,impression,2026-04-12T22:20:03,A13,0.621
U0232,92,impression,2026-04-12T22:16:54,A13,0.057
U0232,72,impression,2026-04-12T22:20:17,A13,0.712
U0232,74,impression,2026-04-12T22:19:07,A13,0.58
U0232,101,impression,2026-04-12T22:17:04,A13,0.096
U0232,78,impression,2026-04-05T17:55:56,A13,0.099
U0232,52,impression,2026-04-05T17:53:16,A13,0.06
U0232,80,impression,2026-04-05T17:51:41,A13,0.602
U0232,85,impression,2026-04-05T17:54:20,A13,0.663
U0232,85,click,2026-04-05T17:54:21,A13,0.663
U0232,85,cart_add,2026-04-05T17:54:34,A13,0.663
U0232,101,impression,2026-04-05T17:55:09,A13,0.025
U0232,61,impression,2026-04-05T17:53:59,A13,0.476
U0232,61,click,2026-04-05T17:54:18,A13,0.476
U0232,91,impression,2026-04-04T15:49:08,A13,-0.021
U0232,85,impression,2026-04-04T15:49:30,A13,0.676
U0232,69,impression,2026-04-04T15:49:27,A13,0.64
U0232,50,impression,2026-04-04T15:48:16,A13,0.074
U0232,80,impression,2026-04-04T15:46:57,A13,0.667
U0232,80,click,2026-04-04T15:46:58,A13,0.667
U0232,88,impression,2026-04-04T15:46:18,A13,0.113
U0232,73,impression,2026-04-04T15:46:13,A13,0.656
U0232,34,impression,2026-04-04T15:46:43,A13,0.013
U0232,108,impression,2026-04-04T15:48:30,A13,0.445
U0232,108,click,2026-04-04T15:48:49,A13,0.445
U0232,108,save,2026-04-04T15:48:49,A13,0.445
U0232,24,impression,2026-04-04T15:45:07,A13,0.09
U0232,92,impression,2026-04-04T15:48:39,A13,0.017
U0232,67,impression,2026-04-04T15:48:06,A13,0.547
U0232,61,impression,2026-04-04T15:48:24,A13,0.506
U0232,62,impression,2026-04-04T15:46:15,A13,0.478
U0232,72,impression,2026-04-04T15:49:03,A13,0.748
U0232,72,click,2026-04-04T15:49:14,A13,0.748
U0232,58,impression,2026-03-10T12:13:24,A13,0.1
U0232,97,impression,2026-03-10T12:11:51,A13,0.135
U0232,85,impression,2026-03-10T12:12:02,A13,0.748
U0232,59,impression,2026-03-10T12:09:27,A13,0.735
U0232,72,impression,2026-03-10T12:09:09,A13,0.671
U0232,109,impression,2026-03-10T12:09:22,A13,0.089
U0232,61,impression,2026-03-10T12:09:21,A13,0.448
U0232,68,impression,2026-03-25T16:21:41,A13,0.094
U0232,74,impression,2026-03-25T16:22:09,A13,0.636
U0232,39,impression,2026-03-25T16:21:49,A13,0.012
U0232,100,impression,2026-03-25T16:21:36,A13,0.051
U0232,69,impression,2026-03-25T16:23:53,A13,0.633
U0232,69,click,2026-03-25T16:24:03,A13,0.633
U0232,72,impression,2026-03-25T16:20:25,A13,0.689
U0232,67,impression,2026-02-08T22:20:49,A13,0.528
U0232,85,impression,2026-02-08T22:19:20,A13,0.692
U0232,32,impression,2026-02-08T22:19:57,A13,0.023
U0232,70,impression,2026-02-08T22:18:49,A13,0.18
U0232,69,impression,2026-02-08T22:18:33,A13,0.649
U0232,33,impression,2026-02-08T22:18:21,A13,0.062
U0232,89,impression,2026-02-08T22:21:19,A13,0.045
U0232,72,impression,2026-02-08T22:22:45,A13,0.723
U0233,96,impression,2026-03-25T18:10:56,A04,0.076
U0233,58,impression,2026-03-25T18:09:18,A04,0.415
U0233,45,impression,2026-03-25T18:12:28,A04,0.061
U0233,66,impression,2026-03-25T18:10:58,A04,0.483
U0233,76,impression,2026-03-25T18:13:06,A04,0.08
U0233,105,impression,2026-03-25T18:09:16,A04,0.508
U0233,92,impression,2026-03-25T18:09:42,A04,0.502
U0233,44,impression,2026-03-25T18:09:32,A04,0.103
U0233,83,impression,2026-03-25T18:13:58,A04,0.649
U0233,103,impression,2026-03-25T18:11:51,A04,0.433
U0233,103,click,2026-03-25T18:11:56,A04,0.433
U0233,34,impression,2026-03-25T18:12:37,A04,-0.004
U0233,71,impression,2026-03-25T18:09:23,A04,0.48
U0233,78,impression,2026-03-25T18:12:20,A04,0.499
U0233,79,impression,2026-03-25T18:09:22,A04,0.726
U0233,60,impression,2026-03-25T18:09:01,A04,0.085
U0233,100,impression,2026-04-07T17:24:57,A04,0.562
U0233,39,impression,2026-04-07T17:21:46,A04,0.079
U0233,105,impression,2026-04-07T17:21:26,A04,0.496
U0233,34,impression,2026-04-07T17:25:26,A04,0.016
U0233,75,impression,2026-04-07T17:24:41,A04,0.051
U0233,92,impression,2026-04-07T17:21:12,A04,0.461
U0233,24,impression,2026-04-07T17:23:44,A04,0.035
U0233,103,impression,2026-04-07T17:21:55,A04,0.413
U0233,58,impression,2026-04-07T17:24:08,A04,0.484
U0233,39,impression,2026-03-22T13:06:16,A04,0.052
U0233,49,impression,2026-03-22T13:08:17,A04,0.042
U0233,78,impression,2026-03-22T13:10:48,A04,0.444
U0233,79,impression,2026-03-22T13:09:48,A04,0.724
U0233,79,click,2026-03-22T13:10:14,A04,0.724
U0233,36,impression,2026-03-22T13:10:10,A04,0.045
U0233,44,impression,2026-03-22T13:09:30,A04,0.016
U0233,100,impression,2026-03-22T13:08:25,A04,0.56
U0233,65,impression,2026-03-22T13:07:14,A04,0.459
U0233,88,impression,2026-02-05T21:02:34,A04,0.055
U0233,57,impression,2026-02-05T21:02:17,A04,0.503
U0233,57,click,2026-02-05T21:02:40,A04,0.503
U0233,45,impression,2026-02-05T21:02:48,A04,0.078
U0233,47,impression,2026-02-05T21:01:49,A04,0.046
U0233,105,impression,2026-02-05T21:00:36,A04,0.589
U0233,71,impression,2026-02-05T21:02:33,A04,0.438
U0233,69,impression,2026-02-05T20:59:32,A04,0.051
U0233,54,impression,2026-02-05T21:02:53,A04,0.093
U0233,58,impression,2026-02-05T20:59:03,A04,0.447
U0233,34,impression,2026-02-05T21:03:41,A04,-0.008
U0233,83,impression,2026-02-05T21:01:40,A04,0.573
U0233,92,impression,2026-02-05T20:59:31,A04,0.487
U0233,103,impression,2026-02-05T21:00:50,A04,0.412
U0233,70,impression,2026-03-22T22:59:05,A04,0.458
U0233,65,impression,2026-03-22T22:58:35,A04,0.502
U0233,92,impression,2026-03-22T22:58:48,A04,0.465
U0233,58,impression,2026-03-22T22:57:30,A04,0.452
U0233,58,click,2026-03-22T22:57:47,A04,0.452
U0233,58,save,2026-03-22T22:57:47,A04,0.452
U0233,76,impression,2026-03-22T22:55:33,A04,0.076
U0233,76,click,2026-03-22T22:55:54,A04,0.076
U0233,30,impression,2026-03-22T22:59:13,A04,0.083
U0233,103,impression,2026-03-22T22:59:29,A04,0.438
U0233,54,impression,2026-03-22T22:58:49,A04,0.022
U0233,52,impression,2026-03-22T22:56:43,A04,0.03
U0233,35,impression,2026-03-22T22:55:47,A04,0.089
U0233,100,impression,2026-03-22T22:55:25,A04,0.578
U0233,100,click,2026-03-22T22:55:46,A04,0.578
U0233,97,impression,2026-04-05T19:03:44,A04,0.061
U0233,100,impression,2026-04-05T19:03:59,A04,0.548
U0233,100,click,2026-04-05T19:04:21,A04,0.548
U0233,100,save,2026-04-05T19:04:21,A04,0.548
U0233,100,cart_add,2026-04-05T19:04:49,A04,0.548
U0233,61,impression,2026-04-05T19:02:51,A04,0.052
U0233,66,impression,2026-04-05T19:02:25,A04,0.445
U0233,60,impression,2026-04-05T19:03:48,A04,0.094
U0233,79,impression,2026-04-05T19:02:13,A04,0.733
U0233,79,click,2026-04-05T19:02:15,A04,0.733
U0233,90,impression,2026-04-05T19:02:51,A04,0.613
U0233,90,click,2026-04-05T19:02:56,A04,0.613
U0233,105,impression,2026-04-05T19:03:12,A04,0.508
U0233,68,impression,2026-04-05T19:04:06,A04,0.486
U0233,54,impression,2026-04-05T19:02:31,A04,0.035
U0233,58,impression,2026-02-19T19:09:53,A04,0.489
U0233,78,impression,2026-02-19T19:13:57,A04,0.42
U0233,95,impression,2026-02-19T19:12:41,A04,0.026
U0233,77,impression,2026-02-19T19:12:34,A04,0.044
U0233,77,click,2026-02-19T19:12:53,A04,0.044
U0233,103,impression,2026-02-19T19:12:09,A04,0.497
U0233,100,impression,2026-02-19T19:09:12,A04,0.513
U0233,75,impression,2026-02-19T19:13:51,A04,0.073
U0233,38,impression,2026-02-19T19:13:26,A04,0.087
U0233,105,impression,2026-02-19T19:11:50,A04,0.533
U0234,90,impression,2026-02-19T12:01:07,A03,0.04
U0234,57,impression,2026-02-19T12:00:40,A03,0.064
U0234,47,impression,2026-02-19T12:00:29,A03,0.574
U0234,47,click,2026-02-19T12:00:45,A03,0.574
U0234,80,impression,2026-02-19T12:02:08,A03,0.035
U0234,41,impression,2026-02-19T12:04:50,A03,0.446
U0234,41,click,2026-02-19T12:04:55,A03,0.446
U0234,26,impression,2026-02-19T12:00:04,A03,0.028
U0234,94,impression,2026-02-19T12:00:54,A03,0.517
U0234,73,impression,2026-02-19T12:01:23,A03,0.062
U0234,50,impression,2026-02-19T12:04:09,A03,0.477
U0234,64,impression,2026-02-19T12:01:07,A03,0.029
U0234,51,impression,2026-02-19T12:02:45,A03,0.499
U0234,51,click,2026-02-19T12:02:49,A03,0.499
U0234,87,impression,2026-02-19T12:03:42,A03,0.439
U0234,34,impression,2026-02-19T12:02:17,A03,0.386
U0234,37,impression,2026-02-19T12:00:14,A03,0.5
U0234,52,impression,2026-02-19T12:01:55,A03,0.546
U0235,51,impression,2026-02-06T10:32:07,A03,0.442
U0235,64,impression,2026-02-06T10:31:22,A03,0.107
U0235,109,impression,2026-02-06T10:33:33,A03,0.081
U0235,31,impression,2026-02-06T10:31:53,A03,0.557
U0235,31,click,2026-02-06T10:31:59,A03,0.557
U0235,95,impression,2026-02-06T10:33:03,A03,0.079
U0235,32,impression,2026-02-06T10:31:53,A03,0.578
U0235,106,impression,2026-02-06T10:32:35,A03,0.5
U0235,106,impression,2026-03-08T18:39:56,A03,0.434
U0235,106,click,2026-03-08T18:40:08,A03,0.434
U0235,66,impression,2026-03-08T18:40:19,A03,0.05
U0235,39,impression,2026-03-08T18:41:17,A03,0.444
U0235,51,impression,2026-03-08T18:39:59,A03,0.499
U0235,38,impression,2026-03-08T18:41:52,A03,0.444
U0235,48,impression,2026-03-08T18:41:31,A03,0.483
U0235,95,impression,2026-03-08T18:38:52,A03,0.101
U0235,79,impression,2026-03-08T18:39:09,A03,0.057
U0235,108,impression,2026-03-08T18:39:58,A03,0.072
U0235,36,impression,2026-03-08T18:39:51,A03,0.507
U0235,36,click,2026-03-08T18:40:11,A03,0.507
U0235,106,impression,2026-02-16T21:58:51,A03,0.499
U0235,61,impression,2026-02-16T21:55:46,A03,0.046
U0235,57,impression,2026-02-16T21:56:45,A03,0.067
U0235,103,impression,2026-02-16T21:55:15,A03,0.02
U0235,30,impression,2026-02-16T21:59:24,A03,0.474
U0235,41,impression,2026-02-16T21:55:48,A03,0.435
U0235,41,click,2026-02-16T21:55:59,A03,0.435
U0235,45,impression,2026-04-06T10:04:27,A03,0.446
U0235,106,impression,2026-04-06T10:02:05,A03,0.437
U0235,87,impression,2026-04-06T10:00:27,A03,0.446
U0235,87,click,2026-04-06T10:00:57,A03,0.446
U0235,85,impression,2026-04-06T10:00:39,A03,0.062
U0235,96,impression,2026-04-06T10:02:07,A03,0.031
U0236,100,impression,2026-02-20T12:00:45,A06,0.04
U0236,88,impression,2026-02-20T11:57:48,A06,-0.04
U0236,33,impression,2026-02-20T11:56:44,A06,0.456
U0236,81,impression,2026-02-20T11:56:29,A06,0.451
U0236,75,impression,2026-02-20T11:57:24,A06,0.1
U0236,32,impression,2026-02-20T11:57:35,A06,0.423
U0236,32,click,2026-02-20T11:57:40,A06,0.423
U0236,32,save,2026-02-20T11:57:40,A06,0.423
U0236,38,impression,2026-02-20T11:57:14,A06,0.45
U0236,76,impression,2026-02-20T11:57:08,A06,0.099
U0236,78,impression,2026-02-05T16:02:39,A06,0.058
U0236,106,impression,2026-02-05T16:01:54,A06,0.069
U0236,30,impression,2026-02-05T16:02:51,A06,0.459
U0236,25,impression,2026-02-05T16:04:07,A06,0.456
U0236,25,click,2026-02-05T16:04:09,A06,0.456
U0236,42,impression,2026-02-05T16:04:05,A06,0.05
U0236,24,impression,2026-02-05T16:03:53,A06,0.45
U0236,78,impression,2026-02-25T22:32:19,A06,0.074
U0236,89,impression,2026-02-25T22:33:56,A06,0.036
U0236,105,impression,2026-02-25T22:31:52,A06,0.102
U0236,44,impression,2026-02-25T22:33:12,A06,0.053
U0236,38,impression,2026-02-25T22:31:58,A06,0.447
U0236,98,impression,2026-02-25T22:32:18,A06,0.441
U0236,84,impression,2026-02-25T22:34:10,A06,0.537
U0236,77,impression,2026-02-25T22:32:53,A06,0.498
U0236,46,impression,2026-02-25T22:31:02,A06,0.462
U0236,32,impression,2026-02-25T22:34:23,A06,0.433
U0236,30,impression,2026-02-25T22:34:57,A06,0.411
U0236,25,impression,2026-02-25T22:34:28,A06,0.497
U0236,109,impression,2026-02-25T22:35:00,A06,0.085
U0236,50,impression,2026-02-25T22:33:44,A06,0.427
U0236,102,impression,2026-02-25T22:34:29,A06,0.039
U0236,85,impression,2026-02-09T16:53:25,A06,0.097
U0236,31,impression,2026-02-09T16:57:25,A06,0.427
U0236,36,impression,2026-02-09T16:55:07,A06,0.505
U0236,36,click,2026-02-09T16:55:33,A06,0.505
U0236,30,impression,2026-02-09T16:57:16,A06,0.497
U0236,58,impression,2026-02-09T16:54:46,A06,0.073
U0236,88,impression,2026-02-09T16:54:04,A06,0.026
U0236,26,impression,2026-02-09T16:56:39,A06,0.444
U0236,40,impression,2026-02-09T16:56:16,A06,0.037
U0236,33,impression,2026-02-09T16:57:31,A06,0.46
U0236,37,impression,2026-02-09T16:54:10,A06,0.434
U0236,46,impression,2026-02-15T16:47:42,A06,0.45
U0236,93,impression,2026-02-15T16:49:20,A06,0.055
U0236,45,impression,2026-02-15T16:49:19,A06,0.065
U0236,22,impression,2026-02-15T16:49:13,A06,0.064
U0236,25,impression,2026-02-15T16:46:31,A06,0.489
U0236,24,impression,2026-02-15T16:50:40,A06,0.485
U0236,35,impression,2026-02-15T16:49:51,A06,0.42
U0236,88,impression,2026-02-15T16:47:02,A06,0.015
U0236,77,impression,2026-02-15T16:48:43,A06,0.468
U0236,39,impression,2026-02-15T16:50:42,A06,0.499
U0236,35,impression,2026-03-01T18:07:51,A06,0.413
U0236,35,click,2026-03-01T18:08:18,A06,0.413
U0236,78,impression,2026-03-01T18:08:59,A06,0.097
U0236,50,impression,2026-03-01T18:07:03,A06,0.422
U0236,30,impression,2026-03-01T18:08:10,A06,0.43
U0236,27,impression,2026-03-01T18:04:17,A06,0.437
U0236,56,impression,2026-03-01T18:05:26,A06,0.03
U0236,98,impression,2026-03-01T18:08:04,A06,0.506
U0236,90,impression,2026-03-01T18:08:43,A06,0.097
U0236,99,impression,2026-03-01T18:05:19,A06,0.078
U0236,57,impression,2026-03-01T18:04:01,A06,0.09
U0236,25,impression,2026-03-01T18:08:14,A06,0.426
U0236,95,impression,2026-03-02T19:35:34,A06,0.071
U0236,76,impression,2026-03-02T19:32:24,A06,0.022
U0236,59,impression,2026-03-02T19:32:00,A06,0.088
U0236,34,impression,2026-03-02T19:32:41,A06,0.478
U0236,34,click,2026-03-02T19:33:04,A06,0.478
U0236,39,impression,2026-03-02T19:34:10,A06,0.485
U0236,84,impression,2026-03-02T19:31:40,A06,0.579
U0236,22,impression,2026-03-10T09:54:51,A06,0.065
U0236,32,impression,2026-03-10T09:58:22,A06,0.479
U0236,44,impression,2026-03-10T09:55:52,A06,0.035
U0236,27,impression,2026-03-10T09:55:10,A06,0.437
U0236,78,impression,2026-03-10T09:55:45,A06,0.086
U0236,25,impression,2026-03-10T09:58:04,A06,0.414
U0236,37,impression,2026-03-10T09:57:18,A06,0.462
U0236,37,click,2026-03-10T09:57:22,A06,0.462
U0237,38,impression,2026-03-26T14:42:02,A07,0.075
U0237,72,impression,2026-03-26T14:41:23,A07,0.578
U0237,89,impression,2026-03-26T14:43:24,A07,0.014
U0237,42,impression,2026-03-26T14:42:35,A07,0.105
U0237,42,click,2026-03-26T14:42:57,A07,0.105
U0237,93,impression,2026-03-26T14:43:18,A07,0.639
U0237,93,click,2026-03-26T14:43:22,A07,0.639
U0237,31,impression,2026-03-26T14:44:28,A07,0.011
U0237,55,impression,2026-03-26T14:41:01,A07,0.088
U0237,88,impression,2026-03-26T14:45:21,A07,0.537
U0237,75,impression,2026-03-26T14:45:25,A07,0.711
U0237,69,impression,2026-03-26T14:42:33,A07,0.65
U0237,59,impression,2026-03-26T14:43:04,A07,0.507
U0237,41,impression,2026-03-29T16:55:42,A07,0.022
U0237,66,impression,2026-03-29T16:54:20,A07,0.095
U0237,69,impression,2026-03-29T16:55:59,A07,0.607
U0237,80,impression,2026-03-29T16:57:55,A07,0.516
U0237,88,impression,2026-03-29T16:57:18,A07,0.601
U0237,105,impression,2026-02-27T09:48:25,A07,0.049
U0237,88,impression,2026-02-27T09:48:02,A07,0.585
U0237,24,impression,2026-02-27T09:49:10,A07,0.022
U0237,61,impression,2026-02-27T09:51:19,A07,0.648
U0237,68,impression,2026-02-27T09:52:00,A07,0.104
U0237,85,impression,2026-02-27T09:50:25,A07,0.493
U0237,81,impression,2026-02-25T10:29:51,A07,0.076
U0237,24,impression,2026-02-25T10:30:12,A07,0.062
U0237,74,impression,2026-02-25T10:29:14,A07,0.665
U0237,69,impression,2026-02-25T10:28:59,A07,0.629
U0237,69,click,2026-02-25T10:29:17,A07,0.629
U0237,68,impression,2026-02-25T10:30:35,A07,0.102
U0237,68,click,2026-02-25T10:30:55,A07,0.102
U0237,73,impression,2026-02-25T10:30:18,A07,0.713
U0237,73,click,2026-02-25T10:30:25,A07,0.713
U0237,73,save,2026-02-25T10:30:25,A07,0.713
U0237,62,impression,2026-02-25T10:29:24,A07,0.506
U0237,94,impression,2026-02-25T10:27:57,A07,0.035
U0237,53,impression,2026-03-17T11:05:37,A07,0.071
U0237,69,impression,2026-03-17T11:07:48,A07,0.609
U0237,46,impression,2026-03-17T11:04:52,A07,0.169
U0237,60,impression,2026-03-17T11:08:21,A07,0.567
U0237,64,impression,2026-03-17T11:06:08,A07,0.097
U0237,64,click,2026-03-17T11:06:16,A07,0.097
U0237,74,impression,2026-03-17T11:04:10,A07,0.658
U0237,75,impression,2026-03-17T11:08:41,A07,0.729
U0237,75,click,2026-03-17T11:08:56,A07,0.729
U0237,49,impression,2026-03-17T11:08:24,A07,0.072
U0237,59,impression,2026-03-17T11:07:56,A07,0.534
U0237,73,impression,2026-03-17T11:08:02,A07,0.705
U0237,73,click,2026-03-17T11:08:13,A07,0.705
U0237,62,impression,2026-03-17T11:05:08,A07,0.582
U0237,94,impression,2026-03-17T11:04:20,A07,0.073
U0237,106,impression,2026-03-20T14:30:40,A07,0.055
U0237,52,impression,2026-03-20T14:32:17,A07,0.089
U0237,60,impression,2026-03-20T14:30:39,A07,0.588
U0237,90,impression,2026-03-20T14:30:01,A07,0.047
U0237,92,impression,2026-03-20T14:34:12,A07,0.021
U0237,108,impression,2026-03-20T14:31:39,A07,0.57
U0237,67,impression,2026-03-20T14:30:26,A07,0.42
U0237,93,impression,2026-03-20T14:31:17,A07,0.611
U0237,27,impression,2026-03-20T14:32:22,A07,0.026
U0237,80,impression,2026-03-20T14:34:50,A07,0.491
U0237,88,impression,2026-03-20T14:33:39,A07,0.591
U0237,59,impression,2026-03-20T14:33:52,A07,0.526
U0237,59,click,2026-03-20T14:33:57,A07,0.526
U0237,88,impression,2026-03-18T11:28:44,A07,0.535
U0237,75,impression,2026-03-18T11:30:50,A07,0.666
U0237,108,impression,2026-03-18T11:30:05,A07,0.538
U0237,43,impression,2026-03-18T11:30:00,A07,0.031
U0237,67,impression,2026-03-18T11:29:26,A07,0.461
U0237,67,click,2026-03-18T11:29:44,A07,0.461
U0237,69,impression,2026-03-18T11:29:06,A07,0.669
U0237,80,impression,2026-03-18T11:27:06,A07,0.544
U0237,80,click,2026-03-18T11:27:22,A07,0.544
U0237,80,save,2026-03-18T11:27:22,A07,0.544
U0237,99,impression,2026-03-18T11:27:38,A07,0.699
U0237,104,impression,2026-03-18T11:31:39,A07,0.105
U0237,37,impression,2026-03-18T11:29:04,A07,0.091
U0237,38,impression,2026-03-18T11:29:55,A07,0.068
U0237,25,impression,2026-03-18T11:29:50,A07,0.024
U0237,93,impression,2026-03-18T11:27:39,A07,0.62
U0237,93,click,2026-03-18T11:27:57,A07,0.62
U0237,72,impression,2026-03-18T11:29:14,A07,0.566
U0237,21,impression,2026-03-18T11:31:42,A07,0.097
U0237,52,impression,2026-04-01T21:01:36,A07,0.106
U0237,69,impression,2026-04-01T21:00:13,A07,0.6
U0237,39,impression,2026-04-01T21:04:50,A07,0.187
U0237,51,impression,2026-04-01T21:02:05,A07,0.085
U0237,85,impression,2026-04-01T21:04:38,A07,0.545
U0237,85,click,2026-04-01T21:04:45,A07,0.545
U0237,73,impression,2026-04-01T21:01:57,A07,0.699
U0237,73,click,2026-04-01T21:02:14,A07,0.699
U0237,73,save,2026-04-01T21:02:14,A07,0.699
U0237,61,impression,2026-04-01T21:04:59,A07,0.625
U0237,97,impression,2026-04-01T21:02:53,A07,0.07
U0237,60,impression,2026-04-01T21:02:24,A07,0.54
U0238,86,impression,2026-03-14T18:24:32,A13,0.015
U0238,69,impression,2026-03-14T18:21:19,A13,0.599
U0238,69,click,2026-03-14T18:21:36,A13,0.599
U0238,98,impression,2026-03-14T18:21:22,A13,0.104
U0238,58,impression,2026-03-14T18:25:36,A13,0.103
U0238,108,impression,2026-03-14T18:22:12,A13,0.471
U0238,72,impression,2026-03-14T18:23:18,A13,0.74
U0238,62,impression,2026-02-28T12:43:49,A13,0.468
U0238,62,click,2026-02-28T12:43:50,A13,0.468
U0238,93,impression,2026-02-28T12:40:35,A13,0.539
U0238,61,impression,2026-02-28T12:41:25,A13,0.505
U0238,54,impression,2026-02-28T12:42:42,A13,0.028
U0238,75,impression,2026-02-28T12:40:36,A13,0.622
U0238,22,impression,2026-02-28T12:41:16,A13,0.011
U0238,37,impression,2026-02-28T12:41:52,A13,0.017
U0238,48,impression,2026-02-28T12:43:38,A13,0.061
U0238,26,impression,2026-02-28T12:40:34,A13,0.101
U0238,108,impression,2026-02-28T12:40:15,A13,0.453
U0238,92,impression,2026-02-28T12:42:37,A13,0.011
U0238,85,impression,2026-02-28T12:42:44,A13,0.725
U0238,73,impression,2026-02-28T12:42:09,A13,0.62
U0238,73,click,2026-02-28T12:42:23,A13,0.62
U0238,74,impression,2026-02-28T12:42:11,A13,0.666
U0238,59,impression,2026-02-28T12:43:19,A13,0.73
U0238,69,impression,2026-04-07T19:05:26,A13,0.654
U0238,31,impression,2026-04-07T19:06:45,A13,0.063
U0238,108,impression,2026-04-07T19:07:12,A13,0.483
U0238,108,click,2026-04-07T19:07:36,A13,0.483
U0238,26,impression,2026-04-07T19:08:41,A13,0.054
U0238,99,impression,2026-04-07T19:05:33,A13,0.555
U0238,61,impression,2026-04-07T19:05:11,A13,0.442
U0238,62,impression,2026-04-07T19:05:22,A13,0.458
U0238,67,impression,2026-04-07T19:05:42,A13,0.551
U0238,85,impression,2026-04-07T19:07:36,A13,0.744
U0238,85,click,2026-04-07T19:07:51,A13,0.744
U0238,85,save,2026-04-07T19:07:51,A13,0.744
U0238,63,impression,2026-04-07T19:08:40,A13,0.109
U0238,100,impression,2026-04-07T19:04:53,A13,0.044
U0238,46,impression,2026-04-07T19:04:14,A13,0.136
U0238,93,impression,2026-04-07T19:06:44,A13,0.505
U0238,93,click,2026-04-07T19:06:55,A13,0.505
U0238,59,impression,2026-04-07T19:06:39,A13,0.671
U0238,59,click,2026-04-07T19:07:04,A13,0.671
U0238,59,save,2026-04-07T19:07:04,A13,0.671
U0238,50,impression,2026-04-07T19:06:53,A13,0.03
U0238,65,impression,2026-03-23T10:21:36,A13,0.028
U0238,99,impression,2026-03-23T10:19:20,A13,0.524
U0238,73,impression,2026-03-23T10:21:01,A13,0.646
U0238,73,click,2026-03-23T10:21:22,A13,0.646
U0238,73,cart_add,2026-03-23T10:21:54,A13,0.646
U0238,67,impression,2026-03-23T10:21:57,A13,0.501
U0238,69,impression,2026-03-23T10:19:25,A13,0.589
U0238,107,impression,2026-03-23T10:21:27,A13,0.173
U0238,51,impression,2026-03-23T10:22:58,A13,0.099
U0238,98,impression,2026-03-23T10:20:20,A13,0.091
U0238,59,impression,2026-03-23T10:21:31,A13,0.748
U0238,76,impression,2026-03-13T09:04:33,A13,0.042
U0238,73,impression,2026-03-13T09:07:16,A13,0.593
U0238,67,impression,2026-03-13T09:07:12,A13,0.488
U0238,53,impression,2026-03-13T09:05:04,A13,0.02
U0238,109,impression,2026-03-13T09:05:08,A13,0.084
U0238,109,click,2026-03-13T09:05:24,A13,0.084
U0238,72,impression,2026-03-13T09:07:03,A13,0.702
U0238,23,impression,2026-03-13T09:08:00,A13,0.074
U0238,61,impression,2026-03-13T09:05:09,A13,0.486
U0238,61,click,2026-03-13T09:05:33,A13,0.486
U0239,79,impression,2026-02-25T13:38:58,A09,0.416
U0239,68,impression,2026-02-25T13:37:58,A09,0.598
U0239,68,click,2026-02-25T13:38:19,A09,0.598
U0239,68,save,2026-02-25T13:38:19,A09,0.598
U0239,83,impression,2026-02-25T13:39:23,A09,0.473
U0239,83,click,2026-02-25T13:39:38,A09,0.473
U0239,98,impression,2026-02-25T13:38:33,A09,0.083
U0239,65,impression,2026-02-25T13:35:13,A09,0.452
U0239,65,click,2026-02-25T13:35:32,A09,0.452
U0239,65,save,2026-02-25T13:35:32,A09,0.452
U0239,41,impression,2026-02-25T13:36:02,A09,0.075
U0239,23,impression,2026-02-25T13:35:29,A09,0.056
U0239,56,impression,2026-02-25T13:37:53,A09,0.054
U0239,48,impression,2026-03-15T13:55:08,A09,0.066
U0239,100,impression,2026-03-15T13:56:07,A09,0.44
U0239,99,impression,2026-03-15T13:57:25,A09,0.051
U0239,72,impression,2026-03-15T13:59:41,A09,0.016
U0239,57,impression,2026-03-15T13:57:36,A09,0.495
U0239,57,click,2026-03-15T13:57:42,A09,0.495
U0239,92,impression,2026-03-15T13:57:31,A09,0.593
U0239,105,impression,2026-03-15T13:59:08,A09,0.508
U0239,79,impression,2026-03-15T13:57:59,A09,0.46
U0239,79,click,2026-03-15T13:58:07,A09,0.46
U0239,22,impression,2026-03-15T13:57:37,A09,0.038
U0239,90,impression,2026-02-22T21:41:01,A09,0.479
U0239,90,click,2026-02-22T21:41:26,A09,0.479
U0239,88,impression,2026-02-22T21:42:13,A09,-0.033
U0239,103,impression,2026-02-22T21:41:04,A09,0.724
U0239,32,impression,2026-02-22T21:42:10,A09,0.026
U0239,74,impression,2026-02-22T21:45:02,A09,0.107
U0239,66,impression,2026-02-22T21:44:42,A09,0.638
U0239,66,click,2026-02-22T21:45:03,A09,0.638
U0239,66,cart_add,2026-02-22T21:46:02,A09,0.638
U0239,70,impression,2026-02-22T21:45:28,A09,0.413
U0239,76,impression,2026-02-22T21:44:17,A09,0.098
U0239,100,impression,2026-02-22T21:45:13,A09,0.501
U0239,79,impression,2026-02-22T21:43:52,A09,0.474
U0239,79,click,2026-02-22T21:43:57,A09,0.474
U0239,83,impression,2026-02-22T21:45:07,A09,0.476
U0239,24,impression,2026-02-22T21:43:31,A09,0.102
U0239,55,impression,2026-02-22T21:43:51,A09,0.054
U0239,78,impression,2026-02-22T21:45:01,A09,0.657
U0239,78,click,2026-02-22T21:45:07,A09,0.657
U0239,105,impression,2026-02-03T22:46:42,A09,0.468
U0239,62,impression,2026-02-03T22:50:35,A09,0.067
U0239,66,impression,2026-02-03T22:48:43,A09,0.617
U0239,46,impression,2026-02-03T22:49:50,A09,0.018
U0239,83,impression,2026-02-03T22:50:13,A09,0.474
U0239,34,impression,2026-02-03T22:48:08,A09,0.069
U0239,89,impression,2026-02-03T22:47:28,A09,0.067
U0239,92,impression,2026-02-03T22:49:17,A09,0.592
U0239,71,impression,2026-02-03T22:48:26,A09,0.626
U0239,23,impression,2026-02-09T15:56:42,A09,0.018
U0239,90,impression,2026-02-09T15:58:19,A09,0.506
U0239,90,click,2026-02-09T15:58:44,A09,0.506
U0239,103,impression,2026-02-09T15:56:11,A09,0.702
U0239,65,impression,2026-02-09T15:56:43,A09,0.53
U0239,32,impression,2026-02-09T16:00:07,A09,0.06
U0239,57,impression,2026-02-09T15:56:11,A09,0.458
U0239,51,impression,2026-02-09T15:57:33,A09,0.087
U0239,87,impression,2026-02-09T15:57:43,A09,0.018
U0239,54,impression,2026-02-09T15:59:23,A09,0.058
U0239,78,impression,2026-02-09T15:58:49,A09,0.572
U0239,83,impression,2026-02-09T15:56:25,A09,0.45
U0239,66,impression,2026-02-09T15:59:17,A09,0.616
U0239,56,impression,2026-02-09T15:58:04,A09,0.092
U0239,79,impression,2026-02-09T15:59:07,A09,0.463
U0239,71,impression,2026-03-16T11:47:37,A09,0.658
U0239,71,click,2026-03-16T11:47:55,A09,0.658
U0239,106,impression,2026-03-16T11:48:09,A09,0.101
U0239,66,impression,2026-03-16T11:49:31,A09,0.604
U0239,90,impression,2026-03-16T11:46:55,A09,0.411
U0239,100,impression,2026-03-16T11:46:26,A09,0.459
U0239,105,impression,2026-03-16T11:47:42,A09,0.509
U0239,79,impression,2026-03-16T11:49:35,A09,0.453
U0239,61,impression,2026-03-16T11:46:39,A09,0.089
U0239,46,impression,2026-03-16T11:48:55,A09,0.075
U0239,58,impression,2026-03-16T11:45:53,A09,0.492
U0239,56,impression,2026-03-16T11:48:00,A09,0.012
U0239,40,impression,2026-03-16T11:48:38,A09,0.014
U0239,97,impression,2026-03-16T11:46:43,A09,0.023
U0239,65,impression,2026-03-16T11:47:30,A09,0.529
U0239,70,impression,2026-03-16T11:45:06,A09,0.415
U0240,65,impression,2026-03-18T16:39:38,A07,0.005
U0240,85,impression,2026-03-18T16:36:02,A07,0.586
U0240,52,impression,2026-03-18T16:40:12,A07,0.106
U0240,80,impression,2026-03-18T16:38:09,A07,0.531
U0240,80,click,2026-03-18T16:38:29,A07,0.531
U0240,60,impression,2026-03-18T16:37:25,A07,0.53
U0240,73,impression,2026-03-18T16:37:03,A07,0.659
U0240,73,click,2026-03-18T16:37:25,A07,0.659
U0240,93,impression,2026-03-18T16:37:30,A07,0.65
U0240,67,impression,2026-03-18T16:40:44,A07,0.394
U0240,67,click,2026-03-18T16:40:51,A07,0.394
U0240,49,impression,2026-03-18T16:38:16,A07,0.065
U0240,57,impression,2026-03-18T16:37:52,A07,0.057
U0240,66,impression,2026-03-18T16:40:58,A07,0.066
U0240,25,impression,2026-02-07T11:44:57,A07,0.012
U0240,70,impression,2026-02-07T11:44:09,A07,0.139
U0240,62,impression,2026-02-07T11:42:43,A07,0.532
U0240,62,click,2026-02-07T11:42:51,A07,0.532
U0240,67,impression,2026-02-07T11:43:57,A07,0.475
U0240,60,impression,2026-02-07T11:42:55,A07,0.502
U0240,75,impression,2026-02-07T11:44:04,A07,0.678
U0240,85,impression,2026-02-07T11:42:35,A07,0.541
U0240,85,click,2026-02-07T11:42:52,A07,0.541
U0240,93,impression,2026-02-07T11:41:12,A07,0.606
U0240,93,click,2026-02-07T11:41:21,A07,0.606
U0240,93,save,2026-02-07T11:41:21,A07,0.606
U0240,34,impression,2026-02-07T11:43:31,A07,0.022
U0240,56,impression,2026-02-07T11:40:51,A07,0.048
U0240,52,impression,2026-02-07T11:43:15,A07,0.049
U0240,69,impression,2026-02-07T11:44:24,A07,0.59
U0240,69,click,2026-02-07T11:44:32,A07,0.59
U0240,69,cart_add,2026-02-07T11:45:05,A07,0.59
U0240,69,impression,2026-03-11T16:29:55,A07,0.595
U0240,94,impression,2026-03-11T16:27:38,A07,0.018
U0240,59,impression,2026-03-11T16:28:09,A07,0.538
U0240,61,impression,2026-03-11T16:29:34,A07,0.653
U0240,98,impression,2026-03-11T16:26:11,A07,0.028
U0240,63,impression,2026-02-26T14:14:25,A07,0.669
U0240,63,click,2026-02-26T14:14:43,A07,0.669
U0240,73,impression,2026-02-26T14:11:01,A07,0.66
U0240,87,impression,2026-02-26T14:10:37,A07,0.019
U0240,72,impression,2026-02-26T14:11:42,A07,0.491
U0240,72,click,2026-02-26T14:11:54,A07,0.491
U0240,79,impression,2026-02-26T14:11:10,A07,0.077
U0240,74,impression,2026-02-26T14:14:44,A07,0.695
U0240,74,click,2026-02-26T14:15:10,A07,0.695
U0240,59,impression,2026-02-26T14:14:32,A07,0.494
U0240,68,impression,2026-02-26T14:12:27,A07,0.089
U0240,61,impression,2026-02-26T14:11:11,A07,0.666
U0240,77,impression,2026-02-26T14:10:54,A07,-0.014
U0240,59,impression,2026-03-06T13:31:12,A07,0.509
U0240,59,click,2026-03-06T13:31:21,A07,0.509
U0240,31,impression,2026-03-06T13:32:44,A07,0.027
U0240,85,impression,2026-03-06T13:32:58,A07,0.5
U0240,80,impression,2026-03-06T13:31:14,A07,0.536
U0240,72,impression,2026-03-06T13:31:07,A07,0.546
U0240,54,impression,2026-03-06T13:32:51,A07,0.057
U0240,109,impression,2026-03-06T13:29:43,A07,0.079
U0240,44,impression,2026-03-06T13:31:05,A07,0.07
U0240,67,impression,2026-03-06T13:28:16,A07,0.432
U0240,24,impression,2026-04-08T14:47:25,A07,0.026
U0240,63,impression,2026-04-08T14:51:56,A07,0.594
U0240,38,impression,2026-04-08T14:51:03,A07,0.042
U0240,67,impression,2026-04-08T14:51:32,A07,0.432
U0240,61,impression,2026-04-08T14:48:28,A07,0.583
U0240,98,impression,2026-04-08T14:51:35,A07,0.055
U0240,62,impression,2026-04-08T14:47:08,A07,0.53
U0240,60,impression,2026-04-08T14:47:18,A07,0.559
U0240,106,impression,2026-04-08T14:47:02,A07,0.047
U0240,57,impression,2026-04-08T14:51:01,A07,0.018
U0240,83,impression,2026-04-08T14:50:26,A07,0.072
U0240,108,impression,2026-04-08T14:51:35,A07,0.499
U0240,69,impression,2026-04-08T14:49:46,A07,0.576
U0240,88,impression,2026-04-08T14:50:12,A07,0.585
U0240,87,impression,2026-03-03T20:12:27,A07,-0.026
U0240,99,impression,2026-03-03T20:14:57,A07,0.723
U0240,99,click,2026-03-03T20:15:01,A07,0.723
U0240,77,impression,2026-03-03T20:11:48,A07,0.004
U0240,69,impression,2026-03-03T20:15:40,A07,0.655
U0240,72,impression,2026-03-03T20:13:04,A07,0.556
U0240,72,click,2026-03-03T20:13:13,A07,0.556
U0240,72,cart_add,2026-03-03T20:14:03,A07,0.556
U0240,53,impression,2026-03-03T20:13:43,A07,0.05
U0240,55,impression,2026-03-03T20:13:07,A07,0.069
U0240,63,impression,2026-03-03T20:14:39,A07,0.608
U0240,63,click,2026-03-03T20:14:44,A07,0.608
U0240,91,impression,2026-03-27T15:56:01,A07,0.047
U0240,63,impression,2026-03-27T15:55:29,A07,0.647
U0240,63,click,2026-03-27T15:55:55,A07,0.647
U0240,61,impression,2026-03-27T15:52:36,A07,0.639
U0240,61,click,2026-03-27T15:52:51,A07,0.639
U0240,59,impression,2026-03-27T15:52:57,A07,0.515
U0240,59,click,2026-03-27T15:53:16,A07,0.515
U0240,84,impression,2026-03-27T15:54:11,A07,0.065
U0240,49,impression,2026-03-27T15:56:58,A07,0.073
U0240,103,impression,2026-03-27T15:52:41,A07,0.045
U0240,93,impression,2026-03-27T15:54:52,A07,0.638
U0240,93,click,2026-03-27T15:55:17,A07,0.638
U0241,80,impression,2026-02-20T14:02:56,A13,0.603
U0241,80,click,2026-02-20T14:03:25,A13,0.603
U0241,36,impression,2026-02-20T14:02:36,A13,0.107
U0241,23,impression,2026-02-20T14:04:36,A13,0.091
U0241,73,impression,2026-02-20T14:01:06,A13,0.652
U0241,73,click,2026-02-20T14:01:23,A13,0.652
U0241,73,save,2026-02-20T14:01:23,A13,0.652
U0241,92,impression,2026-02-20T14:02:53,A13,0.089
U0241,85,impression,2026-02-20T14:01:31,A13,0.68
U0241,85,click,2026-02-20T14:01:59,A13,0.68
U0241,60,impression,2026-02-20T14:05:54,A13,0.609
U0241,53,impression,2026-02-20T14:02:43,A13,0.075
U0241,51,impression,2026-02-20T14:01:20,A13,0.066
U0241,61,impression,2026-02-20T14:04:16,A13,0.49
U0241,62,impression,2026-02-20T14:01:57,A13,0.416
U0241,72,impression,2026-04-05T22:20:46,A13,0.749
U0241,61,impression,2026-04-05T22:20:04,A13,0.44
U0241,61,click,2026-04-05T22:20:33,A13,0.44
U0241,73,impression,2026-04-05T22:20:44,A13,0.621
U0241,73,click,2026-04-05T22:21:14,A13,0.621
U0241,42,impression,2026-04-05T22:20:42,A13,0.098
U0241,100,impression,2026-04-05T22:22:10,A13,0.068
U0241,62,impression,2026-04-05T22:20:08,A13,0.481
U0241,91,impression,2026-04-05T22:21:48,A13,0.057
U0241,59,impression,2026-04-05T22:22:53,A13,0.7
U0241,59,click,2026-04-05T22:23:05,A13,0.7
U0241,106,impression,2026-04-05T22:22:18,A13,0.055
U0241,108,impression,2026-04-05T22:23:36,A13,0.428
U0241,67,impression,2026-04-05T22:19:19,A13,0.497
U0241,90,impression,2026-04-05T22:19:04,A13,0.05
U0241,99,impression,2026-03-07T19:29:50,A13,0.582
U0241,84,impression,2026-03-07T19:31:14,A13,0.098
U0241,69,impression,2026-03-07T19:31:13,A13,0.593
U0241,69,click,2026-03-07T19:31:22,A13,0.593
U0241,67,impression,2026-03-07T19:29:46,A13,0.475
U0241,108,impression,2026-03-07T19:31:57,A13,0.42
U0241,76,impression,2026-03-07T19:31:11,A13,0.071
U0241,26,impression,2026-03-07T19:29:46,A13,0.053
U0241,21,impression,2026-03-07T19:30:36,A13,0.063
U0241,96,impression,2026-03-07T19:28:48,A13,0.047
U0241,59,impression,2026-03-07T19:30:22,A13,0.661
U0241,59,click,2026-03-07T19:30:29,A13,0.661
U0241,80,impression,2026-03-07T19:29:12,A13,0.625
U0241,85,impression,2026-03-07T19:31:07,A13,0.746
U0241,75,impression,2026-03-07T19:29:35,A13,0.666
U0241,75,click,2026-03-07T19:30:03,A13,0.666
U0241,44,impression,2026-03-07T19:30:02,A13,0.087
U0241,60,impression,2026-03-07T19:31:17,A13,0.625
U0241,60,click,2026-03-07T19:31:39,A13,0.625
U0241,61,impression,2026-02-13T13:15:47,A13,0.469
U0241,43,impression,2026-02-13T13:14:48,A13,0.06
U0241,69,impression,2026-02-13T13:12:36,A13,0.645
U0241,80,impression,2026-02-13T13:13:17,A13,0.595
U0241,108,impression,2026-02-13T13:16:30,A13,0.456
U0241,85,impression,2026-02-13T13:16:33,A13,0.722
U0241,88,impression,2026-02-13T13:12:44,A13,0.102
U0241,59,impression,2026-02-13T13:15:36,A13,0.668
U0241,103,impression,2026-02-13T13:16:03,A13,0.071
U0241,93,impression,2026-02-13T13:13:22,A13,0.579
U0241,64,impression,2026-02-13T13:13:56,A13,0.098
U0241,99,impression,2026-02-13T13:14:27,A13,0.543
U0241,73,impression,2026-02-13T13:12:35,A13,0.601
U0241,73,click,2026-02-13T13:12:54,A13,0.601
U0241,24,impression,2026-02-13T13:15:08,A13,0.04
U0241,39,impression,2026-02-13T13:12:34,A13,0.056
U0241,32,impression,2026-02-11T16:49:36,A13,0.036
U0241,67,impression,2026-02-11T16:53:37,A13,0.524
U0241,66,impression,2026-02-11T16:50:57,A13,0.032
U0241,75,impression,2026-02-11T16:53:29,A13,0.654
U0241,75,click,2026-02-11T16:53:42,A13,0.654
U0241,108,impression,2026-02-11T16:53:58,A13,0.44
U0241,108,click,2026-02-11T16:54:10,A13,0.44
U0241,74,impression,2026-02-08T16:09:08,A13,0.642
U0241,64,impression,2026-02-08T16:12:06,A13,0.027
U0241,73,impression,2026-02-08T16:10:13,A13,0.584
U0241,32,impression,2026-02-08T16:12:38,A13,0.099
U0241,72,impression,2026-02-08T16:11:41,A13,0.734
U0241,88,impression,2026-02-08T16:12:03,A13,0.063
U0241,89,impression,2026-02-08T16:10:06,A13,0.002
U0241,69,impression,2026-02-08T16:10:44,A13,0.602
U0241,30,impression,2026-02-08T16:11:07,A13,0.08
U0241,59,impression,2026-02-08T16:09:52,A13,0.725
U0241,59,click,2026-02-08T16:10:08,A13,0.725
U0241,80,impression,2026-02-08T16:10:10,A13,0.59
U0241,108,impression,2026-04-12T11:50:33,A13,0.485
U0241,74,impression,2026-04-12T11:52:28,A13,0.65
U0241,98,impression,2026-04-12T11:51:48,A13,0.137
U0241,55,impression,2026-04-12T11:52:02,A13,0.067
U0241,60,impression,2026-04-12T11:49:47,A13,0.577
U0241,99,impression,2026-04-12T11:50:36,A13,0.518
U0241,37,impression,2026-04-12T11:50:17,A13,0.076
U0241,84,impression,2026-04-12T11:49:06,A13,0.159
U0241,67,impression,2026-03-09T22:45:34,A13,0.56
U0241,98,impression,2026-03-09T22:45:58,A13,0.117
U0241,73,impression,2026-03-09T22:49:55,A13,0.639
U0241,85,impression,2026-03-09T22:45:38,A13,0.696
U0241,99,impression,2026-03-09T22:47:19,A13,0.583
U0241,100,impression,2026-03-09T22:48:21,A13,0.046
U0241,93,impression,2026-03-09T22:48:52,A13,0.494
U0241,83,impression,2026-03-09T22:49:20,A13,0.041
U0241,80,impression,2026-03-09T22:46:12,A13,0.653
U0241,78,impression,2026-03-09T22:45:14,A13,0.035
U0241,61,impression,2026-03-09T22:48:05,A13,0.499
U0241,61,click,2026-03-09T22:48:25,A13,0.499
U0241,70,impression,2026-03-09T22:48:27,A13,0.189
U0241,68,impression,2026-03-09T22:45:30,A13,0.059
U0241,108,impression,2026-03-09T22:46:01,A13,0.455
U0242,50,impression,2026-03-16T22:59:32,A01,0.081
U0242,72,impression,2026-03-16T23:00:46,A01,0.654
U0242,87,impression,2026-03-16T22:56:02,A01,0.061
U0242,26,impression,2026-03-16T22:59:33,A01,0.491
U0242,92,impression,2026-03-16T22:58:56,A01,0.412
U0242,79,impression,2026-03-16T22:57:59,A01,0.475
U0242,75,impression,2026-03-16T22:56:24,A01,0.256
U0242,59,impression,2026-03-16T22:57:15,A01,0.615
U0242,67,impression,2026-03-16T22:59:46,A01,0.467
U0242,67,click,2026-03-16T23:00:08,A01,0.467
U0242,46,impression,2026-03-16T22:59:30,A01,0.62
U0242,46,click,2026-03-16T22:59:31,A01,0.62
U0242,56,impression,2026-03-16T22:57:28,A01,0.065
U0242,60,impression,2026-03-16T22:56:23,A01,0.589
U0242,44,impression,2026-03-16T22:58:09,A01,0.087
U0242,77,impression,2026-03-16T23:00:31,A01,0.44
U0242,76,impression,2026-03-16T22:59:32,A01,0.094
U0242,57,impression,2026-02-20T09:19:15,A01,0.544
U0242,57,click,2026-02-20T09:19:33,A01,0.544
U0242,108,impression,2026-02-20T09:20:56,A01,0.037
U0242,105,impression,2026-02-20T09:19:19,A01,0.088
U0242,105,click,2026-02-20T09:19:32,A01,0.088
U0242,81,impression,2026-02-20T09:17:04,A01,0.578
U0242,26,impression,2026-02-20T09:20:09,A01,0.503
U0242,26,click,2026-02-20T09:20:23,A01,0.503
U0242,46,impression,2026-02-20T09:19:14,A01,0.602
U0242,55,impression,2026-02-20T09:20:58,A01,0.066
U0242,41,impression,2026-02-20T09:17:18,A01,0.08
U0242,85,impression,2026-02-28T11:36:06,A01,0.669
U0242,85,click,2026-02-28T11:36:21,A01,0.669
U0242,76,impression,2026-02-28T11:36:24,A01,0.061
U0242,59,impression,2026-02-28T11:38:38,A01,0.628
U0242,84,impression,2026-02-28T11:38:28,A01,0.553
U0242,84,click,2026-02-28T11:38:45,A01,0.553
U0242,104,impression,2026-02-28T11:34:53,A01,0.085
U0242,46,impression,2026-02-28T11:37:28,A01,0.638
U0242,35,impression,2026-02-28T11:37:23,A01,0.06
U0242,96,impression,2026-02-28T11:38:26,A01,0.055
U0242,81,impression,2026-02-28T11:36:04,A01,0.644
U0242,70,impression,2026-02-28T11:38:25,A01,0.688
U0242,32,impression,2026-02-28T11:35:25,A01,0.1
U0242,62,impression,2026-02-28T11:37:48,A01,0.027
U0242,62,click,2026-02-28T11:38:01,A01,0.027
U0242,72,impression,2026-02-28T11:38:01,A01,0.628
U0242,77,impression,2026-02-28T11:34:16,A01,0.404
U0242,67,impression,2026-02-28T11:35:32,A01,0.411
U0242,25,impression,2026-04-06T15:00:12,A01,0.477
U0242,55,impression,2026-04-06T15:01:18,A01,0.088
U0242,97,impression,2026-04-06T14:58:09,A01,0.424
U0242,97,click,2026-04-06T14:58:39,A01,0.424
U0242,79,impression,2026-04-06T14:58:37,A01,0.417
U0242,44,impression,2026-04-06T14:58:46,A01,0.069
U0242,58,impression,2026-02-24T17:42:25,A01,0.419
U0242,58,click,2026-02-24T17:42:48,A01,0.419
U0242,27,impression,2026-02-24T17:44:30,A01,0.457
U0242,27,click,2026-02-24T17:44:40,A01,0.457
U0242,79,impression,2026-02-24T17:45:41,A01,0.505
U0242,47,impression,2026-02-24T17:42:58,A01,0.1
U0242,84,impression,2026-02-24T17:45:02,A01,0.562
U0242,54,impression,2026-02-24T17:45:26,A01,0.011
U0242,85,impression,2026-02-24T17:42:14,A01,0.602
U0242,77,impression,2026-02-24T17:41:24,A01,0.374
U0242,77,click,2026-02-24T17:41:47,A01,0.374
U0242,88,impression,2026-02-24T17:42:39,A01,-0.009
U0242,83,impression,2026-02-24T17:43:57,A01,0.035
U0242,103,impression,2026-02-24T17:44:04,A01,0.411
U0242,104,impression,2026-02-24T17:43:47,A01,0.01
U0242,98,impression,2026-02-24T17:43:44,A01,0.5
U0242,78,impression,2026-02-24T17:45:26,A01,0.011
U0242,60,impression,2026-02-24T17:42:20,A01,0.526
U0242,60,click,2026-02-24T17:42:43,A01,0.526
U0242,98,impression,2026-04-14T15:09:37,A01,0.556
U0242,98,click,2026-04-14T15:09:47,A01,0.556
U0242,107,impression,2026-04-14T15:11:16,A01,0.129
U0242,57,impression,2026-04-14T15:08:02,A01,0.555
U0242,95,impression,2026-04-14T15:12:25,A01,0.02
U0242,59,impression,2026-04-14T15:11:57,A01,0.641
U0242,71,impression,2026-04-14T15:11:38,A01,0.097
U0242,85,impression,2026-04-14T15:11:07,A01,0.629
U0242,85,click,2026-04-14T15:11:26,A01,0.629
U0242,90,impression,2026-02-12T11:18:34,A01,0.048
U0242,106,impression,2026-02-12T11:18:03,A01,0.086
U0242,84,impression,2026-02-12T11:21:24,A01,0.509
U0242,60,impression,2026-02-12T11:19:28,A01,0.497
U0242,98,impression,2026-02-12T11:17:52,A01,0.514
U0242,98,click,2026-02-12T11:18:02,A01,0.514
U0243,96,impression,2026-03-21T09:38:42,A08,0.461
U0243,96,click,2026-03-21T09:39:03,A08,0.461
U0243,96,save,2026-03-21T09:39:03,A08,0.461
U0243,41,impression,2026-03-21T09:40:40,A08,0.077
U0243,43,impression,2026-03-21T09:38:04,A08,0.105
U0243,105,impression,2026-03-21T09:39:03,A08,0.662
U0243,56,impression,2026-03-21T09:41:40,A08,0.454
U0243,106,impression,2026-03-21T09:39:01,A08,0.019
U0243,90,impression,2026-03-21T09:40:42,A08,0.66
U0243,53,impression,2026-03-21T09:38:14,A08,0.506
U0243,70,impression,2026-03-21T09:37:57,A08,0.093
U0243,86,impression,2026-03-21T09:39:10,A08,0.06
U0243,109,impression,2026-03-21T09:40:57,A08,0.482
U0243,79,impression,2026-03-03T17:04:22,A08,0.098
U0243,96,impression,2026-03-03T17:05:35,A08,0.422
U0243,96,click,2026-03-03T17:06:04,A08,0.422
U0243,53,impression,2026-03-03T17:07:00,A08,0.499
U0243,95,impression,2026-03-03T17:03:42,A08,0.592
U0243,31,impression,2026-03-03T17:02:15,A08,-0.005
U0243,103,impression,2026-03-03T17:05:49,A08,0.076
U0243,83,impression,2026-03-03T17:02:37,A08,0.541
U0243,83,click,2026-03-03T17:02:47,A08,0.541
U0243,53,impression,2026-02-06T18:29:01,A08,0.584
U0243,49,impression,2026-02-06T18:29:43,A08,0.054
U0243,100,impression,2026-02-06T18:28:52,A08,0.524
U0243,100,click,2026-02-06T18:29:22,A08,0.524
U0243,84,impression,2026-02-06T18:27:18,A08,0.048
U0243,55,impression,2026-02-06T18:31:10,A08,0.679
U0243,109,impression,2026-02-06T18:27:42,A08,0.445
U0243,74,impression,2026-02-06T18:31:47,A08,0.064
U0243,76,impression,2026-02-06T18:28:34,A08,0.099
U0243,95,impression,2026-02-06T18:28:21,A08,0.575
U0243,105,impression,2026-02-06T18:31:18,A08,0.587
U0243,56,impression,2026-02-06T18:27:19,A08,0.434
U0243,82,impression,2026-02-06T18:29:17,A08,0.03
U0243,106,impression,2026-03-30T19:28:57,A08,0.095
U0243,56,impression,2026-03-30T19:25:42,A08,0.49
U0243,105,impression,2026-03-30T19:28:12,A08,0.585
U0243,96,impression,2026-03-30T19:29:07,A08,0.471
U0243,93,impression,2026-03-30T19:26:45,A08,0.073
U0243,69,impression,2026-03-30T19:25:36,A08,0.022
U0243,53,impression,2026-03-30T19:28:57,A08,0.522
U0243,53,click,2026-03-30T19:29:15,A08,0.522
U0243,39,impression,2026-03-30T19:29:30,A08,0.041
U0243,83,impression,2026-03-30T19:25:25,A08,0.501
U0243,83,click,2026-03-30T19:25:47,A08,0.501
U0243,92,impression,2026-03-30T19:26:23,A08,0.032
U0243,100,impression,2026-03-30T19:25:52,A08,0.545
U0244,43,impression,2026-03-15T12:52:25,A11,0.51
U0244,43,click,2026-03-15T12:52:41,A11,0.51
U0244,33,impression,2026-03-15T12:55:53,A11,0.508
U0244,42,impression,2026-03-15T12:54:15,A11,0.477
U0244,74,impression,2026-03-15T12:53:44,A11,0.107
U0244,74,click,2026-03-15T12:53:58,A11,0.107
U0244,31,impression,2026-03-15T12:53:56,A11,0.389
U0244,39,impression,2026-03-15T12:54:24,A11,0.663
U0244,76,impression,2026-03-15T12:51:14,A11,0.418
U0244,44,impression,2026-03-15T12:55:42,A11,0.446
U0244,44,click,2026-03-15T12:56:10,A11,0.446
U0244,69,impression,2026-03-15T12:51:26,A11,0.106
U0244,109,impression,2026-03-15T12:54:02,A11,0.075
U0244,83,impression,2026-03-15T12:55:07,A11,0.078
U0244,100,impression,2026-03-15T12:51:53,A11,0.09
U0244,64,impression,2026-03-15T12:51:20,A11,0.054
U0244,98,impression,2026-03-07T20:50:15,A11,0.011
U0244,87,impression,2026-03-07T20:46:33,A11,0.41
U0244,22,impression,2026-03-07T20:47:41,A11,0.491
U0244,51,impression,2026-03-07T20:46:56,A11,0.479
U0244,109,impression,2026-03-07T20:50:38,A11,0.019
U0244,23,impression,2026-03-07T20:50:06,A11,0.437
U0244,23,click,2026-03-07T20:50:17,A11,0.437
U0244,67,impression,2026-03-07T20:46:10,A11,0.047
U0244,66,impression,2026-03-07T20:49:50,A11,0.043
U0244,24,impression,2026-04-04T09:57:29,A11,0.501
U0244,46,impression,2026-04-04T09:59:14,A11,0.178
U0244,45,impression,2026-04-04T09:59:57,A11,0.423
U0244,43,impression,2026-04-04T09:58:43,A11,0.498
U0244,104,impression,2026-04-04T09:58:27,A11,0.036
U0244,21,impression,2026-04-04T09:57:42,A11,0.431
U0244,75,impression,2026-04-04T09:58:41,A11,0.078
U0244,38,impression,2026-02-19T14:35:47,A11,0.494
U0244,22,impression,2026-02-19T14:32:06,A11,0.482
U0244,84,impression,2026-02-19T14:36:09,A11,0.494
U0244,102,impression,2026-02-19T14:36:30,A11,0.448
U0244,25,impression,2026-02-19T14:33:41,A11,0.426
U0244,89,impression,2026-02-19T14:34:04,A11,0.04
U0244,35,impression,2026-02-19T14:36:22,A11,0.488
U0244,36,impression,2026-02-19T14:32:35,A11,0.456
U0244,46,impression,2026-02-19T14:32:23,A11,0.136
U0244,68,impression,2026-02-19T14:35:24,A11,0.084
U0244,49,impression,2026-02-19T14:33:48,A11,0.43
U0244,103,impression,2026-02-19T14:32:12,A11,0.109
U0244,31,impression,2026-02-19T14:33:52,A11,0.411
U0244,96,impression,2026-02-19T14:35:11,A11,0.082
U0244,81,impression,2026-02-19T14:32:57,A11,0.079
U0244,33,impression,2026-04-03T17:51:25,A11,0.582
U0244,69,impression,2026-04-03T17:51:50,A11,0.071
U0244,74,impression,2026-04-03T17:48:13,A11,0.062
U0244,50,impression,2026-04-03T17:48:07,A11,0.47
U0244,50,click,2026-04-03T17:48:30,A11,0.47
U0244,52,impression,2026-04-03T17:48:01,A11,0.5
U0244,45,impression,2026-04-03T17:50:15,A11,0.467
U0244,46,impression,2026-04-03T17:52:54,A11,0.142
U0244,67,impression,2026-04-03T17:52:45,A11,0.022
U0244,38,impression,2026-04-03T17:51:14,A11,0.446
U0245,103,impression,2026-04-09T19:05:25,A08,0.098
U0245,53,impression,2026-04-09T19:07:49,A08,0.582
U0245,65,impression,2026-04-09T19:06:06,A08,-0.021
U0245,83,impression,2026-04-09T19:09:57,A08,0.558
U0245,54,impression,2026-04-09T19:06:33,A08,0.46
U0245,54,click,2026-04-09T19:06:34,A08,0.46
U0245,95,impression,2026-04-09T19:06:28,A08,0.575
U0245,44,impression,2026-04-09T19:06:48,A08,0.049
U0245,45,impression,2026-04-09T19:05:03,A08,0.109
U0245,109,impression,2026-04-09T19:05:59,A08,0.426
U0245,64,impression,2026-04-09T19:07:24,A08,0.063
U0245,105,impression,2026-04-09T19:07:05,A08,0.619
U0245,105,click,2026-04-09T19:07:13,A08,0.619
U0245,56,impression,2026-04-09T19:09:09,A08,0.423
U0245,90,impression,2026-02-02T09:49:38,A08,0.576
U0245,90,click,2026-02-02T09:50:05,A08,0.576
U0245,100,impression,2026-02-02T09:51:47,A08,0.549
U0245,60,impression,2026-02-02T09:48:22,A08,0.066
U0245,54,impression,2026-02-02T09:48:43,A08,0.447
U0245,84,impression,2026-02-02T09:51:23,A08,0.056
U0245,102,impression,2026-02-02T09:48:35,A08,0.036
U0245,91,impression,2026-02-02T09:51:34,A08,-0.007
U0245,96,impression,2026-02-02T09:51:19,A08,0.463
U0245,56,impression,2026-02-02T09:51:16,A08,0.477
U0245,56,click,2026-02-02T09:51:38,A08,0.477
U0245,109,impression,2026-02-02T09:47:26,A08,0.417
U0245,109,click,2026-02-02T09:47:36,A08,0.417
U0245,103,impression,2026-02-02T09:50:04,A08,0.103
U0245,76,impression,2026-02-02T09:50:08,A08,0.096
U0245,55,impression,2026-02-02T09:49:13,A08,0.736
U0245,95,impression,2026-02-02T09:47:16,A08,0.618
U0245,95,click,2026-02-02T09:47:43,A08,0.618
U0245,100,impression,2026-04-01T09:18:41,A08,0.559
U0245,54,impression,2026-04-01T09:17:50,A08,0.506
U0245,90,impression,2026-04-01T09:19:11,A08,0.582
U0245,79,impression,2026-04-01T09:16:57,A08,0.023
U0245,96,impression,2026-04-01T09:15:43,A08,0.444
U0245,101,impression,2026-04-01T09:17:23,A08,0.023
U0245,40,impression,2026-04-01T09:18:53,A08,0.065
U0245,31,impression,2026-04-01T09:18:59,A08,0.048
U0245,26,impression,2026-04-01T09:17:15,A08,0.045
U0245,95,impression,2026-04-01T09:18:13,A08,0.662
U0245,95,click,2026-04-01T09:18:21,A08,0.662
U0245,83,impression,2026-04-01T09:19:16,A08,0.532
U0245,53,impression,2026-04-01T09:15:01,A08,0.519
U0245,22,impression,2026-04-01T09:17:37,A08,0.08
U0245,22,click,2026-04-01T09:18:01,A08,0.08
U0245,55,impression,2026-04-01T09:19:19,A08,0.653
U0245,95,impression,2026-02-07T09:48:39,A08,0.624
U0245,53,impression,2026-02-07T09:48:48,A08,0.584
U0245,53,click,2026-02-07T09:49:11,A08,0.584
U0245,53,save,2026-02-07T09:49:11,A08,0.584
U0245,109,impression,2026-02-07T09:47:13,A08,0.482
U0245,41,impression,2026-02-07T09:46:30,A08,0.109
U0245,83,impression,2026-02-07T09:48:07,A08,0.552
U0245,55,impression,2026-02-07T09:47:01,A08,0.668
U0245,100,impression,2026-02-07T09:48:40,A08,0.506
U0245,94,impression,2026-02-07T09:50:45,A08,0.079
U0245,54,impression,2026-02-07T09:47:13,A08,0.454
U0245,54,click,2026-02-07T09:47:42,A08,0.454
U0245,47,impression,2026-02-07T09:49:52,A08,0.042
U0245,77,impression,2026-02-07T09:48:28,A08,0.072
U0245,72,impression,2026-02-07T09:47:54,A08,0.066
U0245,95,impression,2026-04-02T22:44:17,A08,0.586
U0245,84,impression,2026-04-02T22:44:33,A08,0.021
U0245,105,impression,2026-04-02T22:42:53,A08,0.666
U0245,39,impression,2026-04-02T22:44:20,A08,0.015
U0245,98,impression,2026-04-02T22:42:30,A08,0.08
U0245,90,impression,2026-04-02T22:41:14,A08,0.624
U0245,97,impression,2026-04-02T22:46:00,A08,0.073
U0245,53,impression,2026-04-02T22:44:29,A08,0.522
U0245,53,click,2026-04-02T22:44:57,A08,0.522
U0245,63,impression,2026-04-02T22:42:13,A08,0.102
U0245,55,impression,2026-04-02T22:41:55,A08,0.71
U0245,56,impression,2026-04-02T22:41:37,A08,0.434
U0245,37,impression,2026-04-02T22:43:18,A08,0.078
U0245,96,impression,2026-04-02T22:45:26,A08,0.491
U0245,96,click,2026-04-02T22:45:54,A08,0.491
U0245,83,impression,2026-04-02T22:42:00,A08,0.524
U0245,83,click,2026-04-02T22:42:10,A08,0.524
U0245,100,impression,2026-04-02T22:41:28,A08,0.525
U0246,69,impression,2026-04-17T11:03:09,A10,0.045
U0246,31,impression,2026-04-17T11:05:48,A10,0.422
U0246,51,impression,2026-04-17T11:02:38,A10,0.483
U0246,30,impression,2026-04-17T11:05:22,A10,0.493
U0246,92,impression,2026-04-17T11:02:54,A10,0.033
U0246,107,impression,2026-04-17T11:02:23,A10,0.574
U0246,107,click,2026-04-17T11:02:51,A10,0.574
U0246,99,impression,2026-04-17T11:02:35,A10,0.033
U0246,43,impression,2026-04-17T11:05:54,A10,0.585
U0246,96,impression,2026-04-17T11:03:17,A10,0.081
U0246,39,impression,2026-04-17T11:02:53,A10,0.485
U0246,57,impression,2026-02-05T14:10:46,A10,0.03
U0246,60,impression,2026-02-05T14:14:10,A10,0.022
U0246,21,impression,2026-02-05T14:13:33,A10,0.508
U0246,81,impression,2026-02-05T14:13:25,A10,0.02
U0246,22,impression,2026-02-05T14:13:28,A10,0.419
U0246,53,impression,2026-02-05T14:13:24,A10,0.626
U0246,53,click,2026-02-05T14:13:46,A10,0.626
U0246,48,impression,2026-02-05T14:12:25,A10,0.555
U0246,33,impression,2026-02-05T14:13:18,A10,0.448
U0246,33,click,2026-02-05T14:13:42,A10,0.448
U0246,26,impression,2026-02-05T14:11:56,A10,0.142
U0246,106,impression,2026-04-04T22:23:30,A10,0.458
U0246,87,impression,2026-04-04T22:23:52,A10,0.465
U0246,77,impression,2026-04-04T22:19:10,A10,0.092
U0246,105,impression,2026-04-04T22:19:45,A10,0.068
U0246,105,click,2026-04-04T22:19:47,A10,0.068
U0246,72,impression,2026-04-04T22:19:59,A10,0.057
U0246,37,impression,2026-04-04T22:21:51,A10,0.507
U0246,104,impression,2026-04-04T22:22:56,A10,0.506
U0246,39,impression,2026-04-04T22:22:39,A10,0.415
U0246,31,impression,2026-04-04T22:20:47,A10,0.465
U0246,64,impression,2026-04-04T22:21:43,A10,0.08
U0246,62,impression,2026-04-04T22:19:44,A10,0.053
U0246,68,impression,2026-04-04T22:23:59,A10,0.011
U0246,95,impression,2026-04-04T22:19:22,A10,0.529
U0246,102,impression,2026-04-04T22:22:32,A10,0.425
U0246,101,impression,2026-04-04T13:02:30,A10,0.435
U0246,94,impression,2026-04-04T13:02:51,A10,0.448
U0246,47,impression,2026-04-04T13:06:22,A10,0.472
U0246,68,impression,2026-04-04T13:03:46,A10,0.038
U0246,88,impression,2026-04-04T13:02:27,A10,-0.036
U0246,49,impression,2026-04-04T13:02:01,A10,0.432
U0246,65,impression,2026-04-04T13:05:00,A10,0.02
U0246,58,impression,2026-04-04T13:03:03,A10,0.088
U0246,82,impression,2026-04-04T13:06:23,A10,0.477
U0246,33,impression,2026-04-04T13:05:42,A10,0.457
U0246,85,impression,2026-04-04T13:04:03,A10,0.058
U0246,46,impression,2026-04-04T13:03:14,A10,0.108
U0246,43,impression,2026-04-04T13:03:33,A10,0.496
U0246,43,click,2026-04-04T13:03:53,A10,0.496
U0246,102,impression,2026-04-09T18:09:52,A10,0.471
U0246,52,impression,2026-04-09T18:10:11,A10,0.502
U0246,84,impression,2026-04-09T18:11:35,A10,0.07
U0246,25,impression,2026-04-09T18:11:38,A10,0.086
U0246,25,click,2026-04-09T18:12:07,A10,0.086
U0246,50,impression,2026-04-09T18:09:15,A10,0.582
U0246,90,impression,2026-04-09T18:09:24,A10,0.031
U0246,49,impression,2026-03-20T12:33:09,A10,0.46
U0246,35,impression,2026-03-20T12:32:58,A10,0.487
U0246,96,impression,2026-03-20T12:33:01,A10,0.088
U0246,23,impression,2026-03-20T12:33:22,A10,0.495
U0246,86,impression,2026-03-20T12:33:17,A10,0.732
U0246,86,click,2026-03-20T12:33:33,A10,0.732
U0246,86,save,2026-03-20T12:33:33,A10,0.732
U0246,70,impression,2026-03-20T12:32:37,A10,0.049
U0246,97,impression,2026-03-20T12:32:38,A10,0.152
U0246,58,impression,2026-03-20T12:32:12,A10,0.064
U0246,91,impression,2026-03-20T12:34:00,A10,0.396
U0246,48,impression,2026-03-20T12:32:25,A10,0.587
U0246,63,impression,2026-02-03T15:51:36,A10,0.098
U0246,63,click,2026-02-03T15:51:48,A10,0.098
U0246,24,impression,2026-02-03T15:47:03,A10,0.186
U0246,24,click,2026-02-03T15:47:15,A10,0.186
U0246,91,impression,2026-02-03T15:49:34,A10,0.432
U0246,85,impression,2026-02-03T15:51:44,A10,0.042
U0246,50,impression,2026-02-03T15:49:48,A10,0.508
U0246,104,impression,2026-02-03T15:47:32,A10,0.518
U0246,62,impression,2026-03-29T17:20:58,A10,0.07
U0246,52,impression,2026-03-29T17:21:13,A10,0.447
U0246,22,impression,2026-03-29T17:20:37,A10,0.451
U0246,82,impression,2026-03-29T17:21:13,A10,0.453
U0246,85,impression,2026-03-29T17:23:53,A10,0.028
U0246,61,impression,2026-03-29T17:19:03,A10,0.012
U0246,33,impression,2026-03-29T17:23:53,A10,0.503
U0246,109,impression,2026-03-29T17:23:46,A10,0.163
U0247,67,impression,2026-04-07T20:19:19,A03,-0.004
U0247,38,impression,2026-04-07T20:20:50,A03,0.486
U0247,38,click,2026-04-07T20:21:15,A03,0.486
U0247,51,impression,2026-04-07T20:22:16,A03,0.483
U0247,51,click,2026-04-07T20:22:18,A03,0.483
U0247,62,impression,2026-04-07T20:20:57,A03,0.065
U0247,47,impression,2026-04-07T20:18:20,A03,0.558
U0247,44,impression,2026-04-07T20:18:16,A03,0.512
U0247,44,click,2026-04-07T20:18:22,A03,0.512
U0247,99,impression,2026-04-07T20:21:56,A03,0.095
U0247,99,click,2026-04-07T20:22:21,A03,0.095
U0247,80,impression,2026-04-07T20:20:12,A03,0.018
U0248,67,impression,2026-03-08T21:14:52,A07,0.401
U0248,71,impression,2026-03-08T21:16:24,A07,0.117
U0248,71,click,2026-03-08T21:16:36,A07,0.117
U0248,75,impression,2026-03-08T21:14:20,A07,0.716
U0248,74,impression,2026-03-08T21:18:00,A07,0.687
U0248,103,impression,2026-03-08T21:15:01,A07,0.037
U0248,75,impression,2026-03-13T12:54:07,A07,0.697
U0248,60,impression,2026-03-13T12:54:37,A07,0.537
U0248,54,impression,2026-03-13T12:54:32,A07,0.019
U0248,69,impression,2026-03-13T12:54:33,A07,0.625
U0248,72,impression,2026-03-13T12:51:16,A07,0.492
U0248,80,impression,2026-03-13T12:52:25,A07,0.544
U0248,98,impression,2026-03-13T12:50:31,A07,0.067
U0248,103,impression,2026-03-13T12:52:44,A07,0.027
U0248,61,impression,2026-03-13T12:51:18,A07,0.616
U0248,92,impression,2026-03-13T12:50:56,A07,0.056
U0248,59,impression,2026-03-13T12:51:20,A07,0.492
U0248,74,impression,2026-03-13T12:51:58,A07,0.653
U0248,101,impression,2026-03-13T12:52:57,A07,0.093
U0248,30,impression,2026-03-13T12:53:07,A07,0.096
U0248,69,impression,2026-02-26T19:46:14,A07,0.632
U0248,81,impression,2026-02-26T19:43:36,A07,0.157
U0248,81,click,2026-02-26T19:43:59,A07,0.157
U0248,63,impression,2026-02-26T19:45:27,A07,0.645
U0248,30,impression,2026-02-26T19:43:53,A07,0.036
U0248,62,impression,2026-02-26T19:44:45,A07,0.567
U0248,62,click,2026-02-26T19:45:11,A07,0.567
U0248,96,impression,2026-02-26T19:46:20,A07,0.089
U0248,85,impression,2026-02-26T19:44:27,A07,0.497
U0248,59,impression,2026-02-26T19:43:40,A07,0.576
U0248,109,impression,2026-02-26T19:47:06,A07,0.018
U0248,40,impression,2026-04-07T20:32:48,A07,0.03
U0248,63,impression,2026-04-07T20:28:08,A07,0.592
U0248,88,impression,2026-04-07T20:32:08,A07,0.579
U0248,88,click,2026-04-07T20:32:32,A07,0.579
U0248,88,cart_add,2026-04-07T20:33:04,A07,0.579
U0248,75,impression,2026-04-07T20:31:14,A07,0.686
U0248,71,impression,2026-04-07T20:29:45,A07,0.103
U0248,87,impression,2026-04-07T20:32:45,A07,0.044
U0248,99,impression,2026-04-07T20:28:48,A07,0.657
U0248,99,click,2026-04-07T20:29:16,A07,0.657
U0248,72,impression,2026-04-07T20:28:43,A07,0.506
U0248,26,impression,2026-04-07T20:31:49,A07,0.07
U0248,59,impression,2026-04-07T20:29:19,A07,0.501
U0248,46,impression,2026-04-07T20:30:17,A07,0.153
U0248,108,impression,2026-04-07T20:31:30,A07,0.53
U0248,108,click,2026-04-07T20:31:46,A07,0.53
U0248,108,save,2026-04-07T20:31:46,A07,0.53
U0248,32,impression,2026-04-07T20:30:24,A07,0.093
U0248,80,impression,2026-04-07T20:29:55,A07,0.542
U0248,80,click,2026-04-07T20:30:18,A07,0.542
U0248,80,save,2026-04-07T20:30:18,A07,0.542
U0248,58,impression,2026-03-31T19:20:41,A07,0.015
U0248,74,impression,2026-03-31T19:22:13,A07,0.724
U0248,62,impression,2026-03-31T19:21:22,A07,0.54
U0248,62,click,2026-03-31T19:21:28,A07,0.54
U0248,72,impression,2026-03-31T19:19:37,A07,0.579
U0248,72,click,2026-03-31T19:19:59,A07,0.579
U0248,79,impression,2026-03-31T19:18:25,A07,0.012
U0248,88,impression,2026-03-31T19:19:35,A07,0.592
U0248,35,impression,2026-03-31T19:19:49,A07,0.011
U0248,83,impression,2026-03-31T19:20:24,A07,0.108
U0248,93,impression,2026-02-21T17:11:28,A07,0.581
U0248,51,impression,2026-02-21T17:09:43,A07,0.011
U0248,70,impression,2026-02-21T17:08:05,A07,0.094
U0248,95,impression,2026-02-21T17:07:33,A07,0.096
U0248,73,impression,2026-02-21T17:12:00,A07,0.738
U0248,42,impression,2026-02-21T17:09:32,A07,0.092
U0248,67,impression,2026-02-21T17:10:28,A07,0.459
U0248,108,impression,2026-02-21T17:11:11,A07,0.551
U0248,108,click,2026-02-21T17:11:12,A07,0.551
U0249,103,impression,2026-02-10T14:26:14,A01,0.44
U0249,72,impression,2026-02-10T14:23:15,A01,0.653
U0249,72,click,2026-02-10T14:23:36,A01,0.653
U0249,74,impression,2026-02-10T14:25:26,A01,0.25
U0249,74,click,2026-02-10T14:25:54,A01,0.25
U0249,108,impression,2026-02-10T14:25:47,A01,0.097
U0249,87,impression,2026-02-10T14:25:44,A01,0.049
U0249,40,impression,2026-02-10T14:26:43,A01,0.087
U0249,60,impression,2026-02-10T14:25:32,A01,0.491
U0249,60,click,2026-02-10T14:25:34,A01,0.491
U0249,60,cart_add,2026-02-10T14:25:51,A01,0.491
U0249,27,impression,2026-02-10T14:25:57,A01,0.437
U0249,46,impression,2026-02-10T14:23:35,A01,0.645
U0249,46,click,2026-02-10T14:24:04,A01,0.645
U0249,80,impression,2026-02-10T14:23:20,A01,0.57
U0249,39,impression,2026-03-08T13:53:16,A01,0.183
U0249,39,click,2026-03-08T13:53:40,A01,0.183
U0249,79,impression,2026-03-08T13:50:38,A01,0.426
U0249,67,impression,2026-03-08T13:50:49,A01,0.458
U0249,98,impression,2026-03-08T13:49:54,A01,0.491
U0249,24,impression,2026-03-08T13:51:03,A01,0.429
U0249,24,click,2026-03-08T13:51:08,A01,0.429
U0249,77,impression,2026-03-08T13:49:17,A01,0.384
U0249,68,impression,2026-03-08T13:50:48,A01,0.42
U0249,76,impression,2026-03-08T13:53:21,A01,0.043
U0249,89,impression,2026-03-08T13:53:07,A01,0.056
U0249,62,impression,2026-03-08T13:52:30,A01,0.061
U0249,97,impression,2026-02-04T12:46:43,A01,0.478
U0249,97,click,2026-02-04T12:46:55,A01,0.478
U0249,25,impression,2026-02-04T12:48:31,A01,0.446
U0249,61,impression,2026-02-04T12:49:17,A01,0.183
U0249,39,impression,2026-02-04T12:46:07,A01,0.126
U0249,60,impression,2026-02-04T12:45:49,A01,0.585
U0249,27,impression,2026-02-04T12:49:17,A01,0.486
U0249,27,click,2026-02-04T12:49:19,A01,0.486
U0249,58,impression,2026-02-04T12:49:57,A01,0.462
U0249,55,impression,2026-02-04T12:48:23,A01,0.037
U0249,92,impression,2026-02-04T12:45:03,A01,0.503
U0249,63,impression,2026-02-04T12:49:12,A01,0.039
U0249,57,impression,2026-02-10T14:57:25,A01,0.53
U0249,94,impression,2026-02-10T14:56:44,A01,0.073
U0249,21,impression,2026-02-10T14:54:19,A01,0.054
U0249,74,impression,2026-02-10T14:55:24,A01,0.215
U0249,85,impression,2026-02-10T14:53:55,A01,0.596
U0249,59,impression,2026-02-10T14:56:50,A01,0.608
U0249,59,click,2026-02-10T14:57:19,A01,0.608
U0249,26,impression,2026-02-10T14:55:51,A01,0.499
U0249,81,impression,2026-02-10T14:57:30,A01,0.632
U0249,81,click,2026-02-10T14:57:48,A01,0.632
U0249,81,save,2026-02-10T14:57:48,A01,0.632
U0249,80,impression,2026-02-10T14:53:59,A01,0.544
U0249,71,impression,2026-02-10T14:53:48,A01,0.011
U0249,72,impression,2026-02-10T14:56:07,A01,0.632
U0249,31,impression,2026-02-10T14:55:20,A01,0.007
U0249,104,impression,2026-02-10T14:55:46,A01,0.103
U0249,97,impression,2026-02-10T14:56:48,A01,0.436
U0249,97,click,2026-02-10T14:57:12,A01,0.436
U0249,92,impression,2026-02-10T14:53:42,A01,0.503
U0249,92,click,2026-02-10T14:53:44,A01,0.503
U0249,69,impression,2026-03-20T11:33:10,A01,0.086
U0249,55,impression,2026-03-20T11:32:07,A01,0.067
U0249,50,impression,2026-03-20T11:34:50,A01,0.032
U0249,70,impression,2026-03-20T11:31:17,A01,0.715
U0249,35,impression,2026-03-20T11:32:51,A01,0.022
U0249,60,impression,2026-03-20T11:31:42,A01,0.551
U0249,68,impression,2026-03-20T11:32:14,A01,0.428
U0249,68,click,2026-03-20T11:32:38,A01,0.428
U0249,77,impression,2026-03-20T11:33:10,A01,0.39
U0249,25,impression,2026-03-20T11:31:43,A01,0.44
U0249,25,click,2026-03-20T11:32:13,A01,0.44
U0249,49,impression,2026-03-10T11:14:34,A01,0.095
U0249,55,impression,2026-03-10T11:13:09,A01,0.093
U0249,107,impression,2026-03-10T11:11:14,A01,0.185
U0249,68,impression,2026-03-10T11:12:16,A01,0.454
U0249,84,impression,2026-03-10T11:10:54,A01,0.586
U0249,27,impression,2026-03-10T11:14:05,A01,0.419
U0249,81,impression,2026-03-10T11:12:40,A01,0.632
U0249,81,click,2026-03-10T11:12:56,A01,0.632
U0249,38,impression,2026-03-10T11:12:09,A01,0.102
U0250,76,impression,2026-04-12T14:07:55,A12,0.461
U0250,98,impression,2026-04-12T14:11:10,A12,0.185
U0250,98,click,2026-04-12T14:11:11,A12,0.185
U0250,44,impression,2026-04-12T14:11:00,A12,0.464
U0250,44,click,2026-04-12T14:11:10,A12,0.464
U0250,49,impression,2026-04-12T14:10:57,A12,0.422
U0250,82,impression,2026-04-12T14:11:15,A12,0.423
U0250,73,impression,2026-04-12T14:11:07,A12,0.067
U0250,99,impression,2026-04-12T14:07:40,A12,0.016
U0250,101,impression,2026-04-12T14:08:03,A12,0.433
U0250,77,impression,2026-04-12T14:11:23,A12,0.013
U0250,36,impression,2026-04-12T14:10:51,A12,0.502
U0250,90,impression,2026-04-12T14:11:13,A12,0.068
U0250,57,impression,2026-04-12T14:09:11,A12,0.097
U0250,31,impression,2026-04-12T14:07:26,A12,0.42
U0250,50,impression,2026-04-12T14:11:41,A12,0.465
U0250,47,impression,2026-04-09T17:42:28,A12,0.442
U0250,49,impression,2026-04-09T17:45:12,A12,0.498
U0250,27,impression,2026-04-09T17:44:47,A12,0.042
U0250,45,impression,2026-04-09T17:41:55,A12,0.434
U0250,44,impression,2026-04-09T17:43:18,A12,0.427
U0250,44,click,2026-04-09T17:43:33,A12,0.427
U0250,100,impression,2026-04-09T17:41:45,A12,0.101
U0250,35,impression,2026-04-09T17:45:35,A12,0.448
U0250,65,impression,2026-04-09T17:45:24,A12,0.015
U0250,92,impression,2026-04-09T17:44:20,A12,0.095
U0250,21,impression,2026-03-14T17:44:34,A12,0.431
U0250,82,impression,2026-03-14T17:47:02,A12,0.462
U0250,82,click,2026-03-14T17:47:03,A12,0.462
U0250,31,impression,2026-03-14T17:46:21,A12,0.46
U0250,31,click,2026-03-14T17:46:51,A12,0.46
U0250,95,impression,2026-03-14T17:46:26,A12,0.063
U0250,81,impression,2026-03-14T17:43:33,A12,0.003
U0250,101,impression,2026-03-14T17:47:40,A12,0.411
U0250,36,impression,2026-03-14T17:47:16,A12,0.504
U0250,71,impression,2026-03-14T17:43:58,A12,0.025
U0250,106,impression,2026-03-14T17:46:59,A12,0.648
U0250,106,click,2026-03-14T17:47:05,A12,0.648
U0250,106,save,2026-03-14T17:47:05,A12,0.648
U0250,72,impression,2026-03-14T17:47:01,A12,0.104
U0250,97,impression,2026-02-25T13:01:36,A12,0.088
U0250,97,click,2026-02-25T13:02:04,A12,0.088
U0250,95,impression,2026-02-25T12:58:21,A12,0.094
U0250,23,impression,2026-02-25T12:59:09,A12,0.496
U0250,82,impression,2026-02-25T12:59:00,A12,0.47
U0250,33,impression,2026-02-25T13:01:24,A12,0.431
U0250,22,impression,2026-02-25T12:59:27,A12,0.416
U0250,55,impression,2026-02-25T13:01:27,A12,0.017
U0250,93,impression,2026-03-13T14:24:57,A12,0.062
U0250,30,impression,2026-03-13T14:22:53,A12,0.434
U0250,42,impression,2026-03-13T14:23:41,A12,0.455
U0250,68,impression,2026-03-13T14:21:38,A12,0.081
U0250,105,impression,2026-03-13T14:22:18,A12,0.098
U0250,39,impression,2026-03-13T14:20:11,A12,0.489
U0250,95,impression,2026-03-13T14:23:51,A12,0.096
U0250,55,impression,2026-03-13T14:23:51,A12,0.025
U0250,86,impression,2026-03-13T14:21:11,A12,0.412
U0250,47,impression,2026-03-13T14:20:37,A12,0.456
U0250,33,impression,2026-03-13T14:22:25,A12,0.509
U0250,103,impression,2026-03-05T09:35:46,A12,0.063
U0250,83,impression,2026-03-05T09:35:43,A12,0.066
U0250,42,impression,2026-03-05T09:33:41,A12,0.483
U0250,57,impression,2026-03-05T09:36:06,A12,0.021
U0250,106,impression,2026-03-05T09:36:36,A12,0.601
U0250,106,click,2026-03-05T09:36:44,A12,0.601
U0250,69,impression,2026-03-05T09:37:51,A12,0.084
U0250,77,impression,2026-03-05T09:36:44,A12,-0.02
U0250,43,impression,2026-03-05T09:33:23,A12,0.501
U0250,43,click,2026-03-05T09:33:38,A12,0.501
U0250,43,save,2026-03-05T09:33:38,A12,0.501
U0250,33,impression,2026-03-05T09:35:48,A12,0.474
U0250,94,impression,2026-03-05T09:36:59,A12,0.581
U0250,94,click,2026-03-05T09:37:03,A12,0.581
U0250,30,impression,2026-03-05T09:37:27,A12,0.433
U0250,86,impression,2026-03-05T09:35:53,A12,0.479
U0251,49,impression,2026-02-28T15:20:13,A05,0.411
U0251,22,impression,2026-02-28T15:18:06,A05,0.416
U0251,83,impression,2026-02-28T15:18:06,A05,0.013
U0251,56,impression,2026-02-28T15:16:24,A05,0.038
U0251,56,click,2026-02-28T15:16:40,A05,0.038
U0251,91,impression,2026-02-28T15:20:01,A05,0.451
U0251,30,impression,2026-02-28T15:18:59,A05,0.054
U0251,106,impression,2026-02-28T15:17:17,A05,0.437
U0251,54,impression,2026-02-28T15:20:55,A05,0.044
U0251,64,impression,2026-02-28T15:20:17,A05,0.675
U0251,42,impression,2026-02-28T15:19:28,A05,0.442
U0251,37,impression,2026-02-28T15:17:30,A05,0.011
U0251,61,impression,2026-03-29T15:18:18,A05,0.099
U0251,49,impression,2026-03-29T15:19:01,A05,0.434
U0251,86,impression,2026-03-29T15:19:03,A05,0.457
U0251,34,impression,2026-03-29T15:20:33,A05,-0.001
U0251,94,impression,2026-03-29T15:18:56,A05,0.618
U0251,43,impression,2026-03-29T15:17:53,A05,0.416
U0251,43,click,2026-03-29T15:18:02,A05,0.416
U0251,56,impression,2026-03-29T15:18:05,A05,0.033
U0251,23,impression,2026-03-29T15:17:45,A05,0.45
U0251,107,impression,2026-03-29T15:21:16,A05,0.432
U0251,72,impression,2026-03-29T15:18:01,A05,0.02
U0251,80,impression,2026-03-29T15:18:16,A05,0.087
U0251,59,impression,2026-02-23T21:20:01,A05,0.087
U0251,97,impression,2026-02-23T21:22:07,A05,0.071
U0251,62,impression,2026-02-23T21:23:22,A05,0.073
U0251,107,impression,2026-02-23T21:24:40,A05,0.481
U0251,42,impression,2026-02-23T21:21:49,A05,0.436
U0251,40,impression,2026-02-23T21:23:25,A05,0.507
U0251,40,click,2026-02-23T21:23:41,A05,0.507
U0251,43,impression,2026-02-23T21:21:08,A05,0.5
U0251,43,click,2026-02-23T21:21:20,A05,0.5
U0251,43,save,2026-02-23T21:21:20,A05,0.5
U0251,47,impression,2026-02-23T21:23:40,A05,0.466
U0251,87,impression,2026-02-23T21:23:34,A05,0.41
U0251,77,impression,2026-02-23T21:20:06,A05,0.011
U0251,27,impression,2026-02-23T21:21:23,A05,0.006
U0251,49,impression,2026-02-23T21:21:53,A05,0.42
U0251,41,impression,2026-04-13T10:21:54,A05,0.463
U0251,101,impression,2026-04-13T10:23:31,A05,0.415
U0251,77,impression,2026-04-13T10:22:15,A05,0.053
U0251,23,impression,2026-04-13T10:20:40,A05,0.508
U0251,48,impression,2026-04-13T10:22:58,A05,0.414
U0251,67,impression,2026-04-13T10:23:11,A05,0.003
U0251,24,impression,2026-04-13T10:24:49,A05,0.055
U0251,45,impression,2026-04-13T10:21:52,A05,0.427
U0251,47,impression,2026-04-13T10:21:00,A05,0.451
U0251,51,impression,2026-04-13T10:24:56,A05,0.024
U0251,81,impression,2026-04-13T10:24:41,A05,0.08
U0251,43,impression,2026-04-13T10:22:50,A05,0.457
U0251,61,impression,2026-04-13T10:22:27,A05,0.107
U0251,104,impression,2026-04-13T10:22:06,A05,0.503
U0251,104,click,2026-04-13T10:22:33,A05,0.503
U0251,41,impression,2026-02-13T14:29:29,A05,0.505
U0251,36,impression,2026-02-13T14:29:50,A05,0.058
U0251,43,impression,2026-02-13T14:29:42,A05,0.459
U0251,77,impression,2026-02-13T14:26:57,A05,0.029
U0251,102,impression,2026-02-13T14:27:59,A05,0.431
U0252,79,impression,2026-03-31T22:53:26,A12,0.013
U0252,22,impression,2026-03-31T22:54:02,A12,0.442
U0252,22,click,2026-03-31T22:54:20,A12,0.442
U0252,101,impression,2026-03-31T22:55:12,A12,0.493
U0252,102,impression,2026-03-31T22:53:45,A12,0.543
U0252,102,click,2026-03-31T22:54:03,A12,0.543
U0252,74,impression,2026-03-31T22:54:56,A12,0.069
U0252,95,impression,2026-03-31T22:56:40,A12,0.031
U0252,41,impression,2026-03-31T22:55:27,A12,0.505
U0252,33,impression,2026-03-31T22:55:45,A12,0.432
U0252,62,impression,2026-03-31T22:54:08,A12,0.079
U0252,92,impression,2026-03-31T22:57:09,A12,0.071
U0252,43,impression,2026-03-31T22:55:22,A12,0.421
U0252,43,click,2026-03-31T22:55:35,A12,0.421
U0252,45,impression,2026-03-31T22:53:53,A12,0.502
U0252,105,impression,2026-03-31T22:53:03,A12,0.035
U0252,22,impression,2026-02-10T15:21:44,A12,0.421
U0252,22,click,2026-02-10T15:22:04,A12,0.421
U0252,22,save,2026-02-10T15:22:04,A12,0.421
U0252,41,impression,2026-02-10T15:17:40,A12,0.501
U0252,41,click,2026-02-10T15:18:01,A12,0.501
U0252,44,impression,2026-02-10T15:17:57,A12,0.5
U0252,44,click,2026-02-10T15:18:10,A12,0.5
U0252,98,impression,2026-02-10T15:17:32,A12,0.183
U0252,92,impression,2026-02-10T15:17:35,A12,0.085
U0252,101,impression,2026-03-26T21:27:34,A12,0.432
U0252,51,impression,2026-03-26T21:28:12,A12,0.494
U0252,32,impression,2026-03-26T21:30:24,A12,0.47
U0252,69,impression,2026-03-26T21:27:46,A12,0.088
U0252,22,impression,2026-03-26T21:29:25,A12,0.471
U0252,72,impression,2026-03-26T21:30:04,A12,0.099
U0252,103,impression,2026-03-26T21:29:39,A12,0.027
U0252,83,impression,2026-03-26T21:29:47,A12,0.037
U0252,49,impression,2026-03-26T21:27:59,A12,0.469
U0252,79,impression,2026-03-26T14:57:20,A12,0.063
U0252,79,click,2026-03-26T14:57:43,A12,0.063
U0252,56,impression,2026-03-26T14:59:27,A12,0.092
U0252,56,click,2026-03-26T14:59:50,A12,0.092
U0252,106,impression,2026-03-26T15:00:15,A12,0.666
U0252,39,impression,2026-03-26T15:00:07,A12,0.455
U0252,87,impression,2026-03-26T15:01:07,A12,0.654
U0252,21,impression,2026-03-26T14:59:40,A12,0.502
U0252,98,impression,2026-03-26T14:57:57,A12,0.106
U0252,24,impression,2026-02-27T19:25:24,A12,0.015
U0252,43,impression,2026-02-27T19:25:54,A12,0.477
U0252,60,impression,2026-02-27T19:26:19,A12,0.03
U0252,45,impression,2026-02-27T19:27:37,A12,0.447
U0252,45,click,2026-02-27T19:27:56,A12,0.447
U0252,89,impression,2026-02-27T19:27:38,A12,-0.021
U0252,33,impression,2026-02-27T19:26:26,A12,0.465
U0252,25,impression,2026-02-27T19:27:20,A12,0.032
U0252,49,impression,2026-02-27T19:26:34,A12,0.494
U0252,35,impression,2026-02-27T19:24:34,A12,0.495
U0252,86,impression,2026-02-27T19:28:55,A12,0.419
U0252,86,click,2026-02-27T19:29:03,A12,0.419
U0252,86,cart_add,2026-02-27T19:29:16,A12,0.419
U0252,106,impression,2026-02-26T21:17:01,A12,0.571
U0252,92,impression,2026-02-26T21:21:31,A12,0.043
U0252,79,impression,2026-02-26T21:21:07,A12,0.068
U0252,52,impression,2026-02-26T21:20:41,A12,0.415
U0252,95,impression,2026-02-26T21:20:12,A12,0.1
U0252,37,impression,2026-02-26T21:18:18,A12,0.423
U0252,49,impression,2026-02-26T21:20:26,A12,0.421
U0252,87,impression,2026-02-26T21:21:27,A12,0.688
U0252,45,impression,2026-02-26T21:21:16,A12,0.427
U0252,35,impression,2026-02-26T21:20:52,A12,0.459
U0252,58,impression,2026-02-26T21:19:30,A12,0.068
U0252,44,impression,2026-02-26T21:20:41,A12,0.504
U0252,26,impression,2026-02-26T21:20:04,A12,0.029
U0252,67,impression,2026-02-26T21:18:42,A12,-0.007
U0253,83,impression,2026-02-17T21:47:11,A06,0.108
U0253,56,impression,2026-02-17T21:47:36,A06,0.078
U0253,104,impression,2026-02-17T21:43:29,A06,0.092
U0253,40,impression,2026-02-17T21:44:54,A06,0.01
U0253,45,impression,2026-02-17T21:47:13,A06,0.108
U0253,77,impression,2026-02-17T21:46:46,A06,0.511
U0253,46,impression,2026-02-17T21:46:16,A06,0.482
U0253,35,impression,2026-02-17T21:45:00,A06,0.458
U0253,52,impression,2026-02-17T21:44:08,A06,0.476
U0253,37,impression,2026-02-17T21:43:53,A06,0.416
U0253,25,impression,2026-02-17T21:46:04,A06,0.477
U0253,41,impression,2026-02-21T11:13:54,A06,0.027
U0253,33,impression,2026-02-21T11:11:19,A06,0.418
U0253,33,click,2026-02-21T11:11:29,A06,0.418
U0253,49,impression,2026-02-21T11:09:19,A06,0.075
U0253,38,impression,2026-02-21T11:13:24,A06,0.418
U0253,98,impression,2026-02-21T11:13:07,A06,0.443
U0253,98,click,2026-02-21T11:13:24,A06,0.443
U0253,104,impression,2026-02-21T11:10:47,A06,0.023
U0253,30,impression,2026-02-21T11:11:28,A06,0.469
U0253,50,impression,2026-04-03T20:32:27,A06,0.414
U0253,43,impression,2026-04-03T20:30:14,A06,0.026
U0253,43,click,2026-04-03T20:30:44,A06,0.026
U0253,70,impression,2026-04-03T20:30:27,A06,0.054
U0253,34,impression,2026-04-03T20:30:17,A06,0.454
U0253,38,impression,2026-04-03T20:32:31,A06,0.419
U0253,38,click,2026-04-03T20:32:56,A06,0.419
U0253,67,impression,2026-04-03T20:31:39,A06,0.025
U0253,74,impression,2026-03-20T10:23:43,A06,0.022
U0253,95,impression,2026-03-20T10:25:05,A06,0.086
U0253,30,impression,2026-03-20T10:23:13,A06,0.419
U0253,27,impression,2026-03-20T10:23:04,A06,0.43
U0253,51,impression,2026-03-20T10:23:31,A06,0.432
U0253,51,click,2026-03-20T10:23:43,A06,0.432
U0253,23,impression,2026-04-17T18:49:32,A06,0.091
U0253,96,impression,2026-04-17T18:46:44,A06,0.015
U0253,31,impression,2026-04-17T18:46:11,A06,0.451
U0253,21,impression,2026-04-17T18:46:43,A06,0.084
U0253,36,impression,2026-04-17T18:46:02,A06,0.473
U0253,36,click,2026-04-17T18:46:08,A06,0.473
U0253,81,impression,2026-04-17T18:48:36,A06,0.41
U0253,99,impression,2026-04-17T18:48:12,A06,0.079
U0253,32,impression,2026-04-17T18:48:51,A06,0.492
U0253,46,impression,2026-04-17T18:49:19,A06,0.484
U0253,24,impression,2026-04-17T18:46:51,A06,0.441
U0253,36,impression,2026-02-11T22:25:25,A06,0.482
U0253,62,impression,2026-02-11T22:25:27,A06,0.069
U0253,51,impression,2026-02-11T22:29:57,A06,0.468
U0253,64,impression,2026-02-11T22:25:48,A06,0.01
U0253,92,impression,2026-02-11T22:28:55,A06,0.013
U0253,34,impression,2026-02-11T22:29:31,A06,0.466
U0253,31,impression,2026-02-11T22:28:09,A06,0.421
U0253,31,click,2026-02-11T22:28:37,A06,0.421
U0253,70,impression,2026-02-11T22:25:32,A06,0.063
U0253,91,impression,2026-02-26T19:55:27,A06,-0.003
U0253,31,impression,2026-02-26T19:54:07,A06,0.448
U0253,31,click,2026-02-26T19:54:33,A06,0.448
U0253,25,impression,2026-02-26T19:55:02,A06,0.497
U0253,70,impression,2026-02-26T19:57:53,A06,0.041
U0253,71,impression,2026-02-26T19:55:34,A06,0.068
U0253,98,impression,2026-02-26T19:57:24,A06,0.481
U0253,81,impression,2026-02-26T19:55:27,A06,0.446
U0254,75,impression,2026-02-26T21:34:31,A05,0.084
U0254,72,impression,2026-02-26T21:37:23,A05,0.019
U0254,59,impression,2026-02-26T21:36:06,A05,0.025
U0254,61,impression,2026-02-26T21:36:22,A05,0.026
U0254,83,impression,2026-02-26T21:33:33,A05,0.083
U0254,91,impression,2026-02-26T21:36:44,A05,0.499
U0254,91,click,2026-02-26T21:36:59,A05,0.499
U0254,106,impression,2026-02-26T21:33:11,A05,0.453
U0254,40,impression,2026-02-26T21:34:26,A05,0.453
U0254,42,impression,2026-02-26T21:34:57,A05,0.469
U0254,42,click,2026-02-26T21:35:09,A05,0.469
U0254,87,impression,2026-02-26T21:33:30,A05,0.383
U0254,21,impression,2026-02-26T21:34:46,A05,0.476
U0254,84,impression,2026-02-26T21:37:05,A05,0.1
U0254,101,impression,2026-02-26T21:37:09,A05,0.476
U0254,101,click,2026-02-26T21:37:39,A05,0.476
U0254,76,impression,2026-02-26T21:37:26,A05,0.472
U0254,45,impression,2026-02-03T13:33:31,A05,0.459
U0254,41,impression,2026-02-03T13:31:17,A05,0.446
U0254,22,impression,2026-02-03T13:29:38,A05,0.48
U0254,70,impression,2026-02-03T13:31:34,A05,0.023
U0254,79,impression,2026-02-03T13:31:45,A05,0.034
U0254,36,impression,2026-02-26T10:36:14,A05,0.073
U0254,100,impression,2026-02-26T10:34:04,A05,0.03
U0254,22,impression,2026-02-26T10:33:11,A05,0.418
U0254,21,impression,2026-02-26T10:33:14,A05,0.495
U0254,95,impression,2026-02-26T10:36:21,A05,0.085
U0254,101,impression,2026-02-26T10:32:13,A05,0.441
U0254,101,click,2026-02-26T10:32:17,A05,0.441
U0254,30,impression,2026-02-26T10:35:36,A05,0.025
U0254,35,impression,2026-02-26T10:37:00,A05,0.096
U0254,49,impression,2026-02-26T10:36:48,A05,0.49
U0254,49,click,2026-02-26T10:37:18,A05,0.49
U0254,94,impression,2026-02-26T10:35:18,A05,0.645
U0254,94,click,2026-02-26T10:35:25,A05,0.645
U0254,106,impression,2026-02-26T10:32:32,A05,0.489
U0254,106,click,2026-02-26T10:32:51,A05,0.489
U0254,89,impression,2026-02-26T10:32:57,A05,0.639
U0254,92,impression,2026-02-04T14:32:55,A05,0.033
U0254,79,impression,2026-02-04T14:34:00,A05,0.064
U0254,25,impression,2026-02-04T14:34:02,A05,0.051
U0254,21,impression,2026-02-04T14:34:11,A05,0.47
U0254,82,impression,2026-02-04T14:34:41,A05,0.467
U0254,94,impression,2026-02-04T14:34:04,A05,0.635
U0254,64,impression,2026-02-04T14:33:26,A05,0.732
U0254,73,impression,2026-02-04T14:34:06,A05,0.078
U0254,64,impression,2026-02-26T22:50:38,A05,0.697
U0254,64,click,2026-02-26T22:51:04,A05,0.697
U0254,47,impression,2026-02-26T22:49:06,A05,0.441
U0254,101,impression,2026-02-26T22:50:07,A05,0.507
U0254,84,impression,2026-02-26T22:49:12,A05,0.079
U0254,87,impression,2026-02-26T22:50:16,A05,0.382
U0254,50,impression,2026-02-26T22:47:15,A05,0.042
U0254,39,impression,2026-02-26T22:46:48,A05,0.098
U0254,91,impression,2026-02-26T22:49:35,A05,0.517
U0254,91,click,2026-02-26T22:49:43,A05,0.517
U0254,21,impression,2026-02-26T22:46:06,A05,0.482
U0254,69,impression,2026-02-26T22:48:44,A05,0.075
U0254,103,impression,2026-03-18T15:49:44,A05,0.074
U0254,101,impression,2026-03-18T15:49:23,A05,0.49
U0254,101,click,2026-03-18T15:49:46,A05,0.49
U0254,101,save,2026-03-18T15:49:46,A05,0.49
U0254,23,impression,2026-03-18T15:46:02,A05,0.507
U0254,104,impression,2026-03-18T15:47:34,A05,0.524
U0254,40,impression,2026-03-18T15:49:37,A05,0.483
U0254,40,click,2026-03-18T15:49:47,A05,0.483
U0254,81,impression,2026-03-18T15:45:17,A05,0.057
U0254,45,impression,2026-03-18T15:45:17,A05,0.463
U0254,48,impression,2026-03-18T15:46:55,A05,0.45
U0254,37,impression,2026-03-18T15:49:56,A05,0.046
U0254,46,impression,2026-03-18T15:46:37,A05,0.019
U0255,67,impression,2026-03-18T14:29:16,A04,0.049
U0255,67,click,2026-03-18T14:29:21,A04,0.049
U0255,68,impression,2026-03-18T14:30:03,A04,0.468
U0255,106,impression,2026-03-18T14:27:02,A04,0.059
U0255,65,impression,2026-03-18T14:30:56,A04,0.445
U0255,103,impression,2026-03-18T14:29:45,A04,0.45
U0255,109,impression,2026-03-18T14:29:04,A04,0.045
U0255,79,impression,2026-03-18T14:28:32,A04,0.694
U0255,40,impression,2026-03-18T14:27:36,A04,0.02
U0255,71,impression,2026-03-18T14:29:47,A04,0.508
U0255,78,impression,2026-03-18T14:27:24,A04,0.419
U0255,83,impression,2026-02-26T14:13:07,A04,0.604
U0255,44,impression,2026-02-26T14:12:07,A04,0.055
U0255,66,impression,2026-02-26T14:12:50,A04,0.506
U0255,66,click,2026-02-26T14:13:18,A04,0.506
U0255,103,impression,2026-02-26T14:11:11,A04,0.448
U0255,33,impression,2026-02-26T14:15:28,A04,0.108
U0255,79,impression,2026-02-26T14:14:58,A04,0.675
U0255,82,impression,2026-02-26T14:13:33,A04,0.065
U0255,60,impression,2026-02-07T16:40:53,A04,0.067
U0255,100,impression,2026-02-07T16:37:03,A04,0.562
U0255,105,impression,2026-02-07T16:39:16,A04,0.566
U0255,36,impression,2026-02-07T16:39:54,A04,0.011
U0255,70,impression,2026-02-07T16:41:03,A04,0.412
U0255,46,impression,2026-02-07T16:40:29,A04,0.017
U0255,46,click,2026-02-07T16:40:41,A04,0.017
U0255,66,impression,2026-02-07T16:41:20,A04,0.495
U0255,33,impression,2026-02-07T16:38:07,A04,0.077
U0255,83,impression,2026-02-07T16:38:30,A04,0.643
U0255,105,impression,2026-03-03T14:34:36,A04,0.532
U0255,42,impression,2026-03-03T14:35:29,A04,0.079
U0255,74,impression,2026-03-03T14:33:52,A04,0.049
U0255,79,impression,2026-03-03T14:34:41,A04,0.716
U0255,79,click,2026-03-03T14:34:59,A04,0.716
U0255,79,save,2026-03-03T14:34:59,A04,0.716
U0255,30,impression,2026-03-03T14:35:34,A04,0.03
U0255,70,impression,2026-03-03T14:31:54,A04,0.444
U0255,70,click,2026-03-03T14:32:08,A04,0.444
U0255,103,impression,2026-03-03T14:34:48,A04,0.489
U0255,85,impression,2026-03-03T14:33:15,A04,0.012
U0255,71,impression,2026-03-03T14:31:09,A04,0.447
U0255,71,click,2026-03-03T14:31:35,A04,0.447
U0255,68,impression,2026-03-03T14:34:04,A04,0.438
U0255,68,click,2026-03-03T14:34:13,A04,0.438
U0255,50,impression,2026-03-03T14:32:12,A04,0.018
U0255,107,impression,2026-03-04T12:07:27,A04,0.017
U0255,57,impression,2026-03-04T12:05:11,A04,0.476
U0255,57,click,2026-03-04T12:05:12,A04,0.476
U0255,63,impression,2026-03-04T12:07:33,A04,0.039
U0255,90,impression,2026-03-04T12:03:15,A04,0.583
U0255,75,impression,2026-03-04T12:04:13,A04,0.085
U0255,58,impression,2026-03-04T12:06:39,A04,0.429
U0255,79,impression,2026-03-04T12:04:19,A04,0.682
U0255,79,click,2026-03-04T12:04:26,A04,0.682
U0255,93,impression,2026-03-04T12:04:59,A04,0.062
U0255,93,click,2026-03-04T12:05:11,A04,0.062
U0255,97,impression,2026-03-04T12:03:32,A04,0.022
U0255,68,impression,2026-03-04T12:06:29,A04,0.481
U0255,92,impression,2026-03-04T12:03:07,A04,0.429
U0255,47,impression,2026-03-04T12:05:35,A04,0.098
U0255,100,impression,2026-03-04T12:03:19,A04,0.527
U0255,66,impression,2026-03-04T12:03:39,A04,0.493
U0255,66,click,2026-03-04T12:03:46,A04,0.493
U0255,68,impression,2026-02-09T13:31:50,A04,0.453
U0255,60,impression,2026-02-09T13:29:25,A04,0.081
U0255,70,impression,2026-02-09T13:31:08,A04,0.498
U0255,70,click,2026-02-09T13:31:09,A04,0.498
U0255,77,impression,2026-02-09T13:31:04,A04,0.026
U0255,71,impression,2026-02-09T13:29:12,A04,0.422
U0255,71,click,2026-02-09T13:29:38,A04,0.422
U0255,108,impression,2026-02-09T13:28:21,A04,0.018
U0255,78,impression,2026-02-09T13:30:05,A04,0.429
U0255,78,click,2026-02-09T13:30:17,A04,0.429
U0255,106,impression,2026-02-09T13:28:03,A04,0.043
U0255,30,impression,2026-04-16T18:36:52,A04,0.011
U0255,57,impression,2026-04-16T18:37:59,A04,0.413
U0255,83,impression,2026-04-16T18:40:45,A04,0.597
U0255,83,click,2026-04-16T18:40:46,A04,0.597
U0255,36,impression,2026-04-16T18:36:00,A04,0.052
U0255,58,impression,2026-04-16T18:36:33,A04,0.457
U0256,95,impression,2026-02-23T21:57:07,A08,0.571
U0256,95,click,2026-02-23T21:57:18,A08,0.571
U0256,96,impression,2026-02-23T21:58:02,A08,0.49
U0256,96,click,2026-02-23T21:58:09,A08,0.49
U0256,96,cart_add,2026-02-23T21:59:08,A08,0.49
U0256,105,impression,2026-02-23T21:59:16,A08,0.625
U0256,26,impression,2026-02-23T21:57:23,A08,0.074
U0256,78,impression,2026-02-23T21:57:28,A08,0.057
U0256,106,impression,2026-02-23T21:56:32,A08,0.052
U0256,53,impression,2026-02-23T21:59:30,A08,0.519
U0256,53,click,2026-02-23T21:59:46,A08,0.519
U0256,56,impression,2026-02-23T22:00:45,A08,0.469
U0256,55,impression,2026-02-23T21:58:53,A08,0.675
U0256,54,impression,2026-02-23T21:56:36,A08,0.431
U0256,63,impression,2026-02-23T21:58:11,A08,0.103
U0256,44,impression,2026-02-23T21:59:19,A08,0.041
U0256,83,impression,2026-02-23T22:00:29,A08,0.52
U0256,83,click,2026-02-23T22:00:42,A08,0.52
U0256,59,impression,2026-02-23T21:59:40,A08,0.02
U0256,77,impression,2026-04-09T09:08:09,A08,0.08
U0256,54,impression,2026-04-09T09:06:11,A08,0.418
U0256,83,impression,2026-04-09T09:06:43,A08,0.514
U0256,83,click,2026-04-09T09:06:47,A08,0.514
U0256,60,impression,2026-04-09T09:10:11,A08,0.099
U0256,24,impression,2026-04-09T09:07:18,A08,0.067
U0256,73,impression,2026-04-09T09:10:39,A08,0.016
U0256,26,impression,2026-04-09T09:10:37,A08,0.054
U0256,55,impression,2026-04-09T09:10:19,A08,0.739
U0256,56,impression,2026-04-09T09:06:43,A08,0.51
U0256,95,impression,2026-04-09T09:07:16,A08,0.587
U0256,95,click,2026-04-09T09:07:44,A08,0.587
U0256,53,impression,2026-04-09T09:09:39,A08,0.59
U0256,96,impression,2026-04-09T09:07:56,A08,0.504
U0256,27,impression,2026-03-03T13:34:27,A08,0.053
U0256,55,impression,2026-03-03T13:33:10,A08,0.735
U0256,55,click,2026-03-03T13:33:25,A08,0.735
U0256,55,cart_add,2026-03-03T13:33:49,A08,0.735
U0256,109,impression,2026-03-03T13:31:17,A08,0.456
U0256,38,impression,2026-03-03T13:32:37,A08,0.05
U0256,56,impression,2026-03-03T13:34:29,A08,0.44
U0256,69,impression,2026-03-03T13:32:09,A08,0.048
U0256,100,impression,2026-03-03T13:34:49,A08,0.525
U0256,100,click,2026-03-03T13:35:03,A08,0.525
U0256,31,impression,2026-03-03T13:33:04,A08,0.064
U0256,99,impression,2026-03-03T13:32:50,A08,0.064
U0256,83,impression,2026-03-03T13:32:57,A08,0.522
U0256,83,click,2026-03-03T13:33:10,A08,0.522
U0256,79,impression,2026-03-03T13:34:46,A08,0.054
U0256,53,impression,2026-03-03T13:34:05,A08,0.549
U0256,95,impression,2026-03-03T13:34:54,A08,0.582
U0256,95,click,2026-03-03T13:35:04,A08,0.582
U0256,95,cart_add,2026-03-03T13:35:21,A08,0.582
U0256,53,impression,2026-04-10T22:29:38,A08,0.59
U0256,90,impression,2026-04-10T22:33:22,A08,0.574
U0256,96,impression,2026-04-10T22:32:25,A08,0.476
U0256,27,impression,2026-04-10T22:30:57,A08,0.008
U0256,56,impression,2026-04-10T22:33:46,A08,0.43
U0256,56,click,2026-04-10T22:33:48,A08,0.43
U0256,95,impression,2026-04-10T22:33:53,A08,0.604
U0256,95,click,2026-04-10T22:34:14,A08,0.604
U0256,38,impression,2026-04-10T22:32:41,A08,0.024
U0256,109,impression,2026-04-10T22:29:49,A08,0.468
U0256,109,click,2026-04-10T22:30:13,A08,0.468
U0256,87,impression,2026-04-10T22:33:49,A08,0.064
U0256,36,impression,2026-04-10T22:32:18,A08,0.104
U0256,95,impression,2026-03-29T19:37:35,A08,0.603
U0256,95,click,2026-03-29T19:37:42,A08,0.603
U0256,83,impression,2026-03-29T19:34:00,A08,0.576
U0256,96,impression,2026-03-29T19:37:39,A08,0.419
U0256,101,impression,2026-03-29T19:37:35,A08,0.083
U0256,54,impression,2026-03-29T19:38:00,A08,0.488
U0256,54,click,2026-03-29T19:38:12,A08,0.488
U0256,105,impression,2026-03-29T19:35:43,A08,0.574
U0256,109,impression,2026-03-29T19:35:07,A08,0.438
U0256,109,click,2026-03-29T19:35:10,A08,0.438
U0256,97,impression,2026-03-29T19:35:30,A08,0.046
U0256,60,impression,2026-03-29T19:35:21,A08,0.101
U0256,57,impression,2026-03-29T19:34:33,A08,0.032
U0256,56,impression,2026-03-29T19:37:23,A08,0.509
U0256,75,impression,2026-03-29T19:33:12,A08,0.074
U0256,40,impression,2026-03-29T19:37:40,A08,0.099
U0256,53,impression,2026-03-29T19:35:18,A08,0.559
U0256,90,impression,2026-03-29T19:37:36,A08,0.575
U0256,55,impression,2026-02-11T15:42:27,A08,0.657
U0256,35,impression,2026-02-11T15:42:34,A08,0.011
U0256,109,impression,2026-02-11T15:43:08,A08,0.454
U0256,26,impression,2026-02-11T15:44:10,A08,0.03
U0256,105,impression,2026-02-11T15:44:26,A08,0.574
U0256,50,impression,2026-02-11T15:42:46,A08,0.02
U0256,87,impression,2026-02-11T15:40:04,A08,0.046
U0256,87,click,2026-02-11T15:40:11,A08,0.046
U0256,83,impression,2026-02-11T15:40:49,A08,0.57
U0256,83,click,2026-02-11T15:41:10,A08,0.57
U0256,95,impression,2026-02-11T15:41:16,A08,0.586
U0256,94,impression,2026-02-11T15:43:18,A08,0.089
U0256,56,impression,2026-02-11T15:43:07,A08,0.487
U0256,54,impression,2026-02-11T15:43:28,A08,0.457
U0257,64,impression,2026-02-26T16:34:23,A02,0.085
U0257,75,impression,2026-02-26T16:35:23,A02,0.071
U0257,67,impression,2026-02-26T16:37:19,A02,0.076
U0257,62,impression,2026-02-26T16:34:11,A02,0.105
U0257,22,impression,2026-02-26T16:33:42,A02,0.427
U0257,76,impression,2026-02-26T16:33:52,A02,0.447
U0257,76,click,2026-02-26T16:34:10,A02,0.447
U0257,76,cart_add,2026-02-26T16:34:53,A02,0.447
U0257,74,impression,2026-02-26T16:33:25,A02,0.044
U0257,52,impression,2026-02-26T16:34:55,A02,0.49
U0257,23,impression,2026-02-26T16:35:18,A02,0.493
U0257,43,impression,2026-02-26T16:33:50,A02,0.572
U0257,42,impression,2026-02-26T16:37:42,A02,0.445
U0257,46,impression,2026-02-26T16:34:19,A02,0.045
U0257,97,impression,2026-02-26T16:35:37,A02,0.458
U0257,78,impression,2026-02-03T16:18:58,A02,0.045
U0257,66,impression,2026-02-03T16:18:05,A02,0.091
U0257,31,impression,2026-02-03T16:16:56,A02,0.414
U0257,44,impression,2026-02-03T16:19:41,A02,0.509
U0257,41,impression,2026-02-03T16:18:50,A02,0.509
U0257,41,click,2026-02-03T16:18:59,A02,0.509
U0257,59,impression,2026-02-03T16:18:56,A02,0.088
U0257,55,impression,2026-02-03T16:16:32,A02,0.061
U0257,87,impression,2026-02-03T16:19:26,A02,0.428
U0257,53,impression,2026-02-03T16:18:33,A02,0.024
U0257,34,impression,2026-02-03T16:17:41,A02,0.401
U0257,39,impression,2026-02-03T16:19:00,A02,0.506
U0257,39,click,2026-02-03T16:19:04,A02,0.506
U0257,95,impression,2026-02-03T16:16:51,A02,0.101
U0257,52,impression,2026-02-03T16:20:31,A02,0.452
U0257,49,impression,2026-02-03T16:16:12,A02,0.501
U0257,25,impression,2026-03-25T09:21:47,A02,0.484
U0257,25,click,2026-03-25T09:22:06,A02,0.484
U0257,107,impression,2026-03-25T09:22:06,A02,0.422
U0257,100,impression,2026-03-25T09:23:39,A02,0.064
U0257,92,impression,2026-03-25T09:25:58,A02,0.105
U0257,65,impression,2026-03-25T09:21:09,A02,0.002
U0257,32,impression,2026-03-25T09:23:07,A02,0.477
U0257,32,click,2026-03-25T09:23:08,A02,0.477
U0257,61,impression,2026-03-25T09:25:44,A02,0.1
U0257,49,impression,2026-03-25T09:22:12,A02,0.462
U0257,49,click,2026-03-25T09:22:29,A02,0.462
U0257,75,impression,2026-03-25T09:21:27,A02,0.023
U0257,35,impression,2026-03-25T09:25:27,A02,0.439
U0257,97,impression,2026-03-25T09:24:01,A02,0.415
U0257,79,impression,2026-03-25T09:25:03,A02,0.099
U0257,40,impression,2026-03-25T09:21:45,A02,0.505
U0257,76,impression,2026-03-25T09:24:18,A02,0.476
U0257,89,impression,2026-02-07T19:41:29,A02,0.019
U0257,38,impression,2026-02-07T19:41:13,A02,0.493
U0257,96,impression,2026-02-07T19:39:21,A02,0.053
U0257,34,impression,2026-02-07T19:41:43,A02,0.442
U0257,88,impression,2026-02-07T19:40:37,A02,0.007
U0257,87,impression,2026-02-07T19:41:56,A02,0.465
U0257,52,impression,2026-02-07T19:42:19,A02,0.492
U0257,47,impression,2026-02-07T19:42:29,A02,0.436
U0257,69,impression,2026-02-07T19:39:22,A02,0.061
U0257,32,impression,2026-02-07T19:41:22,A02,0.467
U0257,84,impression,2026-02-07T19:40:31,A02,0.479
U0257,84,click,2026-02-07T19:40:51,A02,0.479
U0257,85,impression,2026-02-07T19:42:02,A02,0.073
U0258,105,impression,2026-02-22T15:36:52,A12,0.033
U0258,46,impression,2026-02-22T15:38:01,A12,0.092
U0258,70,impression,2026-02-22T15:39:05,A12,0.075
U0258,69,impression,2026-02-22T15:38:47,A12,0.035
U0258,38,impression,2026-02-22T15:39:14,A12,0.482
U0258,35,impression,2026-02-22T15:40:38,A12,0.447
U0258,35,click,2026-02-22T15:40:46,A12,0.447
U0258,91,impression,2026-02-22T15:36:55,A12,0.408
U0258,51,impression,2026-02-22T15:37:28,A12,0.459
U0258,40,impression,2026-02-22T15:39:38,A12,0.418
U0258,109,impression,2026-02-22T15:39:30,A12,0.085
U0258,101,impression,2026-02-22T15:40:02,A12,0.501
U0258,101,click,2026-02-22T15:40:31,A12,0.501
U0258,91,impression,2026-02-17T13:57:39,A12,0.366
U0258,91,click,2026-02-17T13:57:40,A12,0.366
U0258,62,impression,2026-02-17T13:58:25,A12,0.076
U0258,52,impression,2026-02-17T13:55:59,A12,0.486
U0258,50,impression,2026-02-17T13:54:42,A12,0.463
U0258,34,impression,2026-02-17T13:58:39,A12,0.423
U0258,65,impression,2026-02-17T13:55:38,A12,0.007
U0258,76,impression,2026-02-17T13:56:11,A12,0.413
U0258,48,impression,2026-02-17T13:56:07,A12,0.47
U0258,33,impression,2026-02-17T13:55:42,A12,0.436
U0258,79,impression,2026-02-17T13:57:46,A12,0.057
U0258,23,impression,2026-02-17T13:55:37,A12,0.413
U0258,94,impression,2026-02-17T13:54:44,A12,0.567
U0258,94,click,2026-02-17T13:54:48,A12,0.567
U0258,108,impression,2026-02-17T13:57:40,A12,0.073
U0258,64,impression,2026-02-17T13:58:30,A12,0.088
U0258,88,impression,2026-02-17T13:54:41,A12,0.026
U0258,106,impression,2026-03-29T15:17:04,A12,0.632
U0258,24,impression,2026-03-29T15:21:45,A12,0.093
U0258,70,impression,2026-03-29T15:17:20,A12,0.01
U0258,87,impression,2026-03-29T15:18:23,A12,0.685
U0258,87,click,2026-03-29T15:18:37,A12,0.685
U0258,26,impression,2026-03-29T15:19:23,A12,0.032
U0258,49,impression,2026-03-29T15:17:18,A12,0.441
U0258,107,impression,2026-03-29T15:17:17,A12,0.437
U0258,95,impression,2026-03-29T15:19:30,A12,0.069
U0258,36,impression,2026-03-29T15:18:12,A12,0.474
U0258,36,click,2026-03-29T15:18:18,A12,0.474
U0258,36,save,2026-03-29T15:18:18,A12,0.474
U0258,22,impression,2026-03-29T15:19:47,A12,0.474
U0258,32,impression,2026-03-29T15:20:31,A12,0.413
U0258,101,impression,2026-03-29T15:19:07,A12,0.505
U0258,27,impression,2026-03-29T15:20:07,A12,0.022
U0258,84,impression,2026-03-29T15:21:20,A12,0.022
U0258,76,impression,2026-03-29T15:21:00,A12,0.492
U0258,76,click,2026-03-29T15:21:26,A12,0.492
U0258,82,impression,2026-04-03T13:19:40,A12,0.458
U0258,86,impression,2026-04-03T13:23:53,A12,0.485
U0258,55,impression,2026-04-03T13:19:50,A12,0.052
U0258,98,impression,2026-04-03T13:23:43,A12,0.122
U0258,66,impression,2026-04-03T13:22:24,A12,0.077
U0258,36,impression,2026-04-03T13:21:12,A12,0.487
U0258,45,impression,2026-03-19T14:46:08,A12,0.496
U0258,24,impression,2026-03-19T14:45:54,A12,0.074
U0258,78,impression,2026-03-19T14:42:52,A12,0.105
U0258,49,impression,2026-03-19T14:45:35,A12,0.463
U0258,32,impression,2026-03-19T14:46:27,A12,0.433
U0258,75,impression,2026-03-16T14:30:57,A12,0.105
U0258,82,impression,2026-03-16T14:29:10,A12,0.442
U0258,54,impression,2026-03-16T14:28:07,A12,0.034
U0258,22,impression,2026-03-16T14:31:18,A12,0.426
U0258,32,impression,2026-03-16T14:33:00,A12,0.493
U0259,36,impression,2026-03-08T09:39:56,A12,0.49
U0259,95,impression,2026-03-08T09:38:38,A12,0.074
U0259,48,impression,2026-03-08T09:37:00,A12,0.411
U0259,107,impression,2026-03-08T09:39:04,A12,0.48
U0259,107,click,2026-03-08T09:39:31,A12,0.48
U0259,96,impression,2026-03-08T09:36:57,A12,0.101
U0259,74,impression,2026-04-17T14:17:43,A12,0.044
U0259,23,impression,2026-04-17T14:19:39,A12,0.429
U0259,32,impression,2026-04-17T14:17:19,A12,0.426
U0259,32,click,2026-04-17T14:17:23,A12,0.426
U0259,103,impression,2026-04-17T14:19:49,A12,0.108
U0259,90,impression,2026-04-17T14:17:36,A12,0.101
U0259,84,impression,2026-04-17T14:16:13,A12,0.109
U0259,38,impression,2026-04-17T14:19:46,A12,0.463
U0259,38,click,2026-04-17T14:19:58,A12,0.463
U0259,52,impression,2026-04-17T14:19:28,A12,0.455
U0259,41,impression,2026-04-17T14:19:43,A12,0.457
U0259,47,impression,2026-02-06T22:23:50,A12,0.484
U0259,75,impression,2026-02-06T22:23:26,A12,0.06
U0259,41,impression,2026-02-06T22:25:12,A12,0.489
U0259,41,click,2026-02-06T22:25:23,A12,0.489
U0259,33,impression,2026-02-06T22:27:00,A12,0.499
U0259,58,impression,2026-02-06T22:24:12,A12,0.021
U0259,89,impression,2026-02-06T22:26:30,A12,0.024
U0259,104,impression,2026-03-01T17:56:09,A12,0.651
U0259,55,impression,2026-03-01T17:57:41,A12,0.012
U0259,55,click,2026-03-01T17:57:43,A12,0.012
U0259,54,impression,2026-03-01T18:00:03,A12,0.096
U0259,51,impression,2026-03-01T17:57:28,A12,0.42
U0259,68,impression,2026-03-01T17:58:23,A12,0.032
U0259,106,impression,2026-03-01T18:00:41,A12,0.65
U0259,78,impression,2026-03-01T18:00:18,A12,0.088
U0259,67,impression,2026-03-01T17:59:37,A12,0.07
U0259,30,impression,2026-03-01T17:56:21,A12,0.509
U0259,22,impression,2026-03-01T17:58:35,A12,0.471
U0259,50,impression,2026-03-01T17:59:03,A12,0.48
U0259,76,impression,2026-02-24T21:36:45,A12,0.431
U0259,58,impression,2026-02-24T21:32:58,A12,0.11
U0259,33,impression,2026-02-24T21:36:37,A12,0.423
U0259,103,impression,2026-02-24T21:35:14,A12,0.01
U0259,45,impression,2026-02-24T21:36:18,A12,0.464
U0259,78,impression,2026-02-24T21:34:08,A12,0.037
U0260,63,impression,2026-03-04T10:31:06,A02,0.094
U0260,69,impression,2026-03-04T10:29:05,A02,0.031
U0260,94,impression,2026-03-04T10:30:15,A02,0.139
U0260,22,impression,2026-03-04T10:30:28,A02,0.435
U0260,22,click,2026-03-04T10:30:30,A02,0.435
U0260,108,impression,2026-03-04T10:28:28,A02,0.106
U0260,31,impression,2026-03-04T10:31:00,A02,0.463
U0260,31,click,2026-03-04T10:31:21,A02,0.463
U0260,50,impression,2026-03-04T10:30:58,A02,0.48
U0260,50,click,2026-03-04T10:31:26,A02,0.48
U0260,35,impression,2026-03-04T10:29:31,A02,0.447
U0260,25,impression,2026-03-22T21:40:19,A02,0.498
U0260,88,impression,2026-03-22T21:36:34,A02,-0.039
U0260,75,impression,2026-03-22T21:36:45,A02,0.053
U0260,33,impression,2026-03-22T21:37:27,A02,0.468
U0260,33,click,2026-03-22T21:37:57,A02,0.468
U0260,44,impression,2026-03-22T21:38:23,A02,0.481
U0260,57,impression,2026-03-22T21:38:28,A02,0.078
U0260,51,impression,2026-03-22T21:37:22,A02,0.503
U0260,51,click,2026-03-22T21:37:36,A02,0.503
U0260,49,impression,2026-03-30T22:34:45,A02,0.501
U0260,49,click,2026-03-30T22:35:05,A02,0.501
U0260,85,impression,2026-03-30T22:37:40,A02,0.019
U0260,41,impression,2026-03-30T22:34:01,A02,0.507
U0260,103,impression,2026-03-30T22:34:38,A02,0.023
U0260,52,impression,2026-03-30T22:37:13,A02,0.475
U0260,91,impression,2026-03-30T22:37:50,A02,0.4
U0260,60,impression,2026-03-30T22:36:23,A02,0.061
U0260,21,impression,2026-03-30T22:36:36,A02,0.481
U0260,46,impression,2026-03-30T22:34:12,A02,0.038
U0260,104,impression,2026-03-30T22:34:32,A02,0.041
U0260,51,impression,2026-03-30T22:35:05,A02,0.433
U0260,71,impression,2026-04-06T11:41:18,A02,0.04
U0260,95,impression,2026-04-06T11:44:47,A02,0.086
U0260,95,click,2026-04-06T11:44:55,A02,0.086
U0260,68,impression,2026-04-06T11:44:05,A02,0.027
U0260,83,impression,2026-04-06T11:42:28,A02,0.08
U0260,87,impression,2026-04-06T11:42:45,A02,0.367
U0260,47,impression,2026-04-06T11:44:43,A02,0.452
U0260,25,impression,2026-04-06T11:41:46,A02,0.487
U0260,26,impression,2026-04-06T11:40:51,A02,0.426
U0260,21,impression,2026-04-06T11:43:22,A02,0.471
U0260,101,impression,2026-04-06T11:43:48,A02,0.499
U0260,38,impression,2026-02-26T09:10:52,A02,0.477
U0260,38,click,2026-02-26T09:11:14,A02,0.477
U0260,51,impression,2026-02-26T09:13:36,A02,0.435
U0260,58,impression,2026-02-26T09:14:36,A02,0.015
U0260,85,impression,2026-02-26T09:10:02,A02,0.036
U0260,83,impression,2026-02-26T09:14:08,A02,0.027
U0260,62,impression,2026-02-26T09:14:12,A02,0.023
U0260,25,impression,2026-02-26T09:10:21,A02,0.448
U0260,25,click,2026-02-26T09:10:25,A02,0.448
U0260,25,save,2026-02-26T09:10:25,A02,0.448
U0260,45,impression,2026-02-26T09:13:32,A02,0.502
U0260,45,click,2026-02-26T09:13:53,A02,0.502
U0260,104,impression,2026-02-26T09:14:20,A02,0.017
U0260,101,impression,2026-02-26T09:13:53,A02,0.527
U0260,99,impression,2026-02-26T09:11:38,A02,0.075
U0260,47,impression,2026-02-26T09:11:54,A02,0.479
U0260,107,impression,2026-02-26T09:11:15,A02,0.462
U0261,25,impression,2026-03-09T16:27:20,A10,0.159
U0261,55,impression,2026-03-09T16:25:35,A10,0.102
U0261,71,impression,2026-03-09T16:27:45,A10,0.096
U0261,71,click,2026-03-09T16:28:04,A10,0.096
U0261,96,impression,2026-03-09T16:25:53,A10,0.083
U0261,106,impression,2026-03-09T16:27:56,A10,0.433
U0261,102,impression,2026-03-09T16:29:10,A10,0.472
U0261,102,click,2026-03-09T16:29:26,A10,0.472
U0261,56,impression,2026-03-09T16:28:15,A10,0.021
U0261,44,impression,2026-03-09T16:25:40,A10,0.496
U0261,76,impression,2026-03-09T16:27:44,A10,0.507
U0261,43,impression,2026-03-09T16:27:10,A10,0.51
U0261,53,impression,2026-03-09T16:29:02,A10,0.615
U0261,53,click,2026-03-09T16:29:31,A10,0.615
U0261,53,cart_add,2026-03-09T16:30:29,A10,0.615
U0261,76,impression,2026-02-25T16:11:02,A10,0.485
U0261,70,impression,2026-02-25T16:12:27,A10,0.038
U0261,33,impression,2026-02-25T16:12:23,A10,0.48
U0261,33,click,2026-02-25T16:12:44,A10,0.48
U0261,99,impression,2026-02-25T16:13:15,A10,0.024
U0261,104,impression,2026-02-25T16:13:15,A10,0.558
U0261,39,impression,2026-02-25T16:10:40,A10,0.441
U0261,83,impression,2026-02-25T16:13:06,A10,0.041
U0261,25,impression,2026-02-25T16:10:00,A10,0.153
U0261,53,impression,2026-02-25T16:09:05,A10,0.613
U0261,50,impression,2026-02-25T16:13:49,A10,0.543
U0261,102,impression,2026-02-28T14:36:21,A10,0.436
U0261,91,impression,2026-02-28T14:36:49,A10,0.454
U0261,34,impression,2026-02-28T14:33:21,A10,0.456
U0261,100,impression,2026-02-28T14:34:48,A10,0.023
U0261,105,impression,2026-02-28T14:35:14,A10,0.02
U0261,70,impression,2026-02-28T14:36:37,A10,0.043
U0261,39,impression,2026-02-28T14:33:51,A10,0.458
U0261,82,impression,2026-02-28T14:34:12,A10,0.428
U0261,82,click,2026-02-28T14:34:29,A10,0.428
U0261,75,impression,2026-02-28T14:33:25,A10,0.079
U0261,90,impression,2026-02-28T14:34:43,A10,0.062
U0261,44,impression,2026-02-28T14:37:00,A10,0.519
U0261,104,impression,2026-02-28T14:32:10,A10,0.491
U0261,109,impression,2026-02-28T14:36:29,A10,0.091
U0261,35,impression,2026-03-24T11:18:58,A10,0.457
U0261,63,impression,2026-03-24T11:18:31,A10,0.025
U0261,102,impression,2026-03-24T11:18:12,A10,0.459
U0261,97,impression,2026-03-24T11:21:14,A10,0.13
U0261,94,impression,2026-03-24T11:20:00,A10,0.464
U0261,64,impression,2026-02-10T21:24:21,A10,0.064
U0261,93,impression,2026-02-10T21:24:36,A10,0.062
U0261,42,impression,2026-02-10T21:23:37,A10,0.451
U0261,41,impression,2026-02-10T21:27:03,A10,0.534
U0261,34,impression,2026-02-10T21:23:05,A10,0.478
U0261,34,click,2026-02-10T21:23:12,A10,0.478
U0261,34,save,2026-02-10T21:23:12,A10,0.478
U0261,49,impression,2026-02-10T21:23:41,A10,0.441
U0261,74,impression,2026-02-10T21:27:40,A10,0.069
U0261,53,impression,2026-02-10T21:25:36,A10,0.639
U0261,87,impression,2026-02-10T21:27:39,A10,0.511
U0261,91,impression,2026-02-10T21:27:34,A10,0.456
U0261,79,impression,2026-02-10T21:24:38,A10,0.102
U0261,88,impression,2026-02-10T21:27:39,A10,-0.035
U0262,21,impression,2026-02-03T20:48:12,A06,0.08
U0262,60,impression,2026-02-03T20:51:01,A06,0.069
U0262,98,impression,2026-02-03T20:47:32,A06,0.419
U0262,26,impression,2026-02-03T20:48:05,A06,0.469
U0262,26,click,2026-02-03T20:48:15,A06,0.469
U0262,50,impression,2026-02-03T20:48:36,A06,0.42
U0262,36,impression,2026-02-03T20:51:45,A06,0.509
U0262,71,impression,2026-02-03T20:50:09,A06,0.092
U0262,77,impression,2026-02-08T10:27:49,A06,0.491
U0262,61,impression,2026-02-08T10:24:31,A06,0.053
U0262,108,impression,2026-02-08T10:24:44,A06,0.068
U0262,27,impression,2026-02-08T10:24:21,A06,0.428
U0262,97,impression,2026-02-08T10:28:00,A06,0.511
U0262,39,impression,2026-02-08T10:26:46,A06,0.417
U0262,85,impression,2026-02-08T10:27:08,A06,0.09
U0262,100,impression,2026-02-08T10:23:23,A06,0.107
U0262,68,impression,2026-02-08T10:23:05,A06,0.027
U0262,37,impression,2026-02-08T10:24:52,A06,0.437
U0262,37,click,2026-02-08T10:25:11,A06,0.437
U0262,50,impression,2026-02-08T10:26:48,A06,0.413
U0262,81,impression,2026-02-08T10:27:31,A06,0.436
U0262,81,click,2026-02-08T10:27:35,A06,0.436
U0262,56,impression,2026-02-08T10:24:50,A06,0.074
U0262,98,impression,2026-04-01T11:01:38,A06,0.446
U0262,77,impression,2026-04-01T11:05:36,A06,0.463
U0262,58,impression,2026-04-01T11:04:29,A06,0.069
U0262,34,impression,2026-04-01T11:04:28,A06,0.382
U0262,76,impression,2026-04-01T11:03:05,A06,0.052
U0262,107,impression,2026-04-01T11:05:33,A06,0.037
U0262,24,impression,2026-04-01T11:04:10,A06,0.416
U0262,24,click,2026-04-01T11:04:22,A06,0.416
U0262,27,impression,2026-04-01T11:01:31,A06,0.418
U0262,69,impression,2026-04-01T11:05:52,A06,0.109
U0262,97,impression,2026-04-01T11:04:21,A06,0.497
U0262,105,impression,2026-04-01T11:01:54,A06,0.05
U0262,26,impression,2026-04-01T11:05:11,A06,0.456
U0262,39,impression,2026-02-21T12:45:16,A06,0.412
U0262,38,impression,2026-02-21T12:42:52,A06,0.48
U0262,84,impression,2026-02-21T12:45:27,A06,0.503
U0262,97,impression,2026-02-21T12:45:21,A06,0.552
U0262,97,click,2026-02-21T12:45:23,A06,0.552
U0262,32,impression,2026-02-21T12:46:16,A06,0.498
U0262,102,impression,2026-02-21T12:43:43,A06,0.071
U0262,79,impression,2026-02-21T12:45:32,A06,0.085
U0262,99,impression,2026-02-21T12:43:07,A06,0.099
U0262,78,impression,2026-02-21T12:43:02,A06,0.027
U0262,34,impression,2026-03-16T20:35:03,A06,0.441
U0262,98,impression,2026-03-16T20:31:41,A06,0.483
U0262,72,impression,2026-03-16T20:31:33,A06,0.09
U0262,69,impression,2026-03-16T20:35:59,A06,0.048
U0262,50,impression,2026-03-16T20:33:16,A06,0.506
U0262,63,impression,2026-03-16T20:33:54,A06,0.015
U0262,96,impression,2026-03-16T20:32:24,A06,0.086
U0262,32,impression,2026-03-16T20:33:20,A06,0.507
U0262,32,click,2026-03-16T20:33:50,A06,0.507
U0262,84,impression,2026-03-16T20:35:22,A06,0.572
U0262,45,impression,2026-03-16T20:34:56,A06,0.028
U0262,33,impression,2026-03-16T20:31:32,A06,0.456
U0262,33,click,2026-03-16T20:32:00,A06,0.456
U0262,52,impression,2026-03-12T17:29:21,A06,0.466
U0262,52,click,2026-03-12T17:29:46,A06,0.466
U0262,39,impression,2026-03-12T17:26:35,A06,0.436
U0262,97,impression,2026-03-12T17:26:58,A06,0.587
U0262,105,impression,2026-03-12T17:26:17,A06,0.027
U0262,33,impression,2026-03-12T17:26:36,A06,0.466
U0262,34,impression,2026-03-12T17:30:53,A06,0.443
U0262,84,impression,2026-03-12T17:30:30,A06,0.505
U0262,83,impression,2026-03-12T17:27:36,A06,0.071
U0262,27,impression,2026-03-12T17:30:09,A06,0.474
U0262,92,impression,2026-03-12T17:28:05,A06,0.103
U0262,22,impression,2026-03-12T17:27:53,A06,0.066
U0262,48,impression,2026-03-12T17:26:06,A06,0.015
U0263,109,impression,2026-02-22T17:48:22,A08,0.437
U0263,61,impression,2026-02-22T17:47:52,A08,0.026
U0263,76,impression,2026-02-22T17:45:26,A08,0.071
U0263,55,impression,2026-02-22T17:45:29,A08,0.736
U0263,83,impression,2026-02-22T17:48:57,A08,0.549
U0263,83,click,2026-02-22T17:49:23,A08,0.549
U0263,39,impression,2026-02-22T17:48:45,A08,0.015
U0263,95,impression,2026-02-22T17:45:26,A08,0.654
U0263,53,impression,2026-02-22T17:45:07,A08,0.567
U0263,40,impression,2026-02-22T17:48:11,A08,0.027
U0263,54,impression,2026-02-22T17:46:49,A08,0.483
U0263,54,click,2026-02-22T17:47:06,A08,0.483
U0263,80,impression,2026-03-10T14:18:32,A08,0.086
U0263,99,impression,2026-03-10T14:17:50,A08,0.028
U0263,64,impression,2026-03-10T14:16:41,A08,0.049
U0263,25,impression,2026-03-10T14:16:35,A08,0.089
U0263,71,impression,2026-03-10T14:18:45,A08,0.034
U0263,53,impression,2026-03-10T14:15:51,A08,0.517
U0263,56,impression,2026-03-10T14:17:43,A08,0.424
U0263,109,impression,2026-03-10T14:17:33,A08,0.501
U0263,109,click,2026-03-10T14:17:45,A08,0.501
U0263,109,cart_add,2026-03-10T14:18:32,A08,0.501
U0263,96,impression,2026-03-10T14:14:34,A08,0.477
U0263,83,impression,2026-03-10T14:15:38,A08,0.536
U0263,54,impression,2026-03-10T14:16:33,A08,0.474
U0263,55,impression,2026-03-10T14:16:08,A08,0.727
U0263,55,click,2026-03-10T14:16:13,A08,0.727
U0263,96,impression,2026-02-08T14:11:21,A08,0.411
U0263,38,impression,2026-02-08T14:13:53,A08,0.097
U0263,58,impression,2026-02-08T14:13:34,A08,0.066
U0263,90,impression,2026-02-08T14:14:04,A08,0.58
U0263,109,impression,2026-02-08T14:12:40,A08,0.497
U0263,102,impression,2026-02-08T14:14:07,A08,0.081
U0263,56,impression,2026-02-08T14:11:59,A08,0.412
U0263,100,impression,2026-02-08T14:10:30,A08,0.508
U0263,100,click,2026-02-08T14:10:52,A08,0.508
U0263,100,save,2026-02-08T14:10:52,A08,0.508
U0263,53,impression,2026-02-08T14:10:56,A08,0.574
U0263,53,click,2026-02-08T14:10:58,A08,0.574
U0263,53,save,2026-02-08T14:10:58,A08,0.574
U0263,75,impression,2026-02-08T14:11:26,A08,0.092
U0263,37,impression,2026-02-08T14:10:01,A08,0.106
U0263,90,impression,2026-04-11T23:02:04,A08,0.575
U0263,73,impression,2026-04-11T23:00:34,A08,0.019
U0263,63,impression,2026-04-11T22:58:26,A08,0.104
U0263,81,impression,2026-04-11T22:59:10,A08,0.051
U0263,55,impression,2026-04-11T22:58:32,A08,0.673
U0263,87,impression,2026-04-11T23:02:06,A08,0.059
U0263,93,impression,2026-04-11T23:01:27,A08,0.035
U0263,43,impression,2026-04-11T22:59:17,A08,0.037
U0263,53,impression,2026-04-11T23:01:20,A08,0.582
U0263,54,impression,2026-04-11T22:59:32,A08,0.441
U0263,95,impression,2026-04-11T22:59:18,A08,0.621
U0263,95,click,2026-04-11T22:59:19,A08,0.621
U0263,95,cart_add,2026-04-11T22:59:30,A08,0.621
U0263,100,impression,2026-04-11T22:58:50,A08,0.512
U0263,96,impression,2026-04-11T23:01:42,A08,0.506
U0264,65,impression,2026-02-04T20:31:41,A02,-0.004
U0264,54,impression,2026-02-04T20:28:02,A02,0.107
U0264,74,impression,2026-02-04T20:29:08,A02,0.104
U0264,21,impression,2026-02-04T20:31:23,A02,0.479
U0264,21,click,2026-02-04T20:31:26,A02,0.479
U0264,99,impression,2026-02-04T20:31:50,A02,0.097
U0264,27,impression,2026-02-04T20:29:46,A02,0.458
U0264,27,click,2026-02-04T20:30:05,A02,0.458
U0264,39,impression,2026-02-04T20:27:54,A02,0.468
U0264,38,impression,2026-02-04T20:29:51,A02,0.476
U0264,33,impression,2026-02-04T20:31:07,A02,0.425
U0264,40,impression,2026-02-04T20:27:50,A02,0.44
U0264,23,impression,2026-02-04T20:28:05,A02,0.42
U0264,90,impression,2026-02-04T20:27:58,A02,0.029
U0264,95,impression,2026-02-26T22:28:04,A02,0.025
U0264,39,impression,2026-02-26T22:25:14,A02,0.437
U0264,30,impression,2026-02-26T22:28:17,A02,0.442
U0264,41,impression,2026-02-26T22:29:43,A02,0.424
U0264,41,click,2026-02-26T22:29:44,A02,0.424
U0264,41,save,2026-02-26T22:29:44,A02,0.424
U0264,37,impression,2026-02-26T22:26:11,A02,0.485
U0264,85,impression,2026-02-26T22:25:48,A02,0.094
U0264,57,impression,2026-02-26T22:27:33,A02,0.066
U0264,86,impression,2026-04-02T15:05:02,A02,0.479
U0264,86,click,2026-04-02T15:05:26,A02,0.479
U0264,65,impression,2026-04-02T15:02:57,A02,0.047
U0264,107,impression,2026-04-02T15:04:51,A02,0.432
U0264,82,impression,2026-04-02T15:03:39,A02,0.416
U0264,82,click,2026-04-02T15:03:51,A02,0.416
U0264,50,impression,2026-04-02T15:04:50,A02,0.482
U0264,48,impression,2026-04-02T15:02:38,A02,0.508
U0264,97,impression,2026-04-02T15:02:32,A02,0.433
U0264,64,impression,2026-04-02T15:05:30,A02,0.029
U0264,84,impression,2026-04-02T15:05:49,A02,0.5
U0264,33,impression,2026-04-02T15:02:53,A02,0.499
U0264,99,impression,2026-04-02T15:05:38,A02,0.055
U0264,70,impression,2026-04-02T15:04:45,A02,0.04
U0264,66,impression,2026-04-02T15:05:21,A02,0.076
U0264,66,click,2026-04-02T15:05:25,A02,0.076
U0264,102,impression,2026-04-02T15:04:14,A02,0.503
U0264,103,impression,2026-04-02T15:02:52,A02,0.1
U0264,74,impression,2026-02-01T17:11:31,A02,0.014
U0264,42,impression,2026-02-01T17:07:25,A02,0.421
U0264,82,impression,2026-02-01T17:11:35,A02,0.485
U0264,62,impression,2026-02-01T17:08:39,A02,0.096
U0264,62,click,2026-02-01T17:09:01,A02,0.096
U0264,44,impression,2026-02-01T17:09:43,A02,0.419
U0264,78,impression,2026-04-01T09:15:31,A02,0.053
U0264,54,impression,2026-04-01T09:17:53,A02,0.073
U0264,64,impression,2026-04-01T09:19:50,A02,0.075
U0264,42,impression,2026-04-01T09:17:16,A02,0.443
U0264,42,click,2026-04-01T09:17:39,A02,0.443
U0264,26,impression,2026-04-01T09:18:12,A02,0.413
U0264,55,impression,2026-04-01T09:16:40,A02,0.02
U0264,80,impression,2026-04-01T09:18:20,A02,0.078
U0264,27,impression,2026-04-01T09:15:33,A02,0.477
U0264,107,impression,2026-04-01T09:15:13,A02,0.432
U0264,25,impression,2026-04-01T09:17:37,A02,0.406
U0264,36,impression,2026-04-01T09:16:27,A02,0.488
U0264,30,impression,2026-04-01T09:16:21,A02,0.414
U0264,30,click,2026-04-01T09:16:22,A02,0.414
U0264,31,impression,2026-04-01T09:19:22,A02,0.431
U0264,76,impression,2026-04-01T09:16:57,A02,0.465
U0264,76,click,2026-04-01T09:17:07,A02,0.465
U0264,81,impression,2026-04-01T09:19:13,A02,0.116
U0264,55,impression,2026-03-05T22:16:07,A02,0.03
U0264,55,click,2026-03-05T22:16:31,A02,0.03
U0264,25,impression,2026-03-05T22:16:58,A02,0.407
U0264,102,impression,2026-03-05T22:18:39,A02,0.424
U0264,100,impression,2026-03-05T22:20:59,A02,0.061
U0264,30,impression,2026-03-05T22:17:12,A02,0.42
U0264,30,click,2026-03-05T22:17:23,A02,0.42
U0264,78,impression,2026-03-05T22:16:43,A02,0.1
U0264,77,impression,2026-03-05T22:18:23,A02,0.461
U0264,61,impression,2026-03-05T22:17:41,A02,0.08
U0264,32,impression,2026-03-05T22:18:43,A02,0.48
U0265,71,impression,2026-02-23T20:13:10,A11,0.089
U0265,69,impression,2026-02-23T20:14:55,A11,0.05
U0265,34,impression,2026-02-23T20:10:19,A11,0.533
U0265,34,click,2026-02-23T20:10:41,A11,0.533
U0265,43,impression,2026-02-23T20:13:50,A11,0.452
U0265,30,impression,2026-02-23T20:12:16,A11,0.498
U0265,30,click,2026-02-23T20:12:21,A11,0.498
U0265,38,impression,2026-02-23T20:12:18,A11,0.495
U0265,38,click,2026-02-23T20:12:19,A11,0.495
U0265,27,impression,2026-02-23T20:14:08,A11,0.431
U0265,27,click,2026-02-23T20:14:34,A11,0.431
U0265,27,save,2026-02-23T20:14:34,A11,0.431
U0265,52,impression,2026-02-23T20:13:02,A11,0.492
U0265,64,impression,2026-02-23T20:14:51,A11,0.02
U0265,46,impression,2026-02-23T20:11:00,A11,0.161
U0265,73,impression,2026-02-23T20:11:16,A11,0.019
U0265,99,impression,2026-02-23T20:13:30,A11,0.025
U0265,24,impression,2026-02-23T20:13:22,A11,0.506
U0265,33,impression,2026-02-23T20:11:08,A11,0.579
U0265,35,impression,2026-04-10T15:10:50,A11,0.421
U0265,104,impression,2026-04-10T15:11:16,A11,0.041
U0265,77,impression,2026-04-10T15:11:24,A11,0.447
U0265,76,impression,2026-04-10T15:13:17,A11,0.504
U0265,79,impression,2026-04-10T15:09:24,A11,0.079
U0265,26,impression,2026-04-10T15:12:27,A11,0.505
U0265,32,impression,2026-04-10T15:12:59,A11,0.509
U0265,98,impression,2026-04-10T15:09:00,A11,0.062
U0265,46,impression,2026-04-10T15:10:31,A11,0.092
U0265,97,impression,2026-04-10T15:13:49,A11,0.498
U0265,42,impression,2026-02-07T22:54:27,A11,0.432
U0265,33,impression,2026-02-07T22:56:46,A11,0.555
U0265,64,impression,2026-02-07T22:55:43,A11,0.017
U0265,101,impression,2026-02-07T22:54:37,A11,0.652
U0265,32,impression,2026-02-07T22:54:12,A11,0.439
U0265,53,impression,2026-02-07T22:53:06,A11,0.096
U0265,54,impression,2026-02-07T22:54:14,A11,0.028
U0265,102,impression,2026-02-07T22:56:34,A11,0.492
U0265,102,click,2026-02-07T22:56:38,A11,0.492
U0265,63,impression,2026-02-07T22:54:43,A11,0.013
U0265,22,impression,2026-02-07T22:53:31,A11,0.449
U0265,22,click,2026-02-07T22:53:45,A11,0.449
U0265,75,impression,2026-02-07T22:54:32,A11,0.08
U0265,96,impression,2026-02-03T16:45:17,A11,0.015
U0265,102,impression,2026-02-03T16:43:44,A11,0.487
U0265,77,impression,2026-02-03T16:45:33,A11,0.416
U0265,30,impression,2026-02-03T16:46:04,A11,0.529
U0265,51,impression,2026-02-03T16:43:00,A11,0.415
U0265,100,impression,2026-02-03T16:45:26,A11,0.072
U0265,105,impression,2026-02-03T16:45:02,A11,0.098
U0266,75,impression,2026-02-28T14:11:28,A13,0.637
U0266,49,impression,2026-02-28T14:09:10,A13,0.068
U0266,59,impression,2026-02-28T14:10:21,A13,0.712
U0266,48,impression,2026-02-28T14:10:19,A13,0.082
U0266,93,impression,2026-02-28T14:11:40,A13,0.497
U0266,57,impression,2026-02-06T18:10:07,A13,0.041
U0266,59,impression,2026-02-06T18:10:05,A13,0.652
U0266,73,impression,2026-02-06T18:10:38,A13,0.61
U0266,38,impression,2026-02-06T18:11:10,A13,0.039
U0266,103,impression,2026-02-06T18:11:53,A13,0.08
U0266,61,impression,2026-02-06T18:07:44,A13,0.481
U0266,98,impression,2026-02-06T18:11:46,A13,0.153
U0266,85,impression,2026-02-06T18:11:55,A13,0.703
U0266,60,impression,2026-02-06T18:07:36,A13,0.624
U0266,78,impression,2026-02-06T18:07:46,A13,0.096
U0266,80,impression,2026-02-06T18:08:00,A13,0.589
U0266,62,impression,2026-02-06T18:09:46,A13,0.416
U0266,31,impression,2026-02-06T18:10:12,A13,0.009
U0266,51,impression,2026-02-14T22:16:55,A13,0.023
U0266,80,impression,2026-02-14T22:18:03,A13,0.662
U0266,85,impression,2026-02-14T22:19:34,A13,0.719
U0266,75,impression,2026-02-14T22:20:45,A13,0.605
U0266,74,impression,2026-02-14T22:18:10,A13,0.658
U0266,74,click,2026-02-14T22:18:23,A13,0.658
U0266,81,impression,2026-02-14T22:16:23,A13,0.058
U0266,61,impression,2026-02-14T22:16:46,A13,0.464
U0266,34,impression,2026-02-14T22:20:45,A13,0.029
U0266,54,impression,2026-02-14T22:19:14,A13,0.031
U0266,73,impression,2026-02-14T22:17:55,A13,0.572
U0266,99,impression,2026-02-14T22:20:20,A13,0.544
U0266,62,impression,2026-02-14T22:20:49,A13,0.458
U0266,62,click,2026-02-14T22:21:00,A13,0.458
U0266,104,impression,2026-02-14T22:20:30,A13,0.027
U0266,57,impression,2026-02-14T22:17:12,A13,0.051
U0266,108,impression,2026-02-14T22:20:34,A13,0.48
U0266,108,click,2026-02-14T22:20:55,A13,0.48
U0266,67,impression,2026-02-03T16:27:30,A13,0.545
U0266,56,impression,2026-02-03T16:31:51,A13,0.025
U0266,66,impression,2026-02-03T16:31:52,A13,0.067
U0266,27,impression,2026-02-03T16:27:28,A13,0.028
U0266,108,impression,2026-02-03T16:31:24,A13,0.485
U0266,61,impression,2026-02-03T16:28:29,A13,0.462
U0266,73,impression,2026-02-24T21:57:00,A13,0.591
U0266,80,impression,2026-02-24T22:00:27,A13,0.576
U0266,85,impression,2026-02-24T21:58:04,A13,0.698
U0266,30,impression,2026-02-24T21:57:03,A13,0.083
U0266,88,impression,2026-02-24T21:56:22,A13,0.071
U0266,93,impression,2026-02-24T21:59:12,A13,0.543
U0266,25,impression,2026-02-24T21:58:25,A13,0.029
U0266,67,impression,2026-02-24T21:56:53,A13,0.507
U0266,72,impression,2026-02-24T21:59:39,A13,0.68
U0266,101,impression,2026-02-24T21:57:51,A13,0.073
U0266,81,impression,2026-02-24T21:57:02,A13,0.015
U0266,99,impression,2026-02-24T22:00:43,A13,0.499
U0266,99,click,2026-02-24T22:00:49,A13,0.499
U0266,87,impression,2026-02-24T21:58:12,A13,0.048
U0266,62,impression,2026-02-24T21:56:27,A13,0.425
U0266,108,impression,2026-03-06T17:03:40,A13,0.456
U0266,44,impression,2026-03-06T17:07:41,A13,0.085
U0266,44,click,2026-03-06T17:07:53,A13,0.085
U0266,69,impression,2026-03-06T17:06:18,A13,0.627
U0266,30,impression,2026-03-06T17:04:45,A13,0.061
U0266,94,impression,2026-03-06T17:07:29,A13,0.063
U0266,94,click,2026-03-06T17:07:48,A13,0.063
U0266,75,impression,2026-03-06T17:04:41,A13,0.647
U0266,46,impression,2026-04-06T16:32:08,A13,0.171
U0266,35,impression,2026-04-06T16:34:29,A13,0.017
U0266,99,impression,2026-04-06T16:35:09,A13,0.567
U0266,99,click,2026-04-06T16:35:16,A13,0.567
U0266,105,impression,2026-04-06T16:34:04,A13,0.06
U0266,78,impression,2026-04-06T16:35:46,A13,0.071
U0266,75,impression,2026-04-06T16:32:20,A13,0.642
U0266,60,impression,2026-04-06T16:36:39,A13,0.602
U0266,80,impression,2026-04-06T16:36:33,A13,0.582
U0266,80,click,2026-04-06T16:36:51,A13,0.582
U0266,80,save,2026-04-06T16:36:51,A13,0.582
U0266,61,impression,2026-04-06T16:32:04,A13,0.478
U0266,93,impression,2026-04-06T16:36:41,A13,0.545
U0266,85,impression,2026-04-06T16:32:55,A13,0.715
U0266,36,impression,2026-04-06T16:32:57,A13,0.026
U0266,76,impression,2026-04-06T16:34:16,A13,0.058
U0266,73,impression,2026-04-06T16:32:16,A13,0.638
U0266,73,click,2026-04-06T16:32:19,A13,0.638
U0266,108,impression,2026-04-06T16:33:43,A13,0.413
U0266,108,click,2026-04-06T16:33:54,A13,0.413
U0266,99,impression,2026-04-16T09:05:09,A13,0.531
U0266,75,impression,2026-04-16T09:07:05,A13,0.585
U0266,69,impression,2026-04-16T09:07:00,A13,0.607
U0266,108,impression,2026-04-16T09:06:25,A13,0.485
U0266,40,impression,2026-04-16T09:04:24,A13,0.052
U0266,33,impression,2026-04-16T09:03:29,A13,0.103
U0266,59,impression,2026-04-16T09:07:47,A13,0.71
U0266,62,impression,2026-04-16T09:04:00,A13,0.412
U0266,107,impression,2026-04-16T09:07:44,A13,0.153
U0266,98,impression,2026-04-16T09:04:51,A13,0.163
U0266,98,click,2026-04-16T09:04:59,A13,0.163
U0266,92,impression,2026-04-16T09:06:16,A13,0.031
U0266,72,impression,2026-04-16T09:07:25,A13,0.653
U0267,86,impression,2026-02-08T12:36:01,A02,0.416
U0267,21,impression,2026-02-08T12:38:00,A02,0.472
U0267,52,impression,2026-02-08T12:38:01,A02,0.468
U0267,99,impression,2026-02-08T12:35:55,A02,0.035
U0267,103,impression,2026-02-08T12:36:54,A02,0.094
U0267,103,click,2026-02-08T12:37:12,A02,0.094
U0267,50,impression,2026-02-08T12:35:58,A02,0.439
U0267,50,click,2026-02-08T12:36:23,A02,0.439
U0267,64,impression,2026-02-08T12:36:25,A02,0.056
U0267,89,impression,2026-02-08T12:37:49,A02,0.055
U0267,26,impression,2026-02-08T12:38:53,A02,0.49
U0267,30,impression,2026-02-23T15:06:48,A02,0.476
U0267,82,impression,2026-02-23T15:05:42,A02,0.434
U0267,87,impression,2026-02-23T15:07:07,A02,0.376
U0267,93,impression,2026-02-23T15:05:01,A02,0.044
U0267,94,impression,2026-02-23T15:07:55,A02,0.143
U0267,108,impression,2026-02-23T15:06:30,A02,0.179
U0267,33,impression,2026-02-23T15:08:48,A02,0.449
U0267,43,impression,2026-02-23T15:05:26,A02,0.65
U0267,74,impression,2026-02-23T15:06:45,A02,0.014
U0267,42,impression,2026-02-23T15:09:05,A02,0.494
U0267,64,impression,2026-02-23T15:09:17,A02,0.09
U0267,61,impression,2026-02-23T15:06:15,A02,0.07
U0267,38,impression,2026-02-23T15:05:47,A02,0.445
U0267,48,impression,2026-02-23T15:06:28,A02,0.503
U0267,59,impression,2026-02-23T18:06:38,A02,0.062
U0267,26,impression,2026-02-23T18:09:38,A02,0.418
U0267,26,click,2026-02-23T18:09:44,A02,0.418
U0267,100,impression,2026-02-23T18:06:32,A02,0.084
U0267,52,impression,2026-02-23T18:07:10,A02,0.497
U0267,49,impression,2026-02-23T18:08:37,A02,0.508
U0267,66,impression,2026-02-23T18:07:18,A02,0.059
U0267,41,impression,2026-02-23T18:08:39,A02,0.456
U0267,60,impression,2026-03-09T17:40:47,A02,0.081
U0267,62,impression,2026-03-09T17:38:16,A02,0.032
U0267,21,impression,2026-03-09T17:38:35,A02,0.493
U0267,84,impression,2026-03-09T17:40:00,A02,0.442
U0267,84,click,2026-03-09T17:40:20,A02,0.442
U0267,97,impression,2026-03-09T17:38:16,A02,0.416
U0267,73,impression,2026-03-09T17:40:34,A02,0.01
U0267,106,impression,2026-03-09T17:37:01,A02,0.026
U0267,50,impression,2026-03-09T17:38:28,A02,0.477
U0267,27,impression,2026-04-04T20:45:05,A02,0.47
U0267,27,click,2026-04-04T20:45:16,A02,0.47
U0267,74,impression,2026-04-04T20:46:58,A02,0.057
U0267,57,impression,2026-04-04T20:44:59,A02,0.047
U0267,40,impression,2026-04-04T20:44:23,A02,0.509
U0267,40,click,2026-04-04T20:44:24,A02,0.509
U0267,97,impression,2026-04-04T20:44:36,A02,0.419
U0267,97,click,2026-04-04T20:45:03,A02,0.419
U0267,102,impression,2026-04-04T20:43:39,A02,0.472
U0267,66,impression,2026-04-04T20:45:50,A02,0.05
U0267,35,impression,2026-04-04T20:44:30,A02,0.482
U0267,41,impression,2026-04-04T20:45:09,A02,0.445
U0267,55,impression,2026-04-04T20:45:52,A02,0.069
U0267,46,impression,2026-04-04T20:46:25,A02,0.026
U0268,86,impression,2026-02-02T09:11:17,A08,0.072
U0268,43,impression,2026-02-02T09:13:51,A08,0.023
U0268,96,impression,2026-02-02T09:10:52,A08,0.51
U0268,53,impression,2026-02-02T09:10:17,A08,0.502
U0268,75,impression,2026-02-02T09:09:08,A08,0.082
U0268,109,impression,2026-02-02T09:09:26,A08,0.476
U0268,55,impression,2026-02-02T09:11:05,A08,0.73
U0268,55,click,2026-02-02T09:11:13,A08,0.73
U0268,99,impression,2026-02-02T09:11:32,A08,0.051
U0268,106,impression,2026-03-27T15:35:17,A08,0.067
U0268,83,impression,2026-03-27T15:35:35,A08,0.531
U0268,57,impression,2026-03-27T15:36:14,A08,0.035
U0268,34,impression,2026-03-27T15:34:10,A08,0.006
U0268,54,impression,2026-03-27T15:33:07,A08,0.482
U0268,55,impression,2026-03-27T15:33:22,A08,0.651
U0268,44,impression,2026-03-27T15:33:19,A08,0.031
U0268,95,impression,2026-03-27T15:33:45,A08,0.611
U0268,96,impression,2026-03-27T15:37:44,A08,0.419
U0268,46,impression,2026-03-27T15:33:10,A08,0.008
U0268,56,impression,2026-03-27T15:36:39,A08,0.441
U0268,95,impression,2026-03-24T12:37:47,A08,0.661
U0268,92,impression,2026-03-24T12:34:00,A08,0.014
U0268,55,impression,2026-03-24T12:35:21,A08,0.717
U0268,55,click,2026-03-24T12:35:28,A08,0.717
U0268,55,cart_add,2026-03-24T12:35:33,A08,0.717
U0268,53,impression,2026-03-24T12:37:33,A08,0.582
U0268,105,impression,2026-03-24T12:36:26,A08,0.618
U0268,70,impression,2026-03-24T12:35:03,A08,0.103
U0268,59,impression,2026-03-24T12:38:35,A08,0.091
U0268,83,impression,2026-03-24T12:35:59,A08,0.496
U0268,26,impression,2026-03-24T12:36:00,A08,0.098
U0268,100,impression,2026-03-24T12:38:21,A08,0.568
U0268,100,click,2026-03-24T12:38:28,A08,0.568
U0268,66,impression,2026-03-24T12:34:45,A08,0.094
U0268,96,impression,2026-03-24T12:36:25,A08,0.471
U0268,109,impression,2026-03-24T12:37:56,A08,0.442
U0268,109,click,2026-03-24T12:37:59,A08,0.442
U0268,91,impression,2026-03-24T12:34:13,A08,-0.017
U0268,75,impression,2026-03-22T18:08:47,A08,0.05
U0268,24,impression,2026-03-22T18:10:13,A08,0.098
U0268,89,impression,2026-03-22T18:06:30,A08,0.062
U0268,53,impression,2026-03-22T18:10:17,A08,0.564
U0268,109,impression,2026-03-22T18:10:42,A08,0.416
U0268,90,impression,2026-03-22T18:06:37,A08,0.65
U0268,54,impression,2026-03-22T18:09:02,A08,0.506
U0268,21,impression,2026-03-22T18:09:32,A08,0.076
U0268,56,impression,2026-03-22T18:10:36,A08,0.48
U0268,77,impression,2026-03-22T18:06:01,A08,0.101
U0268,87,impression,2026-03-22T18:07:02,A08,0.039
U0268,105,impression,2026-03-22T18:09:14,A08,0.612
U0268,95,impression,2026-03-22T18:09:03,A08,0.579
U0268,95,click,2026-03-22T18:09:04,A08,0.579
U0268,105,impression,2026-03-13T11:51:04,A08,0.596
U0268,79,impression,2026-03-13T11:52:37,A08,0.097
U0268,85,impression,2026-03-13T11:53:49,A08,0.014
U0268,97,impression,2026-03-13T11:49:21,A08,0.092
U0268,95,impression,2026-03-13T11:49:48,A08,0.593
U0268,95,click,2026-03-13T11:49:51,A08,0.593
U0268,83,impression,2026-03-13T11:53:06,A08,0.526
U0268,83,click,2026-03-13T11:53:24,A08,0.526
U0268,100,impression,2026-03-13T11:53:19,A08,0.556
U0268,81,impression,2026-03-13T11:53:18,A08,0.077
U0268,55,impression,2026-03-13T11:51:57,A08,0.675
U0269,57,impression,2026-03-02T11:01:41,A04,0.447
U0269,39,impression,2026-03-02T11:05:46,A04,0.03
U0269,66,impression,2026-03-02T11:05:08,A04,0.501
U0269,66,click,2026-03-02T11:05:23,A04,0.501
U0269,48,impression,2026-03-02T11:04:19,A04,0.021
U0269,65,impression,2026-03-02T11:03:40,A04,0.511
U0269,54,impression,2026-03-02T11:05:05,A04,0.093
U0269,85,impression,2026-03-20T10:24:10,A04,0.079
U0269,68,impression,2026-03-20T10:20:12,A04,0.494
U0269,83,impression,2026-03-20T10:21:15,A04,0.621
U0269,88,impression,2026-03-20T10:22:01,A04,0.013
U0269,100,impression,2026-03-20T10:21:58,A04,0.533
U0269,71,impression,2026-03-20T10:20:36,A04,0.5
U0269,92,impression,2026-03-20T10:24:26,A04,0.5
U0269,97,impression,2026-03-20T10:20:46,A04,0.092
U0269,34,impression,2026-03-20T10:21:30,A04,0.041
U0269,66,impression,2026-03-20T10:21:59,A04,0.507
U0269,66,click,2026-03-20T10:22:10,A04,0.507
U0269,103,impression,2026-03-20T10:21:57,A04,0.492
U0269,59,impression,2026-03-20T10:20:38,A04,0.042
U0269,41,impression,2026-03-20T10:20:28,A04,0.08
U0269,57,impression,2026-03-20T10:20:46,A04,0.448
U0269,90,impression,2026-03-20T10:24:23,A04,0.579
U0269,90,click,2026-03-20T10:24:48,A04,0.579
U0269,90,impression,2026-02-26T15:52:18,A04,0.644
U0269,42,impression,2026-02-26T15:52:17,A04,0.019
U0269,81,impression,2026-02-26T15:48:19,A04,0.014
U0269,72,impression,2026-02-26T15:51:58,A04,0.093
U0269,68,impression,2026-02-26T15:49:10,A04,0.463
U0269,105,impression,2026-02-26T15:51:59,A04,0.498
U0269,27,impression,2026-02-26T15:52:14,A04,0.09
U0269,66,impression,2026-02-26T15:51:05,A04,0.452
U0269,83,impression,2026-02-26T15:48:04,A04,0.64
U0269,79,impression,2026-02-26T15:51:38,A04,0.745
U0269,79,click,2026-02-26T15:51:55,A04,0.745
U0269,79,cart_add,2026-02-26T15:52:05,A04,0.745
U0269,76,impression,2026-03-25T14:05:33,A04,0.075
U0269,58,impression,2026-03-25T14:08:40,A04,0.491
U0269,91,impression,2026-03-25T14:06:18,A04,0.003
U0269,57,impression,2026-03-25T14:05:27,A04,0.42
U0269,57,click,2026-03-25T14:05:56,A04,0.42
U0269,65,impression,2026-03-25T14:06:44,A04,0.461
U0269,48,impression,2026-03-25T14:06:13,A04,0.092
U0269,71,impression,2026-03-25T14:08:54,A04,0.419
U0269,36,impression,2026-03-23T22:30:53,A04,0.039
U0269,70,impression,2026-03-23T22:30:27,A04,0.487
U0269,53,impression,2026-03-23T22:32:49,A04,0.015
U0269,34,impression,2026-03-23T22:33:06,A04,0.05
U0269,66,impression,2026-03-23T22:29:55,A04,0.419
U0269,65,impression,2026-03-23T22:31:44,A04,0.474
U0269,65,click,2026-03-23T22:32:01,A04,0.474
U0269,75,impression,2026-03-23T22:29:52,A04,0.092
U0269,71,impression,2026-03-23T22:33:02,A04,0.461
U0269,52,impression,2026-02-19T16:08:18,A04,0.01
U0269,103,impression,2026-02-19T16:10:47,A04,0.502
U0269,106,impression,2026-02-19T16:11:10,A04,0.02
U0269,68,impression,2026-02-19T16:07:17,A04,0.477
U0269,68,click,2026-02-19T16:07:23,A04,0.477
U0269,78,impression,2026-02-19T16:09:55,A04,0.488
U0269,65,impression,2026-02-19T16:09:18,A04,0.485
U0269,83,impression,2026-02-19T16:11:41,A04,0.641
U0269,83,click,2026-02-19T16:12:04,A04,0.641
U0269,30,impression,2026-02-19T16:10:41,A04,0.061
U0269,100,impression,2026-02-19T16:07:17,A04,0.526
U0269,48,impression,2026-02-19T16:10:23,A04,0.078
U0269,53,impression,2026-02-19T16:10:17,A04,0.012
U0269,50,impression,2026-02-19T16:09:37,A04,0.044
U0269,58,impression,2026-02-19T16:07:05,A04,0.501
U0269,58,click,2026-02-19T16:07:23,A04,0.501
U0269,79,impression,2026-02-19T16:07:35,A04,0.73
U0269,79,click,2026-02-19T16:07:57,A04,0.73
U0269,45,impression,2026-02-01T21:53:25,A04,0.066
U0269,72,impression,2026-02-01T21:49:31,A04,0.025
U0269,65,impression,2026-02-01T21:51:19,A04,0.449
U0269,22,impression,2026-02-01T21:50:20,A04,0.108
U0269,92,impression,2026-02-01T21:50:35,A04,0.414
U0269,66,impression,2026-02-01T21:53:15,A04,0.51
U0269,90,impression,2026-02-01T21:50:35,A04,0.629
U0269,106,impression,2026-02-01T21:51:04,A04,0.087
U0269,43,impression,2026-02-01T21:50:23,A04,0.095
U0269,71,impression,2026-02-01T21:53:20,A04,0.419
U0269,71,click,2026-02-01T21:53:48,A04,0.419
U0269,100,impression,2026-02-01T21:50:21,A04,0.554
U0270,45,impression,2026-04-11T09:30:37,A07,0.034
U0270,99,impression,2026-04-11T09:32:52,A07,0.657
U0270,40,impression,2026-04-11T09:32:59,A07,0.089
U0270,72,impression,2026-04-11T09:33:08,A07,0.546
U0270,52,impression,2026-04-11T09:33:10,A07,0.073
U0270,69,impression,2026-04-11T09:29:13,A07,0.599
U0270,85,impression,2026-04-11T09:29:18,A07,0.538
U0270,26,impression,2026-04-11T09:29:46,A07,0.099
U0270,75,impression,2026-04-11T09:29:05,A07,0.664
U0270,58,impression,2026-03-20T17:53:27,A07,0.055
U0270,69,impression,2026-03-20T17:52:04,A07,0.663
U0270,69,click,2026-03-20T17:52:20,A07,0.663
U0270,80,impression,2026-03-20T17:54:35,A07,0.493
U0270,109,impression,2026-03-20T17:52:12,A07,0.011
U0270,67,impression,2026-03-20T17:54:33,A07,0.416
U0270,79,impression,2026-03-20T17:53:34,A07,0.049
U0270,85,impression,2026-03-20T17:53:08,A07,0.54
U0270,59,impression,2026-03-20T17:56:07,A07,0.539
U0270,59,click,2026-03-20T17:56:32,A07,0.539
U0270,82,impression,2026-03-20T17:52:10,A07,0.055
U0270,73,impression,2026-03-20T17:54:14,A07,0.742
U0270,73,click,2026-03-20T17:54:41,A07,0.742
U0270,41,impression,2026-03-20T17:56:42,A07,0.09
U0270,60,impression,2026-03-20T17:55:08,A07,0.524
U0270,61,impression,2026-03-20T17:56:45,A07,0.601
U0270,61,click,2026-03-20T17:56:51,A07,0.601
U0270,72,impression,2026-03-20T17:55:18,A07,0.525
U0270,83,impression,2026-03-20T17:56:12,A07,0.07
U0270,34,impression,2026-04-15T13:10:18,A07,0.056
U0270,85,impression,2026-04-15T13:08:21,A07,0.575
U0270,27,impression,2026-04-15T13:08:27,A07,0.088
U0270,59,impression,2026-04-15T13:09:24,A07,0.574
U0270,94,impression,2026-04-15T13:08:50,A07,0.048
U0270,91,impression,2026-04-15T13:07:34,A07,0.006
U0270,108,impression,2026-04-15T13:07:12,A07,0.539
U0270,73,impression,2026-04-15T13:06:40,A07,0.723
U0270,85,impression,2026-03-03T20:06:08,A07,0.583
U0270,62,impression,2026-03-03T20:05:19,A07,0.571
U0270,88,impression,2026-03-03T20:07:22,A07,0.523
U0270,32,impression,2026-03-03T20:04:02,A07,0.037
U0270,100,impression,2026-03-03T20:04:12,A07,0.011
U0270,76,impression,2026-03-03T20:03:34,A07,0.07
U0270,63,impression,2026-03-03T20:07:47,A07,0.644
U0270,72,impression,2026-03-03T20:07:23,A07,0.584
U0270,72,click,2026-03-03T20:07:36,A07,0.584
U0270,99,impression,2026-03-03T20:07:27,A07,0.733
U0270,108,impression,2026-03-03T20:03:31,A07,0.521
U0270,68,impression,2026-03-03T20:07:48,A07,0.054
U0270,61,impression,2026-03-03T20:05:22,A07,0.607
U0270,105,impression,2026-03-03T20:03:30,A07,0.104
U0270,66,impression,2026-03-03T20:06:38,A07,0.06
U0270,88,impression,2026-04-15T09:34:35,A07,0.547
U0270,53,impression,2026-04-15T09:34:59,A07,0.04
U0270,73,impression,2026-04-15T09:35:41,A07,0.664
U0270,39,impression,2026-04-15T09:34:09,A07,0.163
U0270,39,click,2026-04-15T09:34:16,A07,0.163
U0270,59,impression,2026-04-15T09:36:32,A07,0.519
U0270,22,impression,2026-04-15T09:37:13,A07,0.085
U0270,63,impression,2026-04-15T09:37:05,A07,0.63
U0270,69,impression,2026-04-15T09:37:52,A07,0.588
U0270,80,impression,2026-04-15T09:37:25,A07,0.521
U0270,68,impression,2026-04-15T09:35:54,A07,0.061
U0270,102,impression,2026-04-15T09:36:09,A07,0.106
U0270,102,click,2026-04-15T09:36:37,A07,0.106
U0270,74,impression,2026-04-15T09:37:54,A07,0.71
U0270,61,impression,2026-04-15T09:34:23,A07,0.641
U0270,55,impression,2026-04-15T09:33:42,A07,0.077
U0270,72,impression,2026-04-15T09:33:54,A07,0.567
U0270,27,impression,2026-02-06T14:19:22,A07,0.002
U0270,88,impression,2026-02-06T14:17:47,A07,0.586
U0270,106,impression,2026-02-06T14:21:17,A07,0.033
U0270,61,impression,2026-02-06T14:20:50,A07,0.609
U0270,61,click,2026-02-06T14:21:13,A07,0.609
U0270,81,impression,2026-02-06T14:19:37,A07,0.16
U0270,105,impression,2026-02-06T14:17:11,A07,0.013
U0270,74,impression,2026-02-06T14:19:34,A07,0.744
U0270,74,click,2026-02-06T14:19:40,A07,0.744
U0270,80,impression,2026-02-06T14:19:21,A07,0.565
U0270,60,impression,2026-02-06T14:17:12,A07,0.56
U0270,107,impression,2026-02-06T14:17:56,A07,0.082
U0270,73,impression,2026-02-06T14:20:40,A07,0.732
U0270,73,click,2026-02-06T14:20:57,A07,0.732
U0270,73,cart_add,2026-02-06T14:21:02,A07,0.732
U0270,67,impression,2026-02-06T14:17:26,A07,0.39
U0270,47,impression,2026-02-06T14:20:05,A07,0.024
U0271,58,impression,2026-02-06T13:41:45,A02,0.066
U0271,23,impression,2026-02-06T13:38:02,A02,0.499
U0271,43,impression,2026-02-06T13:38:56,A02,0.588
U0271,72,impression,2026-02-06T13:39:48,A02,0.079
U0271,33,impression,2026-02-06T13:38:05,A02,0.489
U0271,33,click,2026-02-06T13:38:27,A02,0.489
U0271,90,impression,2026-02-06T13:39:15,A02,0.093
U0271,49,impression,2026-02-06T13:38:04,A02,0.436
U0271,93,impression,2026-02-06T13:38:57,A02,0.031
U0271,99,impression,2026-02-06T13:42:20,A02,0.083
U0271,30,impression,2026-02-06T13:39:48,A02,0.498
U0271,73,impression,2026-02-06T13:41:16,A02,0.042
U0271,22,impression,2026-02-06T13:40:33,A02,0.438
U0271,21,impression,2026-02-06T13:41:52,A02,0.476
U0271,97,impression,2026-02-06T13:42:56,A02,0.449
U0271,31,impression,2026-02-06T13:38:40,A02,0.388
U0271,36,impression,2026-03-06T15:27:40,A02,0.419
U0271,34,impression,2026-03-06T15:27:38,A02,0.474
U0271,34,click,2026-03-06T15:27:53,A02,0.474
U0271,101,impression,2026-03-06T15:26:30,A02,0.541
U0271,26,impression,2026-03-06T15:26:57,A02,0.44
U0271,37,impression,2026-03-06T15:27:31,A02,0.489
U0271,83,impression,2026-03-06T15:25:42,A02,0.03
U0271,98,impression,2026-03-06T15:24:58,A02,0.037
U0271,51,impression,2026-03-06T15:27:59,A02,0.487
U0271,51,click,2026-03-06T15:28:07,A02,0.487
U0271,51,cart_add,2026-03-06T15:28:24,A02,0.487
U0271,90,impression,2026-03-06T15:26:46,A02,0.015
U0271,93,impression,2026-03-06T15:25:26,A02,0.038
U0271,60,impression,2026-03-06T15:24:47,A02,0.04
U0271,100,impression,2026-02-23T13:17:17,A02,0.075
U0271,44,impression,2026-02-23T13:17:43,A02,0.495
U0271,44,click,2026-02-23T13:18:07,A02,0.495
U0271,86,impression,2026-02-23T13:15:39,A02,0.452
U0271,21,impression,2026-02-23T13:17:05,A02,0.499
U0271,21,click,2026-02-23T13:17:23,A02,0.499
U0271,101,impression,2026-02-23T13:16:41,A02,0.551
U0271,53,impression,2026-02-23T13:14:48,A02,0.011
U0271,62,impression,2026-02-23T13:15:56,A02,0.013
U0271,46,impression,2026-02-22T20:30:11,A02,0.043
U0271,107,impression,2026-02-22T20:34:49,A02,0.418
U0271,107,click,2026-02-22T20:35:10,A02,0.418
U0271,88,impression,2026-02-22T20:31:36,A02,0.002
U0271,53,impression,2026-02-22T20:33:56,A02,0.02
U0271,25,impression,2026-02-22T20:30:06,A02,0.418
U0271,25,click,2026-02-22T20:30:32,A02,0.418
U0271,25,save,2026-02-22T20:30:32,A02,0.418
U0271,94,impression,2026-02-22T20:31:51,A02,0.124
U0271,94,click,2026-02-22T20:32:05,A02,0.124
U0271,33,impression,2026-02-22T20:34:20,A02,0.437
U0271,89,impression,2026-02-22T20:30:46,A02,0.058
U0271,47,impression,2026-02-22T20:32:19,A02,0.5
U0271,43,impression,2026-02-22T20:31:00,A02,0.579
U0271,49,impression,2026-02-22T20:34:07,A02,0.504
U0271,49,click,2026-02-22T20:34:16,A02,0.504
U0271,84,impression,2026-02-22T20:30:42,A02,0.429
U0271,57,impression,2026-02-22T20:30:35,A02,0.053
U0271,44,impression,2026-02-22T20:30:59,A02,0.508
U0271,44,click,2026-02-22T20:31:18,A02,0.508
U0271,89,impression,2026-03-17T19:26:38,A02,-0.014
U0271,93,impression,2026-03-17T19:24:47,A02,0.075
U0271,24,impression,2026-03-17T19:23:27,A02,0.467
U0271,25,impression,2026-03-17T19:26:56,A02,0.442
U0271,73,impression,2026-03-17T19:24:04,A02,0.038
U0271,102,impression,2026-03-17T19:26:39,A02,0.49
U0271,102,click,2026-03-17T19:27:01,A02,0.49
U0271,76,impression,2026-03-17T19:23:14,A02,0.498
U0271,91,impression,2026-03-17T19:25:43,A02,0.391
U0271,94,impression,2026-03-17T19:27:03,A02,0.184
U0271,85,impression,2026-02-17T16:30:20,A02,0.053
U0271,90,impression,2026-02-17T16:33:11,A02,0.072
U0271,91,impression,2026-02-17T16:30:15,A02,0.463
U0271,76,impression,2026-02-17T16:30:41,A02,0.469
U0271,76,click,2026-02-17T16:30:44,A02,0.469
U0271,32,impression,2026-02-17T16:30:49,A02,0.429
U0271,93,impression,2026-02-17T16:30:59,A02,0.089
U0271,78,impression,2026-02-17T16:29:40,A02,0.044
U0271,27,impression,2026-02-17T16:29:47,A02,0.436
U0271,84,impression,2026-02-17T16:29:21,A02,0.508
U0271,61,impression,2026-02-17T16:33:50,A02,0.106
U0271,34,impression,2026-02-17T16:33:20,A02,0.393
U0271,82,impression,2026-02-17T16:33:45,A02,0.415
U0272,103,impression,2026-02-02T17:41:25,A05,0.038
U0272,87,impression,2026-02-02T17:41:25,A05,0.464
U0272,77,impression,2026-02-02T17:39:07,A05,-0.045
U0272,22,impression,2026-02-02T17:42:00,A05,0.46
U0272,96,impression,2026-02-02T17:40:29,A05,0.079
U0272,75,impression,2026-02-02T17:41:13,A05,0.053
U0272,44,impression,2026-02-02T17:38:57,A05,0.474
U0272,44,click,2026-02-02T17:39:04,A05,0.474
U0272,44,save,2026-02-02T17:39:04,A05,0.474
U0272,32,impression,2026-02-02T17:42:18,A05,0.054
U0272,89,impression,2026-02-02T17:40:17,A05,0.621
U0272,85,impression,2026-02-02T17:42:12,A05,0.01
U0272,48,impression,2026-02-02T17:40:09,A05,0.499
U0272,106,impression,2026-02-02T17:39:21,A05,0.432
U0272,106,click,2026-02-02T17:39:37,A05,0.432
U0272,104,impression,2026-02-02T17:38:27,A05,0.569
U0272,104,impression,2026-04-15T21:38:40,A05,0.496
U0272,104,click,2026-04-15T21:38:51,A05,0.496
U0272,106,impression,2026-04-15T21:37:25,A05,0.506
U0272,40,impression,2026-04-15T21:37:47,A05,0.453
U0272,52,impression,2026-04-15T21:39:10,A05,0.058
U0272,100,impression,2026-04-15T21:37:04,A05,0.071
U0272,48,impression,2026-04-15T21:38:38,A05,0.428
U0272,48,click,2026-04-15T21:38:57,A05,0.428
U0272,48,save,2026-04-15T21:38:57,A05,0.428
U0272,87,impression,2026-04-15T21:39:24,A05,0.398
U0272,87,click,2026-04-15T21:39:44,A05,0.398
U0272,105,impression,2026-04-15T21:40:32,A05,0.075
U0272,47,impression,2026-04-15T21:37:54,A05,0.483
U0272,46,impression,2026-04-15T21:40:50,A05,0.102
U0272,24,impression,2026-04-15T21:39:38,A05,0.012
U0272,22,impression,2026-04-15T21:40:00,A05,0.428
U0272,48,impression,2026-02-19T13:12:47,A05,0.508
U0272,63,impression,2026-02-19T13:13:41,A05,0.019
U0272,33,impression,2026-02-19T13:14:01,A05,0.016
U0272,61,impression,2026-02-19T13:11:52,A05,0.014
U0272,21,impression,2026-02-19T13:11:11,A05,0.492
U0272,21,click,2026-02-19T13:11:26,A05,0.492
U0272,41,impression,2026-02-19T13:15:52,A05,0.475
U0272,41,click,2026-02-19T13:16:09,A05,0.475
U0272,70,impression,2026-02-19T13:13:23,A05,0.037
U0272,87,impression,2026-02-19T13:15:32,A05,0.379
U0272,72,impression,2026-02-19T13:11:13,A05,0.035
U0272,104,impression,2026-02-19T13:11:41,A05,0.523
U0272,104,click,2026-02-19T13:11:58,A05,0.523
U0272,23,impression,2026-02-19T13:14:59,A05,0.488
U0272,104,impression,2026-03-25T16:27:39,A05,0.517
U0272,104,click,2026-03-25T16:27:50,A05,0.517
U0272,106,impression,2026-03-25T16:26:05,A05,0.477
U0272,44,impression,2026-03-25T16:26:17,A05,0.457
U0272,36,impression,2026-03-25T16:28:35,A05,0.05
U0272,41,impression,2026-03-25T16:27:22,A05,0.503
U0272,76,impression,2026-03-25T16:28:55,A05,0.452
U0272,38,impression,2026-03-25T16:29:40,A05,0.05
U0272,33,impression,2026-03-25T16:29:17,A05,0.081
U0272,39,impression,2026-03-25T16:30:00,A05,0.057
U0272,45,impression,2026-02-20T09:35:09,A05,0.478
U0272,99,impression,2026-02-20T09:35:18,A05,0.038
U0272,64,impression,2026-02-20T09:34:29,A05,0.722
U0272,101,impression,2026-02-20T09:32:14,A05,0.433
U0272,101,click,2026-02-20T09:32:32,A05,0.433
U0272,70,impression,2026-02-20T09:34:34,A05,0.066
U0272,86,impression,2026-02-20T09:35:14,A05,0.507
U0272,38,impression,2026-02-20T09:31:53,A05,0.029
U0272,104,impression,2026-02-20T09:31:41,A05,0.546
U0272,21,impression,2026-02-20T09:33:08,A05,0.453
U0272,80,impression,2026-02-20T09:34:12,A05,0.083
U0272,80,click,2026-02-20T09:34:32,A05,0.083
U0272,94,impression,2026-03-20T13:08:46,A05,0.595
U0272,105,impression,2026-03-20T13:07:31,A05,0.096
U0272,71,impression,2026-03-20T13:07:19,A05,0.032
U0272,41,impression,2026-03-20T13:10:34,A05,0.452
U0272,40,impression,2026-03-20T13:10:14,A05,0.469
U0272,40,click,2026-03-20T13:10:25,A05,0.469
U0272,46,impression,2026-03-20T13:09:18,A05,0.064
U0272,82,impression,2026-03-20T13:08:04,A05,0.468
U0272,37,impression,2026-03-20T13:10:13,A05,0.07
U0272,76,impression,2026-03-20T13:10:19,A05,0.447
U0272,45,impression,2026-03-20T13:08:13,A05,0.434
U0273,35,impression,2026-02-13T18:19:46,A06,0.477
U0273,41,impression,2026-02-13T18:19:41,A06,0.066
U0273,59,impression,2026-02-13T18:16:09,A06,0.038
U0273,52,impression,2026-02-13T18:18:46,A06,0.494
U0273,37,impression,2026-02-13T18:19:06,A06,0.435
U0273,98,impression,2026-02-13T18:16:34,A06,0.491
U0273,81,impression,2026-02-13T18:17:14,A06,0.433
U0273,72,impression,2026-02-13T18:19:15,A06,0.071
U0273,24,impression,2026-02-13T18:18:23,A06,0.443
U0273,46,impression,2026-02-13T18:20:21,A06,0.426
U0273,63,impression,2026-02-13T18:20:00,A06,0.066
U0273,26,impression,2026-02-13T18:19:45,A06,0.432
U0273,54,impression,2026-02-13T18:18:23,A06,0.097
U0273,97,impression,2026-02-13T18:19:05,A06,0.532
U0273,92,impression,2026-02-13T18:19:30,A06,0.023
U0273,32,impression,2026-02-18T21:19:44,A06,0.497
U0273,75,impression,2026-02-18T21:19:14,A06,0.037
U0273,84,impression,2026-02-18T21:21:40,A06,0.499
U0273,48,impression,2026-02-18T21:23:10,A06,0.02
U0273,31,impression,2026-02-18T21:20:58,A06,0.432
U0273,40,impression,2026-02-18T21:22:53,A06,0.069
U0273,40,click,2026-02-18T21:23:03,A06,0.069
U0273,24,impression,2026-02-18T21:21:01,A06,0.442
U0273,24,click,2026-02-18T21:21:17,A06,0.442
U0273,24,save,2026-02-18T21:21:17,A06,0.442
U0273,36,impression,2026-02-18T21:23:59,A06,0.49
U0273,36,click,2026-02-18T21:24:16,A06,0.49
U0273,45,impression,2026-02-18T21:21:54,A06,0.083
U0273,38,impression,2026-02-18T21:22:38,A06,0.442
U0273,27,impression,2026-02-18T21:23:01,A06,0.454
U0273,103,impression,2026-02-18T21:22:27,A06,0.076
U0273,98,impression,2026-03-29T18:45:40,A06,0.475
U0273,57,impression,2026-03-29T18:43:21,A06,0.105
U0273,104,impression,2026-03-29T18:46:57,A06,0.031
U0273,77,impression,2026-03-29T18:45:18,A06,0.513
U0273,36,impression,2026-03-29T18:45:52,A06,0.415
U0273,49,impression,2026-03-29T18:45:10,A06,0.086
U0273,56,impression,2026-03-29T18:43:03,A06,0.011
U0273,50,impression,2026-03-29T18:46:57,A06,0.483
U0273,81,impression,2026-03-29T18:47:52,A06,0.402
U0273,30,impression,2026-03-29T18:45:37,A06,0.445
U0273,53,impression,2026-03-29T18:44:38,A06,0.03
U0273,35,impression,2026-03-29T18:46:15,A06,0.497
U0273,75,impression,2026-04-17T14:51:38,A06,0.052
U0273,51,impression,2026-04-17T14:53:32,A06,0.505
U0273,24,impression,2026-04-17T14:49:48,A06,0.435
U0273,91,impression,2026-04-17T14:52:52,A06,-0.032
U0273,35,impression,2026-04-17T14:53:27,A06,0.419
U0273,89,impression,2026-04-17T14:53:03,A06,0.059
U0273,97,impression,2026-04-17T14:51:53,A06,0.504
U0273,81,impression,2026-04-17T14:49:53,A06,0.454
U0273,81,click,2026-04-17T14:50:11,A06,0.454
U0273,77,impression,2026-04-17T14:49:25,A06,0.533
U0273,32,impression,2026-04-17T14:52:51,A06,0.425
U0273,50,impression,2026-04-17T14:52:46,A06,0.485
U0273,72,impression,2026-04-17T14:49:19,A06,0.039
U0273,43,impression,2026-04-17T14:49:23,A06,0.06
U0273,26,impression,2026-04-17T14:51:10,A06,0.455
U0273,55,impression,2026-04-17T14:52:28,A06,0.067
U0273,50,impression,2026-04-03T20:15:03,A06,0.484
U0273,50,click,2026-04-03T20:15:05,A06,0.484
U0273,90,impression,2026-04-03T20:13:51,A06,0.077
U0273,30,impression,2026-04-03T20:12:00,A06,0.47
U0273,98,impression,2026-04-03T20:14:22,A06,0.459
U0273,109,impression,2026-04-03T20:14:14,A06,0.088
U0274,34,impression,2026-02-23T12:16:51,A05,-0.012
U0274,45,impression,2026-02-23T12:17:28,A05,0.504
U0274,63,impression,2026-02-23T12:13:57,A05,0.037
U0274,43,impression,2026-02-23T12:15:16,A05,0.424
U0274,76,impression,2026-02-23T12:13:07,A05,0.476
U0274,54,impression,2026-02-23T12:13:43,A05,0.069
U0274,21,impression,2026-02-23T12:15:37,A05,0.447
U0274,104,impression,2026-02-23T12:14:44,A05,0.52
U0274,104,click,2026-02-23T12:15:09,A05,0.52
U0274,91,impression,2026-02-23T12:15:26,A05,0.514
U0274,90,impression,2026-02-23T12:15:20,A05,0.069
U0274,73,impression,2026-02-23T12:15:31,A05,0.061
U0274,22,impression,2026-03-28T22:26:26,A05,0.458
U0274,66,impression,2026-03-28T22:30:17,A05,0.032
U0274,86,impression,2026-03-28T22:30:20,A05,0.425
U0274,102,impression,2026-03-28T22:30:12,A05,0.442
U0274,104,impression,2026-03-28T22:28:39,A05,0.562
U0274,48,impression,2026-03-28T22:30:48,A05,0.494
U0274,80,impression,2026-03-28T22:26:37,A05,0.098
U0274,47,impression,2026-03-28T22:27:01,A05,0.457
U0274,54,impression,2026-03-28T22:26:39,A05,0.023
U0274,92,impression,2026-03-28T22:27:01,A05,0.106
U0274,32,impression,2026-03-28T22:26:35,A05,0.033
U0274,74,impression,2026-04-11T22:05:01,A05,0.035
U0274,107,impression,2026-04-11T22:05:31,A05,0.43
U0274,22,impression,2026-04-11T22:05:49,A05,0.447
U0274,22,click,2026-04-11T22:06:11,A05,0.447
U0274,40,impression,2026-04-11T22:03:29,A05,0.416
U0274,40,click,2026-04-11T22:03:49,A05,0.416
U0274,56,impression,2026-04-11T22:02:02,A05,0.028
U0274,72,impression,2026-04-07T22:20:03,A05,0.041
U0274,53,impression,2026-04-07T22:22:05,A05,0.107
U0274,94,impression,2026-04-07T22:18:09,A05,0.669
U0274,94,click,2026-04-07T22:18:32,A05,0.669
U0274,64,impression,2026-04-07T22:18:50,A05,0.731
U0274,88,impression,2026-04-07T22:20:23,A05,-0.04
U0274,87,impression,2026-04-07T22:19:11,A05,0.378
U0274,41,impression,2026-04-07T22:23:00,A05,0.506
U0274,68,impression,2026-04-07T22:19:31,A05,0.095
U0274,22,impression,2026-04-07T22:20:10,A05,0.498
U0274,43,impression,2026-04-07T22:21:07,A05,0.48
U0274,70,impression,2026-04-07T22:22:45,A05,0.073
U0274,23,impression,2026-04-07T22:19:50,A05,0.452
U0274,23,click,2026-04-07T22:20:04,A05,0.452
U0274,89,impression,2026-04-07T22:18:03,A05,0.715
U0274,89,click,2026-04-07T22:18:31,A05,0.715
U0274,38,impression,2026-04-07T22:21:34,A05,0.046
U0274,101,impression,2026-04-07T22:20:40,A05,0.468
U0274,101,click,2026-04-07T22:20:45,A05,0.468
U0275,94,impression,2026-02-18T13:53:03,A04,0.022
U0275,27,impression,2026-02-18T13:55:59,A04,0.086
U0275,79,impression,2026-02-18T13:57:29,A04,0.67
U0275,79,click,2026-02-18T13:57:33,A04,0.67
U0275,91,impression,2026-02-18T13:55:00,A04,-0.024
U0275,57,impression,2026-02-18T13:55:49,A04,0.496
U0275,90,impression,2026-02-18T13:56:51,A04,0.579
U0275,100,impression,2026-02-18T13:53:21,A04,0.541
U0275,98,impression,2026-02-18T13:56:52,A04,0.021
U0275,68,impression,2026-02-18T13:53:12,A04,0.433
U0275,103,impression,2026-02-18T13:57:05,A04,0.411
U0275,106,impression,2026-02-18T13:55:28,A04,0.022
U0275,79,impression,2026-04-08T16:03:46,A04,0.662
U0275,56,impression,2026-04-08T16:03:28,A04,0.081
U0275,78,impression,2026-04-08T16:03:35,A04,0.489
U0275,78,click,2026-04-08T16:03:43,A04,0.489
U0275,103,impression,2026-04-08T16:06:33,A04,0.488
U0275,103,click,2026-04-08T16:06:59,A04,0.488
U0275,103,save,2026-04-08T16:06:59,A04,0.488
U0275,95,impression,2026-04-08T16:05:39,A04,0.102
U0275,92,impression,2026-04-08T16:05:12,A04,0.446
U0275,60,impression,2026-04-08T16:06:32,A04,0.031
U0275,77,impression,2026-04-08T16:06:29,A04,-0.002
U0275,65,impression,2026-02-09T09:38:44,A04,0.455
U0275,66,impression,2026-02-09T09:37:48,A04,0.468
U0275,68,impression,2026-02-09T09:41:34,A04,0.441
U0275,27,impression,2026-02-09T09:41:37,A04,0.097
U0275,83,impression,2026-02-09T09:40:39,A04,0.579
U0275,83,click,2026-02-09T09:40:59,A04,0.579
U0275,100,impression,2026-02-09T09:37:20,A04,0.589
U0275,107,impression,2026-02-09T09:37:04,A04,0.029
U0275,103,impression,2026-02-09T09:38:27,A04,0.459
U0275,98,impression,2026-02-09T09:38:15,A04,0.083
U0275,22,impression,2026-02-09T09:39:31,A04,0.045
U0275,60,impression,2026-02-09T09:38:15,A04,0.09
U0275,79,impression,2026-02-09T09:38:11,A04,0.719
U0275,76,impression,2026-02-09T09:41:37,A04,0.04
U0275,105,impression,2026-02-09T09:41:22,A04,0.558
U0275,78,impression,2026-02-09T09:39:47,A04,0.424
U0275,65,impression,2026-04-16T20:35:46,A04,0.509
U0275,78,impression,2026-04-16T20:38:08,A04,0.505
U0275,36,impression,2026-04-16T20:37:23,A04,0.033
U0275,83,impression,2026-04-16T20:36:26,A04,0.598
U0275,83,click,2026-04-16T20:36:55,A04,0.598
U0275,103,impression,2026-04-16T20:38:30,A04,0.421
U0275,79,impression,2026-04-16T20:35:40,A04,0.658
U0275,79,click,2026-04-16T20:36:04,A04,0.658
U0275,66,impression,2026-04-16T20:39:51,A04,0.456
U0275,24,impression,2026-04-16T20:36:27,A04,0.038
U0275,74,impression,2026-04-16T20:37:21,A04,0.085
U0275,106,impression,2026-04-16T20:36:22,A04,0.025
U0275,66,impression,2026-02-22T17:42:22,A04,0.458
U0275,83,impression,2026-02-22T17:41:53,A04,0.643
U0275,60,impression,2026-02-22T17:42:49,A04,0.01
U0275,21,impression,2026-02-22T17:43:57,A04,0.069
U0275,109,impression,2026-02-22T17:40:37,A04,0.01
U0275,70,impression,2026-02-22T17:42:14,A04,0.499
U0275,69,impression,2026-02-22T17:40:30,A04,0.058
U0275,85,impression,2026-02-22T17:43:25,A04,0.087
U0275,92,impression,2026-02-22T17:40:17,A04,0.466
U0275,75,impression,2026-02-22T17:42:33,A04,0.081
U0275,90,impression,2026-02-22T17:43:02,A04,0.581
U0275,90,click,2026-02-22T17:43:07,A04,0.581
U0275,58,impression,2026-02-22T17:40:49,A04,0.459
U0275,71,impression,2026-02-22T17:40:21,A04,0.412
U0276,103,impression,2026-02-10T19:24:05,A04,0.488
U0276,26,impression,2026-02-10T19:26:06,A04,0.093
U0276,105,impression,2026-02-10T19:26:36,A04,0.506
U0276,41,impression,2026-02-10T19:23:31,A04,0.015
U0276,88,impression,2026-02-10T19:23:17,A04,-0.034
U0276,66,impression,2026-02-10T19:22:39,A04,0.492
U0276,71,impression,2026-03-09T13:41:49,A04,0.488
U0276,100,impression,2026-03-09T13:43:38,A04,0.536
U0276,48,impression,2026-03-09T13:45:27,A04,0.107
U0276,48,click,2026-03-09T13:45:40,A04,0.107
U0276,92,impression,2026-03-09T13:45:10,A04,0.457
U0276,83,impression,2026-03-09T13:44:22,A04,0.594
U0276,79,impression,2026-03-09T13:45:09,A04,0.712
U0276,79,click,2026-03-09T13:45:35,A04,0.712
U0276,68,impression,2026-03-09T13:45:31,A04,0.472
U0276,53,impression,2026-03-09T13:44:57,A04,0.098
U0276,91,impression,2026-03-09T13:44:37,A04,0.002
U0276,39,impression,2026-03-09T13:44:08,A04,0.082
U0276,65,impression,2026-03-09T13:43:54,A04,0.441
U0276,33,impression,2026-03-09T13:42:37,A04,0.085
U0276,66,impression,2026-04-16T20:10:48,A04,0.429
U0276,24,impression,2026-04-16T20:08:23,A04,0.06
U0276,83,impression,2026-04-16T20:11:02,A04,0.616
U0276,83,click,2026-04-16T20:11:08,A04,0.616
U0276,51,impression,2026-04-16T20:12:41,A04,0.08
U0276,58,impression,2026-04-16T20:12:10,A04,0.428
U0276,86,impression,2026-04-16T20:08:07,A04,0.104
U0276,105,impression,2026-04-16T20:12:19,A04,0.583
U0276,105,click,2026-04-16T20:12:43,A04,0.583
U0276,107,impression,2026-04-16T20:08:56,A04,0.018
U0276,100,impression,2026-04-16T20:09:31,A04,0.568
U0276,71,impression,2026-04-16T20:12:38,A04,0.489
U0276,79,impression,2026-02-08T14:43:01,A04,0.698
U0276,79,click,2026-02-08T14:43:21,A04,0.698
U0276,30,impression,2026-02-08T14:43:57,A04,0.055
U0276,45,impression,2026-02-08T14:42:30,A04,0.097
U0276,68,impression,2026-02-08T14:42:43,A04,0.445
U0276,81,impression,2026-02-08T14:45:24,A04,0.049
U0276,108,impression,2026-02-08T14:45:41,A04,0.024
U0276,78,impression,2026-02-08T14:41:46,A04,0.436
U0276,65,impression,2026-02-08T14:42:07,A04,0.51
U0276,65,click,2026-02-08T14:42:22,A04,0.51
U0276,65,save,2026-02-08T14:42:22,A04,0.51
U0276,106,impression,2026-02-08T14:43:57,A04,0.019
U0276,83,impression,2026-02-08T14:41:50,A04,0.592
U0276,70,impression,2026-02-08T14:45:02,A04,0.414
U0276,66,impression,2026-02-08T14:44:15,A04,0.473
U0276,75,impression,2026-02-08T14:42:44,A04,0.039
U0276,57,impression,2026-02-19T22:38:32,A04,0.452
U0276,64,impression,2026-02-19T22:37:43,A04,0.051
U0276,42,impression,2026-02-19T22:37:48,A04,0.024
U0276,90,impression,2026-02-19T22:37:00,A04,0.646
U0276,47,impression,2026-02-19T22:40:47,A04,0.071
U0276,43,impression,2026-02-19T22:39:41,A04,0.037
U0276,66,impression,2026-02-19T22:39:13,A04,0.426
U0276,78,impression,2026-02-19T22:36:40,A04,0.42
U0276,77,impression,2026-03-13T14:47:00,A04,0.01
U0276,31,impression,2026-03-13T14:42:55,A04,0.054
U0276,66,impression,2026-03-13T14:44:10,A04,0.435
U0276,57,impression,2026-03-13T14:43:10,A04,0.44
U0276,101,impression,2026-03-13T14:42:34,A04,0.076
U0276,36,impression,2026-03-13T14:43:03,A04,0.084
U0276,103,impression,2026-03-13T14:44:37,A04,0.446
U0276,100,impression,2026-03-13T14:46:48,A04,0.528
U0276,100,click,2026-03-13T14:46:55,A04,0.528
U0276,58,impression,2026-03-13T14:45:34,A04,0.454
U0276,58,click,2026-03-13T14:46:01,A04,0.454
U0276,92,impression,2026-02-12T21:15:34,A04,0.445
U0276,32,impression,2026-02-12T21:12:32,A04,0.045
U0276,96,impression,2026-02-12T21:15:02,A04,0.046
U0276,37,impression,2026-02-12T21:15:43,A04,0.077
U0276,83,impression,2026-02-12T21:11:36,A04,0.59
U0276,105,impression,2026-02-12T21:14:17,A04,0.577
U0276,90,impression,2026-02-12T21:14:47,A04,0.59
U0276,90,click,2026-02-12T21:14:58,A04,0.59
U0276,40,impression,2026-02-12T21:12:26,A04,0.03
U0276,103,impression,2026-02-12T21:13:41,A04,0.416
U0276,103,click,2026-02-12T21:13:54,A04,0.416
U0276,68,impression,2026-02-12T21:11:32,A04,0.506
U0276,57,impression,2026-02-12T21:15:37,A04,0.457
U0276,100,impression,2026-02-12T21:12:58,A04,0.505
U0276,100,click,2026-02-12T21:13:24,A04,0.505
U0276,64,impression,2026-02-12T21:11:58,A04,0.015
U0276,41,impression,2026-02-12T21:12:08,A04,0.02
U0276,55,impression,2026-04-08T18:54:06,A04,0.191
U0276,105,impression,2026-04-08T18:58:00,A04,0.57
U0276,78,impression,2026-04-08T18:55:15,A04,0.432
U0276,48,impression,2026-04-08T18:56:20,A04,0.065
U0276,90,impression,2026-04-08T18:54:30,A04,0.596
U0276,68,impression,2026-04-08T18:57:49,A04,0.42
U0276,101,impression,2026-04-08T18:58:35,A04,0.073
U0276,66,impression,2026-04-08T18:56:10,A04,0.446
U0276,39,impression,2026-04-08T18:54:23,A04,0.063
U0276,65,impression,2026-04-08T18:56:48,A04,0.514
U0276,41,impression,2026-04-08T18:56:09,A04,0.092
U0276,92,impression,2026-04-08T18:58:52,A04,0.433
U0276,62,impression,2026-04-08T18:55:22,A04,0.062
U0277,61,impression,2026-02-18T10:24:26,A13,0.45
U0277,50,impression,2026-02-18T10:27:00,A13,0.049
U0277,80,impression,2026-02-18T10:25:45,A13,0.616
U0277,80,click,2026-02-18T10:25:48,A13,0.616
U0277,54,impression,2026-02-18T10:26:43,A13,0.089
U0277,74,impression,2026-02-18T10:22:31,A13,0.619
U0277,74,click,2026-02-18T10:22:37,A13,0.619
U0277,46,impression,2026-02-18T10:23:40,A13,0.111
U0277,46,click,2026-02-18T10:24:08,A13,0.111
U0277,42,impression,2026-02-18T10:26:22,A13,0.079
U0277,108,impression,2026-02-18T10:25:08,A13,0.489
U0277,53,impression,2026-03-01T15:44:12,A13,0.031
U0277,85,impression,2026-03-01T15:42:39,A13,0.653
U0277,60,impression,2026-03-01T15:41:14,A13,0.626
U0277,51,impression,2026-03-01T15:41:07,A13,0.054
U0277,69,impression,2026-03-01T15:44:54,A13,0.645
U0277,26,impression,2026-03-01T15:45:29,A13,0.014
U0277,73,impression,2026-03-01T15:43:49,A13,0.602
U0277,73,click,2026-03-01T15:43:53,A13,0.602
U0277,94,impression,2026-03-01T15:45:55,A13,0.028
U0277,85,impression,2026-02-17T11:06:55,A13,0.658
U0277,85,click,2026-02-17T11:06:59,A13,0.658
U0277,57,impression,2026-02-17T11:09:25,A13,0.086
U0277,66,impression,2026-02-17T11:07:32,A13,0.11
U0277,74,impression,2026-02-17T11:09:33,A13,0.591
U0277,75,impression,2026-02-17T11:07:45,A13,0.577
U0277,88,impression,2026-02-17T11:10:25,A13,0.045
U0277,80,impression,2026-03-30T17:52:17,A13,0.613
U0277,54,impression,2026-03-30T17:51:42,A13,0.066
U0277,60,impression,2026-03-30T17:51:35,A13,0.669
U0277,43,impression,2026-03-30T17:51:13,A13,0.075
U0277,99,impression,2026-03-30T17:51:05,A13,0.492
U0277,99,click,2026-03-30T17:51:19,A13,0.492
U0277,93,impression,2026-03-30T17:51:20,A13,0.585
U0277,48,impression,2026-03-30T17:55:04,A13,0.028
U0277,108,impression,2026-03-30T17:54:50,A13,0.459
U0277,24,impression,2026-03-30T17:52:44,A13,0.103
U0277,26,impression,2026-03-30T17:55:26,A13,0.045
U0277,73,impression,2026-03-30T17:54:27,A13,0.642
U0277,108,impression,2026-03-09T19:35:09,A13,0.485
U0277,108,click,2026-03-09T19:35:16,A13,0.485
U0277,73,impression,2026-03-09T19:33:55,A13,0.637
U0277,73,click,2026-03-09T19:34:18,A13,0.637
U0277,74,impression,2026-03-09T19:37:16,A13,0.656
U0277,52,impression,2026-03-09T19:33:57,A13,0.052
U0277,46,impression,2026-03-09T19:37:10,A13,0.175
U0277,79,impression,2026-03-09T19:37:16,A13,0.053
U0277,72,impression,2026-03-09T19:33:17,A13,0.725
U0277,69,impression,2026-03-09T19:36:58,A13,0.631
U0277,96,impression,2026-03-09T19:35:24,A13,0.03
U0277,93,impression,2026-03-09T19:37:22,A13,0.567
U0277,93,click,2026-03-09T19:37:44,A13,0.567
U0277,85,impression,2026-03-09T18:05:48,A13,0.746
U0277,85,click,2026-03-09T18:05:57,A13,0.746
U0277,59,impression,2026-03-09T18:02:42,A13,0.725
U0277,59,click,2026-03-09T18:03:01,A13,0.725
U0277,51,impression,2026-03-09T18:03:54,A13,0.089
U0277,104,impression,2026-03-09T18:02:18,A13,0.073
U0277,60,impression,2026-03-09T18:01:23,A13,0.645
U0278,83,impression,2026-02-21T21:07:07,A09,0.467
U0278,83,click,2026-02-21T21:07:15,A09,0.467
U0278,26,impression,2026-02-21T21:08:51,A09,0.07
U0278,79,impression,2026-02-21T21:04:34,A09,0.414
U0278,79,click,2026-02-21T21:04:59,A09,0.414
U0278,85,impression,2026-02-21T21:06:38,A09,0.09
U0278,106,impression,2026-02-21T21:08:54,A09,0.064
U0278,66,impression,2026-02-21T21:08:43,A09,0.665
U0278,56,impression,2026-02-21T21:06:28,A09,0.026
U0278,65,impression,2026-02-21T21:07:16,A09,0.477
U0278,68,impression,2026-04-15T13:46:30,A09,0.607
U0278,21,impression,2026-04-15T13:45:44,A09,0.025
U0278,74,impression,2026-04-15T13:47:14,A09,0.091
U0278,47,impression,2026-04-15T13:45:28,A09,0.096
U0278,83,impression,2026-04-15T13:44:46,A09,0.452
U0278,83,click,2026-04-15T13:45:12,A09,0.452
U0278,83,cart_add,2026-04-15T13:46:05,A09,0.452
U0278,50,impression,2026-04-15T13:46:59,A09,0.067
U0278,50,click,2026-04-15T13:47:29,A09,0.067
U0278,92,impression,2026-04-15T13:45:07,A09,0.647
U0278,92,click,2026-04-15T13:45:11,A09,0.647
U0278,86,impression,2026-04-15T13:47:45,A09,0.069
U0278,84,impression,2026-04-15T13:48:38,A09,0.058
U0278,71,impression,2026-04-15T13:44:57,A09,0.618
U0278,90,impression,2026-04-15T13:44:27,A09,0.439
U0278,70,impression,2026-04-15T13:48:08,A09,0.484
U0278,105,impression,2026-04-15T13:47:59,A09,0.433
U0278,57,impression,2026-02-10T19:32:52,A09,0.496
U0278,68,impression,2026-02-10T19:29:40,A09,0.592
U0278,88,impression,2026-02-10T19:32:59,A09,0.021
U0278,58,impression,2026-02-10T19:32:14,A09,0.494
U0278,65,impression,2026-02-10T19:32:09,A09,0.502
U0278,70,impression,2026-02-10T19:31:26,A09,0.444
U0278,70,click,2026-02-10T19:31:52,A09,0.444
U0278,78,impression,2026-02-10T19:32:42,A09,0.585
U0278,78,click,2026-02-10T19:32:57,A09,0.585
U0278,79,impression,2026-02-10T19:32:27,A09,0.504
U0278,73,impression,2026-02-10T19:30:23,A09,0.106
U0278,99,impression,2026-02-10T19:32:29,A09,0.072
U0278,109,impression,2026-02-10T19:32:07,A09,0.039
U0278,34,impression,2026-02-10T19:29:37,A09,0.017
U0278,66,impression,2026-04-04T21:24:44,A09,0.667
U0278,66,click,2026-04-04T21:24:45,A09,0.667
U0278,83,impression,2026-04-04T21:23:30,A09,0.475
U0278,83,click,2026-04-04T21:23:44,A09,0.475
U0278,34,impression,2026-04-04T21:22:55,A09,0.008
U0278,104,impression,2026-04-04T21:25:07,A09,0.108
U0278,70,impression,2026-04-04T21:25:18,A09,0.479
U0278,79,impression,2026-04-04T21:24:39,A09,0.484
U0278,74,impression,2026-04-04T21:25:22,A09,0.088
U0278,103,impression,2026-04-04T21:23:18,A09,0.717
U0278,100,impression,2026-04-04T21:25:57,A09,0.42
U0278,42,impression,2026-04-04T21:24:44,A09,0.084
U0279,57,impression,2026-02-19T17:38:45,A09,0.467
U0279,79,impression,2026-02-19T17:40:53,A09,0.497
U0279,73,impression,2026-02-19T17:40:53,A09,0.02
U0279,92,impression,2026-02-19T17:37:12,A09,0.633
U0279,92,click,2026-02-19T17:37:35,A09,0.633
U0279,66,impression,2026-02-19T17:37:23,A09,0.594
U0279,66,click,2026-02-19T17:37:24,A09,0.594
U0279,86,impression,2026-02-19T17:39:41,A09,0.096
U0279,86,click,2026-02-19T17:40:08,A09,0.096
U0279,104,impression,2026-02-19T17:39:37,A09,0.102
U0279,104,click,2026-02-19T17:40:03,A09,0.102
U0279,34,impression,2026-02-19T17:38:06,A09,0.027
U0279,71,impression,2026-02-19T17:38:16,A09,0.586
U0279,30,impression,2026-03-01T09:26:56,A09,0.049
U0279,106,impression,2026-03-01T09:24:54,A09,0.103
U0279,71,impression,2026-03-01T09:23:14,A09,0.653
U0279,83,impression,2026-03-01T09:26:32,A09,0.504
U0279,83,click,2026-03-01T09:27:00,A09,0.504
U0279,57,impression,2026-03-01T09:22:01,A09,0.47
U0279,92,impression,2026-03-01T09:22:47,A09,0.652
U0279,41,impression,2026-03-01T09:22:21,A09,0.01
U0279,67,impression,2026-03-01T09:25:54,A09,0.071
U0279,109,impression,2026-03-01T09:26:57,A09,0.101
U0279,105,impression,2026-03-01T09:22:44,A09,0.414
U0279,90,impression,2026-03-01T09:26:24,A09,0.462
U0279,65,impression,2026-04-06T12:00:46,A09,0.475
U0279,94,impression,2026-04-06T11:58:57,A09,0.097
U0279,57,impression,2026-04-06T11:59:48,A09,0.444
U0279,46,impression,2026-04-06T11:59:15,A09,0.061
U0279,58,impression,2026-04-06T12:00:30,A09,0.542
U0279,79,impression,2026-04-06T11:57:22,A09,0.422
U0279,79,click,2026-04-06T11:57:29,A09,0.422
U0279,92,impression,2026-04-06T12:01:42,A09,0.626
U0279,69,impression,2026-04-06T11:57:31,A09,0.055
U0279,103,impression,2026-04-06T12:01:50,A09,0.745
U0279,43,impression,2026-04-06T12:01:58,A09,0.06
U0279,83,impression,2026-02-21T09:25:47,A09,0.482
U0279,92,impression,2026-02-21T09:22:03,A09,0.642
U0279,92,click,2026-02-21T09:22:13,A09,0.642
U0279,75,impression,2026-02-21T09:25:37,A09,0.082
U0279,25,impression,2026-02-21T09:21:02,A09,0.091
U0279,58,impression,2026-02-21T09:24:32,A09,0.515
U0279,78,impression,2026-02-21T09:25:12,A09,0.626
U0279,78,click,2026-02-21T09:25:16,A09,0.626
U0279,78,save,2026-02-21T09:25:16,A09,0.626
U0279,94,impression,2026-02-21T09:23:08,A09,0.043
U0279,64,impression,2026-02-10T22:29:34,A09,0.012
U0279,100,impression,2026-02-10T22:27:01,A09,0.452
U0279,82,impression,2026-02-10T22:26:25,A09,0.091
U0279,58,impression,2026-02-10T22:29:59,A09,0.522
U0279,83,impression,2026-02-10T22:29:42,A09,0.497
U0279,83,click,2026-02-10T22:30:12,A09,0.497
U0279,54,impression,2026-02-10T22:27:01,A09,0.037
U0279,88,impression,2026-02-10T22:28:23,A09,-0.012
U0279,65,impression,2026-02-10T22:27:26,A09,0.511
U0279,65,click,2026-02-10T22:27:48,A09,0.511
U0279,92,impression,2026-02-10T22:27:59,A09,0.578
U0279,63,impression,2026-02-05T09:40:17,A09,0.051
U0279,107,impression,2026-02-05T09:40:55,A09,0.011
U0279,70,impression,2026-02-05T09:41:53,A09,0.507
U0279,47,impression,2026-02-05T09:42:41,A09,0.103
U0279,33,impression,2026-02-05T09:42:35,A09,0.09
U0279,52,impression,2026-02-05T09:43:26,A09,0.099
U0279,100,impression,2026-02-05T09:43:19,A09,0.411
U0279,79,impression,2026-02-05T09:40:10,A09,0.446
U0279,68,impression,2026-02-05T09:40:24,A09,0.585
U0279,105,impression,2026-02-05T09:40:37,A09,0.458
U0279,105,click,2026-02-05T09:40:51,A09,0.458
U0279,65,impression,2026-02-05T09:40:24,A09,0.502
U0279,71,impression,2026-02-05T09:41:48,A09,0.632
U0279,71,click,2026-02-05T09:42:13,A09,0.632
U0280,85,impression,2026-03-21T17:47:14,A07,0.559
U0280,98,impression,2026-03-21T17:46:24,A07,0.029
U0280,75,impression,2026-03-21T17:49:20,A07,0.687
U0280,75,click,2026-03-21T17:49:48,A07,0.687
U0280,99,impression,2026-03-21T17:47:58,A07,0.651
U0280,84,impression,2026-03-21T17:49:53,A07,0.076
U0280,84,click,2026-03-21T17:50:17,A07,0.076
U0280,60,impression,2026-03-21T17:46:19,A07,0.575
U0280,64,impression,2026-03-21T17:47:28,A07,0.071
U0280,97,impression,2026-03-21T17:48:48,A07,0.095
U0280,59,impression,2026-03-21T17:46:51,A07,0.556
U0280,94,impression,2026-04-14T18:31:01,A07,0.08
U0280,107,impression,2026-04-14T18:33:28,A07,0.012
U0280,67,impression,2026-04-14T18:32:44,A07,0.416
U0280,67,click,2026-04-14T18:33:03,A07,0.416
U0280,67,save,2026-04-14T18:33:03,A07,0.416
U0280,67,cart_add,2026-04-14T18:33:47,A07,0.416
U0280,30,impression,2026-04-14T18:34:37,A07,0.01
U0280,80,impression,2026-04-14T18:31:49,A07,0.498
U0280,109,impression,2026-04-14T18:32:43,A07,0.036
U0280,88,impression,2026-04-14T18:33:18,A07,0.538
U0280,72,impression,2026-04-14T18:31:19,A07,0.571
U0280,75,impression,2026-04-14T18:30:16,A07,0.681
U0280,75,click,2026-04-14T18:30:46,A07,0.681
U0280,63,impression,2026-04-14T18:34:29,A07,0.589
U0280,63,click,2026-04-14T18:34:30,A07,0.589
U0280,85,impression,2026-03-27T09:14:43,A07,0.544
U0280,82,impression,2026-03-27T09:10:03,A07,0.094
U0280,62,impression,2026-03-27T09:10:16,A07,0.558
U0280,96,impression,2026-03-27T09:14:00,A07,0.015
U0280,69,impression,2026-03-27T09:12:26,A07,0.615
U0280,69,click,2026-03-27T09:12:34,A07,0.615
U0280,43,impression,2026-03-27T09:13:12,A07,0.048
U0280,80,impression,2026-03-27T09:10:46,A07,0.504
U0280,108,impression,2026-03-27T09:11:39,A07,0.515
U0280,108,click,2026-03-27T09:11:54,A07,0.515
U0280,77,impression,2026-03-27T09:12:57,A07,0.048
U0280,59,impression,2026-03-27T09:14:51,A07,0.542
U0280,109,impression,2026-03-27T09:14:06,A07,0.061
U0280,61,impression,2026-03-27T09:12:10,A07,0.666
U0280,67,impression,2026-03-27T09:12:24,A07,0.424
U0280,35,impression,2026-03-27T09:14:58,A07,0.108
U0280,73,impression,2026-03-27T09:13:38,A07,0.702
U0280,59,impression,2026-03-26T11:56:00,A07,0.491
U0280,83,impression,2026-03-26T11:55:37,A07,0.106
U0280,75,impression,2026-03-26T11:58:24,A07,0.709
U0280,100,impression,2026-03-26T11:58:05,A07,0.052
U0280,108,impression,2026-03-26T11:54:15,A07,0.568
U0280,108,click,2026-03-26T11:54:31,A07,0.568
U0280,88,impression,2026-04-12T21:59:37,A07,0.598
U0280,108,impression,2026-04-12T21:55:53,A07,0.533
U0280,60,impression,2026-04-12T21:55:53,A07,0.518
U0280,74,impression,2026-04-12T21:58:10,A07,0.75
U0280,74,click,2026-04-12T21:58:38,A07,0.75
U0280,62,impression,2026-04-12T21:56:26,A07,0.583
U0280,62,click,2026-04-12T21:56:27,A07,0.583
U0280,96,impression,2026-04-12T21:56:14,A07,0.056
U0280,67,impression,2026-04-12T21:56:55,A07,0.464
U0280,67,click,2026-04-12T21:57:18,A07,0.464
U0280,92,impression,2026-04-12T21:56:50,A07,0.038
U0280,35,impression,2026-04-12T21:57:34,A07,0.042
U0280,85,impression,2026-04-12T21:59:13,A07,0.581
U0280,85,click,2026-04-12T21:59:16,A07,0.581
U0280,30,impression,2026-04-12T21:56:55,A07,0.082
U0280,53,impression,2026-04-12T21:56:46,A07,0.107
U0280,93,impression,2026-04-12T21:58:14,A07,0.667
U0280,93,click,2026-04-12T21:58:42,A07,0.667
U0280,40,impression,2026-04-12T21:59:06,A07,0.015
U0281,99,impression,2026-02-05T10:49:27,A07,0.691
U0281,44,impression,2026-02-05T10:52:36,A07,0.07
U0281,81,impression,2026-02-05T10:50:48,A07,0.139
U0281,53,impression,2026-02-05T10:51:37,A07,0.047
U0281,93,impression,2026-02-05T10:48:40,A07,0.639
U0281,67,impression,2026-02-05T10:49:07,A07,0.439
U0281,87,impression,2026-02-05T10:48:40,A07,-0.009
U0281,63,impression,2026-02-05T10:48:39,A07,0.581
U0281,63,click,2026-02-05T10:48:55,A07,0.581
U0281,75,impression,2026-02-05T10:52:11,A07,0.73
U0281,75,click,2026-02-05T10:52:29,A07,0.73
U0281,33,impression,2026-02-02T15:40:44,A07,0.096
U0281,75,impression,2026-02-02T15:38:10,A07,0.696
U0281,47,impression,2026-02-02T15:40:25,A07,0.048
U0281,108,impression,2026-02-02T15:39:14,A07,0.5
U0281,108,click,2026-02-02T15:39:38,A07,0.5
U0281,88,impression,2026-02-02T15:39:38,A07,0.596
U0281,59,impression,2026-02-10T18:08:41,A07,0.581
U0281,108,impression,2026-02-10T18:11:03,A07,0.584
U0281,25,impression,2026-02-10T18:11:36,A07,0.07
U0281,105,impression,2026-02-10T18:11:43,A07,0.019
U0281,41,impression,2026-02-10T18:08:41,A07,0.086
U0281,62,impression,2026-02-10T18:08:21,A07,0.566
U0281,92,impression,2026-02-10T18:09:04,A07,0.065
U0281,69,impression,2026-02-10T18:09:43,A07,0.654
U0281,85,impression,2026-02-10T18:09:29,A07,0.491
U0281,78,impression,2026-02-10T18:11:39,A07,0.032
U0281,74,impression,2026-02-10T18:11:15,A07,0.67
U0281,80,impression,2026-04-02T19:24:13,A07,0.56
U0281,42,impression,2026-04-02T19:27:42,A07,0.095
U0281,70,impression,2026-04-02T19:26:02,A07,0.17
U0281,43,impression,2026-04-02T19:23:36,A07,0.04
U0281,63,impression,2026-04-02T19:27:27,A07,0.65
U0281,59,impression,2026-04-02T19:23:32,A07,0.584
U0281,108,impression,2026-04-02T19:26:15,A07,0.519
U0281,71,impression,2026-04-02T19:23:09,A07,0.18
U0281,95,impression,2026-04-02T19:26:45,A07,0.045
U0281,61,impression,2026-04-02T19:27:49,A07,0.637
U0281,85,impression,2026-04-02T19:25:53,A07,0.585
U0281,85,click,2026-04-02T19:25:55,A07,0.585
U0281,33,impression,2026-02-19T13:20:58,A07,0.022
U0281,109,impression,2026-02-19T13:17:24,A07,0.067
U0281,88,impression,2026-02-19T13:21:12,A07,0.579
U0281,88,click,2026-02-19T13:21:34,A07,0.579
U0281,59,impression,2026-02-19T13:17:30,A07,0.506
U0281,74,impression,2026-02-19T13:20:47,A07,0.689
U0281,74,click,2026-02-19T13:21:14,A07,0.689
U0281,67,impression,2026-02-19T13:17:55,A07,0.393
U0281,63,impression,2026-02-19T13:21:21,A07,0.65
U0281,49,impression,2026-02-19T13:17:14,A07,0.028
U0281,48,impression,2026-02-19T13:20:58,A07,0.08
U0281,43,impression,2026-02-19T13:21:16,A07,0.091
U0281,108,impression,2026-02-19T13:21:24,A07,0.558
U0281,61,impression,2026-02-19T13:17:25,A07,0.659
U0281,60,impression,2026-02-19T13:20:02,A07,0.533
U0281,66,impression,2026-02-19T13:21:47,A07,0.037
U0281,55,impression,2026-03-01T09:19:15,A07,0.057
U0281,49,impression,2026-03-01T09:18:31,A07,0.089
U0281,24,impression,2026-03-01T09:18:17,A07,0.095
U0281,80,impression,2026-03-01T09:16:10,A07,0.562
U0281,108,impression,2026-03-01T09:19:37,A07,0.587
U0281,108,click,2026-03-01T09:19:41,A07,0.587
U0281,99,impression,2026-03-01T09:18:35,A07,0.715
U0281,99,click,2026-03-01T09:18:41,A07,0.715
U0281,72,impression,2026-03-01T09:19:44,A07,0.55
U0281,27,impression,2026-03-01T09:19:13,A07,0.048
U0281,88,impression,2026-03-01T09:18:11,A07,0.564
U0281,63,impression,2026-03-07T21:53:48,A07,0.619
U0281,82,impression,2026-03-07T21:53:45,A07,0.075
U0281,78,impression,2026-03-07T21:55:20,A07,0.063
U0281,98,impression,2026-03-07T21:51:40,A07,0.015
U0281,61,impression,2026-03-07T21:55:57,A07,0.641
U0281,88,impression,2026-03-07T21:54:21,A07,0.554
U0281,72,impression,2026-03-07T21:52:03,A07,0.553
U0281,52,impression,2026-03-07T21:52:42,A07,0.077
U0281,73,impression,2026-03-07T21:54:44,A07,0.713
U0282,62,impression,2026-04-15T11:25:56,A11,0.057
U0282,65,impression,2026-04-15T11:22:06,A11,-0.003
U0282,58,impression,2026-04-15T11:21:24,A11,0.105
U0282,97,impression,2026-04-15T11:22:01,A11,0.479
U0282,83,impression,2026-04-15T11:21:30,A11,0.103
U0282,76,impression,2026-04-15T11:24:38,A11,0.431
U0282,107,impression,2026-04-15T11:24:54,A11,0.498
U0282,24,impression,2026-04-15T11:24:52,A11,0.438
U0282,23,impression,2026-04-15T11:22:23,A11,0.457
U0282,102,impression,2026-04-15T11:21:22,A11,0.502
U0282,53,impression,2026-04-15T11:21:52,A11,0.014
U0282,48,impression,2026-04-15T11:23:00,A11,0.427
U0282,53,impression,2026-02-23T10:38:28,A11,0.102
U0282,51,impression,2026-02-23T10:39:11,A11,0.43
U0282,77,impression,2026-02-23T10:42:38,A11,0.451
U0282,77,click,2026-02-23T10:42:54,A11,0.451
U0282,76,impression,2026-02-23T10:42:01,A11,0.477
U0282,92,impression,2026-02-23T10:42:54,A11,0.053
U0282,92,click,2026-02-23T10:43:01,A11,0.053
U0282,57,impression,2026-02-23T10:39:27,A11,0.045
U0282,25,impression,2026-03-29T21:39:32,A11,0.478
U0282,25,click,2026-03-29T21:40:01,A11,0.478
U0282,27,impression,2026-03-29T21:43:34,A11,0.45
U0282,27,click,2026-03-29T21:43:59,A11,0.45
U0282,59,impression,2026-03-29T21:42:57,A11,0.107
U0282,108,impression,2026-03-29T21:41:19,A11,0.096
U0282,54,impression,2026-03-29T21:42:18,A11,0.11
U0282,77,impression,2026-03-29T21:43:25,A11,0.399
U0282,77,click,2026-03-29T21:43:39,A11,0.399
U0282,26,impression,2026-03-29T21:43:55,A11,0.423
U0282,105,impression,2026-03-29T21:41:07,A11,0.055
U0282,50,impression,2026-03-29T21:39:37,A11,0.508
U0282,58,impression,2026-03-29T21:39:49,A11,0.061
U0282,48,impression,2026-03-29T21:39:28,A11,0.458
U0282,76,impression,2026-03-29T21:39:30,A11,0.474
U0282,76,click,2026-03-29T21:39:48,A11,0.474
U0282,38,impression,2026-03-29T21:41:31,A11,0.422
U0282,90,impression,2026-03-29T21:42:54,A11,0.057
U0282,102,impression,2026-03-29T21:43:31,A11,0.43
U0282,74,impression,2026-03-05T17:31:00,A11,0.046
U0282,48,impression,2026-03-05T17:34:27,A11,0.429
U0282,40,impression,2026-03-05T17:32:11,A11,0.484
U0282,52,impression,2026-03-05T17:33:46,A11,0.507
U0282,80,impression,2026-03-05T17:32:48,A11,0.078
U0282,50,impression,2026-03-05T17:33:26,A11,0.5
U0282,93,impression,2026-03-05T17:35:39,A11,0.078
U0282,100,impression,2026-03-05T17:31:38,A11,0.062
U0282,57,impression,2026-03-05T17:35:24,A11,0.01
U0282,91,impression,2026-03-05T17:31:51,A11,0.52
U0282,104,impression,2026-03-05T17:33:47,A11,0.095
U0282,33,impression,2026-03-05T17:32:13,A11,0.541
U0282,38,impression,2026-03-05T17:32:47,A11,0.506
U0282,41,impression,2026-02-07T22:49:12,A11,0.51
U0282,41,click,2026-02-07T22:49:35,A11,0.51
U0282,77,impression,2026-02-07T22:48:58,A11,0.376
U0282,50,impression,2026-02-07T22:48:07,A11,0.423
U0282,25,impression,2026-02-07T22:48:59,A11,0.447
U0282,25,click,2026-02-07T22:49:21,A11,0.447
U0282,82,impression,2026-02-07T22:48:46,A11,0.478
U0282,82,click,2026-02-07T22:49:13,A11,0.478
U0282,38,impression,2026-02-07T22:46:39,A11,0.418
U0282,49,impression,2026-02-07T22:49:32,A11,0.477
U0282,99,impression,2026-02-07T22:45:39,A11,0.039
U0282,30,impression,2026-02-07T22:47:59,A11,0.574
U0282,65,impression,2026-02-07T22:48:53,A11,-0.036
U0282,31,impression,2026-02-07T22:46:01,A11,0.393
U0282,58,impression,2026-02-07T22:46:40,A11,0.021
U0282,92,impression,2026-02-07T22:49:09,A11,0.097
U0282,96,impression,2026-02-07T22:47:15,A11,0.093
U0282,94,impression,2026-02-07T22:49:01,A11,0.067
U0283,49,impression,2026-03-19T12:07:30,A01,0.11
U0283,60,impression,2026-03-19T12:07:24,A01,0.574
U0283,56,impression,2026-03-19T12:08:50,A01,0.061
U0283,98,impression,2026-03-19T12:10:49,A01,0.498
U0283,108,impression,2026-03-19T12:09:09,A01,0.057
U0283,58,impression,2026-03-19T12:11:08,A01,0.444
U0283,77,impression,2026-03-19T12:10:39,A01,0.419
U0283,50,impression,2026-03-25T15:43:18,A01,0.019
U0283,97,impression,2026-03-25T15:47:07,A01,0.453
U0283,97,click,2026-03-25T15:47:28,A01,0.453
U0283,46,impression,2026-03-25T15:47:48,A01,0.606
U0283,46,click,2026-03-25T15:48:15,A01,0.606
U0283,53,impression,2026-03-25T15:46:39,A01,0.086
U0283,67,impression,2026-03-25T15:45:14,A01,0.458
U0283,108,impression,2026-03-25T15:45:39,A01,0.046
U0283,81,impression,2026-03-25T15:46:47,A01,0.599
U0283,81,click,2026-03-25T15:47:07,A01,0.599
U0283,30,impression,2026-02-13T15:27:39,A01,0.072
U0283,60,impression,2026-02-13T15:25:30,A01,0.525
U0283,81,impression,2026-02-13T15:25:55,A01,0.592
U0283,106,impression,2026-02-13T15:27:56,A01,0.095
U0283,85,impression,2026-02-13T15:27:52,A01,0.584
U0283,85,click,2026-02-13T15:28:20,A01,0.584
U0283,39,impression,2026-02-13T15:29:21,A01,0.141
U0283,27,impression,2026-02-09T11:45:32,A01,0.5
U0283,105,impression,2026-02-09T11:42:01,A01,0.08
U0283,58,impression,2026-02-09T11:44:10,A01,0.434
U0283,64,impression,2026-02-09T11:44:54,A01,0.034
U0283,25,impression,2026-02-09T11:44:58,A01,0.434
U0283,23,impression,2026-02-09T11:45:56,A01,0.01
U0283,33,impression,2026-02-09T11:45:00,A01,0.061
U0283,46,impression,2026-02-09T11:46:30,A01,0.646
U0283,81,impression,2026-02-09T11:44:52,A01,0.592
U0283,92,impression,2026-04-05T12:55:04,A01,0.475
U0283,21,impression,2026-04-05T12:53:00,A01,0.049
U0283,84,impression,2026-04-05T12:53:48,A01,0.49
U0283,84,click,2026-04-05T12:54:08,A01,0.49
U0283,46,impression,2026-04-05T12:54:23,A01,0.638
U0283,46,click,2026-04-05T12:54:46,A01,0.638
U0283,94,impression,2026-04-05T12:53:13,A01,0.046
U0283,41,impression,2026-04-05T12:58:00,A01,0.023
U0283,71,impression,2026-04-05T12:54:50,A01,0.017
U0283,37,impression,2026-04-05T12:55:07,A01,0.023
U0283,103,impression,2026-04-05T12:57:37,A01,0.463
U0283,27,impression,2026-04-05T12:57:08,A01,0.432
U0283,60,impression,2026-04-05T12:56:18,A01,0.532
U0283,21,impression,2026-02-07T11:17:34,A01,0.015
U0283,25,impression,2026-02-07T11:15:48,A01,0.475
U0283,24,impression,2026-02-07T11:14:23,A01,0.442
U0283,85,impression,2026-02-07T11:17:34,A01,0.628
U0283,69,impression,2026-02-07T11:18:26,A01,0.066
U0283,81,impression,2026-02-07T11:16:58,A01,0.55
U0283,98,impression,2026-02-07T11:15:08,A01,0.5
U0283,72,impression,2026-02-07T11:14:48,A01,0.663
U0283,23,impression,2026-02-07T11:16:21,A01,0.08
U0283,23,click,2026-02-07T11:16:25,A01,0.08
U0283,34,impression,2026-02-07T11:17:59,A01,0.057
U0284,58,impression,2026-03-07T11:18:06,A12,0.069
U0284,104,impression,2026-03-07T11:20:11,A12,0.57
U0284,67,impression,2026-03-07T11:20:16,A12,0.071
U0284,31,impression,2026-03-07T11:17:42,A12,0.391
U0284,31,click,2026-03-07T11:17:47,A12,0.391
U0284,56,impression,2026-03-07T11:18:18,A12,0.101
U0284,57,impression,2026-03-07T11:19:15,A12,0.094
U0284,45,impression,2026-03-07T11:18:19,A12,0.462
U0284,45,click,2026-03-07T11:18:39,A12,0.462
U0284,48,impression,2026-03-07T11:21:22,A12,0.444
U0284,23,impression,2026-03-07T11:19:17,A12,0.455
U0284,23,click,2026-03-07T11:19:22,A12,0.455
U0284,23,cart_add,2026-03-07T11:19:42,A12,0.455
U0284,101,impression,2026-03-07T11:21:30,A12,0.429
U0284,82,impression,2026-03-07T11:21:23,A12,0.494
U0284,82,click,2026-03-07T11:21:50,A12,0.494
U0284,78,impression,2026-03-07T11:17:41,A12,0.092
U0284,84,impression,2026-03-07T11:18:27,A12,0.076
U0284,47,impression,2026-03-07T11:19:10,A12,0.411
U0284,99,impression,2026-03-19T11:34:15,A12,0.059
U0284,76,impression,2026-03-19T11:37:51,A12,0.434
U0284,62,impression,2026-03-19T11:33:43,A12,0.091
U0284,38,impression,2026-03-19T11:33:08,A12,0.469
U0284,104,impression,2026-03-19T11:33:21,A12,0.637
U0284,45,impression,2026-03-19T11:35:00,A12,0.453
U0284,82,impression,2026-03-19T11:35:57,A12,0.461
U0284,61,impression,2026-03-19T11:34:51,A12,0.021
U0284,58,impression,2026-03-19T11:33:38,A12,0.073
U0284,41,impression,2026-03-19T11:34:55,A12,0.507
U0284,22,impression,2026-02-20T10:49:18,A12,0.461
U0284,103,impression,2026-02-20T10:51:30,A12,0.048
U0284,75,impression,2026-02-20T10:51:35,A12,0.023
U0284,76,impression,2026-02-20T10:51:30,A12,0.444
U0284,58,impression,2026-02-20T10:49:24,A12,0.032
U0284,86,impression,2026-02-20T10:48:32,A12,0.433
U0284,42,impression,2026-02-20T10:49:58,A12,0.46
U0284,48,impression,2026-03-10T21:41:43,A12,0.475
U0284,40,impression,2026-03-10T21:37:13,A12,0.499
U0284,100,impression,2026-03-10T21:40:34,A12,0.049
U0284,108,impression,2026-03-10T21:38:29,A12,0.049
U0284,43,impression,2026-03-10T21:39:17,A12,0.463
U0284,43,click,2026-03-10T21:39:45,A12,0.463
U0284,92,impression,2026-03-10T21:40:59,A12,0.017
U0284,76,impression,2026-03-10T21:37:02,A12,0.445
U0284,95,impression,2026-03-10T21:40:09,A12,0.037
U0284,23,impression,2026-03-10T21:38:51,A12,0.452
U0284,42,impression,2026-03-10T21:38:38,A12,0.48
U0284,79,impression,2026-03-10T21:39:53,A12,0.012
U0284,69,impression,2026-03-10T21:41:42,A12,0.047
U0284,107,impression,2026-03-10T21:40:26,A12,0.469
U0284,107,click,2026-03-10T21:40:48,A12,0.469
U0284,104,impression,2026-03-10T21:40:29,A12,0.598
U0284,44,impression,2026-03-10T21:37:28,A12,0.455
U0284,33,impression,2026-02-27T16:27:41,A12,0.488
U0284,33,click,2026-02-27T16:27:54,A12,0.488
U0284,33,save,2026-02-27T16:27:54,A12,0.488
U0284,56,impression,2026-02-27T16:23:57,A12,0.061
U0284,35,impression,2026-02-27T16:23:33,A12,0.501
U0284,73,impression,2026-02-27T16:24:02,A12,0.065
U0284,38,impression,2026-02-27T16:23:16,A12,0.5
U0284,103,impression,2026-02-27T16:27:47,A12,0.02
U0284,43,impression,2026-02-27T16:25:07,A12,0.469
U0284,95,impression,2026-02-27T16:25:23,A12,0.099
U0284,95,click,2026-02-27T16:25:46,A12,0.099
U0284,93,impression,2026-02-27T16:27:47,A12,0.098
U0284,23,impression,2026-02-27T16:24:07,A12,0.457
U0284,44,impression,2026-02-27T16:27:13,A12,0.426
U0284,39,impression,2026-02-27T21:01:25,A12,0.476
U0284,89,impression,2026-02-27T21:04:58,A12,0.067
U0284,87,impression,2026-02-27T21:04:15,A12,0.659
U0284,87,click,2026-02-27T21:04:44,A12,0.659
U0284,32,impression,2026-02-27T21:01:03,A12,0.478
U0284,52,impression,2026-02-27T21:02:42,A12,0.501
U0284,84,impression,2026-02-27T21:05:06,A12,0.07
U0284,90,impression,2026-02-27T21:03:28,A12,0.054
U0284,49,impression,2026-02-27T21:04:02,A12,0.415
U0284,91,impression,2026-02-27T21:04:04,A12,0.39
U0284,38,impression,2026-02-27T21:04:32,A12,0.443
U0284,38,click,2026-02-27T21:04:38,A12,0.443
U0284,104,impression,2026-02-27T21:01:06,A12,0.58
U0284,104,click,2026-02-27T21:01:23,A12,0.58
U0284,81,impression,2026-02-27T21:05:00,A12,0.057
U0284,27,impression,2026-02-27T21:01:07,A12,0.008
U0284,99,impression,2026-02-27T21:05:01,A12,0.07
U0284,51,impression,2026-02-27T21:02:11,A12,0.46
U0284,51,click,2026-02-27T21:02:16,A12,0.46
U0285,101,impression,2026-03-09T15:39:30,A03,0.509
U0285,61,impression,2026-03-09T15:39:16,A03,0.038
U0285,92,impression,2026-03-09T15:36:47,A03,0.087
U0285,43,impression,2026-03-09T15:37:08,A03,0.432
U0285,36,impression,2026-03-09T15:37:59,A03,0.423
U0285,38,impression,2026-03-09T15:40:39,A03,0.425
U0285,86,impression,2026-03-09T15:38:54,A03,0.443
U0285,32,impression,2026-03-09T15:37:41,A03,0.533
U0285,64,impression,2026-03-09T15:40:16,A03,0.051
U0285,35,impression,2026-03-09T15:38:20,A03,0.463
U0285,83,impression,2026-03-09T15:37:18,A03,0.106
U0285,54,impression,2026-03-09T15:38:23,A03,0.041
U0285,34,impression,2026-03-04T20:24:15,A03,0.399
U0285,34,click,2026-03-04T20:24:42,A03,0.399
U0285,64,impression,2026-03-04T20:24:56,A03,0.068
U0285,87,impression,2026-03-04T20:24:36,A03,0.401
U0285,89,impression,2026-03-04T20:24:44,A03,-0.017
U0285,50,impression,2026-03-04T20:26:09,A03,0.449
U0285,50,click,2026-03-04T20:26:37,A03,0.449
U0285,93,impression,2026-03-04T20:24:18,A03,0.104
U0285,106,impression,2026-03-04T20:23:45,A03,0.471
U0285,105,impression,2026-03-04T20:23:59,A03,0.106
U0285,31,impression,2026-03-04T20:27:58,A03,0.546
U0285,97,impression,2026-03-04T20:26:52,A03,0.039
U0285,43,impression,2026-03-04T20:27:42,A03,0.436
U0285,52,impression,2026-03-04T20:24:38,A03,0.551
U0285,21,impression,2026-03-04T20:28:00,A03,0.496
U0285,108,impression,2026-03-04T20:25:38,A03,0.05
U0285,52,impression,2026-02-22T17:48:15,A03,0.509
U0285,52,click,2026-02-22T17:48:16,A03,0.509
U0285,64,impression,2026-02-22T17:49:10,A03,0.021
U0285,73,impression,2026-02-22T17:48:07,A03,0.079
U0285,36,impression,2026-02-22T17:51:15,A03,0.44
U0285,81,impression,2026-02-22T17:52:09,A03,0.019
U0285,43,impression,2026-02-22T17:50:17,A03,0.509
U0285,102,impression,2026-02-22T17:49:08,A03,0.417
U0285,92,impression,2026-02-22T17:52:12,A03,0.023
U0285,95,impression,2026-02-22T17:51:25,A03,0.018
U0285,37,impression,2026-02-22T17:51:38,A03,0.49
U0285,32,impression,2026-02-22T17:51:22,A03,0.524
U0285,70,impression,2026-02-22T17:50:37,A03,0.053
U0285,91,impression,2026-02-22T17:48:56,A03,0.521
U0285,47,impression,2026-02-22T17:51:56,A03,0.535
U0286,101,impression,2026-04-16T12:42:29,A08,0.032
U0286,48,impression,2026-04-16T12:39:23,A08,0.02
U0286,54,impression,2026-04-16T12:39:00,A08,0.487
U0286,100,impression,2026-04-16T12:41:20,A08,0.535
U0286,100,click,2026-04-16T12:41:48,A08,0.535
U0286,53,impression,2026-04-16T12:42:46,A08,0.513
U0286,86,impression,2026-04-16T12:39:01,A08,0.034
U0286,69,impression,2026-02-02T16:08:24,A08,0.015
U0286,71,impression,2026-02-02T16:10:10,A08,0.035
U0286,60,impression,2026-02-02T16:11:12,A08,0.011
U0286,53,impression,2026-02-02T16:08:14,A08,0.55
U0286,104,impression,2026-02-02T16:10:14,A08,0.121
U0286,55,impression,2026-02-02T16:11:26,A08,0.702
U0286,109,impression,2026-02-02T16:09:23,A08,0.469
U0286,109,click,2026-02-02T16:09:24,A08,0.469
U0286,54,impression,2026-02-02T16:11:22,A08,0.49
U0286,90,impression,2026-02-02T16:08:01,A08,0.613
U0286,49,impression,2026-02-02T16:08:31,A08,0.067
U0286,82,impression,2026-02-02T16:11:51,A08,0.1
U0286,56,impression,2026-02-02T16:10:49,A08,0.461
U0286,95,impression,2026-02-02T16:11:27,A08,0.621
U0286,105,impression,2026-02-02T16:08:10,A08,0.626
U0286,100,impression,2026-02-02T16:12:00,A08,0.542
U0286,96,impression,2026-03-31T21:13:39,A08,0.474
U0286,96,click,2026-03-31T21:13:56,A08,0.474
U0286,96,save,2026-03-31T21:13:56,A08,0.474
U0286,90,impression,2026-03-31T21:10:46,A08,0.587
U0286,71,impression,2026-03-31T21:09:48,A08,0.08
U0286,100,impression,2026-03-31T21:10:39,A08,0.541
U0286,53,impression,2026-03-31T21:11:51,A08,0.556
U0286,53,click,2026-03-31T21:12:19,A08,0.556
U0286,53,save,2026-03-31T21:12:19,A08,0.556
U0286,58,impression,2026-03-31T21:12:27,A08,0.101
U0286,105,impression,2026-03-31T21:13:14,A08,0.635
U0286,66,impression,2026-03-31T21:11:12,A08,0.065
U0286,83,impression,2026-03-31T21:13:29,A08,0.503
U0286,101,impression,2026-03-31T21:11:37,A08,0.093
U0286,81,impression,2026-03-31T21:12:27,A08,-0.014
U0286,54,impression,2026-03-31T21:10:10,A08,0.434
U0286,54,click,2026-03-31T21:10:28,A08,0.434
U0286,108,impression,2026-02-17T11:17:18,A08,0.046
U0286,55,impression,2026-02-17T11:14:26,A08,0.706
U0286,96,impression,2026-02-17T11:15:58,A08,0.457
U0286,105,impression,2026-02-17T11:14:58,A08,0.652
U0286,105,click,2026-02-17T11:15:17,A08,0.652
U0286,83,impression,2026-02-17T11:14:17,A08,0.586
U0286,39,impression,2026-02-17T11:14:25,A08,0.067
U0286,90,impression,2026-02-17T11:15:33,A08,0.579
U0286,90,click,2026-02-17T11:15:39,A08,0.579
U0286,109,impression,2026-02-17T11:17:36,A08,0.461
U0286,109,click,2026-02-17T11:18:02,A08,0.461
U0286,72,impression,2026-02-17T11:15:44,A08,0.035
U0286,44,impression,2026-02-17T11:16:22,A08,0.012
U0286,42,impression,2026-02-17T11:16:37,A08,0.053
U0286,53,impression,2026-02-17T11:15:42,A08,0.574
U0286,53,click,2026-02-17T11:16:08,A08,0.574
U0286,109,impression,2026-03-03T21:45:20,A08,0.438
U0286,81,impression,2026-03-03T21:42:50,A08,0.001
U0286,67,impression,2026-03-03T21:45:07,A08,-0.003
U0286,44,impression,2026-03-03T21:43:44,A08,0.09
U0286,53,impression,2026-03-03T21:46:55,A08,0.501
U0286,52,impression,2026-03-03T21:42:16,A08,0.014
U0286,90,impression,2026-03-03T21:46:06,A08,0.581
U0286,54,impression,2026-03-03T21:42:59,A08,0.457
U0286,84,impression,2026-03-03T21:45:39,A08,0.016
U0286,100,impression,2026-03-03T21:46:30,A08,0.529
U0286,100,click,2026-03-03T21:46:54,A08,0.529
U0286,96,impression,2026-03-03T21:43:26,A08,0.493
U0286,105,impression,2026-03-03T21:45:00,A08,0.66
U0286,95,impression,2026-03-31T14:50:45,A08,0.645
U0286,95,click,2026-03-31T14:50:46,A08,0.645
U0286,105,impression,2026-03-31T14:51:06,A08,0.608
U0286,57,impression,2026-03-31T14:52:28,A08,0.022
U0286,49,impression,2026-03-31T14:50:09,A08,0.087
U0286,100,impression,2026-03-31T14:54:27,A08,0.504
U0286,100,click,2026-03-31T14:54:50,A08,0.504
U0286,55,impression,2026-03-31T14:54:34,A08,0.681
U0286,92,impression,2026-03-31T14:51:44,A08,0.089
U0286,109,impression,2026-03-31T14:51:31,A08,0.46
U0286,26,impression,2026-03-31T14:50:41,A08,0.023
U0286,56,impression,2026-03-31T14:52:50,A08,0.479
U0287,64,impression,2026-04-16T12:02:00,A09,0.102
U0287,99,impression,2026-04-16T12:00:36,A09,0.101
U0287,65,impression,2026-04-16T12:03:33,A09,0.478
U0287,58,impression,2026-04-16T12:03:39,A09,0.539
U0287,58,click,2026-04-16T12:03:50,A09,0.539
U0287,68,impression,2026-04-16T12:00:40,A09,0.63
U0287,102,impression,2026-04-04T20:11:56,A09,0.086
U0287,72,impression,2026-04-04T20:09:40,A09,0.039
U0287,105,impression,2026-04-04T20:09:45,A09,0.451
U0287,83,impression,2026-04-04T20:08:57,A09,0.494
U0287,70,impression,2026-04-04T20:08:12,A09,0.457
U0287,70,click,2026-04-04T20:08:40,A09,0.457
U0287,70,save,2026-04-04T20:08:40,A09,0.457
U0287,22,impression,2026-04-04T20:09:56,A09,0.046
U0287,47,impression,2026-04-04T20:09:01,A09,0.064
U0287,103,impression,2026-04-04T20:09:58,A09,0.691
U0287,103,click,2026-04-04T20:10:15,A09,0.691
U0287,103,cart_add,2026-04-04T20:10:44,A09,0.691
U0287,46,impression,2026-04-04T20:12:01,A09,0.041
U0287,46,click,2026-04-04T20:12:25,A09,0.041
U0287,58,impression,2026-04-04T20:10:40,A09,0.519
U0287,58,click,2026-04-04T20:10:53,A09,0.519
U0287,92,impression,2026-04-04T20:08:41,A09,0.612
U0287,33,impression,2026-03-08T20:20:33,A09,0.036
U0287,103,impression,2026-03-08T20:23:06,A09,0.702
U0287,92,impression,2026-03-08T20:23:06,A09,0.59
U0287,55,impression,2026-03-08T20:22:33,A09,0.094
U0287,96,impression,2026-03-08T20:24:40,A09,0.106
U0287,57,impression,2026-03-08T20:21:00,A09,0.412
U0287,43,impression,2026-03-08T20:22:03,A09,0.042
U0287,68,impression,2026-03-08T20:22:55,A09,0.665
U0287,78,impression,2026-03-08T20:20:56,A09,0.592
U0287,100,impression,2026-03-08T20:23:16,A09,0.481
U0287,100,click,2026-03-08T20:23:30,A09,0.481
U0287,100,save,2026-03-08T20:23:30,A09,0.481
U0288,88,impression,2026-03-09T14:47:02,A03,-0.012
U0288,94,impression,2026-03-09T14:45:53,A03,0.531
U0288,47,impression,2026-03-09T14:46:28,A03,0.493
U0288,68,impression,2026-03-09T14:47:45,A03,0.029
U0288,65,impression,2026-03-09T14:47:46,A03,0.04
U0288,32,impression,2026-03-09T14:48:02,A03,0.557
U0288,66,impression,2026-03-12T20:58:23,A03,0.04
U0288,37,impression,2026-03-12T20:58:13,A03,0.492
U0288,47,impression,2026-03-12T20:56:37,A03,0.537
U0288,47,click,2026-03-12T20:56:48,A03,0.537
U0288,91,impression,2026-03-12T20:56:38,A03,0.532
U0288,91,click,2026-03-12T20:57:03,A03,0.532
U0288,99,impression,2026-03-12T20:54:50,A03,0.099
U0288,62,impression,2026-03-12T20:56:11,A03,0.021
U0288,25,impression,2026-03-12T20:58:46,A03,0.011
U0288,76,impression,2026-03-12T20:57:50,A03,0.593
U0288,76,click,2026-03-12T20:58:19,A03,0.593
U0288,106,impression,2026-03-12T20:55:59,A03,0.416
U0288,57,impression,2026-03-12T20:55:40,A03,0.05
U0288,40,impression,2026-03-12T20:55:03,A03,0.583
U0288,101,impression,2026-03-12T20:55:32,A03,0.471
U0288,98,impression,2026-03-12T20:56:04,A03,0.094
U0288,104,impression,2026-03-12T20:57:37,A03,0.573
U0288,32,impression,2026-03-12T20:58:56,A03,0.534
U0289,59,impression,2026-03-29T17:32:02,A04,0.102
U0289,78,impression,2026-03-29T17:32:20,A04,0.41
U0289,57,impression,2026-03-29T17:31:26,A04,0.434
U0289,72,impression,2026-03-29T17:29:52,A04,0.035
U0289,58,impression,2026-03-29T17:28:30,A04,0.479
U0289,58,click,2026-03-29T17:28:33,A04,0.479
U0289,57,impression,2026-02-21T10:42:26,A04,0.494
U0289,65,impression,2026-02-21T10:43:01,A04,0.497
U0289,69,impression,2026-02-21T10:42:06,A04,0.073
U0289,70,impression,2026-02-21T10:43:22,A04,0.48
U0289,54,impression,2026-02-21T10:42:45,A04,0.099
U0289,88,impression,2026-02-22T21:04:54,A04,0.047
U0289,105,impression,2026-02-22T21:08:59,A04,0.588
U0289,83,impression,2026-02-22T21:06:46,A04,0.652
U0289,83,click,2026-02-22T21:07:14,A04,0.652
U0289,102,impression,2026-02-22T21:08:37,A04,0.07
U0289,90,impression,2026-02-22T21:05:28,A04,0.624
U0289,90,click,2026-02-22T21:05:55,A04,0.624
U0289,53,impression,2026-02-22T21:04:40,A04,0.031
U0289,70,impression,2026-02-22T21:05:04,A04,0.496
U0289,57,impression,2026-02-22T21:06:46,A04,0.432
U0289,79,impression,2026-02-22T21:08:22,A04,0.729
U0289,79,click,2026-02-22T21:08:49,A04,0.729
U0289,63,impression,2026-02-22T21:06:29,A04,0.088
U0289,100,impression,2026-02-22T21:07:23,A04,0.513
U0289,62,impression,2026-02-22T21:08:41,A04,0.03
U0289,56,impression,2026-02-22T21:06:23,A04,0.027
U0289,105,impression,2026-03-03T13:34:00,A04,0.497
U0289,23,impression,2026-03-03T13:32:18,A04,0.064
U0289,70,impression,2026-03-03T13:31:55,A04,0.441
U0289,89,impression,2026-03-03T13:33:00,A04,0.06
U0289,65,impression,2026-03-03T13:31:55,A04,0.478
U0289,91,impression,2026-03-03T13:30:19,A04,0.014
U0289,78,impression,2026-03-03T13:33:15,A04,0.502
U0289,48,impression,2026-03-03T13:33:22,A04,0.103
U0289,25,impression,2026-02-12T17:08:03,A04,0.021
U0289,105,impression,2026-02-12T17:11:54,A04,0.494
U0289,105,click,2026-02-12T17:12:11,A04,0.494
U0289,105,save,2026-02-12T17:12:11,A04,0.494
U0289,42,impression,2026-02-12T17:09:24,A04,0.064
U0289,92,impression,2026-02-12T17:09:45,A04,0.456
U0289,78,impression,2026-02-12T17:10:51,A04,0.424
U0289,60,impression,2026-02-12T17:10:49,A04,0.019
U0289,44,impression,2026-02-12T17:11:28,A04,0.029
U0289,66,impression,2026-02-12T17:12:11,A04,0.416
U0289,70,impression,2026-02-12T17:12:53,A04,0.471
U0289,70,click,2026-02-12T17:12:56,A04,0.471
U0290,100,impression,2026-04-07T10:07:39,A09,0.412
U0290,25,impression,2026-04-07T10:08:19,A09,0.019
U0290,34,impression,2026-04-07T10:08:09,A09,0.007
U0290,58,impression,2026-04-07T10:10:48,A09,0.588
U0290,58,click,2026-04-07T10:11:17,A09,0.588
U0290,58,save,2026-04-07T10:11:17,A09,0.588
U0290,79,impression,2026-04-07T10:06:30,A09,0.455
U0290,91,impression,2026-03-11T16:12:29,A09,0.026
U0290,69,impression,2026-03-11T16:12:04,A09,0.065
U0290,71,impression,2026-03-11T16:11:12,A09,0.664
U0290,71,click,2026-03-11T16:11:40,A09,0.664
U0290,68,impression,2026-03-11T16:08:37,A09,0.663
U0290,90,impression,2026-03-11T16:11:48,A09,0.463
U0290,46,impression,2026-03-11T16:10:15,A09,0.093
U0290,66,impression,2026-03-11T16:09:00,A09,0.654
U0290,66,click,2026-03-11T16:09:10,A09,0.654
U0290,92,impression,2026-03-11T16:11:46,A09,0.587
U0290,58,impression,2026-03-11T16:10:08,A09,0.547
U0290,52,impression,2026-03-11T16:08:47,A09,0.084
U0290,78,impression,2026-03-11T16:08:40,A09,0.582
U0290,44,impression,2026-03-11T16:11:44,A09,0.01
U0290,57,impression,2026-03-11T16:10:05,A09,0.491
U0290,95,impression,2026-03-11T16:08:25,A09,0.011
U0290,65,impression,2026-03-11T16:11:03,A09,0.518
U0290,66,impression,2026-02-02T13:25:12,A09,0.655
U0290,48,impression,2026-02-02T13:24:33,A09,0.103
U0290,58,impression,2026-02-02T13:26:33,A09,0.579
U0290,49,impression,2026-02-02T13:24:25,A09,0.049
U0290,83,impression,2026-02-02T13:25:44,A09,0.492
U0290,83,click,2026-02-02T13:25:51,A09,0.492
U0290,103,impression,2026-02-02T13:24:17,A09,0.656
U0290,55,impression,2026-02-02T13:22:13,A09,0.026
U0290,61,impression,2026-02-01T18:49:46,A09,0.072
U0290,90,impression,2026-02-01T18:48:05,A09,0.442
U0290,95,impression,2026-02-01T18:49:54,A09,0.053
U0290,58,impression,2026-02-01T18:48:46,A09,0.546
U0290,71,impression,2026-02-01T18:47:45,A09,0.667
U0291,107,impression,2026-02-18T21:53:57,A06,0.092
U0291,34,impression,2026-02-18T21:49:51,A06,0.425
U0291,42,impression,2026-02-18T21:50:32,A06,0.012
U0291,46,impression,2026-02-18T21:50:07,A06,0.501
U0291,64,impression,2026-02-18T21:52:21,A06,0.011
U0291,98,impression,2026-02-18T21:50:22,A06,0.461
U0291,31,impression,2026-02-18T21:53:01,A06,0.416
U0291,38,impression,2026-02-18T21:51:16,A06,0.472
U0291,45,impression,2026-02-18T21:50:26,A06,0.108
U0291,52,impression,2026-03-11T15:00:42,A06,0.493
U0291,52,click,2026-03-11T15:00:54,A06,0.493
U0291,77,impression,2026-03-11T15:02:56,A06,0.473
U0291,54,impression,2026-03-11T15:02:17,A06,0.101
U0291,36,impression,2026-03-11T15:00:58,A06,0.43
U0291,36,click,2026-03-11T15:01:25,A06,0.43
U0291,58,impression,2026-03-11T15:04:55,A06,0.104
U0291,97,impression,2026-03-11T15:00:29,A06,0.561
U0291,27,impression,2026-03-11T15:04:13,A06,0.463
U0291,96,impression,2026-03-11T15:01:40,A06,0.063
U0291,69,impression,2026-03-11T15:02:21,A06,0.094
U0291,69,click,2026-03-11T15:02:29,A06,0.094
U0291,84,impression,2026-03-11T15:02:39,A06,0.552
U0291,49,impression,2026-03-05T14:48:51,A06,0.059
U0291,91,impression,2026-03-05T14:44:06,A06,0.022
U0291,59,impression,2026-03-05T14:45:30,A06,0.099
U0291,39,impression,2026-03-05T14:45:03,A06,0.429
U0291,52,impression,2026-03-05T14:47:37,A06,0.41
U0291,56,impression,2026-03-05T14:44:31,A06,0.102
U0291,36,impression,2026-03-05T14:48:42,A06,0.427
U0291,32,impression,2026-03-05T14:47:15,A06,0.502
U0291,25,impression,2026-03-05T14:45:16,A06,0.498
U0291,51,impression,2026-02-08T15:52:51,A06,0.45
U0291,35,impression,2026-02-08T15:51:50,A06,0.507
U0291,100,impression,2026-02-08T15:49:46,A06,0.04
U0291,84,impression,2026-02-08T15:50:40,A06,0.56
U0291,84,click,2026-02-08T15:51:02,A06,0.56
U0291,84,cart_add,2026-02-08T15:51:08,A06,0.56
U0291,84,order,2026-02-08T16:11:08,A06,0.56
U0291,45,impression,2026-02-08T15:52:00,A06,0.032
U0291,101,impression,2026-02-08T15:49:02,A06,0.028
U0291,33,impression,2026-02-08T15:52:35,A06,0.473
U0291,54,impression,2026-02-08T15:49:15,A06,0.083
U0291,24,impression,2026-04-05T21:37:13,A06,0.487
U0291,64,impression,2026-04-05T21:38:29,A06,0.04
U0291,46,impression,2026-04-05T21:38:42,A06,0.445
U0291,22,impression,2026-04-05T21:38:26,A06,0.09
U0291,32,impression,2026-04-05T21:38:19,A06,0.474
U0291,36,impression,2026-04-05T21:35:40,A06,0.458
U0291,101,impression,2026-04-05T21:38:50,A06,0.094
U0291,107,impression,2026-04-05T21:38:11,A06,0.047
U0291,33,impression,2026-04-05T21:34:17,A06,0.503
U0291,98,impression,2026-04-05T21:34:48,A06,0.424
U0291,81,impression,2026-03-12T15:38:16,A06,0.393
U0291,31,impression,2026-03-12T15:36:21,A06,0.386
U0291,31,click,2026-03-12T15:36:29,A06,0.386
U0291,31,save,2026-03-12T15:36:29,A06,0.386
U0291,37,impression,2026-03-12T15:40:20,A06,0.466
U0291,49,impression,2026-03-12T15:37:22,A06,0.102
U0291,92,impression,2026-03-12T15:39:44,A06,0.09
U0291,84,impression,2026-02-12T13:28:34,A06,0.51
U0291,26,impression,2026-02-12T13:28:25,A06,0.424
U0291,39,impression,2026-02-12T13:27:29,A06,0.507
U0291,25,impression,2026-02-12T13:27:24,A06,0.501
U0291,76,impression,2026-02-12T13:31:43,A06,0.043
U0291,76,click,2026-02-12T13:31:59,A06,0.043
U0291,30,impression,2026-02-12T13:27:33,A06,0.469
U0291,30,click,2026-02-12T13:27:46,A06,0.469
U0291,72,impression,2026-02-12T13:31:50,A06,0.062
U0291,59,impression,2026-02-12T13:29:00,A06,0.047
U0291,56,impression,2026-02-12T13:30:17,A06,0.088
U0291,32,impression,2026-02-12T13:27:56,A06,0.47
U0291,51,impression,2026-02-12T13:30:17,A06,0.503
U0291,48,impression,2026-02-12T13:29:16,A06,0.064
U0292,75,impression,2026-02-18T11:13:20,A07,0.67
U0292,73,impression,2026-02-18T11:11:52,A07,0.736
U0292,79,impression,2026-02-18T11:12:25,A07,0.083
U0292,36,impression,2026-02-18T11:13:01,A07,0.084
U0292,33,impression,2026-02-18T11:11:10,A07,0.062
U0292,93,impression,2026-02-18T11:12:12,A07,0.655
U0292,93,click,2026-02-18T11:12:34,A07,0.655
U0292,26,impression,2026-02-16T17:51:37,A07,0.05
U0292,61,impression,2026-02-16T17:50:25,A07,0.605
U0292,72,impression,2026-02-16T17:52:12,A07,0.522
U0292,72,click,2026-02-16T17:52:18,A07,0.522
U0292,75,impression,2026-02-16T17:52:34,A07,0.744
U0292,101,impression,2026-02-16T17:52:31,A07,0.101
U0292,73,impression,2026-02-16T17:50:06,A07,0.695
U0292,73,click,2026-02-16T17:50:35,A07,0.695
U0292,69,impression,2026-02-16T17:48:17,A07,0.648
U0292,31,impression,2026-02-16T17:51:25,A07,-0.015
U0292,108,impression,2026-02-16T17:51:39,A07,0.545
U0292,23,impression,2026-02-16T17:52:25,A07,0.023
U0292,108,impression,2026-03-31T21:10:02,A07,0.513
U0292,73,impression,2026-03-31T21:07:16,A07,0.748
U0292,62,impression,2026-03-31T21:06:35,A07,0.586
U0292,66,impression,2026-03-31T21:07:06,A07,0.035
U0292,40,impression,2026-03-31T21:08:42,A07,0.051
U0292,25,impression,2026-03-31T21:06:57,A07,0.058
U0292,61,impression,2026-03-31T21:07:04,A07,0.581
U0292,61,click,2026-03-31T21:07:25,A07,0.581
U0292,63,impression,2026-03-31T21:08:17,A07,0.637
U0292,99,impression,2026-03-31T21:06:32,A07,0.695
U0292,99,click,2026-03-31T21:06:38,A07,0.695
U0292,26,impression,2026-03-31T21:07:28,A07,0.05
U0292,42,impression,2026-03-31T21:07:36,A07,0.041
U0292,53,impression,2026-03-31T21:10:02,A07,0.036
U0292,80,impression,2026-03-31T21:08:46,A07,0.558
U0292,72,impression,2026-03-31T21:10:13,A07,0.579
U0292,88,impression,2026-03-31T21:10:57,A07,0.56
U0292,99,impression,2026-03-04T11:58:46,A07,0.747
U0292,96,impression,2026-03-04T12:00:37,A07,0.085
U0292,66,impression,2026-03-04T11:58:52,A07,0.057
U0292,108,impression,2026-03-04T11:58:01,A07,0.586
U0292,45,impression,2026-03-04T12:01:08,A07,0.024
U0292,56,impression,2026-03-04T11:57:32,A07,0.044
U0292,88,impression,2026-03-04T11:57:30,A07,0.596
U0292,88,click,2026-03-04T11:57:46,A07,0.596
U0292,69,impression,2026-03-04T11:57:02,A07,0.655
U0292,25,impression,2026-04-02T22:45:45,A07,0.102
U0292,93,impression,2026-04-02T22:45:49,A07,0.589
U0292,93,click,2026-04-02T22:46:03,A07,0.589
U0292,60,impression,2026-04-02T22:46:08,A07,0.589
U0292,67,impression,2026-04-02T22:42:08,A07,0.423
U0292,81,impression,2026-04-02T22:46:26,A07,0.122
U0292,33,impression,2026-04-02T22:45:53,A07,0.084
U0292,72,impression,2026-04-02T22:43:04,A07,0.562
U0292,63,impression,2026-04-02T22:42:26,A07,0.608
U0292,108,impression,2026-04-02T22:43:53,A07,0.522
U0292,85,impression,2026-04-02T22:42:18,A07,0.569
U0292,85,click,2026-04-02T22:42:27,A07,0.569
U0292,70,impression,2026-04-02T22:45:47,A07,0.172
U0292,57,impression,2026-04-02T22:42:25,A07,0.011
U0292,90,impression,2026-04-14T11:13:58,A07,0.048
U0292,92,impression,2026-04-14T11:13:37,A07,0.094
U0292,60,impression,2026-04-14T11:10:02,A07,0.542
U0292,60,click,2026-04-14T11:10:06,A07,0.542
U0292,73,impression,2026-04-14T11:14:31,A07,0.697
U0292,88,impression,2026-04-14T11:13:56,A07,0.565
U0292,75,impression,2026-04-14T11:13:00,A07,0.694
U0292,23,impression,2026-04-14T11:11:44,A07,0.108
U0292,103,impression,2026-02-12T11:37:40,A07,0.098
U0292,74,impression,2026-02-12T11:38:34,A07,0.749
U0292,74,click,2026-02-12T11:38:46,A07,0.749
U0292,74,cart_add,2026-02-12T11:39:43,A07,0.749
U0292,106,impression,2026-02-12T11:41:13,A07,0.103
U0292,108,impression,2026-02-12T11:41:08,A07,0.541
U0292,63,impression,2026-02-12T11:41:40,A07,0.638
U0292,89,impression,2026-02-12T11:38:55,A07,0.07
U0292,67,impression,2026-02-12T11:37:39,A07,0.416
U0292,67,click,2026-02-12T11:37:46,A07,0.416
U0292,50,impression,2026-02-12T11:39:00,A07,0.066
U0292,69,impression,2026-02-12T11:39:47,A07,0.631
U0292,69,click,2026-02-12T11:40:04,A07,0.631
U0292,69,save,2026-02-12T11:40:04,A07,0.631
U0292,69,cart_add,2026-02-12T11:41:01,A07,0.631
U0292,61,impression,2026-02-12T11:37:43,A07,0.613
U0292,80,impression,2026-02-12T11:37:16,A07,0.568
U0292,38,impression,2026-02-12T11:40:26,A07,0.082
U0292,25,impression,2026-02-10T15:25:03,A07,0.025
U0292,93,impression,2026-02-10T15:26:22,A07,0.653
U0292,85,impression,2026-02-10T15:28:45,A07,0.586
U0292,62,impression,2026-02-10T15:28:32,A07,0.514
U0292,62,click,2026-02-10T15:28:38,A07,0.514
U0292,67,impression,2026-02-10T15:26:46,A07,0.415
U0292,59,impression,2026-02-10T15:26:52,A07,0.522
U0292,49,impression,2026-02-10T15:28:22,A07,0.026
U0292,34,impression,2026-02-10T15:28:56,A07,0.008
U0292,105,impression,2026-02-10T15:27:45,A07,0.072
U0292,72,impression,2026-02-10T15:27:29,A07,0.499
U0293,98,impression,2026-02-17T10:17:15,A01,0.54
U0293,98,click,2026-02-17T10:17:32,A01,0.54
U0293,26,impression,2026-02-17T10:15:45,A01,0.44
U0293,27,impression,2026-02-17T10:14:25,A01,0.42
U0293,27,click,2026-02-17T10:14:27,A01,0.42
U0293,63,impression,2026-02-17T10:14:42,A01,0.105
U0293,59,impression,2026-02-17T10:14:24,A01,0.593
U0293,59,click,2026-02-17T10:14:25,A01,0.593
U0293,109,impression,2026-02-17T10:14:27,A01,0.095
U0293,88,impression,2026-02-17T10:16:23,A01,-0.023
U0293,77,impression,2026-02-17T10:15:43,A01,0.394
U0293,77,click,2026-02-17T10:16:07,A01,0.394
U0293,48,impression,2026-02-17T10:14:38,A01,0.104
U0293,84,impression,2026-02-17T10:14:38,A01,0.562
U0293,75,impression,2026-02-17T10:15:48,A01,0.239
U0293,91,impression,2026-02-17T10:17:34,A01,0.017
U0293,72,impression,2026-02-17T10:16:08,A01,0.651
U0293,46,impression,2026-02-10T21:51:04,A01,0.583
U0293,54,impression,2026-02-10T21:50:33,A01,0.087
U0293,67,impression,2026-02-10T21:51:48,A01,0.407
U0293,27,impression,2026-02-10T21:50:41,A01,0.416
U0293,27,click,2026-02-10T21:50:53,A01,0.416
U0293,31,impression,2026-02-10T21:48:46,A01,0.068
U0293,24,impression,2026-02-10T21:48:25,A01,0.423
U0293,109,impression,2026-02-10T21:51:29,A01,0.056
U0293,68,impression,2026-02-10T21:50:22,A01,0.458
U0293,106,impression,2026-02-10T21:47:23,A01,0.087
U0293,87,impression,2026-02-10T21:51:49,A01,0.042
U0293,52,impression,2026-02-10T21:49:36,A01,0.109
U0293,58,impression,2026-02-10T21:51:53,A01,0.483
U0293,58,click,2026-02-10T21:52:22,A01,0.483
U0293,77,impression,2026-02-10T21:47:35,A01,0.413
U0293,97,impression,2026-02-10T21:48:25,A01,0.453
U0293,84,impression,2026-04-17T12:11:45,A01,0.586
U0293,80,impression,2026-04-17T12:15:21,A01,0.536
U0293,76,impression,2026-04-17T12:12:17,A01,0.103
U0293,98,impression,2026-04-17T12:12:21,A01,0.49
U0293,98,click,2026-04-17T12:12:46,A01,0.49
U0293,34,impression,2026-04-17T12:11:11,A01,0.009
U0293,64,impression,2026-04-17T12:15:29,A01,0.106
U0293,92,impression,2026-04-17T12:12:40,A01,0.478
U0293,77,impression,2026-04-17T12:15:33,A01,0.391
U0293,59,impression,2026-04-17T12:13:57,A01,0.642
U0293,36,impression,2026-04-17T12:13:11,A01,0.062
U0293,60,impression,2026-04-17T12:15:32,A01,0.512
U0293,21,impression,2026-04-17T12:11:42,A01,0.078
U0293,103,impression,2026-04-07T16:02:54,A01,0.433
U0293,67,impression,2026-04-07T16:02:19,A01,0.451
U0293,106,impression,2026-04-07T16:01:53,A01,0.013
U0293,87,impression,2026-04-07T16:02:05,A01,-0.031
U0293,80,impression,2026-04-07T16:03:09,A01,0.561
U0293,24,impression,2026-04-07T16:03:22,A01,0.441
U0293,85,impression,2026-04-07T16:02:11,A01,0.576
U0293,63,impression,2026-04-07T16:02:04,A01,0.04
U0293,68,impression,2026-04-07T16:03:25,A01,0.461
U0293,38,impression,2026-04-07T16:01:59,A01,0.091
U0293,54,impression,2026-04-07T16:03:21,A01,0.059
U0293,30,impression,2026-04-07T16:03:52,A01,0.033
U0293,60,impression,2026-04-07T15:59:11,A01,0.527
U0293,77,impression,2026-04-07T15:59:51,A01,0.43
U0293,68,impression,2026-03-10T18:50:41,A01,0.415
U0293,68,click,2026-03-10T18:50:43,A01,0.415
U0293,100,impression,2026-03-10T18:46:51,A01,0.098
U0293,100,click,2026-03-10T18:46:58,A01,0.098
U0293,58,impression,2026-03-10T18:49:19,A01,0.471
U0293,57,impression,2026-03-10T18:47:44,A01,0.498
U0293,101,impression,2026-03-10T18:47:01,A01,0.03
U0293,70,impression,2026-03-10T18:47:07,A01,0.658
U0293,62,impression,2026-03-10T18:48:20,A01,0.031
U0293,71,impression,2026-03-10T18:47:18,A01,0.104
U0293,25,impression,2026-03-10T18:46:04,A01,0.483
U0293,47,impression,2026-03-10T18:47:59,A01,0.043
U0293,65,impression,2026-03-10T18:47:23,A01,0.059
U0293,77,impression,2026-03-10T18:48:14,A01,0.4
U0293,77,click,2026-03-10T18:48:29,A01,0.4
U0293,98,impression,2026-03-10T18:50:38,A01,0.501
U0294,63,impression,2026-04-08T14:16:47,A07,0.574
U0294,43,impression,2026-04-08T14:17:09,A07,0.093
U0294,36,impression,2026-04-08T14:13:04,A07,0.016
U0294,93,impression,2026-04-08T14:15:17,A07,0.581
U0294,93,click,2026-04-08T14:15:44,A07,0.581
U0294,38,impression,2026-04-08T14:13:32,A07,0.035
U0294,85,impression,2026-04-08T14:14:18,A07,0.492
U0294,85,click,2026-04-08T14:14:39,A07,0.492
U0294,78,impression,2026-04-08T14:13:07,A07,0.098
U0294,69,impression,2026-04-08T14:15:31,A07,0.589
U0294,62,impression,2026-04-07T15:43:24,A07,0.584
U0294,74,impression,2026-04-07T15:44:53,A07,0.73
U0294,74,click,2026-04-07T15:45:01,A07,0.73
U0294,50,impression,2026-04-07T15:43:43,A07,0.056
U0294,89,impression,2026-04-07T15:41:39,A07,0.023
U0294,79,impression,2026-04-07T15:42:55,A07,0.09
U0294,60,impression,2026-04-07T15:45:15,A07,0.574
U0294,72,impression,2026-04-12T16:19:15,A07,0.573
U0294,72,click,2026-04-12T16:19:43,A07,0.573
U0294,108,impression,2026-04-12T16:15:50,A07,0.54
U0294,108,click,2026-04-12T16:15:59,A07,0.54
U0294,54,impression,2026-04-12T16:18:30,A07,0.103
U0294,78,impression,2026-04-12T16:15:43,A07,0.094
U0294,74,impression,2026-04-12T16:16:26,A07,0.663
U0294,82,impression,2026-04-12T16:18:58,A07,0.076
U0294,95,impression,2026-04-12T16:16:58,A07,0.098
U0294,95,click,2026-04-12T16:17:20,A07,0.098
U0294,61,impression,2026-04-12T16:15:30,A07,0.603
U0294,71,impression,2026-03-29T13:45:06,A07,0.166
U0294,71,click,2026-03-29T13:45:24,A07,0.166
U0294,62,impression,2026-03-29T13:46:47,A07,0.559
U0294,68,impression,2026-03-29T13:45:16,A07,0.019
U0294,72,impression,2026-03-29T13:47:32,A07,0.576
U0294,24,impression,2026-03-29T13:47:53,A07,0.098
U0294,73,impression,2026-03-29T13:44:40,A07,0.675
U0294,68,impression,2026-03-21T11:59:53,A07,0.033
U0294,79,impression,2026-03-21T11:57:50,A07,0.075
U0294,56,impression,2026-03-21T11:57:23,A07,0.071
U0294,93,impression,2026-03-21T11:58:41,A07,0.582
U0294,59,impression,2026-03-21T11:59:27,A07,0.513
U0294,99,impression,2026-03-21T11:58:17,A07,0.748
U0294,99,click,2026-03-21T11:58:23,A07,0.748
U0294,74,impression,2026-03-07T10:25:41,A07,0.714
U0294,74,click,2026-03-07T10:25:46,A07,0.714
U0294,97,impression,2026-03-07T10:24:17,A07,0.091
U0294,72,impression,2026-03-07T10:24:54,A07,0.549
U0294,72,click,2026-03-07T10:25:23,A07,0.549
U0294,26,impression,2026-03-07T10:26:05,A07,0.037
U0294,33,impression,2026-03-07T10:26:03,A07,0.057
U0294,75,impression,2026-03-07T10:24:40,A07,0.728
U0294,75,click,2026-03-07T10:24:59,A07,0.728
U0295,100,impression,2026-02-18T14:13:35,A11,0.092
U0295,21,impression,2026-02-18T14:13:44,A11,0.467
U0295,44,impression,2026-02-18T14:09:08,A11,0.471
U0295,76,impression,2026-02-18T14:10:26,A11,0.429
U0295,109,impression,2026-02-18T14:12:11,A11,0.031
U0295,66,impression,2026-02-18T14:10:58,A11,0.08
U0295,40,impression,2026-02-18T14:11:50,A11,0.509
U0295,52,impression,2026-02-18T14:13:27,A11,0.501
U0295,83,impression,2026-02-18T14:10:10,A11,0.011
U0295,26,impression,2026-02-18T14:11:15,A11,0.424
U0295,101,impression,2026-02-18T14:11:39,A11,0.65
U0295,101,click,2026-02-18T14:11:53,A11,0.65
U0295,48,impression,2026-02-18T14:11:17,A11,0.448
U0295,41,impression,2026-02-18T14:10:46,A11,0.521
U0295,108,impression,2026-02-18T14:11:20,A11,0.013
U0295,85,impression,2026-02-18T14:10:00,A11,0.068
U0295,65,impression,2026-03-18T13:47:45,A11,0.05
U0295,101,impression,2026-03-18T13:47:20,A11,0.643
U0295,101,click,2026-03-18T13:47:38,A11,0.643
U0295,32,impression,2026-03-18T13:47:42,A11,0.423
U0295,88,impression,2026-03-18T13:45:06,A11,-0.03
U0295,68,impression,2026-03-18T13:46:22,A11,0.086
U0295,84,impression,2026-03-18T13:47:10,A11,0.502
U0295,77,impression,2026-03-18T13:48:20,A11,0.402
U0295,46,impression,2026-03-27T17:48:38,A11,0.127
U0295,25,impression,2026-03-27T17:46:54,A11,0.42
U0295,78,impression,2026-03-27T17:47:06,A11,0.032
U0295,43,impression,2026-03-27T17:48:34,A11,0.441
U0295,51,impression,2026-03-27T17:49:15,A11,0.508
U0295,101,impression,2026-02-25T22:30:20,A11,0.627
U0295,101,click,2026-02-25T22:30:42,A11,0.627
U0295,21,impression,2026-02-25T22:30:51,A11,0.429
U0295,21,click,2026-02-25T22:30:55,A11,0.429
U0295,36,impression,2026-02-25T22:28:04,A11,0.462
U0295,87,impression,2026-02-25T22:32:18,A11,0.455
U0295,84,impression,2026-02-25T22:29:33,A11,0.487
U0295,94,impression,2026-02-25T22:29:52,A11,0.062
U0295,105,impression,2026-02-25T22:30:27,A11,0.016
U0295,22,impression,2026-02-25T22:31:34,A11,0.451
U0295,91,impression,2026-02-25T22:31:42,A11,0.474
U0295,90,impression,2026-02-25T22:30:05,A11,0.076
U0295,59,impression,2026-02-25T22:29:31,A11,0.08
U0295,42,impression,2026-02-25T22:32:34,A11,0.451
U0295,42,click,2026-02-25T22:32:47,A11,0.451
U0295,69,impression,2026-02-25T22:32:08,A11,0.046
U0295,75,impression,2026-02-25T22:31:31,A11,0.054
U0295,78,impression,2026-03-28T15:14:38,A11,0.071
U0295,106,impression,2026-03-28T15:10:25,A11,0.09
U0295,44,impression,2026-03-28T15:14:03,A11,0.504
U0295,50,impression,2026-03-28T15:13:29,A11,0.497
U0295,50,click,2026-03-28T15:13:44,A11,0.497
U0295,35,impression,2026-03-28T15:11:01,A11,0.459
U0296,82,impression,2026-04-14T15:36:56,A09,0.102
U0296,36,impression,2026-04-14T15:37:20,A09,0.097
U0296,105,impression,2026-04-14T15:36:59,A09,0.482
U0296,103,impression,2026-04-14T15:39:12,A09,0.658
U0296,79,impression,2026-04-14T15:38:18,A09,0.428
U0296,79,click,2026-04-14T15:38:48,A09,0.428
U0296,97,impression,2026-04-14T15:39:47,A09,0.058
U0296,58,impression,2026-04-14T15:38:54,A09,0.502
U0296,58,click,2026-04-14T15:39:22,A09,0.502
U0296,99,impression,2026-04-14T15:35:04,A09,0.036
U0296,65,impression,2026-04-14T15:38:04,A09,0.527
U0296,83,impression,2026-04-14T15:38:22,A09,0.411
U0296,90,impression,2026-04-14T15:39:02,A09,0.442
U0296,92,impression,2026-04-14T15:37:42,A09,0.669
U0296,21,impression,2026-04-14T15:38:43,A09,0.048
U0296,91,impression,2026-04-14T15:35:34,A09,-0.01
U0296,57,impression,2026-03-18T16:04:48,A09,0.477
U0296,100,impression,2026-03-18T16:02:49,A09,0.436
U0296,49,impression,2026-03-18T16:00:44,A09,0.075
U0296,105,impression,2026-03-18T16:04:27,A09,0.494
U0296,94,impression,2026-03-18T16:00:44,A09,0.019
U0296,68,impression,2026-03-18T16:00:48,A09,0.61
U0296,79,impression,2026-03-18T16:03:05,A09,0.459
U0296,32,impression,2026-03-18T16:00:43,A09,0.101
U0296,78,impression,2026-03-18T16:02:20,A09,0.611
U0296,78,click,2026-03-18T16:02:42,A09,0.611
U0296,83,impression,2026-03-18T16:00:54,A09,0.429
U0296,102,impression,2026-03-18T16:03:14,A09,0.103
U0296,58,impression,2026-03-18T16:01:58,A09,0.509
U0296,58,click,2026-03-18T16:02:21,A09,0.509
U0296,59,impression,2026-03-18T16:00:33,A09,0.047
U0296,74,impression,2026-03-18T16:00:48,A09,0.082
U0296,71,impression,2026-03-15T13:32:38,A09,0.579
U0296,70,impression,2026-03-15T13:30:20,A09,0.496
U0296,25,impression,2026-03-15T13:30:56,A09,0.082
U0296,26,impression,2026-03-15T13:29:23,A09,0.066
U0296,82,impression,2026-03-15T13:28:12,A09,0.096
U0296,83,impression,2026-03-15T13:31:29,A09,0.493
U0296,83,click,2026-03-15T13:31:42,A09,0.493
U0296,83,save,2026-03-15T13:31:42,A09,0.493
U0296,83,cart_add,2026-03-15T13:32:33,A09,0.493
U0296,58,impression,2026-03-15T13:31:36,A09,0.58
U0296,79,impression,2026-03-15T13:28:25,A09,0.481
U0296,103,impression,2026-03-15T13:28:01,A09,0.732
U0296,106,impression,2026-03-15T13:33:00,A09,0.096
U0296,45,impression,2026-03-15T13:30:59,A09,0.094
U0296,92,impression,2026-03-15T13:28:31,A09,0.615
U0296,41,impression,2026-03-15T13:32:46,A09,0.109
U0296,58,impression,2026-03-21T17:34:15,A09,0.51
U0296,68,impression,2026-03-21T17:36:31,A09,0.655
U0296,71,impression,2026-03-21T17:34:11,A09,0.633
U0296,103,impression,2026-03-21T17:32:05,A09,0.671
U0296,103,click,2026-03-21T17:32:33,A09,0.671
U0296,104,impression,2026-03-21T17:36:28,A09,0.057
U0296,62,impression,2026-03-21T17:33:44,A09,0.055
U0296,57,impression,2026-03-21T17:35:26,A09,0.498
U0296,57,click,2026-03-21T17:35:33,A09,0.498
U0296,57,save,2026-03-21T17:35:33,A09,0.498
U0296,67,impression,2026-03-21T17:33:35,A09,0.062
U0296,31,impression,2026-03-21T17:32:25,A09,0.068
U0296,66,impression,2026-03-21T17:36:43,A09,0.583
U0296,66,click,2026-03-21T17:36:46,A09,0.583
U0296,78,impression,2026-03-21T17:33:25,A09,0.657
U0296,65,impression,2026-03-21T17:35:53,A09,0.526
U0296,23,impression,2026-03-21T17:35:47,A09,0.094
U0296,35,impression,2026-03-21T17:35:24,A09,0.048
U0296,105,impression,2026-03-21T17:32:02,A09,0.438
U0297,55,impression,2026-02-10T11:36:32,A11,0.095
U0297,100,impression,2026-02-10T11:33:46,A11,0.011
U0297,107,impression,2026-02-10T11:36:55,A11,0.472
U0297,40,impression,2026-02-10T11:32:33,A11,0.442
U0297,104,impression,2026-02-10T11:35:03,A11,0.05
U0297,39,impression,2026-02-10T11:34:49,A11,0.599
U0297,39,click,2026-02-10T11:34:51,A11,0.599
U0297,89,impression,2026-02-10T11:36:10,A11,0.06
U0297,33,impression,2026-02-10T11:36:00,A11,0.534
U0297,42,impression,2026-04-15T09:17:51,A11,0.48
U0297,86,impression,2026-04-15T09:14:46,A11,0.449
U0297,91,impression,2026-04-15T09:18:00,A11,0.472
U0297,59,impression,2026-04-15T09:13:21,A11,0.031
U0297,96,impression,2026-04-15T09:17:55,A11,0.066
U0297,37,impression,2026-04-15T09:15:45,A11,0.453
U0297,72,impression,2026-04-15T09:14:59,A11,0.042
U0297,25,impression,2026-02-23T15:46:03,A11,0.418
U0297,76,impression,2026-02-23T15:46:25,A11,0.462
U0297,93,impression,2026-02-23T15:45:38,A11,0.031
U0297,95,impression,2026-02-23T15:49:46,A11,0.037
U0297,52,impression,2026-02-23T15:47:39,A11,0.497
U0297,35,impression,2026-02-23T15:47:02,A11,0.449
U0297,106,impression,2026-02-23T15:49:00,A11,0.043
U0297,96,impression,2026-02-23T15:47:25,A11,0.015
U0297,43,impression,2026-02-23T15:46:09,A11,0.493
U0298,109,impression,2026-02-17T17:04:25,A13,0.103
U0298,59,impression,2026-02-17T17:02:50,A13,0.725
U0298,59,click,2026-02-17T17:03:00,A13,0.725
U0298,75,impression,2026-02-17T17:03:30,A13,0.624
U0298,21,impression,2026-02-17T17:04:41,A13,0.046
U0298,93,impression,2026-02-17T17:02:07,A13,0.526
U0298,85,impression,2026-02-17T17:06:25,A13,0.719
U0298,85,click,2026-02-17T17:06:54,A13,0.719
U0298,85,save,2026-02-17T17:06:54,A13,0.719
U0298,42,impression,2026-02-17T17:04:34,A13,0.034
U0298,107,impression,2026-02-17T17:05:04,A13,0.132
U0298,74,impression,2026-02-06T12:43:32,A13,0.649
U0298,69,impression,2026-02-06T12:43:35,A13,0.637
U0298,105,impression,2026-02-06T12:41:50,A13,0.073
U0298,36,impression,2026-02-06T12:41:59,A13,0.019
U0298,64,impression,2026-02-06T12:41:50,A13,0.077
U0298,59,impression,2026-02-06T12:42:24,A13,0.689
U0298,59,click,2026-02-06T12:42:30,A13,0.689
U0298,85,impression,2026-02-06T12:39:39,A13,0.678
U0298,85,click,2026-02-06T12:40:04,A13,0.678
U0298,81,impression,2026-02-06T12:41:18,A13,-0.01
U0298,62,impression,2026-02-06T12:40:54,A13,0.41
U0298,84,impression,2026-02-22T10:32:12,A13,0.123
U0298,73,impression,2026-02-22T10:35:50,A13,0.624
U0298,73,click,2026-02-22T10:36:06,A13,0.624
U0298,86,impression,2026-02-22T10:31:10,A13,0.074
U0298,108,impression,2026-02-22T10:32:21,A13,0.419
U0298,79,impression,2026-02-22T10:33:58,A13,0.047
U0298,99,impression,2026-02-22T10:35:48,A13,0.527
U0298,99,click,2026-02-22T10:35:58,A13,0.527
U0298,60,impression,2026-02-22T10:32:57,A13,0.588
U0298,80,impression,2026-02-22T10:31:43,A13,0.599
U0298,27,impression,2026-02-22T10:32:32,A13,0.083
U0298,67,impression,2026-02-22T10:33:42,A13,0.485
U0298,77,impression,2026-02-22T10:34:25,A13,-0.033
U0298,74,impression,2026-02-22T10:35:13,A13,0.614
U0298,40,impression,2026-02-22T10:32:27,A13,0.106
U0298,40,click,2026-02-22T10:32:31,A13,0.106
U0298,21,impression,2026-03-12T11:18:05,A13,0.044
U0298,80,impression,2026-03-12T11:18:03,A13,0.604
U0298,80,click,2026-03-12T11:18:31,A13,0.604
U0298,67,impression,2026-03-12T11:15:55,A13,0.528
U0298,58,impression,2026-03-12T11:18:27,A13,0.026
U0298,49,impression,2026-03-12T11:15:49,A13,0.031
U0298,108,impression,2026-03-12T11:18:25,A13,0.491
U0298,73,impression,2026-03-12T11:17:11,A13,0.579
U0298,69,impression,2026-03-12T11:19:35,A13,0.607
U0298,75,impression,2026-03-12T11:15:32,A13,0.65
U0298,75,click,2026-03-12T11:15:57,A13,0.65
U0298,75,cart_add,2026-03-12T11:16:30,A13,0.65
U0298,57,impression,2026-03-12T11:16:14,A13,0.037
U0298,106,impression,2026-03-12T11:15:36,A13,0.037
U0298,95,impression,2026-03-12T11:16:09,A13,0.019
U0298,62,impression,2026-03-12T11:18:36,A13,0.435
U0298,52,impression,2026-03-02T17:04:12,A13,0.085
U0298,85,impression,2026-03-02T17:00:41,A13,0.661
U0298,34,impression,2026-03-02T17:03:14,A13,0.019
U0298,104,impression,2026-03-02T17:02:20,A13,0.057
U0298,59,impression,2026-03-02T17:04:28,A13,0.714
U0298,59,click,2026-03-02T17:04:58,A13,0.714
U0298,30,impression,2026-03-02T17:00:52,A13,0.013
U0298,74,impression,2026-03-02T17:01:57,A13,0.617
U0298,49,impression,2026-03-02T17:03:02,A13,0.077
U0298,62,impression,2026-03-02T17:00:39,A13,0.497
U0298,80,impression,2026-03-02T17:01:16,A13,0.572
U0298,73,impression,2026-03-02T17:04:16,A13,0.586
U0298,99,impression,2026-03-02T17:02:33,A13,0.501
U0298,99,click,2026-03-02T17:02:52,A13,0.501
U0298,60,impression,2026-03-02T17:00:11,A13,0.611
U0298,88,impression,2026-03-02T17:04:16,A13,0.119
U0298,59,impression,2026-02-01T12:09:07,A13,0.734
U0298,74,impression,2026-02-01T12:08:47,A13,0.584
U0298,72,impression,2026-02-01T12:10:24,A13,0.684
U0298,37,impression,2026-02-01T12:06:26,A13,0.109
U0298,86,impression,2026-02-01T12:10:51,A13,0.037
U0298,30,impression,2026-02-01T12:08:41,A13,0.046
U0299,53,impression,2026-03-04T16:59:03,A06,0.051
U0299,50,impression,2026-03-04T16:57:48,A06,0.509
U0299,51,impression,2026-03-04T16:55:02,A06,0.494
U0299,31,impression,2026-03-04T16:55:59,A06,0.427
U0299,21,impression,2026-03-04T16:55:04,A06,0.031
U0299,36,impression,2026-03-04T16:55:17,A06,0.449
U0299,78,impression,2026-03-04T16:59:20,A06,0.023
U0299,26,impression,2026-03-04T16:59:33,A06,0.467
U0299,98,impression,2026-03-04T16:58:26,A06,0.476
U0299,55,impression,2026-03-04T16:57:51,A06,0.088
U0299,37,impression,2026-03-04T16:59:59,A06,0.491
U0299,34,impression,2026-03-04T16:59:33,A06,0.389
U0299,104,impression,2026-03-04T16:55:58,A06,0.059
U0299,47,impression,2026-03-04T16:59:30,A06,0.101
U0299,44,impression,2026-02-23T12:58:51,A06,0.047
U0299,93,impression,2026-02-23T12:56:21,A06,0.032
U0299,97,impression,2026-02-23T12:59:04,A06,0.502
U0299,27,impression,2026-02-23T13:00:51,A06,0.451
U0299,27,click,2026-02-23T13:00:56,A06,0.451
U0299,24,impression,2026-02-23T12:58:11,A06,0.485
U0299,24,click,2026-02-23T12:58:36,A06,0.485
U0299,86,impression,2026-02-23T12:59:58,A06,0.015
U0299,39,impression,2026-02-23T12:57:27,A06,0.489
U0299,77,impression,2026-02-23T12:57:21,A06,0.503
U0299,23,impression,2026-02-23T12:56:16,A06,0.04
U0299,37,impression,2026-02-23T13:00:57,A06,0.412
U0299,37,click,2026-02-23T13:01:05,A06,0.412
U0299,93,impression,2026-02-23T15:05:14,A06,0.032
U0299,52,impression,2026-02-23T15:02:20,A06,0.444
U0299,52,click,2026-02-23T15:02:41,A06,0.444
U0299,31,impression,2026-02-23T15:02:46,A06,0.44
U0299,91,impression,2026-02-23T15:06:42,A06,0.05
U0299,24,impression,2026-02-23T15:05:32,A06,0.441
U0299,51,impression,2026-02-23T15:02:59,A06,0.499
U0299,51,click,2026-02-23T15:03:29,A06,0.499
U0299,87,impression,2026-02-23T15:03:43,A06,-0.015
U0299,88,impression,2026-02-23T15:03:55,A06,0.001
U0299,66,impression,2026-02-23T15:06:19,A06,0.076
U0299,46,impression,2026-02-23T15:06:07,A06,0.467
U0299,84,impression,2026-02-23T15:04:33,A06,0.559
U0299,62,impression,2026-02-23T15:03:02,A06,0.045
U0299,32,impression,2026-02-23T15:06:59,A06,0.444
U0299,32,click,2026-02-23T15:07:00,A06,0.444
U0299,55,impression,2026-03-19T15:41:02,A06,0.09
U0299,35,impression,2026-03-19T15:39:06,A06,0.468
U0299,35,click,2026-03-19T15:39:29,A06,0.468
U0299,82,impression,2026-03-19T15:40:17,A06,0.098
U0299,98,impression,2026-03-19T15:40:51,A06,0.438
U0299,98,click,2026-03-19T15:41:20,A06,0.438
U0299,81,impression,2026-03-19T15:42:59,A06,0.403
U0299,50,impression,2026-03-19T15:41:11,A06,0.442
U0299,50,click,2026-03-19T15:41:26,A06,0.442
U0299,37,impression,2026-03-19T15:43:38,A06,0.417
U0299,85,impression,2026-03-19T15:41:55,A06,0.062
U0299,54,impression,2026-03-19T15:43:44,A06,0.075
U0299,45,impression,2026-03-07T12:17:10,A06,0.097
U0299,103,impression,2026-03-07T12:15:01,A06,0.029
U0299,95,impression,2026-03-07T12:17:49,A06,0.068
U0299,39,impression,2026-03-07T12:13:02,A06,0.484
U0299,34,impression,2026-03-07T12:15:01,A06,0.385
U0299,27,impression,2026-03-07T12:17:50,A06,0.41
